sensor_id;categoryID;partID;X;Y;Z;distance;X_noise;Y_noise;Z_noise;distance_noise;intensity;red;green;blue
lidar;18.0;35.0;25.054630279541016;24.788923263549805;9.79611587524414;0.2985077202320099;25.06232452392578;24.75919532775879;9.767399787902832;0.3405498215100528;0.9972733257411999;0.800000011920929;0.800000011920929;0.800000011920929
lidar;18.0;35.0;25.055633544921875;24.792423248291016;9.79237174987793;0.29881933331489563;25.061756134033203;24.769575119018555;9.769518852233887;0.3317092758894951;0.996233343996436;0.800000011920929;0.800000011920929;0.800000011920929
lidar;18.0;35.0;25.056638717651367;24.795930862426758;9.788619041442871;0.2992227375507355;25.04548454284668;24.836122512817383;9.830251693725586;0.24029002498558458;0.9948900343882452;0.800000011920929;0.800000011920929;0.800000011920929
lidar;18.0;35.0;25.0575008392334;24.799959182739258;9.785401344299316;0.298957496881485;25.05238151550293;24.81777000427246;9.804509162902832;0.2723383497831886;0.9967115519747801;0.800000011920929;0.800000011920929;0.800000011920929
lidar;18.0;35.0;25.058324813842773;24.80410385131836;9.782326698303223;0.298594206571579;25.05171012878418;24.82632064819336;9.807012557983398;0.2647309032220654;0.9979242084292627;0.800000011920929;0.800000011920929;0.800000011920929
lidar;18.0;35.0;25.059146881103516;24.808242797851562;9.779258728027344;0.29832252860069275;25.072729110717773;24.764209747314453;9.728571891784668;0.36682383645558414;0.9988330005729233;0.800000011920929;0.800000011920929;0.800000011920929
lidar;18.0;35.0;25.059968948364258;24.8123722076416;9.77619457244873;0.29814210534095764;25.067102432250977;24.790050506591797;9.749567031860352;0.33361435450358995;0.999437510994619;0.800000011920929;0.800000011920929;0.800000011920929
lidar;18.0;35.0;25.060789108276367;24.816499710083008;9.773134231567383;0.2980526387691498;25.060091018676758;24.818605422973633;9.775737762451172;0.2946322739709606;0.999737501155198;0.800000011920929;0.800000011920929;0.800000011920929
lidar;18.0;35.0;25.061607360839844;24.820627212524414;9.770073890686035;0.2980539798736572;25.051010131835938;24.851484298706055;9.8096284866333;0.24677954130468444;0.9997330903901144;0.800000011920929;0.800000011920929;0.800000011920929
lidar;18.0;35.0;25.062427520751953;24.82475471496582;9.767013549804688;0.29814612865448;25.05657386779785;24.841188430786133;9.788861274719238;0.2701877965665665;0.9994240403134422;0.800000011920929;0.800000011920929;0.800000011920929
lidar;18.0;35.0;25.063249588012695;24.828886032104492;9.763949394226074;0.29832923412323;25.069438934326172;24.8121395111084;9.740850448608398;0.327523260822721;0.9988106489152414;0.800000011920929;0.800000011920929;0.800000011920929
lidar;18.0;35.0;25.064071655273438;24.833023071289062;9.760881423950195;0.2986035943031311;25.06327247619629;24.835107803344727;9.763866424560547;0.29487640790381797;0.9978929161674365;0.800000011920929;0.800000011920929;0.800000011920929
lidar;18.0;35.0;25.064895629882812;24.837169647216797;9.757806777954102;0.298969566822052;25.0560359954834;24.859399795532227;9.790871620178223;0.2581533401838364;0.9966713192045324;0.800000011920929;0.800000011920929;0.800000011920929
lidar;18.0;35.0;25.06572151184082;24.841327667236328;9.754722595214844;0.2994278073310852;25.0848445892334;24.795156478881836;9.68335247039795;0.38655516976963655;0.9951459767248632;0.800000011920929;0.800000011920929;0.800000011920929
lidar;18.0;35.0;25.066484451293945;24.845651626586914;9.751873970031738;0.29968297481536865;25.05620002746582;24.869529724121094;9.79025936126709;0.25332186658033273;0.9942988755888474;0.800000011920929;0.800000011920929;0.800000011920929
lidar;18.0;35.0;25.067142486572266;24.850221633911133;9.749417304992676;0.2995549738407135;25.086442947387695;24.807170867919922;9.677391052246094;0.3856578038782768;0.9955913421759764;0.800000011920929;0.800000011920929;0.800000011920929
lidar;18.0;35.0;25.06770896911621;24.8549861907959;9.74730396270752;0.29911309480667114;25.077919006347656;24.8331241607666;9.70920467376709;0.3442104055470223;0.9970619082156226;0.800000011920929;0.800000011920929;0.800000011920929
lidar;18.0;35.0;25.068273544311523;24.859739303588867;9.745196342468262;0.2987633943557739;25.081029891967773;24.833534240722656;9.697592735290527;0.35457946873162327;0.9982288480676851;0.800000011920929;0.800000011920929;0.800000011920929
lidar;18.0;35.0;25.068838119506836;24.86448097229004;9.74309253692627;0.29850536584854126;25.078704833984375;24.845056533813477;9.706266403198242;0.34129398719624376;0.999091625283645;0.800000011920929;0.800000011920929;0.800000011920929
lidar;18.0;35.0;25.069400787353516;24.869216918945312;9.740991592407227;0.2983386218547821;25.066993713378906;24.873754501342773;9.749979019165039;0.2879873097431857;0.9996501207428348;0.800000011920929;0.800000011920929;0.800000011920929
lidar;18.0;35.0;25.069963455200195;24.87394905090332;9.738893508911133;0.29826274514198303;25.08042335510254;24.855104446411133;9.699856758117676;0.34285349711901797;0.9999040961294245;0.800000011920929;0.800000011920929;0.800000011920929
lidar;18.0;35.0;25.070526123046875;24.878679275512695;9.736794471740723;0.2982777953147888;25.05233383178711;24.909971237182617;9.804683685302734;0.22134187947872425;0.9998534917720927;0.800000011920929;0.800000011920929;0.800000011920929
lidar;18.0;35.0;25.071088790893555;24.883411407470703;9.734695434570312;0.29838377237319946;25.07184600830078;24.882171630859375;9.731870651245117;0.30156036785683754;0.9994983673104825;0.800000011920929;0.800000011920929;0.800000011920929
lidar;18.0;35.0;25.071651458740234;24.88814926147461;9.732593536376953;0.29858076572418213;25.083221435546875;24.870088577270508;9.689412117004395;0.3467964162069361;0.9988387227939483;0.800000011920929;0.800000011920929;0.800000011920929
lidar;18.0;35.0;25.072202682495117;24.892913818359375;9.730534553527832;0.2988189458847046;25.078142166137695;24.884105682373047;9.708370208740234;0.32339685654012706;0.9980425836438053;0.800000011920929;0.800000011920929;0.800000011920929
lidar;18.0;35.0;25.07269859313965;24.89776611328125;9.728687286376953;0.29890966415405273;25.052204132080078;24.92658805847168;9.805173873901367;0.21464353598515373;0.9977391363519736;0.800000011920929;0.800000011920929;0.800000011920929
lidar;18.0;35.0;25.073192596435547;24.902626037597656;9.726839065551758;0.2990916073322296;25.07965660095215;24.894025802612305;9.702716827392578;0.325504379938762;0.9971318841528309;0.800000011920929;0.800000011920929;0.800000011920929
lidar;18.0;35.0;25.073688507080078;24.90749168395996;9.724987983703613;0.29936498403549194;25.080894470214844;24.898447036743164;9.698100090026855;0.32863386527149446;0.9962208867153521;0.800000011920929;0.800000011920929;0.800000011920929
lidar;18.0;35.0;25.074186325073242;24.91236686706543;9.723133087158203;0.2997302711009979;25.056528091430664;24.933225631713867;9.789033889770508;0.2283872053069924;0.995006322709752;0.800000011920929;0.800000011920929;0.800000011920929
lidar;18.0;35.0;25.07452392578125;24.917436599731445;9.72187614440918;0.29953891038894653;25.073284149169922;24.91880989074707;9.726503372192383;0.29455548220015576;0.9963076713203994;0.800000011920929;0.800000011920929;0.800000011920929
lidar;18.0;35.0;25.0748291015625;24.922531127929688;9.720734596252441;0.29931601881980896;25.075706481933594;24.921621322631836;9.71745777130127;0.30282803593485086;0.9970496891242908;0.800000011920929;0.800000011920929;0.800000011920929
lidar;18.0;35.0;25.075105667114258;24.927648544311523;9.719698905944824;0.29907286167144775;25.074790954589844;24.92795181274414;9.720877647399902;0.29781477912091986;0.9978603126489916;0.800000011920929;0.800000011920929;0.800000011920929
lidar;18.0;35.0;25.07535743713379;24.932781219482422;9.718765258789062;0.29881444573402405;25.082317352294922;24.926572799682617;9.692789077758789;0.32641416622439434;0.9987233877842397;0.800000011920929;0.800000011920929;0.800000011920929
lidar;18.0;35.0;25.075605392456055;24.937908172607422;9.717832565307617;0.298647403717041;25.085721969604492;24.92959976196289;9.680081367492676;0.3386032539511883;0.9992823005265625;0.800000011920929;0.800000011920929;0.800000011920929
lidar;18.0;35.0;25.075857162475586;24.943029403686523;9.716900825500488;0.2985714077949524;25.05565071105957;24.95820426940918;9.792308807373047;0.21904219128011293;0.9995366930845339;0.800000011920929;0.800000011920929;0.800000011920929
lidar;18.0;35.0;25.07610511779785;24.948150634765625;9.71596908569336;0.2985864281654358;25.073259353637695;24.950088500976562;9.72658920288086;0.2874222550548036;0.9994867443730312;0.800000011920929;0.800000011920929;0.800000011920929
lidar;18.0;35.0;25.076303482055664;24.953306198120117;9.715231895446777;0.29848816990852356;25.09113883972168;24.94422721862793;9.659863471984863;0.3565244697223518;0.9998154044235459;0.800000011920929;0.800000011920929;0.800000011920929
lidar;18.0;35.0;25.076488494873047;24.958465576171875;9.714540481567383;0.2984336316585541;25.085142135620117;24.953767776489258;9.682246208190918;0.3321958316802913;0.9999981522559904;0.800000011920929;0.800000011920929;0.800000011920929
lidar;18.0;35.0;25.07667350769043;24.963624954223633;9.713849067687988;0.29846999049186707;25.079795837402344;24.96214485168457;9.70219898223877;0.31062140278999334;0.9998763203612225;0.800000011920929;0.800000011920929;0.800000011920929
lidar;18.0;35.0;25.07685089111328;24.968791961669922;9.713189125061035;0.2985643446445465;25.08006477355957;24.967487335205078;9.701194763183594;0.31104960043107666;0.999560236930582;0.800000011920929;0.800000011920929;0.800000011920929
lidar;18.0;35.0;25.07696533203125;24.973983764648438;9.712762832641602;0.29850566387176514;25.080852508544922;24.97266960144043;9.698254585266113;0.313583028631557;0.9997562765885707;0.800000011920929;0.800000011920929;0.800000011920929
lidar;18.0;35.0;25.07707977294922;24.979175567626953;9.712336540222168;0.29853808879852295;25.043834686279297;24.988157272338867;9.836405754089355;0.16977882224796909;0.9996477365514673;0.800000011920929;0.800000011920929;0.800000011920929
lidar;18.0;35.0;25.077194213867188;24.9843692779541;9.711910247802734;0.2986615002155304;25.071393966674805;24.985544204711914;9.733556747436523;0.2762207035408228;0.9992346763799445;0.800000011920929;0.800000011920929;0.800000011920929
lidar;18.0;35.0;25.07723617553711;24.989580154418945;9.711751937866211;0.29859867691993713;25.058143615722656;24.992155075073242;9.783005714416504;0.22478634901508013;0.999445140366286;0.800000011920929;0.800000011920929;0.800000011920929
lidar;18.0;35.0;25.077274322509766;24.994789123535156;9.711607933044434;0.2986113429069519;25.08258819580078;24.994430541992188;9.691774368286133;0.319147123926449;0.9994029403004401;0.800000011920929;0.800000011920929;0.800000011920929
lidar;18.0;35.0;25.077312469482422;25.0;9.711463928222656;0.2987150251865387;25.053253173828125;25.0;9.801253318786621;0.2057573606603671;0.9990563392437225;0.800000011920929;0.800000011920929;0.800000011920929
lidar;18.0;35.0;25.077274322509766;25.005210876464844;9.711607933044434;0.29861128330230713;25.051088333129883;25.00344467163086;9.809332847595215;0.19742365029988074;0.9994029403004401;0.800000011920929;0.800000011920929;0.800000011920929
lidar;18.0;35.0;25.07723617553711;25.010419845581055;9.711751937866211;0.29859864711761475;25.069944381713867;25.009437561035156;9.738960266113281;0.27041261011012735;0.999445140366286;0.800000011920929;0.800000011920929;0.800000011920929
lidar;18.0;35.0;25.077194213867188;25.0156307220459;9.711910247802734;0.298661470413208;25.09189224243164;25.018606185913086;9.657052993774414;0.35553241380097605;0.9992346763799445;0.800000011920929;0.800000011920929;0.800000011920929
lidar;18.0;35.0;25.07707977294922;25.020824432373047;9.712336540222168;0.2985381782054901;25.092222213745117;25.02491569519043;9.655823707580566;0.3571879322527172;0.9996477365514673;0.800000011920929;0.800000011920929;0.800000011920929
lidar;18.0;35.0;25.07696533203125;25.026016235351562;9.712762832641602;0.2985057532787323;25.081279754638672;25.027475357055664;9.696656227111816;0.3152437367538274;0.9997562765885707;0.800000011920929;0.800000011920929;0.800000011920929
lidar;18.0;35.0;25.07685089111328;25.031208038330078;9.713189125061035;0.2985643148422241;25.050457000732422;25.020490646362305;9.811689376831055;0.19602737784774898;0.999560236930582;0.800000011920929;0.800000011920929;0.800000011920929
lidar;18.0;35.0;25.07667350769043;25.036375045776367;9.713849067687988;0.29847007989883423;25.072187423706055;25.03424644470215;9.730595588684082;0.281002383794716;0.9998763203612225;0.800000011920929;0.800000011920929;0.800000011920929
lidar;18.0;35.0;25.076488494873047;25.041534423828125;9.714540481567383;0.29843375086784363;25.10211181640625;25.055448532104492;9.618912696838379;0.3984074838994911;0.9999981522559904;0.800000011920929;0.800000011920929;0.800000011920929
lidar;18.0;35.0;25.076303482055664;25.046693801879883;9.715231895446777;0.2984882891178131;25.07567024230957;25.046306610107422;9.717594146728516;0.29601263577880743;0.9998154044235459;0.800000011920929;0.800000011920929;0.800000011920929
lidar;18.0;35.0;25.07610511779785;25.051849365234375;9.71596908569336;0.2985864281654358;25.07727813720703;25.052648544311523;9.711594581604004;0.303185251760158;0.9994867443730312;0.800000011920929;0.800000011920929;0.800000011920929
lidar;18.0;35.0;25.075857162475586;25.056970596313477;9.716900825500488;0.29857146739959717;25.062213897705078;25.046724319458008;9.767817497253418;0.24487206064848488;0.9995366930845339;0.800000011920929;0.800000011920929;0.800000011920929
lidar;18.0;35.0;25.075605392456055;25.062091827392578;9.717832565307617;0.2986474335193634;25.081382751464844;25.066835403442383;9.69627571105957;0.32146302350678135;0.9992823005265625;0.800000011920929;0.800000011920929;0.800000011920929
lidar;18.0;35.0;25.07535743713379;25.067218780517578;9.718765258789062;0.29881444573402405;25.07137107849121;25.063663482666016;9.733636856079102;0.2830134516958693;0.9987233877842397;0.800000011920929;0.800000011920929;0.800000011920929
lidar;18.0;35.0;25.075105667114258;25.07235336303711;9.719698905944824;0.29907292127609253;25.08002471923828;25.077091217041016;9.70134162902832;0.318659516834002;0.9978603126489916;0.800000011920929;0.800000011920929;0.800000011920929
lidar;18.0;35.0;25.0748291015625;25.077468872070312;9.720734596252441;0.2993159592151642;25.067352294921875;25.06972885131836;9.748639106750488;0.2694080458063224;0.9970496891242908;0.800000011920929;0.800000011920929;0.800000011920929
lidar;18.0;35.0;25.07452392578125;25.082563400268555;9.72187614440918;0.29953891038894653;25.086090087890625;25.095380783081055;9.678704261779785;0.3460349434104034;0.9963076713203994;0.800000011920929;0.800000011920929;0.800000011920929
lidar;18.0;35.0;25.074186325073242;25.08763313293457;9.723133087158203;0.2997303009033203;25.059314727783203;25.070066452026367;9.778630256652832;0.2396500501142269;0.995006322709752;0.800000011920929;0.800000011920929;0.800000011920929
lidar;18.0;35.0;25.073688507080078;25.09250831604004;9.724987983703613;0.2993650436401367;25.067283630371094;25.0844669342041;9.748894691467285;0.2733414395179323;0.9962208867153521;0.800000011920929;0.800000011920929;0.800000011920929
lidar;18.0;35.0;25.073192596435547;25.097373962402344;9.726839065551758;0.29909172654151917;25.06770896911621;25.090078353881836;9.747305870056152;0.2766819304527014;0.9971318841528309;0.800000011920929;0.800000011920929;0.800000011920929
lidar;18.0;35.0;25.07269859313965;25.10223388671875;9.728687286376953;0.2989097535610199;25.077465057373047;25.108938217163086;9.710894584655762;0.31851232318156963;0.9977391363519736;0.800000011920929;0.800000011920929;0.800000011920929
lidar;18.0;35.0;25.072202682495117;25.107086181640625;9.730534553527832;0.2988188862800598;25.072681427001953;25.107797622680664;9.728747367858887;0.30080034187581434;0.9980425836438053;0.800000011920929;0.800000011920929;0.800000011920929
lidar;18.0;35.0;25.071651458740234;25.11185073852539;9.732593536376953;0.2985807955265045;25.06831169128418;25.106637954711914;9.745058059692383;0.2846637182137963;0.9988387227939483;0.800000011920929;0.800000011920929;0.800000011920929
lidar;18.0;35.0;25.071088790893555;25.116588592529297;9.734695434570312;0.29838380217552185;25.068838119506836;25.112895965576172;9.743096351623535;0.288934861799686;0.9994983673104825;0.800000011920929;0.800000011920929;0.800000011920929
lidar;18.0;35.0;25.070526123046875;25.121320724487305;9.736794471740723;0.2982778549194336;25.091419219970703;25.15726089477539;9.658822059631348;0.38664060626224594;0.9998534917720927;0.800000011920929;0.800000011920929;0.800000011920929
lidar;18.0;35.0;25.069963455200195;25.12605094909668;9.738892555236816;0.2982628047466278;25.06064796447754;25.10926628112793;9.773660659790039;0.2585472713743287;0.9999040961294245;0.800000011920929;0.800000011920929;0.800000011920929
lidar;18.0;35.0;25.069400787353516;25.130783081054688;9.740991592407227;0.2983386516571045;25.082611083984375;25.155677795410156;9.691689491271973;0.3551272331590335;0.9996501207428348;0.800000011920929;0.800000011920929;0.800000011920929
lidar;18.0;35.0;25.068838119506836;25.13551902770996;9.74309253692627;0.29850539565086365;25.086997985839844;25.171266555786133;9.675322532653809;0.3772483749659062;0.999091625283645;0.800000011920929;0.800000011920929;0.800000011920929
lidar;18.0;35.0;25.068273544311523;25.140260696411133;9.745196342468262;0.2987633943557739;25.070343017578125;25.144512176513672;9.737472534179688;0.3078190944359218;0.9982288480676851;0.800000011920929;0.800000011920929;0.800000011920929
lidar;18.0;35.0;25.06770896911621;25.1450138092041;9.74730396270752;0.29911312460899353;25.06478500366211;25.138750076293945;9.758216857910156;0.2861960150701021;0.9970619082156226;0.800000011920929;0.800000011920929;0.800000011920929
lidar;18.0;35.0;25.067142486572266;25.149778366088867;9.749417304992676;0.2995549738407135;25.065637588500977;25.14641571044922;9.755041122436523;0.2928325823396356;0.9955913421759764;0.800000011920929;0.800000011920929;0.800000011920929
lidar;18.0;35.0;25.066484451293945;25.154348373413086;9.751873970031738;0.29968300461769104;25.06804656982422;25.157974243164062;9.74604606628418;0.3067229582994865;0.9942988160050892;0.800000011920929;0.800000011920929;0.800000011920929
lidar;18.0;35.0;25.06572151184082;25.158672332763672;9.754722595214844;0.29942786693573;25.059240341186523;25.14302635192871;9.778907775878906;0.26990374997871447;0.9951459767248632;0.800000011920929;0.800000011920929;0.800000011920929
lidar;18.0;35.0;25.064895629882812;25.162830352783203;9.757806777954102;0.2989695966243744;25.068490982055664;25.171852111816406;9.744388580322266;0.31553298076769043;0.9966713192045324;0.800000011920929;0.800000011920929;0.800000011920929
lidar;18.0;35.0;25.064071655273438;25.166976928710938;9.760881423950195;0.29860368371009827;25.066640853881836;25.17367172241211;9.751294136047363;0.31057550368979087;0.9978929161674365;0.800000011920929;0.800000011920929;0.800000011920929
lidar;18.0;35.0;25.063249588012695;25.171113967895508;9.763949394226074;0.29832929372787476;25.053983688354492;25.146047592163086;9.798528671264648;0.2546276690414762;0.9988106489152414;0.800000011920929;0.800000011920929;0.800000011920929
lidar;18.0;35.0;25.062427520751953;25.17524528503418;9.767013549804688;0.29814624786376953;25.05908203125;25.165851593017578;9.779501914978027;0.2821646951984849;0.9994240403134422;0.800000011920929;0.800000011920929;0.800000011920929
lidar;18.0;35.0;25.061607360839844;25.179372787475586;9.770073890686035;0.2980540990829468;25.049901962280273;25.14529037475586;9.813762664794922;0.24142059807703056;0.9997330903901144;0.800000011920929;0.800000011920929;0.800000011920929
lidar;18.0;35.0;25.060789108276367;25.183500289916992;9.773134231567383;0.2980527877807617;25.072792053222656;25.2197322845459;9.728339195251465;0.3569033653357867;0.999737501155198;0.800000011920929;0.800000011920929;0.800000011920929
lidar;18.0;35.0;25.059968948364258;25.1876277923584;9.77619457244873;0.2981421947479248;25.06963348388672;25.217870712280273;9.740119934082031;0.3461993152701906;0.999437510994619;0.800000011920929;0.800000011920929;0.800000011920929
lidar;18.0;35.0;25.059146881103516;25.191757202148438;9.779258728027344;0.2983226180076599;25.074338912963867;25.241010665893555;9.72256088256836;0.37494709404831994;0.9988330005729233;0.800000011920929;0.800000011920929;0.800000011920929
lidar;18.0;35.0;25.058324813842773;25.19589614868164;9.782326698303223;0.29859423637390137;25.04190444946289;25.14073944091797;9.84361457824707;0.21452292640855117;0.9979242084292627;0.800000011920929;0.800000011920929;0.800000011920929
lidar;18.0;35.0;25.0575008392334;25.200040817260742;9.785401344299316;0.298957496881485;25.0391902923584;25.13633918762207;9.853740692138672;0.20375457789094384;0.996711492808904;0.800000011920929;0.800000011920929;0.800000011920929
lidar;18.0;35.0;25.056638717651367;25.204069137573242;9.788619041442871;0.29922279715538025;25.05748176574707;25.20710563659668;9.78547477722168;0.3036743034589258;0.9948900938153288;0.800000011920929;0.800000011920929;0.800000011920929
lidar;18.0;35.0;25.055633544921875;25.207576751708984;9.79237174987793;0.2988193929195404;25.068387985229492;25.255163192749023;9.74477481842041;0.36732098919926387;0.996233343996436;0.800000011920929;0.800000011920929;0.800000011920929
lidar;18.0;35.0;25.054630279541016;25.211076736450195;9.79611587524414;0.29850783944129944;25.054637908935547;25.21110725402832;9.796087265014648;0.2985494910088053;0.9972733257411999;0.800000011920929;0.800000011920929;0.800000011920929
lidar;18.0;35.0;25.051101684570312;24.788768768310547;9.795042991638184;0.2987269461154938;25.057893753051758;24.76068878173828;9.767797470092773;0.3384372948262276;0.9965416791005064;0.800000011920929;0.800000011920929;0.800000011920929
lidar;18.0;35.0;25.052040100097656;24.792266845703125;9.791275978088379;0.29904279112815857;25.043712615966797;24.82551383972168;9.824681282043457;0.2511831081743332;0.9954890608100924;0.800000011920929;0.800000011920929;0.800000011920929
lidar;18.0;35.0;25.05296516418457;24.79583740234375;9.787567138671875;0.2993578612804413;25.054258346557617;24.790855407714844;9.782381057739258;0.3066654600095277;0.9953784944109842;0.800000011920929;0.800000011920929;0.800000011920929
lidar;18.0;35.0;25.05373764038086;24.79999542236328;9.784470558166504;0.29890161752700806;25.05096435546875;24.81031608581543;9.795592308044434;0.2834785485992326;0.9968978761258794;0.800000011920929;0.800000011920929;0.800000011920929
lidar;18.0;35.0;25.054508209228516;24.804141998291016;9.781383514404297;0.29853764176368713;25.06161117553711;24.778615951538086;9.75289249420166;0.33744457311447473;0.9981134533895065;0.800000011920929;0.800000011920929;0.800000011920929
lidar;18.0;35.0;25.055274963378906;24.808279037475586;9.778302192687988;0.2982652485370636;25.0704288482666;24.755720138549805;9.717527389526367;0.3800306745918512;0.9990250468896553;0.800000011920929;0.800000011920929;0.800000011920929
lidar;18.0;35.0;25.056041717529297;24.812410354614258;9.775226593017578;0.298084020614624;25.047996520996094;24.839344024658203;9.807499885559082;0.2552846987191454;0.9996323585290519;0.800000011920929;0.800000011920929;0.800000011920929
lidar;18.0;35.0;25.056808471679688;24.81653594970703;9.7721529006958;0.2979937493801117;25.03169059753418;24.89765739440918;9.872899055480957;0.1662307384011724;0.9999350905416204;0.800000011920929;0.800000011920929;0.800000011920929
lidar;18.0;35.0;25.057575225830078;24.820663452148438;9.76908016204834;0.29799431562423706;25.069416046142578;24.783777236938477;9.72158432006836;0.35928599064887295;0.9999333024072186;0.800000011920929;0.800000011920929;0.800000011920929
lidar;18.0;35.0;25.058340072631836;24.82478904724121;9.766007423400879;0.29808568954467773;25.040388107299805;24.878704071044922;9.838008880615234;0.20636231240636244;0.9996269345458831;0.800000011920929;0.800000011920929;0.800000011920929
lidar;18.0;35.0;25.05910873413086;24.828920364379883;9.762930870056152;0.2982679605484009;25.045568466186523;24.86811065673828;9.81723690032959;0.2299428986192335;0.9990159868814524;0.800000011920929;0.800000011920929;0.800000011920929
lidar;18.0;35.0;25.05987548828125;24.833057403564453;9.759849548339844;0.29854145646095276;25.06694221496582;24.8133544921875;9.73150634765625;0.33377678486337;0.9981008172743919;0.800000011920929;0.800000011920929;0.800000011920929
lidar;18.0;35.0;25.060646057128906;24.837203979492188;9.756762504577637;0.2989065945148468;25.064361572265625;24.827226638793945;9.74185562133789;0.31722494647989713;0.9968816044236719;0.800000011920929;0.800000011920929;0.800000011920929
lidar;18.0;35.0;25.061418533325195;24.84136199951172;9.753665924072266;0.29936397075653076;25.063594818115234;24.835739135742188;9.74493408203125;0.30997530518212807;0.9953585864379264;0.800000011920929;0.800000011920929;0.800000011920929
lidar;18.0;35.0;25.062192916870117;24.84553337097168;9.75055980682373;0.2999141812324524;25.07404899597168;24.816085815429688;9.70300579071045;0.3570899744081304;0.9935325387048348;0.800000011920929;0.800000011920929;0.800000011920929
lidar;18.0;35.0;25.062755584716797;24.85023307800293;9.74830150604248;0.29953381419181824;25.06467628479004;24.845651626586914;9.7406005859375;0.30869827816818557;0.9956613181995437;0.800000011920929;0.800000011920929;0.800000011920929
lidar;18.0;35.0;25.063283920288086;24.854997634887695;9.74617862701416;0.2990918457508087;25.077991485595703;24.821298599243164;9.687191009521484;0.36860008782381387;0.9971325991166403;0.800000011920929;0.800000011920929;0.800000011920929
lidar;18.0;35.0;25.063812255859375;24.85974884033203;9.744061470031738;0.2987419366836548;25.077730178833008;24.82916259765625;9.688243865966797;0.363894540930195;0.9983002543710076;0.800000011920929;0.800000011920929;0.800000011920929
lidar;18.0;35.0;25.06433868408203;24.864490509033203;9.741949081420898;0.2984837591648102;25.0827579498291;24.82569694519043;9.668073654174805;0.38393423705941543;0.9991636872402813;0.800000011920929;0.800000011920929;0.800000011920929
lidar;18.0;35.0;25.064865112304688;24.869226455688477;9.739839553833008;0.2983168065547943;25.079681396484375;24.83935546875;9.680415153503418;0.36645571758536255;0.9997227787999813;0.800000011920929;0.800000011920929;0.800000011920929
lidar;18.0;35.0;25.065391540527344;24.873958587646484;9.737730979919434;0.2982408404350281;25.069881439208984;24.86530113220215;9.719718933105469;0.31872347344156476;0.9999774098409598;0.800000011920929;0.800000011920929;0.800000011920929
lidar;18.0;35.0;25.065916061401367;24.87868881225586;9.735623359680176;0.2982557415962219;25.082168579101562;24.848777770996094;9.670439720153809;0.3717926627674538;0.9999274015472301;0.800000011920929;0.800000011920929;0.800000011920929
lidar;18.0;35.0;25.066442489624023;24.883420944213867;9.733514785766602;0.29836148023605347;25.05887794494629;24.896692276000977;9.763853073120117;0.2643946502058912;0.9995728135378252;0.800000011920929;0.800000011920929;0.800000011920929
lidar;18.0;35.0;25.06696891784668;24.888158798217773;9.731404304504395;0.2985582947731018;25.083372116088867;24.860763549804688;9.665613174438477;0.3716891340109534;0.9989137054233463;0.800000011920929;0.800000011920929;0.800000011920929
lidar;18.0;35.0;25.067495346069336;24.892902374267578;9.729290008544922;0.2988464832305908;25.077369689941406;24.877235412597656;9.689684867858887;0.3425685310560897;0.9979503155097118;0.800000011920929;0.800000011920929;0.800000011920929
lidar;18.0;35.0;25.068023681640625;24.897659301757812;9.727170944213867;0.29922646284103394;25.07925033569336;24.880769729614258;9.682146072387695;0.34860854604866887;0.9966830015299433;0.800000011920929;0.800000011920929;0.800000011920929
lidar;18.0;35.0;25.06849479675293;24.90251350402832;9.725285530090332;0.2994386553764343;25.051074981689453;24.927305221557617;9.795151710510254;0.2232847330781107;0.9959762099343961;0.800000011920929;0.800000011920929;0.800000011920929
lidar;18.0;35.0;25.068958282470703;24.90738296508789;9.723421096801758;0.29971471428871155;25.085508346557617;24.885156631469727;9.657045364379883;0.37164342729815447;0.9950584172020197;0.800000011920929;0.800000011920929;0.800000011920929
lidar;18.0;35.0;25.06930160522461;24.91242027282715;9.722047805786133;0.2995501458644867;25.04742431640625;24.940067291259766;9.809794425964355;0.2049855950639844;0.9962704184585393;0.800000011920929;0.800000011920929;0.800000011920929
lidar;18.0;35.0;25.06958770751953;24.91752052307129;9.720901489257812;0.2992345094680786;25.0614013671875;24.927221298217773;9.753730773925781;0.26403671715820565;0.997321367486822;0.800000011920929;0.800000011920929;0.800000011920929
lidar;18.0;35.0;25.06987190246582;24.922609329223633;9.719757080078125;0.29901057481765747;25.065654754638672;24.92728042602539;9.736672401428223;0.2809629317849733;0.9980683327724225;0.800000011920929;0.800000011920929;0.800000011920929
lidar;18.0;35.0;25.070158004760742;24.92769432067871;9.71861457824707;0.29887789487838745;25.072175979614258;24.925613403320312;9.710515022277832;0.3074810496305214;0.9985113739385871;0.800000011920929;0.800000011920929;0.800000011920929
lidar;18.0;35.0;25.070411682128906;24.93280601501465;9.717595100402832;0.29870617389678955;25.058151245117188;24.94450569152832;9.766767501831055;0.24669520944750126;0.999085545568135;0.800000011920929;0.800000011920929;0.800000011920929
lidar;18.0;35.0;25.07064437866211;24.937929153442383;9.716659545898438;0.29853877425193787;25.06036376953125;24.946964263916016;9.757894515991211;0.2550914923147578;0.9996457695852431;0.800000011920929;0.800000011920929;0.800000011920929
lidar;18.0;35.0;25.070877075195312;24.943050384521484;9.715723991394043;0.29846248030662537;25.07525634765625;24.939531326293945;9.698160171508789;0.3169023664694302;0.9999015331251099;0.800000011920929;0.800000011920929;0.800000011920929
lidar;18.0;35.0;25.07111167907715;24.948169708251953;9.714788436889648;0.2984771132469177;25.08368492126465;24.93900489807129;9.664360046386719;0.3512513712671244;0.999852716916195;0.800000011920929;0.800000011920929;0.800000011920929
lidar;18.0;35.0;25.071332931518555;24.953298568725586;9.713896751403809;0.2985369563102722;25.067935943603516;24.955522537231445;9.727522850036621;0.284319042914461;0.9996525049413967;0.800000011920929;0.800000011920929;0.800000011920929
lidar;18.0;35.0;25.07150650024414;24.958459854125977;9.713202476501465;0.29848238825798035;25.07868003845215;24.95429229736328;9.684432983398438;0.32842427650272615;0.9998348355382857;0.800000011920929;0.800000011920929;0.800000011920929
lidar;18.0;35.0;25.071680068969727;24.963619232177734;9.712507247924805;0.2985188961029053;25.055660247802734;24.971750259399414;9.776761054992676;0.23180084704321957;0.9997125863987341;0.800000011920929;0.800000011920929;0.800000011920929
lidar;18.0;35.0;25.071853637695312;24.968782424926758;9.711812019348145;0.29864633083343506;25.05422019958496;24.976444244384766;9.782537460327148;0.225354229013536;0.9992858171322211;0.800000011920929;0.800000011920929;0.800000011920929
lidar;18.0;35.0;25.071979522705078;24.973970413208008;9.711309432983398;0.29866480827331543;25.05058479309082;24.981706619262695;9.79711627960205;0.20989303154532923;0.999223768664119;0.800000011920929;0.800000011920929;0.800000011920929
lidar;18.0;35.0;25.072086334228516;24.979164123535156;9.710881233215332;0.2986973524093628;25.076749801635742;24.977815628051758;9.692173957824707;0.3180242525097471;0.999114513383609;0.800000011920929;0.800000011920929;0.800000011920929
lidar;18.0;35.0;25.072193145751953;24.98436164855957;9.710453033447266;0.2988210618495941;25.072004318237305;24.98440170288086;9.71120548248291;0.2980442079032837;0.9987008571312146;0.800000011920929;0.800000011920929;0.800000011920929
lidar;18.0;35.0;25.072246551513672;24.989572525024414;9.710238456726074;0.2988146245479584;25.09718132019043;24.985973358154297;9.610231399536133;0.4019458720071532;0.9987226724242858;0.800000011920929;0.800000011920929;0.800000011920929
lidar;18.0;35.0;25.072280883789062;24.99478530883789;9.71009349822998;0.29882749915122986;25.07258415222168;24.994762420654297;9.708879470825195;0.30007830245729133;0.9986800551223872;0.800000011920929;0.800000011920929;0.800000011920929
lidar;18.0;35.0;25.07231903076172;25.0;9.709948539733887;0.2989313006401062;25.05827522277832;25.0;9.76626968383789;0.24088576482816623;0.9983333945197235;0.800000011920929;0.800000011920929;0.800000011920929
lidar;18.0;35.0;25.072280883789062;25.00521469116211;9.71009349822998;0.2988274097442627;25.079898834228516;25.00576400756836;9.679545402526855;0.3303155425403686;0.9986800551223872;0.800000011920929;0.800000011920929;0.800000011920929
lidar;18.0;35.0;25.072246551513672;25.010427474975586;9.710238456726074;0.2988146245479584;25.056556701660156;25.008163452148438;9.773162841796875;0.2339243022537788;0.9987226724242858;0.800000011920929;0.800000011920929;0.800000011920929
lidar;18.0;35.0;25.072193145751953;25.01563835144043;9.71045207977295;0.2988210916519165;25.075660705566406;25.016389846801758;9.696537971496582;0.31318113785783785;0.9987008571312146;0.800000011920929;0.800000011920929;0.800000011920929
lidar;18.0;35.0;25.072086334228516;25.020835876464844;9.710881233215332;0.29869747161865234;25.081701278686523;25.02361488342285;9.672317504882812;0.33853829654902245;0.999114513383609;0.800000011920929;0.800000011920929;0.800000011920929
lidar;18.0;35.0;25.071979522705078;25.026029586791992;9.711309432983398;0.2986648380756378;25.07243537902832;25.026195526123047;9.709480285644531;0.30055739264366643;0.999223768664119;0.800000011920929;0.800000011920929;0.800000011920929
lidar;18.0;35.0;25.071853637695312;25.031217575073242;9.711812019348145;0.29864636063575745;25.083826065063477;25.036418914794922;9.663793563842773;0.34840738775255464;0.9992858171322211;0.800000011920929;0.800000011920929;0.800000011920929
lidar;18.0;35.0;25.071680068969727;25.036380767822266;9.712507247924805;0.2985190451145172;25.066627502441406;25.033817291259766;9.732769966125488;0.27747915560664876;0.9997125863987341;0.800000011920929;0.800000011920929;0.800000011920929
lidar;18.0;35.0;25.07150650024414;25.041540145874023;9.713202476501465;0.2984825372695923;25.072023391723633;25.041841506958008;9.711128234863281;0.3006405477967638;0.9998347759193755;0.800000011920929;0.800000011920929;0.800000011920929
lidar;18.0;35.0;25.071332931518555;25.046701431274414;9.713896751403809;0.298537015914917;25.082244873046875;25.053844451904297;9.670133590698242;0.34420215881254496;0.9996524453314113;0.800000011920929;0.800000011920929;0.800000011920929
lidar;18.0;35.0;25.07111167907715;25.051830291748047;9.714788436889648;0.2984771728515625;25.07229995727539;25.052696228027344;9.7100191116333;0.3034689085559507;0.999852716916195;0.800000011920929;0.800000011920929;0.800000011920929
lidar;18.0;35.0;25.070877075195312;25.056949615478516;9.715723991394043;0.29846253991127014;25.061752319335938;25.04961585998535;9.752326965332031;0.2600325818767528;0.9999015331251099;0.800000011920929;0.800000011920929;0.800000011920929
lidar;18.0;35.0;25.07064437866211;25.062070846557617;9.716658592224121;0.29853886365890503;25.070281982421875;25.061750411987305;9.718114852905273;0.2970053215608553;0.9996457695852431;0.800000011920929;0.800000011920929;0.800000011920929
lidar;18.0;35.0;25.070411682128906;25.06719398498535;9.717595100402832;0.29870617389678955;25.046581268310547;25.044452667236328;9.813176155090332;0.1976077691164016;0.999085485997049;0.800000011920929;0.800000011920929;0.800000011920929
lidar;18.0;35.0;25.070158004760742;25.07230567932129;9.71861457824707;0.29887786507606506;25.071495056152344;25.07368278503418;9.713250160217285;0.30457575828025873;0.9985113739385871;0.800000011920929;0.800000011920929;0.800000011920929
lidar;18.0;35.0;25.06987190246582;25.077390670776367;9.719757080078125;0.2990105152130127;25.06016731262207;25.066640853881836;9.758683204650879;0.2574777185972057;0.9980683327724225;0.800000011920929;0.800000011920929;0.800000011920929
lidar;18.0;35.0;25.06958770751953;25.08247947692871;9.720901489257812;0.2992345094680786;25.07798957824707;25.092439651489258;9.6871976852417;0.3353703457784937;0.997321367486822;0.800000011920929;0.800000011920929;0.800000011920929
lidar;18.0;35.0;25.06930160522461;25.08757972717285;9.722047805786133;0.2995501458644867;25.07352066040039;25.092912673950195;9.705123901367188;0.31778919300444036;0.9962704184585393;0.800000011920929;0.800000011920929;0.800000011920929
lidar;18.0;35.0;25.068958282470703;25.09261703491211;9.723421096801758;0.29971471428871155;25.05336570739746;25.071674346923828;9.785962104797363;0.23194257269760818;0.9950584172020197;0.800000011920929;0.800000011920929;0.800000011920929
lidar;18.0;35.0;25.06849479675293;25.09748649597168;9.725285530090332;0.2994386851787567;25.0677490234375;25.096426010131836;9.728278160095215;0.29617606099561544;0.9959762099343961;0.800000011920929;0.800000011920929;0.800000011920929
lidar;18.0;35.0;25.068023681640625;25.102340698242188;9.727170944213867;0.29922643303871155;25.06113052368164;25.091970443725586;9.754819869995117;0.26890247221681723;0.9966830015299433;0.800000011920929;0.800000011920929;0.800000011920929
lidar;18.0;35.0;25.067495346069336;25.107097625732422;9.729290008544922;0.2988464832305908;25.083391189575195;25.1323184967041;9.665536880493164;0.3692258667275803;0.9979503155097118;0.800000011920929;0.800000011920929;0.800000011920929
lidar;18.0;35.0;25.06696891784668;25.111841201782227;9.731404304504395;0.2985583245754242;25.06291961669922;25.105079650878906;9.747644424438477;0.2805060914498008;0.9989137054233463;0.800000011920929;0.800000011920929;0.800000011920929
lidar;18.0;35.0;25.066442489624023;25.116579055786133;9.733514785766602;0.29836151003837585;25.05893325805664;25.103403091430664;9.763635635375977;0.26463830826239343;0.9995728135378252;0.800000011920929;0.800000011920929;0.800000011920929
lidar;18.0;35.0;25.065916061401367;25.12131118774414;9.735623359680176;0.2982558012008667;25.073970794677734;25.136133193969727;9.703322410583496;0.3346954136118279;0.9999274015472301;0.800000011920929;0.800000011920929;0.800000011920929
lidar;18.0;35.0;25.065391540527344;25.126041412353516;9.737730979919434;0.29824092984199524;25.05349349975586;25.10310935974121;9.78545093536377;0.24397569675023428;0.9999774098409598;0.800000011920929;0.800000011920929;0.800000011920929
lidar;18.0;35.0;25.064865112304688;25.130773544311523;9.739839553833008;0.2983168661594391;25.081106185913086;25.163515090942383;9.674702644348145;0.3730062795110687;0.9997227787999813;0.800000011920929;0.800000011920929;0.800000011920929
lidar;18.0;35.0;25.06433868408203;25.135509490966797;9.741949081420898;0.29848378896713257;25.055824279785156;25.117572784423828;9.776103019714355;0.2589778697177606;0.9991636872402813;0.800000011920929;0.800000011920929;0.800000011920929
lidar;18.0;35.0;25.063812255859375;25.14025115966797;9.744061470031738;0.29874199628829956;25.05219078063965;25.11470603942871;9.79067611694336;0.24433113324693118;0.9983001946648717;0.800000011920929;0.800000011920929;0.800000011920929
lidar;18.0;35.0;25.063283920288086;25.145002365112305;9.74617862701416;0.29909181594848633;25.078115463256836;25.178985595703125;9.686694145202637;0.3691861838671492;0.9971325991166403;0.800000011920929;0.800000011920929;0.800000011920929
lidar;18.0;35.0;25.062755584716797;25.14976692199707;9.74830150604248;0.29953381419181824;25.065650939941406;25.156675338745117;9.736692428588867;0.3133497799944572;0.9956613181995437;0.800000011920929;0.800000011920929;0.800000011920929
lidar;18.0;35.0;25.062192916870117;25.15446662902832;9.75055980682373;0.2999142110347748;25.068326950073242;25.169706344604492;9.725951194763184;0.3295014579594806;0.9935325387048348;0.800000011920929;0.800000011920929;0.800000011920929
lidar;18.0;35.0;25.061418533325195;25.15863800048828;9.753665924072266;0.2993640601634979;25.070064544677734;25.180973052978516;9.718984603881836;0.3415116104230466;0.9953585864379264;0.800000011920929;0.800000011920929;0.800000011920929
lidar;18.0;35.0;25.060646057128906;25.162796020507812;9.756762504577637;0.2989066541194916;25.07386589050293;25.19828224182129;9.703741073608398;0.3640626415825295;0.9968816044236719;0.800000011920929;0.800000011920929;0.800000011920929
lidar;18.0;35.0;25.05987548828125;25.166942596435547;9.759849548339844;0.29854151606559753;25.072364807128906;25.201763153076172;9.709759712219238;0.36081092444643686;0.9981008172743919;0.800000011920929;0.800000011920929;0.800000011920929
lidar;18.0;35.0;25.05910873413086;25.171079635620117;9.762930870056152;0.29826804995536804;25.058320999145508;25.168804168701172;9.766084671020508;0.2942998656354452;0.9990159868814524;0.800000011920929;0.800000011920929;0.800000011920929
lidar;18.0;35.0;25.058340072631836;25.17521095275879;9.766007423400879;0.2980858385562897;25.06465721130371;25.194177627563477;9.740676879882812;0.3303538023342707;0.9996269345458831;0.800000011920929;0.800000011920929;0.800000011920929
lidar;18.0;35.0;25.057575225830078;25.179336547851562;9.76908016204834;0.2979945242404938;25.054805755615234;25.170713424682617;9.780183792114258;0.2836659522927256;0.9999333024072186;0.800000011920929;0.800000011920929;0.800000011920929
lidar;18.0;35.0;25.056808471679688;25.18346405029297;9.7721529006958;0.29799389839172363;25.061649322509766;25.1990966796875;9.752737998962402;0.3233861332830463;0.9999350905416204;0.800000011920929;0.800000011920929;0.800000011920929
lidar;18.0;35.0;25.056041717529297;25.187589645385742;9.775226593017578;0.2980841398239136;25.04987907409668;25.166959762573242;9.799946784973145;0.26530068590959527;0.9996323585290519;0.800000011920929;0.800000011920929;0.800000011920929
lidar;18.0;35.0;25.055274963378906;25.191720962524414;9.778302192687988;0.2982653081417084;25.05316925048828;25.18441390991211;9.78675365447998;0.2868958295624358;0.9990250468896553;0.800000011920929;0.800000011920929;0.800000011920929
lidar;18.0;35.0;25.054508209228516;25.195858001708984;9.781383514404297;0.2985377013683319;25.061607360839844;25.22137451171875;9.75290298461914;0.3374297400410167;0.9981134533895065;0.800000011920929;0.800000011920929;0.800000011920929
lidar;18.0;35.0;25.05373764038086;25.20000457763672;9.784470558166504;0.29890164732933044;25.054441452026367;25.202627182006836;9.781644821166992;0.3028211656844209;0.9968978761258794;0.800000011920929;0.800000011920929;0.800000011920929
lidar;18.0;35.0;25.05296516418457;25.20416259765625;9.787567138671875;0.29935789108276367;25.063129425048828;25.243335723876953;9.746806144714355;0.3567973159866165;0.9953784944109842;0.800000011920929;0.800000011920929;0.800000011920929
lidar;18.0;35.0;25.052040100097656;25.207733154296875;9.791275978088379;0.29904282093048096;25.052949905395508;25.21135902404785;9.78763198852539;0.3042643116127797;0.9954891201881708;0.800000011920929;0.800000011920929;0.800000011920929
lidar;18.0;35.0;25.051101684570312;25.211231231689453;9.795042991638184;0.29872700572013855;25.053672790527344;25.221864700317383;9.7847261428833;0.3137635892686066;0.9965416791005064;0.800000011920929;0.800000011920929;0.800000011920929
lidar;18.0;35.0;25.04755973815918;24.78858184814453;9.794001579284668;0.2989896535873413;25.03618049621582;24.839160919189453;9.843283653259277;0.22745982560364492;0.9956661462888906;0.800000011920929;0.800000011920929;0.800000011920929
lidar;18.0;35.0;25.048433303833008;24.792081832885742;9.790212631225586;0.29931068420410156;25.04092788696289;24.82430076599121;9.822721481323242;0.2529291026897535;0.9945983287663287;0.800000011920929;0.800000011920929;0.800000011920929
lidar;18.0;35.0;25.04924964904785;24.795839309692383;9.786676406860352;0.29935595393180847;25.04729461669922;24.803945541381836;9.795146942138672;0.2874692207760903;0.9953851702482344;0.800000011920929;0.800000011920929;0.800000011920929
lidar;18.0;35.0;25.04996681213379;24.799997329711914;9.783567428588867;0.2988996207714081;25.057296752929688;24.770658493041992;9.751818656921387;0.3427458157740918;0.9969046114371254;0.800000011920929;0.800000011920929;0.800000011920929
lidar;18.0;35.0;25.050683975219727;24.80414390563965;9.78046703338623;0.29853564500808716;25.04621124267578;24.821422576904297;9.799835205078125;0.2721979222326477;0.9981203674272011;0.800000011920929;0.800000011920929;0.800000011920929
lidar;18.0;35.0;25.0513973236084;24.80828094482422;9.777373313903809;0.29826316237449646;25.063087463378906;24.76467514038086;9.726739883422852;0.3660994715837952;0.9990320204903358;0.800000011920929;0.800000011920929;0.800000011920929
lidar;18.0;35.0;25.05211067199707;24.812410354614258;9.774284362792969;0.2980819344520569;25.036632537841797;24.868131637573242;9.841329574584961;0.20954161903455853;0.9996393919142836;0.800000011920929;0.800000011920929;0.800000011920929
lidar;18.0;35.0;25.05282211303711;24.816537857055664;9.771198272705078;0.29799166321754456;25.057430267333984;24.800535202026367;9.751239776611328;0.32398481511697136;0.99994230270845;0.800000011920929;0.800000011920929;0.800000011920929
lidar;18.0;35.0;25.05353546142578;24.820663452148438;9.768112182617188;0.29799219965934753;25.04601287841797;24.845861434936523;9.80069351196289;0.2561231155303545;0.9999405741659602;0.800000011920929;0.800000011920929;0.800000011920929
lidar;18.0;35.0;25.054248809814453;24.824790954589844;9.765026092529297;0.29808348417282104;25.06233787536621;24.798664093017578;9.729986190795898;0.3425341748664781;0.9996342659222472;0.800000011920929;0.800000011920929;0.800000011920929
lidar;18.0;35.0;25.054960250854492;24.828922271728516;9.761937141418457;0.29826581478118896;25.04427146911621;24.862194061279297;9.80823802947998;0.24025566223792824;0.9990234374755878;0.800000011920929;0.800000011920929;0.800000011920929
lidar;18.0;35.0;25.055675506591797;24.833059310913086;9.758843421936035;0.29853925108909607;25.06439208984375;24.806922912597656;9.721087455749512;0.3452789539871298;0.9981083272756249;0.800000011920929;0.800000011920929;0.800000011920929
lidar;18.0;35.0;25.0563907623291;24.83720588684082;9.755743026733398;0.2989043593406677;25.06168556213379;24.821922302246094;9.73281192779541;0.3269653377751397;0.9968892335521954;0.800000011920929;0.800000011920929;0.800000011920929
lidar;18.0;35.0;25.057109832763672;24.84136199951172;9.752633094787598;0.2993617355823517;25.06022834777832;24.83269691467285;9.739120483398438;0.31571507340610766;0.9953663348132669;0.800000011920929;0.800000011920929;0.800000011920929
lidar;18.0;35.0;25.057767868041992;24.845699310302734;9.749783515930176;0.29958951473236084;25.06093978881836;24.83722496032715;9.736039161682129;0.3160452347113204;0.9954768418476737;0.800000011920929;0.800000011920929;0.800000011920929
lidar;18.0;35.0;25.05830192565918;24.850366592407227;9.747468948364258;0.2992682158946991;25.066396713256836;24.829586029052734;9.71239948272705;0.34082747416114284;0.9965451359203819;0.800000011920929;0.800000011920929;0.800000011920929
lidar;18.0;35.0;25.058834075927734;24.855022430419922;9.745158195495605;0.29903870820999146;25.0704402923584;24.82642364501953;9.694886207580566;0.3580289065878056;0.9973098634469384;0.800000011920929;0.800000011920929;0.800000011920929
lidar;18.0;35.0;25.05934715270996;24.859724044799805;9.742942810058594;0.298793762922287;25.04949188232422;24.883018493652344;9.785626411437988;0.24917902738680475;0.998127222067819;0.800000011920929;0.800000011920929;0.800000011920929
lidar;18.0;35.0;25.05983543395996;24.86446762084961;9.740819931030273;0.29853591322898865;25.052505493164062;24.88106918334961;9.772568702697754;0.26196599855888486;0.9989890456418619;0.800000011920929;0.800000011920929;0.800000011920929
lidar;18.0;35.0;25.060325622558594;24.869203567504883;9.738700866699219;0.2983693480491638;25.060510635375977;24.868803024291992;9.73790168762207;0.2992818310483484;0.9995466470604133;0.800000011920929;0.800000011920929;0.800000011920929
lidar;18.0;35.0;25.060813903808594;24.87393569946289;9.73658275604248;0.29829370975494385;25.056087493896484;24.88373374938965;9.75705623626709;0.27511011073593933;0.9997997879930698;0.800000011920929;0.800000011920929;0.800000011920929
lidar;18.0;35.0;25.061304092407227;24.878665924072266;9.734465599060059;0.2983090579509735;25.06986427307129;24.861722946166992;9.697385787963867;0.3399661819009327;0.9997483491986532;0.800000011920929;0.800000011920929;0.800000011920929
lidar;18.0;35.0;25.061792373657227;24.883399963378906;9.73234748840332;0.29841530323028564;25.068172454833984;24.871360778808594;9.70471477508545;0.32922447603171745;0.9993924499108967;0.800000011920929;0.800000011920929;0.800000011920929
lidar;18.0;35.0;25.06228256225586;24.888137817382812;9.73022747039795;0.2986125349998474;25.07461166381836;24.865991592407227;9.676820755004883;0.357729110008703;0.9987320303760352;0.800000011920929;0.800000011920929;0.800000011920929
lidar;18.0;35.0;25.062772750854492;24.89288330078125;9.728103637695312;0.29890120029449463;25.072837829589844;24.875707626342773;9.684507369995117;0.3468276573478444;0.9977673889994844;0.800000011920929;0.800000011920929;0.800000011920929
lidar;18.0;35.0;25.063262939453125;24.897640228271484;9.725975036621094;0.29928168654441833;25.06771469116211;24.890438079833984;9.706696510314941;0.3203376050267531;0.9964988829729592;0.800000011920929;0.800000011920929;0.800000011920929
lidar;18.0;35.0;25.063756942749023;24.902408599853516;9.723840713500977;0.2997545003890991;25.057069778442383;24.91264533996582;9.7528076171875;0.26831296152572787;0.99492687000443;0.800000011920929;0.800000011920929;0.800000011920929
lidar;18.0;35.0;25.06412696838379;24.90737533569336;9.722235679626465;0.299740731716156;25.066884994506836;24.903390884399414;9.710290908813477;0.3126312924786484;0.9956372383280879;0.800000011920929;0.800000011920929;0.800000011920929
lidar;18.0;35.0;25.06439208984375;24.91248321533203;9.721083641052246;0.2993324100971222;25.04029655456543;24.945232391357422;9.825456619262695;0.18731911346191182;0.996995568479102;0.800000011920929;0.800000011920929;0.800000011920929
lidar;18.0;35.0;25.06465721130371;24.917579650878906;9.719934463500977;0.2990160584449768;25.07558250427246;24.903656005859375;9.672616004943848;0.3495354053119494;0.9980502127984883;0.800000011920929;0.800000011920929;0.800000011920929
lidar;18.0;35.0;25.064922332763672;24.922666549682617;9.718786239624023;0.29879140853881836;25.07692527770996;24.908370971679688;9.666801452636719;0.3540260153679594;0.9988007545413128;0.800000011920929;0.800000011920929;0.800000011920929
lidar;18.0;35.0;25.065187454223633;24.92774772644043;9.71764087677002;0.29865795373916626;25.084938049316406;24.90585708618164;9.632091522216797;0.38914561706437595;0.9992470145216527;0.800000011920929;0.800000011920929;0.800000011920929
lidar;18.0;35.0;25.065452575683594;24.93282699584961;9.716495513916016;0.2986154854297638;25.053667068481445;24.944921493530273;9.767544746398926;0.2448455305625969;0.9993889927586126;0.800000011920929;0.800000011920929;0.800000011920929
lidar;18.0;35.0;25.065685272216797;24.93793487548828;9.715489387512207;0.2985176742076874;25.07301139831543;24.931011199951172;9.68375015258789;0.33182013743359207;0.9997164607185905;0.800000011920929;0.800000011920929;0.800000011920929
lidar;18.0;35.0;25.065900802612305;24.94305419921875;9.714550018310547;0.2984413206577301;25.071643829345703;24.938093185424805;9.689677238464355;0.3244467696217016;0.9999725222578477;0.800000011920929;0.800000011920929;0.800000011920929
lidar;18.0;35.0;25.066118240356445;24.94817352294922;9.713611602783203;0.2984558939933777;25.056137084960938;24.955997467041016;9.756843566894531;0.25340204507746744;0.9999239444761834;0.800000011920929;0.800000011920929;0.800000011920929
lidar;18.0;35.0;25.066335678100586;24.95329475402832;9.712672233581543;0.29856133460998535;25.049114227294922;24.96541976928711;9.787261962890625;0.22105507923966503;0.9995707869475307;0.800000011920929;0.800000011920929;0.800000011920929
lidar;18.0;35.0;25.06652069091797;24.95844078063965;9.711864471435547;0.29862046241760254;25.062593460083008;24.960893630981445;9.728880882263184;0.2809853519350828;0.999372720763519;0.800000011920929;0.800000011920929;0.800000011920929
lidar;18.0;35.0;25.066682815551758;24.96360206604004;9.711166381835938;0.29865726828575134;25.075393676757812;24.958847045898438;9.673430442810059;0.337676419558451;0.999249458289854;0.800000011920929;0.800000011920929;0.800000011920929
lidar;18.0;35.0;25.066843032836914;24.968769073486328;9.710467338562012;0.29878512024879456;25.078460693359375;24.963340759277344;9.660151481628418;0.350709372966635;0.9988217949184908;0.800000011920929;0.800000011920929;0.800000011920929
lidar;18.0;35.0;25.066984176635742;24.973947525024414;9.709855079650879;0.29891449213027954;25.08331871032715;24.96759605407715;9.63910961151123;0.3717980854389643;0.9983891248891877;0.800000011920929;0.800000011920929;0.800000011920929
lidar;18.0;35.0;25.06708526611328;24.97914695739746;9.709424018859863;0.29894745349884033;25.063613891601562;24.980224609375;9.724458694458008;0.2834796810100433;0.9982787370289272;0.800000011920929;0.800000011920929;0.800000011920929
lidar;18.0;35.0;25.067184448242188;24.98434829711914;9.708992958068848;0.29907160997390747;25.076316833496094;24.982219696044922;9.669434547424316;0.33972579142794096;0.9978641271516618;0.800000011920929;0.800000011920929;0.800000011920929
lidar;18.0;35.0;25.06724739074707;24.989561080932617;9.708722114562988;0.29912206530570984;25.06937026977539;24.98923110961914;9.699524879455566;0.30856694964481546;0.9976961611006729;0.800000011920929;0.800000011920929;0.800000011920929
lidar;18.0;35.0;25.067279815673828;24.994779586791992;9.708576202392578;0.2991350293159485;25.097633361816406;24.99242401123047;9.577106475830078;0.43408343785809944;0.9976531862713165;0.800000011920929;0.800000011920929;0.800000011920929
lidar;18.0;35.0;25.06731414794922;25.0;9.708430290222168;0.2992391884326935;25.05799102783203;25.0;9.748810768127441;0.2577967798691606;0.9973062872611547;0.800000011920929;0.800000011920929;0.800000011920929
lidar;18.0;35.0;25.067279815673828;25.005220413208008;9.708576202392578;0.2991350293159485;25.06013298034668;25.00466537475586;9.739538192749023;0.26735336928216463;0.9976531862713165;0.800000011920929;0.800000011920929;0.800000011920929
lidar;18.0;35.0;25.06724739074707;25.010438919067383;9.708722114562988;0.29912203550338745;25.057971954345703;25.00899887084961;9.748892784118652;0.25786927658596365;0.9976961611006729;0.800000011920929;0.800000011920929;0.800000011920929
lidar;18.0;35.0;25.067184448242188;25.01565170288086;9.708992958068848;0.29907163977622986;25.080263137817383;25.018699645996094;9.652339935302734;0.35729483591488786;0.9978641271516618;0.800000011920929;0.800000011920929;0.800000011920929
lidar;18.0;35.0;25.06708526611328;25.02085304260254;9.709424018859863;0.2989475429058075;25.077329635620117;25.024038314819336;9.665047645568848;0.3446024631270165;0.9982787370289272;0.800000011920929;0.800000011920929;0.800000011920929
lidar;18.0;35.0;25.066984176635742;25.026052474975586;9.709855079650879;0.29891452193260193;25.069847106933594;25.027164459228516;9.697461128234863;0.31168277142869116;0.9983890652839797;0.800000011920929;0.800000011920929;0.800000011920929
lidar;18.0;35.0;25.066843032836914;25.031230926513672;9.710467338562012;0.29878517985343933;25.05166244506836;25.024137496948242;9.776226043701172;0.23092500487455708;0.9988217949184908;0.800000011920929;0.800000011920929;0.800000011920929
lidar;18.0;35.0;25.066682815551758;25.03639793395996;9.711166381835938;0.29865744709968567;25.065040588378906;25.03550148010254;9.718281745910645;0.29130033414615475;0.999249458289854;0.800000011920929;0.800000011920929;0.800000011920929
lidar;18.0;35.0;25.06652069091797;25.04155921936035;9.711864471435547;0.2986205518245697;25.066165924072266;25.041337966918945;9.713404655456543;0.29702460382667023;0.999372720763519;0.800000011920929;0.800000011920929;0.800000011920929
lidar;18.0;35.0;25.066335678100586;25.04670524597168;9.712672233581543;0.2985613942146301;25.067052841186523;25.047210693359375;9.709563255310059;0.30179156798048223;0.9995707869475307;0.800000011920929;0.800000011920929;0.800000011920929
lidar;18.0;35.0;25.066118240356445;25.05182647705078;9.713611602783203;0.29845598340034485;25.07064437866211;25.055374145507812;9.694003105163574;0.3188907915259898;0.9999239444761834;0.800000011920929;0.800000011920929;0.800000011920929
lidar;18.0;35.0;25.065900802612305;25.05694580078125;9.714550018310547;0.29844141006469727;25.071386337280273;25.06168556213379;9.690790176391602;0.32328300578627783;0.9999725222578477;0.800000011920929;0.800000011920929;0.800000011920929
lidar;18.0;35.0;25.065685272216797;25.06206512451172;9.715489387512207;0.29851773381233215;25.05267906188965;25.049776077270508;9.771822929382324;0.23941125218163062;0.9997164607185905;0.800000011920929;0.800000011920929;0.800000011920929
lidar;18.0;35.0;25.065452575683594;25.06717300415039;9.716495513916016;0.2986155152320862;25.08060073852539;25.082721710205078;9.65087890625;0.3677293262870038;0.9993889927586126;0.800000011920929;0.800000011920929;0.800000011920929
lidar;18.0;35.0;25.065187454223633;25.07225227355957;9.71764087677002;0.2986578643321991;25.082263946533203;25.09117889404297;9.643675804138184;0.376892728558668;0.9992470145216527;0.800000011920929;0.800000011920929;0.800000011920929
lidar;18.0;35.0;25.064922332763672;25.077333450317383;9.71878719329834;0.2987913489341736;25.04534339904785;25.054012298583984;9.803592681884766;0.20868397192186444;0.9988007545413128;0.800000011920929;0.800000011920929;0.800000011920929
lidar;18.0;35.0;25.06465721130371;25.082420349121094;9.719934463500977;0.2990160584449768;25.059093475341797;25.075326919555664;9.744035720825195;0.27328390364526256;0.9980502127984883;0.800000011920929;0.800000011920929;0.800000011920929
lidar;18.0;35.0;25.06439208984375;25.08751678466797;9.721083641052246;0.2993323802947998;25.066884994506836;25.09090232849121;9.71028995513916;0.3109162846744254;0.996995568479102;0.800000011920929;0.800000011920929;0.800000011920929
lidar;18.0;35.0;25.06412696838379;25.09262466430664;9.722235679626465;0.2997407913208008;25.07712745666504;25.11140251159668;9.665924072265625;0.36050755479845314;0.9956372383280879;0.800000011920929;0.800000011920929;0.800000011920929
lidar;18.0;35.0;25.063756942749023;25.097591400146484;9.723840713500977;0.2997545003890991;25.073415756225586;25.112375259399414;9.68200397491455;0.3451654710088687;0.99492687000443;0.800000011920929;0.800000011920929;0.800000011920929
lidar;18.0;35.0;25.063262939453125;25.102359771728516;9.725975036621094;0.29928168654441833;25.072017669677734;25.11652374267578;9.688060760498047;0.3406903584164509;0.9964988829729592;0.800000011920929;0.800000011920929;0.800000011920929
lidar;18.0;35.0;25.062772750854492;25.10711669921875;9.728103637695312;0.2989012598991394;25.057950973510742;25.09889030456543;9.748987197875977;0.27594381311929705;0.9977673889994844;0.800000011920929;0.800000011920929;0.800000011920929
lidar;18.0;35.0;25.06228256225586;25.111862182617188;9.73022747039795;0.2986126244068146;25.05904769897461;25.10605239868164;9.744236946105957;0.28310508913169435;0.9987320303760352;0.800000011920929;0.800000011920929;0.800000011920929
lidar;18.0;35.0;25.061792373657227;25.116600036621094;9.73234748840332;0.29841533303260803;25.066930770874023;25.12629508972168;9.710092544555664;0.32322818146953813;0.9993923903140169;0.800000011920929;0.800000011920929;0.800000011920929
lidar;18.0;35.0;25.061304092407227;25.121334075927734;9.734465599060059;0.2983090877532959;25.046480178833008;25.091995239257812;9.79866886138916;0.2261809876784135;0.9997483491986532;0.800000011920929;0.800000011920929;0.800000011920929
lidar;18.0;35.0;25.060813903808594;25.12606430053711;9.73658275604248;0.298293799161911;25.046165466308594;25.09569549560547;9.80003833770752;0.22643658429433516;0.9997997879930698;0.800000011920929;0.800000011920929;0.800000011920929
lidar;18.0;35.0;25.060325622558594;25.130796432495117;9.738700866699219;0.29836931824684143;25.061294555664062;25.132896423339844;9.734505653381348;0.30315934914855763;0.9995466470604133;0.800000011920929;0.800000011920929;0.800000011920929
lidar;18.0;35.0;25.05983543395996;25.13553237915039;9.740819931030273;0.29853594303131104;25.068532943725586;25.155231475830078;9.70314884185791;0.3419279176379047;0.9989890456418619;0.800000011920929;0.800000011920929;0.800000011920929
lidar;18.0;35.0;25.05934715270996;25.140275955200195;9.742942810058594;0.298793762922287;25.05531120300293;25.130739212036133;9.760416984558105;0.2784818930931643;0.998127222067819;0.800000011920929;0.800000011920929;0.800000011920929
lidar;18.0;35.0;25.058834075927734;25.144977569580078;9.745158195495605;0.29903867840766907;25.055809020996094;25.13751983642578;9.75826644897461;0.28365691710855523;0.9973098634469384;0.800000011920929;0.800000011920929;0.800000011920929
lidar;18.0;35.0;25.05830192565918;25.149633407592773;9.747468948364258;0.2992681562900543;25.048824310302734;25.12531280517578;9.788515090942383;0.25062521240000435;0.9965451953242241;0.800000011920929;0.800000011920929;0.800000011920929
lidar;18.0;35.0;25.057767868041992;25.154300689697266;9.749783515930176;0.2995895445346832;25.04946517944336;25.132123947143555;9.785743713378906;0.25653297180093626;0.9954768418476737;0.800000011920929;0.800000011920929;0.800000011920929
lidar;18.0;35.0;25.057109832763672;25.15863800048828;9.752633094787598;0.2993617653846741;25.067604064941406;25.187788009643555;9.707178115844727;0.3543713136915913;0.9953663348132669;0.800000011920929;0.800000011920929;0.800000011920929
lidar;18.0;35.0;25.0563907623291;25.162796020507812;9.755743026733398;0.2989044785499573;25.061092376708984;25.176368713378906;9.735377311706543;0.32382557581224947;0.9968892335521954;0.800000011920929;0.800000011920929;0.800000011920929
lidar;18.0;35.0;25.055675506591797;25.166940689086914;9.758843421936035;0.2985393702983856;25.066574096679688;25.199617385864258;9.711638450622559;0.35697556610522285;0.9981083272756249;0.800000011920929;0.800000011920929;0.800000011920929
lidar;18.0;35.0;25.054960250854492;25.171077728271484;9.761937141418457;0.29826590418815613;25.057645797729492;25.17943572998047;9.750307083129883;0.3128366246976668;0.9990234374755878;0.800000011920929;0.800000011920929;0.800000011920929
lidar;18.0;35.0;25.054248809814453;25.175209045410156;9.765026092529297;0.29808372259140015;25.040706634521484;25.131471633911133;9.82368278503418;0.22367219217802317;0.9996342659222472;0.800000011920929;0.800000011920929;0.800000011920929
lidar;18.0;35.0;25.05353546142578;25.179336547851562;9.768112182617188;0.29799240827560425;25.05278778076172;25.17683219909668;9.771349906921387;0.29383215851651007;0.9999405741659602;0.800000011920929;0.800000011920929;0.800000011920929
lidar;18.0;35.0;25.05282211303711;25.183462142944336;9.771197319030762;0.2979918122291565;25.062620162963867;25.217487335205078;9.72876262664795;0.35325930690548973;0.99994230270845;0.800000011920929;0.800000011920929;0.800000011920929
lidar;18.0;35.0;25.05211067199707;25.187589645385742;9.774284362792969;0.29808205366134644;25.06106948852539;25.21984100341797;9.735477447509766;0.34933005723385835;0.9996393919142836;0.800000011920929;0.800000011920929;0.800000011920929
lidar;18.0;35.0;25.0513973236084;25.191720962524414;9.777373313903809;0.2982633113861084;25.053874969482422;25.200963973999023;9.76663875579834;0.312644502136424;0.9990320204903358;0.800000011920929;0.800000011920929;0.800000011920929
lidar;18.0;35.0;25.050683975219727;25.19585609436035;9.78046703338623;0.29853567481040955;25.037429809570312;25.14463996887207;9.837875366210938;0.22046785147781398;0.9981203674272011;0.800000011920929;0.800000011920929;0.800000011920929
lidar;18.0;35.0;25.04996681213379;25.200002670288086;9.783567428588867;0.29889971017837524;25.05063819885254;25.202688217163086;9.780662536621094;0.3029118250501792;0.9969046114371254;0.800000011920929;0.800000011920929;0.800000011920929
lidar;18.0;35.0;25.04924964904785;25.204160690307617;9.786676406860352;0.2993559241294861;25.05254364013672;25.217815399169922;9.772408485412598;0.31937813092099293;0.9953851702482344;0.800000011920929;0.800000011920929;0.800000011920929
lidar;18.0;35.0;25.048433303833008;25.207918167114258;9.790212631225586;0.29931068420410156;25.06116485595703;25.262577056884766;9.735062599182129;0.37799424435930595;0.9945983287663287;0.800000011920929;0.800000011920929;0.800000011920929
lidar;18.0;35.0;25.04755973815918;25.21141815185547;9.794000625610352;0.29898974299430847;25.057666778564453;25.2563533782959;9.75021743774414;0.3625372719673039;0.995666205878172;0.800000011920929;0.800000011920929;0.800000011920929
lidar;18.0;35.0;25.04400062561035;24.788366317749023;9.792990684509277;0.2992960512638092;25.055143356323242;24.734773635864258;9.740571022033691;0.3750854540532377;0.9946469663074459;0.800000011920929;0.800000011920929;0.800000011920929
lidar;18.0;35.0;25.044811248779297;24.7918643951416;9.789178848266602;0.299623042345047;25.045888900756836;24.786861419677734;9.784111976623535;0.30682382649553536;0.9935614462925778;0.800000011920929;0.800000011920929;0.800000011920929
lidar;18.0;35.0;25.0455265045166;24.795804977416992;9.785812377929688;0.29940709471702576;25.045246124267578;24.797061920166016;9.787132263183594;0.2975623844873892;0.9952151181376012;0.800000011920929;0.800000011920929;0.800000011920929
lidar;18.0;35.0;25.04619026184082;24.799962997436523;9.782690048217773;0.2989514470100403;25.045452117919922;24.80316162109375;9.786166191101074;0.2941693767156636;0.9967318175303512;0.800000011920929;0.800000011920929;0.800000011920929
lidar;18.0;35.0;25.046852111816406;24.804107666015625;9.779577255249023;0.2985881567001343;25.044830322265625;24.812562942504883;9.789090156555176;0.2857010892022071;0.9979448316409121;0.800000011920929;0.800000011920929;0.800000011920929
lidar;18.0;35.0;25.04751205444336;24.808246612548828;9.776470184326172;0.29831647872924805;25.046789169311523;24.811166763305664;9.779875755310059;0.2937712920913585;0.9988538622202693;0.800000011920929;0.800000011920929;0.800000011920929
lidar;18.0;35.0;25.048171997070312;24.8123779296875;9.773367881774902;0.298135906457901;25.050247192382812;24.804296493530273;9.7636079788208;0.31097482303782903;0.9994586705916111;0.800000011920929;0.800000011920929;0.800000011920929
lidar;18.0;35.0;25.048831939697266;24.816503524780273;9.770268440246582;0.29804638028144836;25.035091400146484;24.86813735961914;9.834912300109863;0.21417912949638798;0.9997590780262716;0.800000011920929;0.800000011920929;0.800000011920929
lidar;18.0;35.0;25.049489974975586;24.82063102722168;9.767169952392578;0.29804760217666626;25.057476043701172;24.791685104370117;9.729597091674805;0.34614453485156543;0.9997548461050311;0.800000011920929;0.800000011920929;0.800000011920929
lidar;18.0;35.0;25.050148010253906;24.824758529663086;9.764070510864258;0.298139750957489;25.06475067138672;24.773731231689453;9.695372581481934;0.38495210044934036;0.9994461536478296;0.800000011920929;0.800000011920929;0.800000011920929
lidar;18.0;35.0;25.05080795288086;24.828889846801758;9.760968208312988;0.29832273721694946;25.035694122314453;24.87978744506836;9.832070350646973;0.20958380387584663;0.9988330005729233;0.800000011920929;0.800000011920929;0.800000011920929
lidar;18.0;35.0;25.051467895507812;24.833026885986328;9.757861137390137;0.2985970377922058;25.039905548095703;24.87053680419922;9.812257766723633;0.23151788447308946;0.9979155661970928;0.800000011920929;0.800000011920929;0.800000011920929
lidar;18.0;35.0;25.0521297454834;24.837173461914062;9.75474739074707;0.29896292090415955;25.046663284301758;24.854248046875;9.780465126037598;0.26761307948278734;0.9966942069590451;0.800000011920929;0.800000011920929;0.800000011920929
lidar;18.0;35.0;25.052793502807617;24.841331481933594;9.751625061035156;0.299421101808548;25.056468963623047;24.830284118652344;9.734331130981445;0.3202690294634364;0.9951691624675032;0.800000011920929;0.800000011920929;0.800000011920929
lidar;18.0;35.0;25.053346633911133;24.8458309173584;9.74902629852295;0.2993350028991699;25.048952102661133;24.858530044555664;9.769698143005371;0.27468015000356;0.9963233469920838;0.800000011920929;0.800000011920929;0.800000011920929
lidar;18.0;35.0;25.0538387298584;24.850494384765625;9.74670696258545;0.2990117371082306;25.04329490661621;24.879776000976562;9.796317100524902;0.24044720884743154;0.9974002836257546;0.800000011920929;0.800000011920929;0.800000011920929
lidar;18.0;35.0;25.054330825805664;24.855148315429688;9.744391441345215;0.2987799644470215;25.06321907043457;24.831451416015625;9.70257568359375;0.3476581892247034;0.9981735944437581;0.800000011920929;0.800000011920929;0.800000011920929
lidar;18.0;35.0;25.05482292175293;24.85979652404785;9.74207878112793;0.2986395061016083;25.057226181030273;24.85365104675293;9.730772972106934;0.3117307723765705;0.9986427427116525;0.800000011920929;0.800000011920929;0.800000011920929
lidar;18.0;35.0;25.055315017700195;24.864442825317383;9.739768028259277;0.29859012365341187;25.057165145874023;24.859905242919922;9.731058120727539;0.30858390037103806;0.9988076687728423;0.800000011920929;0.800000011920929;0.800000011920929
lidar;18.0;35.0;25.0557804107666;24.86914825439453;9.737576484680176;0.29849615693092346;25.052255630493164;24.87741470336914;9.754154205322266;0.2796389311227822;0.9991217852325319;0.800000011920929;0.800000011920929;0.800000011920929
lidar;18.0;35.0;25.056232452392578;24.873882293701172;9.735448837280273;0.2984215319156647;25.04941749572754;24.88916778564453;9.767513275146484;0.26225127370779255;0.9993713498097749;0.800000011920929;0.800000011920929;0.800000011920929
lidar;18.0;35.0;25.056684494018555;24.87861442565918;9.733321189880371;0.2984378933906555;25.0662899017334;24.85804557800293;9.688130378723145;0.3490103299930091;0.9993165135780229;0.800000011920929;0.800000011920929;0.800000011920929
lidar;18.0;35.0;25.05713653564453;24.88334846496582;9.731192588806152;0.298545241355896;25.03440284729004;24.929763793945312;9.838150978088379;0.17975422281107062;0.9989572764051534;0.800000011920929;0.800000011920929;0.800000011920929
lidar;18.0;35.0;25.057588577270508;24.88808822631836;9.729063034057617;0.2987435758113861;25.06146812438965;24.880552291870117;9.71081829071045;0.3188601772787172;0.998293697817372;0.800000011920929;0.800000011920929;0.800000011920929
lidar;18.0;35.0;25.058042526245117;24.89283561706543;9.7269287109375;0.29903343319892883;25.063762664794922;24.88227653503418;9.700019836425781;0.32850090667027637;0.997326076118189;0.800000011920929;0.800000011920929;0.800000011920929
lidar;18.0;35.0;25.05849838256836;24.897594451904297;9.724790573120117;0.29941514134407043;25.05934715270996;24.896108627319336;9.720796585083008;0.3037603610139741;0.9960546493931327;0.800000011920929;0.800000011920929;0.800000011920929
lidar;18.0;35.0;25.058937072753906;24.90239143371582;9.722719192504883;0.29980984330177307;25.040996551513672;24.932104110717773;9.807124137878418;0.20854679139116686;0.9954079386382182;0.800000011920929;0.800000011920929;0.800000011920929
lidar;18.0;35.0;25.05921745300293;24.907453536987305;9.72139835357666;0.2994837462902069;25.064617156982422;24.899015426635742;9.695995330810547;0.3267909635891492;0.9964918492446335;0.800000011920929;0.800000011920929;0.800000011920929
lidar;18.0;35.0;25.05948829650879;24.91252326965332;9.720126152038574;0.29919999837875366;25.06255531311035;24.90801239013672;9.705698013305664;0.3146245378533056;0.997437000022709;0.800000011920929;0.800000011920929;0.800000011920929
lidar;18.0;35.0;25.059734344482422;24.91761589050293;9.718973159790039;0.2988832890987396;25.066436767578125;24.90837287902832;9.687442779541016;0.3324168318736744;0.998493909921007;0.800000011920929;0.800000011920929;0.800000011920929
lidar;18.0;35.0;25.059978485107422;24.922700881958008;9.717822074890137;0.29865819215774536;25.056577682495117;24.927085876464844;9.73382568359375;0.28172037999169475;0.9992465973228074;0.800000011920929;0.800000011920929;0.800000011920929
lidar;18.0;35.0;25.060222625732422;24.927780151367188;9.716672897338867;0.2985241711139679;25.084754943847656;24.89836311340332;9.601263046264648;0.4201242912628277;0.9996949434364768;0.800000011920929;0.800000011920929;0.800000011920929
lidar;18.0;35.0;25.060466766357422;24.9328556060791;9.715524673461914;0.29848119616508484;25.04446029663086;24.95063018798828;9.790830612182617;0.2194674934291494;0.9998387694465161;0.800000011920929;0.800000011920929;0.800000011920929
lidar;18.0;35.0;25.060710906982422;24.93793296813965;9.714375495910645;0.2985292375087738;25.06551170349121;24.93302345275879;9.691790580749512;0.3221345246782223;0.9996780156918716;0.800000011920929;0.800000011920929;0.800000011920929
lidar;18.0;35.0;25.060922622680664;24.943042755126953;9.713379859924316;0.2985078990459442;25.055639266967773;24.947982788085938;9.738239288330078;0.2726170439567978;0.9997496604858384;0.800000011920929;0.800000011920929;0.800000011920929
lidar;18.0;35.0;25.06112289428711;24.948162078857422;9.71243667602539;0.29852256178855896;25.055374145507812;24.953039169311523;9.739490509033203;0.2704379877905807;0.9997003674496222;0.800000011920929;0.800000011920929;0.800000011920929
lidar;18.0;35.0;25.061325073242188;24.953283309936523;9.711493492126465;0.29862838983535767;25.081480026245117;24.937929153442383;9.616666793823242;0.39678181438621324;0.999346554306892;0.800000011920929;0.800000011920929;0.800000011920929
lidar;18.0;35.0;25.061525344848633;24.958412170410156;9.710549354553223;0.2988252639770508;25.06220817565918;24.957948684692383;9.7073335647583;0.30214498861766814;0.9986882804939364;0.800000011920929;0.800000011920929;0.800000011920929
lidar;18.0;35.0;25.061677932739258;24.96357536315918;9.70982551574707;0.29888537526130676;25.058006286621094;24.965744018554688;9.727106094360352;0.28108604201628573;0.99848705523257;0.800000011920929;0.800000011920929;0.800000011920929
lidar;18.0;35.0;25.06182861328125;24.9687442779541;9.709122657775879;0.2990138530731201;25.047212600708008;24.976133346557617;9.777884483337402;0.22832838067797595;0.9980577827465681;0.800000011920929;0.800000011920929;0.800000011920929
lidar;18.0;35.0;25.06197738647461;24.973920822143555;9.708418846130371;0.2992335855960846;25.067270278930664;24.97169303894043;9.68351936340332;0.3247872320333144;0.9973247049193381;0.800000011920929;0.800000011920929;0.800000011920929
lidar;18.0;35.0;25.062074661254883;24.979122161865234;9.707964897155762;0.29928871989250183;25.072887420654297;24.97548484802246;9.657089233398438;0.351428096830788;0.997140645898533;0.800000011920929;0.800000011920929;0.800000011920929
lidar;18.0;35.0;25.062166213989258;24.984329223632812;9.707530975341797;0.29941341280937195;25.069414138793945;24.982501983642578;9.673428535461426;0.33432546923835216;0.9967249038073261;0.800000011920929;0.800000011920929;0.800000011920929
lidar;18.0;35.0;25.062236785888672;24.989547729492188;9.707201957702637;0.2995212972164154;25.058502197265625;24.99017333984375;9.72476863861084;0.2815513219078781;0.9963661432193688;0.800000011920929;0.800000011920929;0.800000011920929
lidar;18.0;35.0;25.062267303466797;24.99477195739746;9.707056045532227;0.29953455924987793;25.061262130737305;24.994855880737305;9.711779594421387;0.2947039872368708;0.9963225720425709;0.800000011920929;0.800000011920929;0.800000011920929
lidar;18.0;35.0;25.062297821044922;25.0;9.7069091796875;0.299638956785202;25.066631317138672;25.0;9.68652629852295;0.32047701768685777;0.9959755542201812;0.800000011920929;0.800000011920929;0.800000011920929
lidar;18.0;35.0;25.062267303466797;25.00522804260254;9.707056045532227;0.29953455924987793;25.047607421875;25.003995895385742;9.77602481842041;0.22901402707173202;0.9963225720425709;0.800000011920929;0.800000011920929;0.800000011920929
lidar;18.0;35.0;25.062236785888672;25.010452270507812;9.707201957702637;0.2995212972164154;25.07386016845703;25.012405395507812;9.65251636505127;0.35546311510061834;0.9963661432193688;0.800000011920929;0.800000011920929;0.800000011920929
lidar;18.0;35.0;25.062166213989258;25.015670776367188;9.707530975341797;0.2994134724140167;25.069028854370117;25.01740074157715;9.67524528503418;0.33246514824629014;0.9967249038073261;0.800000011920929;0.800000011920929;0.800000011920929
lidar;18.0;35.0;25.062074661254883;25.020877838134766;9.707964897155762;0.29928871989250183;25.0655574798584;25.022048950195312;9.691572189331055;0.3160885874624117;0.997140645898533;0.800000011920929;0.800000011920929;0.800000011920929
lidar;18.0;35.0;25.06197738647461;25.026079177856445;9.708418846130371;0.2992335855960846;25.05164337158203;25.021730422973633;9.757040023803711;0.24933641306101212;0.9973247049193381;0.800000011920929;0.800000011920929;0.800000011920929
lidar;18.0;35.0;25.06182861328125;25.0312557220459;9.709122657775879;0.2990139126777649;25.06663703918457;25.0336856842041;9.686500549316406;0.32226900781422274;0.9980577827465681;0.800000011920929;0.800000011920929;0.800000011920929
lidar;18.0;35.0;25.061677932739258;25.03642463684082;9.70982551574707;0.2988854646682739;25.060989379882812;25.03601837158203;9.713066101074219;0.29554670602007715;0.99848705523257;0.800000011920929;0.800000011920929;0.800000011920929
lidar;18.0;35.0;25.061525344848633;25.041587829589844;9.710549354553223;0.2988252341747284;25.05602264404297;25.037870407104492;9.736433982849121;0.27210280299187595;0.9986882804939364;0.800000011920929;0.800000011920929;0.800000011920929
lidar;18.0;35.0;25.061325073242188;25.046716690063477;9.711493492126465;0.29862844944000244;25.079315185546875;25.060420989990234;9.626849174499512;0.3862421843339755;0.999346554306892;0.800000011920929;0.800000011920929;0.800000011920929
lidar;18.0;35.0;25.06112289428711;25.051837921142578;9.71243667602539;0.2985227108001709;25.051176071166992;25.04340171813965;9.759239196777344;0.24993718661668143;0.9997003674496222;0.800000011920929;0.800000011920929;0.800000011920929
lidar;18.0;35.0;25.060922622680664;25.056957244873047;9.713379859924316;0.2985079288482666;25.064077377319336;25.059906005859375;9.698540687561035;0.31396236919464554;0.9997496604858384;0.800000011920929;0.800000011920929;0.800000011920929
lidar;18.0;35.0;25.060710906982422;25.06206703186035;9.714375495910645;0.2985292077064514;25.052169799804688;25.053335189819336;9.75456428527832;0.25652466299722826;0.9996780156918716;0.800000011920929;0.800000011920929;0.800000011920929
lidar;18.0;35.0;25.060466766357422;25.0671443939209;9.715524673461914;0.2984811067581177;25.04590606689453;25.050973892211914;9.784031867980957;0.22660121557638813;0.9998387694465161;0.800000011920929;0.800000011920929;0.800000011920929
lidar;18.0;35.0;25.060222625732422;25.072219848632812;9.716672897338867;0.2985241115093231;25.068967819213867;25.082706451416016;9.675535202026367;0.34186883064956075;0.9996949434364768;0.800000011920929;0.800000011920929;0.800000011920929
lidar;18.0;35.0;25.059978485107422;25.077299118041992;9.717822074890137;0.2986580729484558;25.06852912902832;25.088319778442383;9.677590370178223;0.3412399248369702;0.9992465973228074;0.800000011920929;0.800000011920929;0.800000011920929
lidar;18.0;35.0;25.059734344482422;25.08238410949707;9.718973159790039;0.29888322949409485;25.05501365661621;25.07587242126465;9.741186141967773;0.2752594252780227;0.998493909921007;0.800000011920929;0.800000011920929;0.800000011920929
lidar;18.0;35.0;25.05948829650879;25.08747673034668;9.720126152038574;0.2991999685764313;25.067941665649414;25.09990692138672;9.68035888671875;0.3417130703083961;0.997437000022709;0.800000011920929;0.800000011920929;0.800000011920929
lidar;18.0;35.0;25.05921745300293;25.092546463012695;9.72139835357666;0.2994837462902069;25.05124282836914;25.080081939697266;9.758916854858398;0.2591524746184772;0.9964918492446335;0.800000011920929;0.800000011920929;0.800000011920929
lidar;18.0;35.0;25.058937072753906;25.09760856628418;9.722719192504883;0.29980984330177307;25.05613136291504;25.092960357666016;9.735923767089844;0.28553248265237385;0.9954079386382182;0.800000011920929;0.800000011920929;0.800000011920929
lidar;18.0;35.0;25.05849838256836;25.102405548095703;9.724790573120117;0.29941511154174805;25.057119369506836;25.099992752075195;9.731274604797363;0.29235992415419954;0.9960546493931327;0.800000011920929;0.800000011920929;0.800000011920929
lidar;18.0;35.0;25.058042526245117;25.10716438293457;9.7269287109375;0.2990334630012512;25.051298141479492;25.094709396362305;9.758663177490234;0.2642816851587895;0.997326076118189;0.800000011920929;0.800000011920929;0.800000011920929
lidar;18.0;35.0;25.057588577270508;25.11191177368164;9.729063034057617;0.2987436354160309;25.0407772064209;25.079238891601562;9.808160781860352;0.21152738519006875;0.998293697817372;0.800000011920929;0.800000011920929;0.800000011920929
lidar;18.0;35.0;25.05713653564453;25.11665153503418;9.731192588806152;0.2985452711582184;25.047204971313477;25.096372604370117;9.777920722961426;0.2466480672306394;0.9989572764051534;0.800000011920929;0.800000011920929;0.800000011920929
lidar;18.0;35.0;25.056684494018555;25.12138557434082;9.733321189880371;0.2984379231929779;25.051584243774414;25.110464096069336;9.757316589355469;0.27158435599835595;0.9993165135780229;0.800000011920929;0.800000011920929;0.800000011920929
lidar;18.0;35.0;25.056232452392578;25.126117706298828;9.735448837280273;0.29842156171798706;25.086475372314453;25.19394874572754;9.593165397644043;0.4589204734010224;0.9993713498097749;0.800000011920929;0.800000011920929;0.800000011920929
lidar;18.0;35.0;25.0557804107666;25.13085174560547;9.737576484680176;0.29849615693092346;25.063352584838867;25.148616790771484;9.701949119567871;0.33902004380101597;0.9991217852325319;0.800000011920929;0.800000011920929;0.800000011920929
lidar;18.0;35.0;25.055315017700195;25.135557174682617;9.739768028259277;0.29859012365341187;25.058879852294922;25.14429473876953;9.722994804382324;0.31783531653298275;0.9988076687728423;0.800000011920929;0.800000011920929;0.800000011920929
lidar;18.0;35.0;25.05482292175293;25.14020347595215;9.74207878112793;0.2986394762992859;25.07131576538086;25.1823787689209;9.66448974609375;0.38847838173814897;0.9986427427116525;0.800000011920929;0.800000011920929;0.800000011920929
lidar;18.0;35.0;25.054330825805664;25.144851684570312;9.744391441345215;0.2987798750400543;25.051530838012695;25.137386322021484;9.75756549835205;0.28338114952936405;0.9981735944437581;0.800000011920929;0.800000011920929;0.800000011920929
lidar;18.0;35.0;25.0538387298584;25.149505615234375;9.74670696258545;0.2990116775035858;25.04471206665039;25.124160766601562;9.78964614868164;0.24832209893187857;0.9974002836257546;0.800000011920929;0.800000011920929;0.800000011920929
lidar;18.0;35.0;25.053346633911133;25.1541690826416;9.74902629852295;0.2993350028991699;25.057241439819336;25.16542625427246;9.73069953918457;0.3211932168408522;0.9963233469920838;0.800000011920929;0.800000011920929;0.800000011920929
lidar;18.0;35.0;25.052793502807617;25.158668518066406;9.751625061035156;0.29942113161087036;25.054075241088867;25.162519454956055;9.745598793029785;0.306685927574869;0.9951691624675032;0.800000011920929;0.800000011920929;0.800000011920929
lidar;18.0;35.0;25.0521297454834;25.162826538085938;9.75474739074707;0.2989630401134491;25.052125930786133;25.16281509399414;9.754765510559082;0.29894074267498544;0.9966942069590451;0.800000011920929;0.800000011920929;0.800000011920929
lidar;18.0;35.0;25.051467895507812;25.166973114013672;9.757861137390137;0.298597127199173;25.06389045715332;25.207273483276367;9.699419021606445;0.3706656801890562;0.9979155661970928;0.800000011920929;0.800000011920929;0.800000011920929
lidar;18.0;35.0;25.05080795288086;25.171110153198242;9.760968208312988;0.298322856426239;25.057456970214844;25.193506240844727;9.729681968688965;0.3373694989538846;0.9988330005729233;0.800000011920929;0.800000011920929;0.800000011920929
lidar;18.0;35.0;25.050148010253906;25.175241470336914;9.764070510864258;0.29813989996910095;25.048734664916992;25.170305252075195;9.77071762084961;0.2897403928678721;0.9994461536478296;0.800000011920929;0.800000011920929;0.800000011920929
lidar;18.0;35.0;25.049489974975586;25.17936897277832;9.767169952392578;0.2980477809906006;25.05681800842285;25.205930709838867;9.732690811157227;0.3421843727644853;0.9997548461050311;0.800000011920929;0.800000011920929;0.800000011920929
lidar;18.0;35.0;25.048831939697266;25.183496475219727;9.770268440246582;0.2980464994907379;25.064393997192383;25.241973876953125;9.697054862976074;0.3930318611162408;0.9997590780262716;0.800000011920929;0.800000011920929;0.800000011920929
lidar;18.0;35.0;25.048171997070312;25.187623977661133;9.773367881774902;0.29813605546951294;25.037967681884766;25.147878646850586;9.821375846862793;0.23498177501890669;0.9994586705916111;0.800000011920929;0.800000011920929;0.800000011920929
lidar;18.0;35.0;25.04751205444336;25.191753387451172;9.776470184326172;0.29831650853157043;25.048858642578125;25.197181701660156;9.7701416015625;0.3067617001322145;0.9988538622202693;0.800000011920929;0.800000011920929;0.800000011920929
lidar;18.0;35.0;25.046852111816406;25.195892333984375;9.779577255249023;0.29858821630477905;25.046794891357422;25.195646286010742;9.779852867126465;0.2982145481701228;0.9979448316409121;0.800000011920929;0.800000011920929;0.800000011920929
lidar;18.0;35.0;25.04619026184082;25.200037002563477;9.782690048217773;0.2989515960216522;25.050106048583984;25.216995239257812;9.764267921447754;0.3242950273048061;0.9967318175303512;0.800000011920929;0.800000011920929;0.800000011920929
lidar;18.0;35.0;25.0455265045166;25.204195022583008;9.785812377929688;0.29940712451934814;25.036991119384766;25.16590690612793;9.825974464416504;0.2432659236640848;0.9952151181376012;0.800000011920929;0.800000011920929;0.800000011920929
lidar;18.0;35.0;25.044811248779297;25.2081356048584;9.789178848266602;0.2996230721473694;25.0408935546875;25.1899356842041;9.807613372802734;0.27342343770065936;0.9935614462925778;0.800000011920929;0.800000011920929;0.800000011920929
lidar;18.0;35.0;25.04400062561035;25.211633682250977;9.792990684509277;0.2992960810661316;25.046831130981445;25.225242614746094;9.779679298400879;0.3185413941713291;0.9946470263579301;0.800000011920929;0.800000011920929;0.800000011920929
lidar;18.0;35.0;25.040393829345703;24.788299560546875;9.792189598083496;0.2993890941143036;25.058670043945312;24.692516326904297;9.698165893554688;0.43484812755609453;0.9943376185186455;0.800000011920929;0.800000011920929;0.800000011920929
lidar;18.0;35.0;25.041168212890625;24.791645050048828;9.788206100463867;0.2999386191368103;25.052509307861328;24.734251022338867;9.729865074157715;0.3825608843627521;0.9925156835947754;0.800000011920929;0.800000011920929;0.800000011920929
lidar;18.0;35.0;25.04179573059082;24.795734405517578;9.7849760055542;0.29951152205467224;25.035341262817383;24.827285766601562;9.81818962097168;0.2532469918208041;0.9948683378185451;0.800000011920929;0.800000011920929;0.800000011920929
lidar;18.0;35.0;25.04240608215332;24.79989242553711;9.781840324401855;0.299057275056839;25.038253784179688;24.819480895996094;9.80319595336914;0.2697827267889051;0.996379435270949;0.800000011920929;0.800000011920929;0.800000011920929
lidar;18.0;35.0;25.043012619018555;24.804039001464844;9.77871322631836;0.29869532585144043;25.057228088378906;24.739280700683594;9.705588340759277;0.3974012082657967;0.9975870250043067;0.800000011920929;0.800000011920929;0.800000011920929
lidar;18.0;35.0;25.04361915588379;24.808176040649414;9.775593757629395;0.29842501878738403;25.04458999633789;24.803909301757812;9.770602226257324;0.30506243658814924;0.9984906912735625;0.800000011920929;0.800000011920929;0.800000011920929
lidar;18.0;35.0;25.044225692749023;24.812307357788086;9.772478103637695;0.29824596643447876;25.04191780090332;24.82210350036621;9.784351348876953;0.2826809188335161;0.9990902542931883;0.800000011920929;0.800000011920929;0.800000011920929
lidar;18.0;35.0;25.044830322265625;24.816434860229492;9.769365310668945;0.29815784096717834;25.065248489379883;24.732837677001953;9.66433048248291;0.43394311610726827;0.9993854760509725;0.800000011920929;0.800000011920929;0.800000011920929
lidar;18.0;35.0;25.04543685913086;24.8205623626709;9.766253471374512;0.2981606125831604;25.044206619262695;24.825420379638672;9.77258014678955;0.2900897435616704;0.9993762373805362;0.800000011920929;0.800000011920929;0.800000011920929
lidar;18.0;35.0;25.04604148864746;24.824689865112305;9.763140678405762;0.29825425148010254;25.061378479003906;24.766284942626953;9.68423080444336;0.3976180828629934;0.9990625978078931;0.800000011920929;0.800000011920929;0.800000011920929
lidar;18.0;35.0;25.046646118164062;24.82882308959961;9.760025024414062;0.2984388768672943;25.0435848236084;24.840059280395508;9.775776863098145;0.2788486832560399;0.9984446168266176;0.800000011920929;0.800000011920929;0.800000011920929
lidar;18.0;35.0;25.047252655029297;24.83296012878418;9.756904602050781;0.298714816570282;25.049501419067383;24.825016021728516;9.745340347290039;0.31292388619116607;0.9975225329601933;0.800000011920929;0.800000011920929;0.800000011920929
lidar;18.0;35.0;25.047861099243164;24.837108612060547;9.753777503967285;0.29908236861228943;25.05152130126953;24.824649810791016;9.734945297241211;0.3219569705615761;0.9962966442088788;0.800000011920929;0.800000011920929;0.800000011920929
lidar;18.0;35.0;25.048471450805664;24.841266632080078;9.750640869140625;0.29954221844673157;25.05550193786621;24.818239212036133;9.714465141296387;0.3429980023494663;0.9947670694399726;0.800000011920929;0.800000011920929;0.800000011920929
lidar;18.0;35.0;25.048927307128906;24.84592628479004;9.748289108276367;0.299150675535202;25.040943145751953;24.871068954467773;9.7893648147583;0.25033357095197656;0.9969372747033801;0.800000011920929;0.800000011920929;0.800000011920929
lidar;18.0;35.0;25.049379348754883;24.850587844848633;9.745964050292969;0.29882586002349854;25.040870666503906;24.87633514404297;9.789740562438965;0.24733117600987908;0.9980206488356208;0.800000011920929;0.800000011920929;0.800000011920929
lidar;18.0;35.0;25.04983139038086;24.855239868164062;9.743642807006836;0.29859259724617004;25.04354476928711;24.87350082397461;9.775982856750488;0.2609247581814548;0.9988000392870423;0.800000011920929;0.800000011920929;0.800000011920929
lidar;18.0;35.0;25.050281524658203;24.859886169433594;9.741325378417969;0.2984505593776703;25.061477661132812;24.828685760498047;9.683724403381348;0.3649081661655917;0.999275207523015;0.800000011920929;0.800000011920929;0.800000011920929
lidar;18.0;35.0;25.050731658935547;24.86452865600586;9.739008903503418;0.29839950799942017;25.055212020874023;24.85256576538086;9.715962409973145;0.3247498498549398;0.9994459152317022;0.800000011920929;0.800000011920929;0.800000011920929
lidar;18.0;35.0;25.05118179321289;24.869173049926758;9.736692428588867;0.29843926429748535;25.047025680541992;24.879796981811523;9.758076667785645;0.2742022150031992;0.9993122220145263;0.800000011920929;0.800000011920929;0.800000011920929
lidar;18.0;35.0;25.051631927490234;24.87381935119629;9.734375;0.29857009649276733;25.04805564880371;24.882558822631836;9.752774238586426;0.2778892062368907;0.9988741278038342;0.800000011920929;0.800000011920929;0.800000011920929
lidar;18.0;35.0;25.05205726623535;24.878530502319336;9.732189178466797;0.29864245653152466;25.061132431030273;24.85735321044922;9.685498237609863;0.3507087334528882;0.9986319541210551;0.800000011920929;0.800000011920929;0.800000011920929
lidar;18.0;35.0;25.052473068237305;24.883268356323242;9.730050086975098;0.29875147342681885;25.036710739135742;24.918333053588867;9.811138153076172;0.20901241335058202;0.9982674717571504;0.800000011920929;0.800000011920929;0.800000011920929
lidar;18.0;35.0;25.052888870239258;24.888010025024414;9.727909088134766;0.2989516258239746;25.041362762451172;24.912416458129883;9.787203788757324;0.23380341699903207;0.9975989463240047;0.800000011920929;0.800000011920929;0.800000011920929
lidar;18.0;35.0;25.053306579589844;24.89276123046875;9.725765228271484;0.299243301153183;25.05632781982422;24.886682510375977;9.710221290588379;0.3162049341827612;0.9966264960299731;0.800000011920929;0.800000011920929;0.800000011920929
lidar;18.0;35.0;25.05372428894043;24.89752197265625;9.723615646362305;0.299626886844635;25.052242279052734;24.900346755981445;9.731237411499023;0.2913644353265985;0.9953504799700349;0.800000011920929;0.800000011920929;0.800000011920929
lidar;18.0;35.0;25.054039001464844;24.902481079101562;9.721990585327148;0.2995316684246063;25.051668167114258;24.906761169433594;9.734189987182617;0.28638855436687555;0.9963323474078883;0.800000011920929;0.800000011920929;0.800000011920929
lidar;18.0;35.0;25.054296493530273;24.907541275024414;9.720667839050293;0.299204558134079;25.04680633544922;24.920297622680664;9.75920581817627;0.25792524961818836;0.9974216224490757;0.800000011920929;0.800000011920929;0.800000011920929
lidar;18.0;35.0;25.054553985595703;24.91259002685547;9.71934700012207;0.29896917939186096;25.055700302124023;24.910751342773438;9.713445663452148;0.30525605848778004;0.9982070325982401;0.800000011920929;0.800000011920929;0.800000011920929
lidar;18.0;35.0;25.0548095703125;24.917633056640625;9.71802806854248;0.29882511496543884;25.04694175720215;24.92945671081543;9.758505821228027;0.25592823952022714;0.9986883997068491;0.800000011920929;0.800000011920929;0.800000011920929
lidar;18.0;35.0;25.055036544799805;24.922714233398438;9.716863632202148;0.2986105680465698;25.055770874023438;24.921682357788086;9.713082313537598;0.30259844114008644;0.999405860929814;0.800000011920929;0.800000011920929;0.800000011920929
lidar;18.0;35.0;25.055259704589844;24.927791595458984;9.715710639953613;0.29847654700279236;25.036014556884766;24.952938079833984;9.814716339111328;0.19453038776848658;0.9998549223002473;0.800000011920929;0.800000011920929;0.800000011920929
lidar;18.0;35.0;25.055484771728516;24.9328670501709;9.714557647705078;0.2984333634376526;25.028745651245117;24.965219497680664;9.852117538452148;0.15461289506070552;0.9999994635581729;0.800000011920929;0.800000011920929;0.800000011920929
lidar;18.0;35.0;25.055707931518555;24.937942504882812;9.71340560913086;0.29848113656044006;25.049043655395508;24.94536590576172;9.747692108154297;0.26277261320698436;0.999839365480749;0.800000011920929;0.800000011920929;0.800000011920929
lidar;18.0;35.0;25.055932998657227;24.94301986694336;9.712252616882324;0.29861992597579956;25.05801010131836;24.940902709960938;9.701560020446777;0.30971634460529107;0.9993746877195016;0.800000011920929;0.800000011920929;0.800000011920929
lidar;18.0;35.0;25.056123733520508;24.948135375976562;9.711264610290527;0.2986775040626526;25.059158325195312;24.945331573486328;9.695655822753906;0.31482324829028213;0.9991819859166187;0.800000011920929;0.800000011920929;0.800000011920929
lidar;18.0;35.0;25.05630874633789;24.95326042175293;9.71031665802002;0.2987837791442871;25.042137145996094;24.965023040771484;9.783222198486328;0.22358776105797867;0.9988266825533033;0.800000011920929;0.800000011920929;0.800000011920929
lidar;18.0;35.0;25.056493759155273;24.958389282226562;9.709367752075195;0.29898127913475037;25.05584716796875;24.958864212036133;9.712685585021973;0.2955682850113227;0.998167037875434;0.800000011920929;0.800000011920929;0.800000011920929
lidar;18.0;35.0;25.056665420532227;24.96353530883789;9.70848274230957;0.2992035448551178;25.053409576416016;24.96562957763672;9.725227355957031;0.28201742674271457;0.9974255562332667;0.800000011920929;0.800000011920929;0.800000011920929
lidar;18.0;35.0;25.05680274963379;24.968711853027344;9.707776069641113;0.2993329167366028;25.049257278442383;24.972867965698242;9.746594429016113;0.25957024400881584;0.9969943165938021;0.800000011920929;0.800000011920929;0.800000011920929
lidar;18.0;35.0;25.05694007873535;24.973892211914062;9.707069396972656;0.29955360293388367;25.06997299194336;24.96791648864746;9.6400146484375;0.36812391940369926;0.9962592722641618;0.800000011920929;0.800000011920929;0.800000011920929
lidar;18.0;35.0;25.057050704956055;24.97909164428711;9.706501960754395;0.2997215688228607;25.056894302368164;24.979148864746094;9.707307815551758;0.2988983145070754;0.9957006573765418;0.800000011920929;0.800000011920929;0.800000011920929
lidar;18.0;35.0;25.0571346282959;24.98430633544922;9.70606517791748;0.29984715580940247;25.044248580932617;24.98784637451172;9.772366523742676;0.23221267976179838;0.9952834250621645;0.800000011920929;0.800000011920929;0.800000011920929
lidar;18.0;35.0;25.057199478149414;24.989532470703125;9.705735206604004;0.29995477199554443;25.071983337402344;24.986825942993164;9.62967586517334;0.377485183468195;0.9952870014209609;0.800000011920929;0.800000011920929;0.800000011920929
lidar;18.0;35.0;25.057209014892578;24.994766235351562;9.70568561553955;0.29986852407455444;25.0599422454834;24.994516372680664;9.69162654876709;0.3141926460543451;0.9955733419720596;0.800000011920929;0.800000011920929;0.800000011920929
lidar;18.0;35.0;25.057218551635742;25.0;9.705636024475098;0.29987362027168274;25.049983978271484;25.0;9.74285888671875;0.26195433307918276;0.9955565330441091;0.800000011920929;0.800000011920929;0.800000011920929
lidar;18.0;35.0;25.057209014892578;25.005233764648438;9.70568561553955;0.29986852407455444;25.067127227783203;25.006139755249023;9.654659271240234;0.35185782654175135;0.9955733419720596;0.800000011920929;0.800000011920929;0.800000011920929
lidar;18.0;35.0;25.057199478149414;25.010467529296875;9.705735206604004;0.29995477199554443;25.061243057250977;25.011207580566406;9.684934616088867;0.3211575534749871;0.9952870014209609;0.800000011920929;0.800000011920929;0.800000011920929
lidar;18.0;35.0;25.0571346282959;25.01569366455078;9.70606517791748;0.29984715580940247;25.064922332763672;25.017831802368164;9.666008949279785;0.3407096523073226;0.9952834250621645;0.800000011920929;0.800000011920929;0.800000011920929
lidar;18.0;35.0;25.057050704956055;25.02090835571289;9.706501960754395;0.2997215688228607;25.05381202697754;25.01972198486328;9.723156929016113;0.28271358657160395;0.9957006573765418;0.800000011920929;0.800000011920929;0.800000011920929
lidar;18.0;35.0;25.05694007873535;25.026107788085938;9.707069396972656;0.29955366253852844;25.056549072265625;25.025928497314453;9.709074974060059;0.29750189184644843;0.9962592722641618;0.800000011920929;0.800000011920929;0.800000011920929
lidar;18.0;35.0;25.05680274963379;25.031288146972656;9.707776069641113;0.29933294653892517;25.05913734436035;25.032575607299805;9.69576644897461;0.31163543417797973;0.9969943165938021;0.800000011920929;0.800000011920929;0.800000011920929
lidar;18.0;35.0;25.056665420532227;25.03646469116211;9.70848274230957;0.2992035746574402;25.052600860595703;25.033849716186523;9.729387283325195;0.27774777168794107;0.9974255562332667;0.800000011920929;0.800000011920929;0.800000011920929
lidar;18.0;35.0;25.056493759155273;25.041610717773438;9.709367752075195;0.29898133873939514;25.05038070678711;25.037107467651367;9.740816116333008;0.2666297122754077;0.998167037875434;0.800000011920929;0.800000011920929;0.800000011920929
lidar;18.0;35.0;25.05630874633789;25.04673957824707;9.71031665802002;0.2987838685512543;25.06376838684082;25.052932739257812;9.671942710876465;0.33836305066080913;0.9988266825533033;0.800000011920929;0.800000011920929;0.800000011920929
lidar;18.0;35.0;25.056123733520508;25.051864624023438;9.711264610290527;0.29867756366729736;25.051528930664062;25.047616958618164;9.73491096496582;0.27421634016316176;0.9991819859166187;0.800000011920929;0.800000011920929;0.800000011920929
lidar;18.0;35.0;25.055932998657227;25.05698013305664;9.712252616882324;0.2986198663711548;25.04629898071289;25.04716682434082;9.761809349060059;0.2471905993952337;0.9993746877195016;0.800000011920929;0.800000011920929;0.800000011920929
lidar;18.0;35.0;25.055707931518555;25.062057495117188;9.71340560913086;0.2984810769557953;25.039535522460938;25.044042587280273;9.796605110168457;0.21183088698990163;0.999839365480749;0.800000011920929;0.800000011920929;0.800000011920929
lidar;18.0;35.0;25.055484771728516;25.0671329498291;9.714557647705078;0.2984332740306854;25.060298919677734;25.07295799255371;9.689786911010742;0.32433232159517617;0.9999994635581729;0.800000011920929;0.800000011920929;0.800000011920929
lidar;18.0;35.0;25.055259704589844;25.072208404541016;9.715710639953613;0.2984764575958252;25.048341751098633;25.063167572021484;9.751307487487793;0.261103252156764;0.9998549223002473;0.800000011920929;0.800000011920929;0.800000011920929
lidar;18.0;35.0;25.055036544799805;25.077285766601562;9.716863632202148;0.29861053824424744;25.050045013427734;25.07027816772461;9.742536544799805;0.27153453002985223;0.999405860929814;0.800000011920929;0.800000011920929;0.800000011920929
lidar;18.0;35.0;25.0548095703125;25.082366943359375;9.71802806854248;0.29882514476776123;25.036563873291016;25.054946899414062;9.811895370483398;0.19934758369319766;0.9986883997068491;0.800000011920929;0.800000011920929;0.800000011920929
lidar;18.0;35.0;25.054553985595703;25.08740997314453;9.71934700012207;0.2989691495895386;25.049097061157227;25.07866668701172;9.74742317199707;0.26906106588610196;0.9982070325982401;0.800000011920929;0.800000011920929;0.800000011920929
lidar;18.0;35.0;25.054296493530273;25.092458724975586;9.720667839050293;0.2992045283317566;25.056163787841797;25.095640182495117;9.711060523986816;0.30949517514310765;0.9974216224490757;0.800000011920929;0.800000011920929;0.800000011920929
lidar;18.0;35.0;25.054039001464844;25.097518920898438;9.721990585327148;0.2995316684246063;25.054710388183594;25.09872817993164;9.71854305267334;0.3032465509899384;0.9963322874798227;0.800000011920929;0.800000011920929;0.800000011920929
lidar;18.0;35.0;25.05372428894043;25.10247802734375;9.723615646362305;0.299626886844635;25.06514549255371;25.124263763427734;9.664860725402832;0.36332346013116595;0.9953504799700349;0.800000011920929;0.800000011920929;0.800000011920929
lidar;18.0;35.0;25.053306579589844;25.10723876953125;9.725765228271484;0.29924333095550537;25.058551788330078;25.117794036865234;9.698775291442871;0.32869478376278904;0.9966264960299731;0.800000011920929;0.800000011920929;0.800000011920929
lidar;18.0;35.0;25.052888870239258;25.111989974975586;9.727909088134766;0.298951655626297;25.05318832397461;25.11262321472168;9.726370811462402;0.30064201430320486;0.9975989463240047;0.800000011920929;0.800000011920929;0.800000011920929
lidar;18.0;35.0;25.052473068237305;25.116731643676758;9.730050086975098;0.29875150322914124;25.050973892211914;25.11339569091797;9.737764358520508;0.29021471932559245;0.9982674717571504;0.800000011920929;0.800000011920929;0.800000011920929
lidar;18.0;35.0;25.05205726623535;25.121469497680664;9.732189178466797;0.29864245653152466;25.036470413208008;25.085100173950195;9.812374114990234;0.20922658442114883;0.9986319541210551;0.800000011920929;0.800000011920929;0.800000011920929
lidar;18.0;35.0;25.051631927490234;25.12618064880371;9.734375;0.2985701262950897;25.04334259033203;25.105924606323242;9.777018547058105;0.2506375402405445;0.9988741278038342;0.800000011920929;0.800000011920929;0.800000011920929
lidar;18.0;35.0;25.05118179321289;25.130826950073242;9.736692428588867;0.29843923449516296;25.043691635131836;25.111684799194336;9.77522087097168;0.25477009644283727;0.9993122220145263;0.800000011920929;0.800000011920929;0.800000011920929
lidar;18.0;35.0;25.050731658935547;25.13547134399414;9.739008903503418;0.2983993589878082;25.06133270263672;25.16377830505371;9.68447494506836;0.3607506563248417;0.9994459152317022;0.800000011920929;0.800000011920929;0.800000011920929
lidar;18.0;35.0;25.050281524658203;25.140113830566406;9.741325378417969;0.29845044016838074;25.045856475830078;25.127782821655273;9.764090538024902;0.2721848506189772;0.999275207523015;0.800000011920929;0.800000011920929;0.800000011920929
lidar;18.0;35.0;25.04983139038086;25.144760131835938;9.743642807006836;0.29859256744384766;25.058486938476562;25.169904708862305;9.699115753173828;0.35045611374474295;0.9988000392870423;0.800000011920929;0.800000011920929;0.800000011920929
lidar;18.0;35.0;25.049379348754883;25.149412155151367;9.745964050292969;0.29882580041885376;25.042308807373047;25.12801742553711;9.782341003417969;0.2560354495805247;0.9980206488356208;0.800000011920929;0.800000011920929;0.800000011920929
lidar;18.0;35.0;25.048927307128906;25.15407371520996;9.748289108276367;0.29915061593055725;25.041709899902344;25.131345748901367;9.785420417785645;0.2550215439318736;0.9969372747033801;0.800000011920929;0.800000011920929;0.800000011920929
lidar;18.0;35.0;25.048471450805664;25.158733367919922;9.750640869140625;0.29954224824905396;25.030303955078125;25.0992374420166;9.844103813171387;0.1872705133424555;0.9947670694399726;0.800000011920929;0.800000011920929;0.800000011920929
lidar;18.0;35.0;25.047861099243164;25.162891387939453;9.753776550292969;0.2990824282169342;25.050127029418945;25.17060089111328;9.7421236038208;0.3132375486875101;0.9962966442088788;0.800000011920929;0.800000011920929;0.800000011920929
lidar;18.0;35.0;25.047252655029297;25.16703987121582;9.756903648376465;0.29871490597724915;25.049562454223633;25.175201416015625;9.745025634765625;0.31331160680509806;0.9975225329601933;0.800000011920929;0.800000011920929;0.800000011920929
lidar;18.0;35.0;25.046646118164062;25.17117691040039;9.760024070739746;0.29843902587890625;25.0443115234375;25.162612915039062;9.772031784057617;0.28350629931356136;0.9984446168266176;0.800000011920929;0.800000011920929;0.800000011920929
lidar;18.0;35.0;25.04604148864746;25.175310134887695;9.763140678405762;0.2982544004917145;25.03925323486328;25.14946746826172;9.798054695129395;0.25428964968710277;0.9990625978078931;0.800000011920929;0.800000011920929;0.800000011920929
lidar;18.0;35.0;25.04543685913086;25.1794376373291;9.766253471374512;0.29816073179244995;25.06565284729004;25.259275436401367;9.662250518798828;0.4308239233887413;0.9993762373805362;0.800000011920929;0.800000011920929;0.800000011920929
lidar;18.0;35.0;25.044830322265625;25.183565139770508;9.769365310668945;0.2981579303741455;25.049659729003906;25.203338623046875;9.74452018737793;0.33027701197054715;0.9993854760509725;0.800000011920929;0.800000011920929;0.800000011920929
lidar;18.0;35.0;25.044225692749023;25.187692642211914;9.772478103637695;0.29824602603912354;25.04297637939453;25.18238639831543;9.778909683227539;0.2898142794981605;0.9990902542931883;0.800000011920929;0.800000011920929;0.800000011920929
lidar;18.0;35.0;25.04361915588379;25.191823959350586;9.775593757629395;0.2984250783920288;25.045665740966797;25.200820922851562;9.765068054199219;0.3124216344094218;0.9984906912735625;0.800000011920929;0.800000011920929;0.800000011920929
lidar;18.0;35.0;25.043012619018555;25.195960998535156;9.77871322631836;0.2986953556537628;25.035303115844727;25.160839080810547;9.818376541137695;0.24515825053791415;0.9975870250043067;0.800000011920929;0.800000011920929;0.800000011920929
lidar;18.0;35.0;25.04240608215332;25.20010757446289;9.781840324401855;0.2990573048591614;25.045066833496094;25.212669372558594;9.768146514892578;0.3178284916568294;0.996379435270949;0.800000011920929;0.800000011920929;0.800000011920929
lidar;18.0;35.0;25.04179573059082;25.204265594482422;9.7849760055542;0.29951152205467224;25.04705810546875;25.229976654052734;9.757911682128906;0.3372093432795648;0.9948683378185451;0.800000011920929;0.800000011920929;0.800000011920929
lidar;18.0;35.0;25.041168212890625;25.208354949951172;9.788206100463867;0.2999385893344879;25.038177490234375;25.193214416503906;9.803596496582031;0.2781431001519446;0.9925158027839011;0.800000011920929;0.800000011920929;0.800000011920929
lidar;18.0;35.0;25.040393829345703;25.211700439453125;9.792189598083496;0.2993890047073364;25.031766891479492;25.166481018066406;9.836577415466309;0.23544015470619584;0.9943377372807839;0.800000011920929;0.800000011920929;0.800000011920929
lidar;18.0;35.0;25.0367431640625;24.788406372070312;9.791621208190918;0.2992381751537323;25.031654357910156;24.817705154418945;9.820474624633789;0.25780338426481414;0.9948390126781681;0.800000011920929;0.800000011920929;0.800000011920929
lidar;18.0;35.0;25.037439346313477;24.791793823242188;9.78767204284668;0.29972416162490845;25.03933334350586;24.781261444091797;9.776930809020996;0.3148859730154735;0.9941620829833778;0.800000011920929;0.800000011920929;0.800000011920929
lidar;18.0;35.0;25.03801727294922;24.79584312438965;9.784395217895508;0.29935014247894287;25.04500961303711;24.758289337158203;9.744734764099121;0.3544153894154027;0.9954043027528484;0.800000011920929;0.800000011920929;0.800000011920929
lidar;18.0;35.0;25.038593292236328;24.799884796142578;9.781126022338867;0.29906806349754333;25.036155700683594;24.812528610229492;9.794955253601074;0.2801711467838803;0.996343493167865;0.800000011920929;0.800000011920929;0.800000011920929
lidar;18.0;35.0;25.039165496826172;24.803932189941406;9.777875900268555;0.298857182264328;25.05863380432129;24.706478118896484;9.667471885681152;0.44740147230082333;0.9970470068869504;0.800000011920929;0.800000011920929;0.800000011920929
lidar;18.0;35.0;25.039718627929688;24.80807113647461;9.77474308013916;0.29858899116516113;25.03860092163086;24.8134708404541;9.781081199645996;0.2901867760947851;0.9979425670665865;0.800000011920929;0.800000011920929;0.800000011920929
lidar;18.0;35.0;25.040271759033203;24.81220245361328;9.771613121032715;0.29841214418411255;25.03827476501465;24.82151222229004;9.782934188842773;0.2836204257191927;0.9985342025923721;0.800000011920929;0.800000011920929;0.800000011920929
lidar;18.0;35.0;25.040822982788086;24.81633186340332;9.768486976623535;0.2983262538909912;25.041122436523438;24.814977645874023;9.766779899597168;0.3005257936138794;0.998821616117318;0.800000011920929;0.800000011920929;0.800000011920929
lidar;18.0;35.0;25.041372299194336;24.820459365844727;9.765361785888672;0.2983313202857971;25.041461944580078;24.820072174072266;9.764854431152344;0.29897582973823306;0.9988047480881423;0.800000011920929;0.800000011920929;0.800000011920929
lidar;18.0;35.0;25.04192352294922;24.824588775634766;9.762235641479492;0.2984272837638855;25.04217529296875;24.823535919189453;9.760808944702148;0.3002177676084556;0.9984837175176774;0.800000011920929;0.800000011920929;0.800000011920929
lidar;18.0;35.0;25.042476654052734;24.82872200012207;9.759105682373047;0.2986142635345459;25.039791107177734;24.83954620361328;9.77432918548584;0.2797433204081779;0.9978584645538473;0.800000011920929;0.800000011920929;0.800000011920929
lidar;18.0;35.0;25.04302978515625;24.832860946655273;9.75597095489502;0.298892617225647;25.0477294921875;24.81460189819336;9.729310989379883;0.33154746165139404;0.9969293475397607;0.800000011920929;0.800000011920929;0.800000011920929
lidar;18.0;35.0;25.043582916259766;24.83700942993164;9.752830505371094;0.29926276206970215;25.041213989257812;24.845870971679688;9.766268730163574;0.2829920466249184;0.9956964851450247;0.800000011920929;0.800000011920929;0.800000011920929
lidar;18.0;35.0;25.044097900390625;24.8413143157959;9.749906539916992;0.2994541525840759;25.045623779296875;24.835826873779297;9.74125862121582;0.3098092390837991;0.9959275128525177;0.800000011920929;0.800000011920929;0.800000011920929
lidar;18.0;35.0;25.044509887695312;24.845985412597656;9.747570037841797;0.29903632402420044;25.04275894165039;24.8520450592041;9.757500648498535;0.2872716609228473;0.9973186850310745;0.800000011920929;0.800000011920929;0.800000011920929
lidar;18.0;35.0;25.044921875;24.850645065307617;9.7452392578125;0.2987106144428253;25.05101776123047;24.830373764038086;9.710663795471191;0.3392509155702704;0.9984059333251551;0.800000011920929;0.800000011920929;0.800000011920929
lidar;18.0;35.0;25.045331954956055;24.855295181274414;9.742912292480469;0.2984763979911804;25.043807983398438;24.860157012939453;9.75154972076416;0.2884492818892902;0.9991891384071605;0.800000011920929;0.800000011920929;0.800000011920929
lidar;18.0;35.0;25.04574203491211;24.859941482543945;9.740589141845703;0.2983333468437195;25.052845001220703;24.838186264038086;9.700297355651855;0.34467040838715884;0.9996680021329075;0.800000011920929;0.800000011920929;0.800000011920929
lidar;18.0;35.0;25.04615020751953;24.86458396911621;9.738266944885254;0.2982812225818634;25.05106544494629;24.850160598754883;9.710391998291016;0.33004914245088884;0.9998422860962265;0.800000011920929;0.800000011920929;0.800000011920929
lidar;18.0;35.0;25.046560287475586;24.869224548339844;9.735945701599121;0.2983199656009674;25.03186798095703;24.910493850708008;9.819271087646484;0.20418093674022275;0.9997121095564419;0.800000011920929;0.800000011920929;0.800000011920929
lidar;18.0;35.0;25.04697036743164;24.873868942260742;9.733622550964355;0.29844969511032104;25.045490264892578;24.877843856811523;9.742015838623047;0.28904570628526066;0.9992773533440015;0.800000011920929;0.800000011920929;0.800000011920929
lidar;18.0;35.0;25.047380447387695;24.87851905822754;9.73129653930664;0.29867056012153625;25.048053741455078;24.876794815063477;9.727479934692383;0.3029123227396634;0.9985381365548531;0.800000011920929;0.800000011920929;0.800000011920929
lidar;18.0;35.0;25.04779052734375;24.8831787109375;9.728965759277344;0.29898279905319214;25.050865173339844;24.875661849975586;9.711525917053223;0.3182211980716759;0.9974949360787886;0.800000011920929;0.800000011920929;0.800000011920929
lidar;18.0;35.0;25.04817771911621;24.887903213500977;9.726767539978027;0.29923689365386963;25.025983810424805;24.939544677734375;9.852641105651855;0.16138331045387963;0.9966478942673883;0.800000011920929;0.800000011920929;0.800000011920929
lidar;18.0;35.0;25.048559188842773;24.892658233642578;9.72461223602295;0.2995310425758362;25.052499771118164;24.883943557739258;9.702256202697754;0.32384687109259874;0.9956689479285749;0.800000011920929;0.800000011920929;0.800000011920929
lidar;18.0;35.0;25.048913955688477;24.897476196289062;9.722599983215332;0.29975736141204834;25.058429718017578;24.877531051635742;9.668630599975586;0.3580761057300373;0.9955822231758514;0.800000011920929;0.800000011920929;0.800000011920929
lidar;18.0;35.0;25.049148559570312;24.902545928955078;9.721270561218262;0.2993374466896057;25.04888343811035;24.9030704498291;9.722771644592285;0.2977253314352637;0.9969788193866916;0.800000011920929;0.800000011920929;0.800000011920929
lidar;18.0;35.0;25.049381256103516;24.90760040283203;9.719944953918457;0.29900962114334106;25.04524040222168;24.91534996032715;9.743432998657227;0.27393212683194607;0.9980718492350823;0.800000011920929;0.800000011920929;0.800000011920929
lidar;18.0;35.0;25.04961395263672;24.912647247314453;9.718622207641602;0.29877346754074097;25.050432205200195;24.91120719909668;9.713982582092285;0.30370031564925565;0.9988608360598158;0.800000011920929;0.800000011920929;0.800000011920929
lidar;18.0;35.0;25.049846649169922;24.917686462402344;9.717300415039062;0.298628568649292;25.050209045410156;24.917091369628906;9.715252876281738;0.3007915583766147;0.9993456006316939;0.800000011920929;0.800000011920929;0.800000011920929
lidar;18.0;35.0;25.050079345703125;24.9227237701416;9.715980529785156;0.2985747456550598;25.0465030670166;24.928241729736328;9.73626708984375;0.27724863614863837;0.999525964232883;0.800000011920929;0.800000011920929;0.800000011920929
lidar;18.0;35.0;25.050296783447266;24.92778205871582;9.714753150939941;0.2985147535800934;25.059221267700195;24.914968490600586;9.664142608642578;0.35147882087716487;0.999727010718747;0.800000011920929;0.800000011920929;0.800000011920929
lidar;18.0;35.0;25.050500869750977;24.932859420776367;9.71359634399414;0.29847171902656555;25.064302444458008;24.914508819580078;9.635323524475098;0.3800423513405031;0.9998709559410739;0.800000011920929;0.800000011920929;0.800000011920929
lidar;18.0;35.0;25.050704956054688;24.93793487548828;9.71243953704834;0.29851973056793213;25.061485290527344;24.92473793029785;9.651296615600586;0.3619935542445058;0.9997103810187736;0.800000011920929;0.800000011920929;0.800000011920929
lidar;18.0;35.0;25.0509090423584;24.943012237548828;9.711282730102539;0.29865866899490356;25.05409049987793;24.939451217651367;9.6932373046875;0.31732529696603856;0.9992452263749169;0.800000011920929;0.800000011920929;0.800000011920929
lidar;18.0;35.0;25.05111312866211;24.94809913635254;9.710124015808105;0.2988888621330261;25.059833526611328;24.93924331665039;9.660665512084961;0.34988498300280546;0.9984757304576466;0.800000011920929;0.800000011920929;0.800000011920929
lidar;18.0;35.0;25.051286697387695;24.953222274780273;9.70914077758789;0.2990279495716095;25.045042037963867;24.95891761779785;9.744556427001953;0.2626176273939305;0.9980114100923013;0.800000011920929;0.800000011920929;0.800000011920929
lidar;18.0;35.0;25.051454544067383;24.958354949951172;9.708187103271484;0.2992263734340668;25.034626007080078;24.971975326538086;9.803627014160156;0.20136224528041718;0.9973496797374783;0.800000011920929;0.800000011920929;0.800000011920929
lidar;18.0;35.0;25.05162239074707;24.963497161865234;9.707232475280762;0.29951635003089905;25.06555938720703;24.953643798828125;9.628194808959961;0.3803756747728261;0.996384143940178;0.800000011920929;0.800000011920929;0.800000011920929
lidar;18.0;35.0;25.05176544189453;24.96866798400879;9.706428527832031;0.2997426986694336;25.05677032470703;24.965639114379883;9.678045272827148;0.3287224869647021;0.9956313966726841;0.800000011920929;0.800000011920929;0.800000011920929
lidar;18.0;35.0;25.051883697509766;24.973859786987305;9.705748558044434;0.29993218183517456;25.044828414916992;24.977415084838867;9.745767593383789;0.2591402011268753;0.995362341382773;0.800000011920929;0.800000011920929;0.800000011920929
lidar;18.0;35.0;25.051925659179688;24.979089736938477;9.70551872253418;0.2997542917728424;25.0529842376709;24.97866439819336;9.699514389038086;0.3058662994887003;0.9959527253244388;0.800000011920929;0.800000011920929;0.800000011920929
lidar;18.0;35.0;25.051950454711914;24.98432159423828;9.705370903015137;0.2995847463607788;25.054363250732422;24.983592987060547;9.69168758392334;0.313498154481472;0.996516346992393;0.800000011920929;0.800000011920929;0.800000011920929
lidar;18.0;35.0;25.051977157592773;24.989547729492188;9.705223083496094;0.29950660467147827;25.068714141845703;24.986181259155273;9.610300064086914;0.39595255744949087;0.9967764614988003;0.800000011920929;0.800000011920929;0.800000011920929
lidar;18.0;35.0;25.051986694335938;24.994773864746094;9.705171585083008;0.29942256212234497;25.05914878845215;24.994054794311523;9.664552688598633;0.34067370496800525;0.9970562457227886;0.800000011920929;0.800000011920929;0.800000011920929
lidar;18.0;35.0;25.05199432373047;25.0;9.705121040344238;0.2994275987148285;25.053936004638672;25.0;9.694114685058594;0.31060459803383167;0.997039616296195;0.800000011920929;0.800000011920929;0.800000011920929
lidar;18.0;35.0;25.051986694335938;25.005226135253906;9.705171585083008;0.29942256212234497;25.046724319458008;25.004695892333984;9.735011100769043;0.269118144541332;0.9970562457227886;0.800000011920929;0.800000011920929;0.800000011920929
lidar;18.0;35.0;25.051977157592773;25.010452270507812;9.705223083496094;0.2995065748691559;25.064132690429688;25.012897491455078;9.63628101348877;0.3695550432681699;0.9967764614988003;0.800000011920929;0.800000011920929;0.800000011920929
lidar;18.0;35.0;25.051950454711914;25.01567840576172;9.705370903015137;0.2995847463607788;25.0517578125;25.015621185302734;9.706462860107422;0.29847435239810843;0.996516346992393;0.800000011920929;0.800000011920929;0.800000011920929
lidar;18.0;35.0;25.051925659179688;25.020910263061523;9.70551872253418;0.2997542917728424;25.048002243041992;25.019330978393555;9.727765083312988;0.277109636690557;0.9959527253244388;0.800000011920929;0.800000011920929;0.800000011920929
lidar;18.0;35.0;25.051883697509766;25.026140213012695;9.705748558044434;0.2999321520328522;25.052091598510742;25.0262451171875;9.704577445983887;0.3011262198713264;0.995362341382773;0.800000011920929;0.800000011920929;0.800000011920929
lidar;18.0;35.0;25.05176544189453;25.03133201599121;9.706428527832031;0.299742728471756;25.050249099731445;25.030414581298828;9.715025901794434;0.2909640696754361;0.9956313966726841;0.800000011920929;0.800000011920929;0.800000011920929
lidar;18.0;35.0;25.05162239074707;25.036502838134766;9.707232475280762;0.29951635003089905;25.055173873901367;25.039012908935547;9.687090873718262;0.32012238755133465;0.996384143940178;0.800000011920929;0.800000011920929;0.800000011920929
lidar;18.0;35.0;25.051454544067383;25.041645050048828;9.708187103271484;0.29922640323638916;25.06255531311035;25.050628662109375;9.64523696899414;0.36377575950917274;0.9973496797374783;0.800000011920929;0.800000011920929;0.800000011920929
lidar;18.0;35.0;25.051286697387695;25.046777725219727;9.70914077758789;0.2990280091762543;25.055355072021484;25.05048942565918;9.686070442199707;0.3227464668072295;0.9980114100923013;0.800000011920929;0.800000011920929;0.800000011920929
lidar;18.0;35.0;25.05111312866211;25.05190086364746;9.710124015808105;0.2988888919353485;25.042221069335938;25.04287338256836;9.760551452636719;0.24689315725573902;0.9984757304576466;0.800000011920929;0.800000011920929;0.800000011920929
lidar;18.0;35.0;25.0509090423584;25.056987762451172;9.711282730102539;0.2986586093902588;25.05150604248047;25.057655334472656;9.707898139953613;0.3021592965261769;0.9992452263749169;0.800000011920929;0.800000011920929;0.800000011920929
lidar;18.0;35.0;25.050704956054688;25.06206512451172;9.71243953704834;0.2985196113586426;25.044261932373047;25.054180145263672;9.748978614807129;0.26058809030291546;0.9997103810187736;0.800000011920929;0.800000011920929;0.800000011920929
lidar;18.0;35.0;25.050500869750977;25.067140579223633;9.71359634399414;0.2984716594219208;25.055278778076172;25.07349395751953;9.686500549316406;0.3267096541757246;0.9998709559410739;0.800000011920929;0.800000011920929;0.800000011920929
lidar;18.0;35.0;25.050296783447266;25.07221794128418;9.714753150939941;0.298514723777771;25.059097290039062;25.084854125976562;9.66484260559082;0.3507466511366795;0.999727010718747;0.800000011920929;0.800000011920929;0.800000011920929
lidar;18.0;35.0;25.050079345703125;25.0772762298584;9.715980529785156;0.2985747158527374;25.039649963378906;25.06118392944336;9.775129318237305;0.23639414403812237;0.999525964232883;0.800000011920929;0.800000011920929;0.800000011920929
lidar;18.0;35.0;25.049846649169922;25.082313537597656;9.717301368713379;0.29862847924232483;25.05259132385254;25.08684539794922;9.701737403869629;0.31506932769631285;0.9993456006316939;0.800000011920929;0.800000011920929;0.800000011920929
lidar;18.0;35.0;25.04961395263672;25.087352752685547;9.718622207641602;0.2987734377384186;25.05418586730957;25.095399856567383;9.692699432373047;0.32629870273408845;0.9988608360598158;0.800000011920929;0.800000011920929;0.800000011920929
lidar;18.0;35.0;25.049381256103516;25.09239959716797;9.719944953918457;0.2990095913410187;25.048715591430664;25.091156005859375;9.723715782165527;0.29498378084370336;0.9980718492350823;0.800000011920929;0.800000011920929;0.800000011920929
lidar;18.0;35.0;25.049148559570312;25.097454071044922;9.721270561218262;0.2993374168872833;25.059616088867188;25.118213653564453;9.661901473999023;0.36309623706666494;0.9969788193866916;0.800000011920929;0.800000011920929;0.800000011920929
lidar;18.0;35.0;25.048913955688477;25.102523803710938;9.722599983215332;0.29975733160972595;25.048755645751953;25.102191925048828;9.723495483398438;0.2987894710282842;0.9955822231758514;0.800000011920929;0.800000011920929;0.800000011920929
lidar;18.0;35.0;25.048559188842773;25.107341766357422;9.72461223602295;0.2995310425758362;25.05336570739746;25.117969512939453;9.697345733642578;0.3291880635622856;0.9956689479285749;0.800000011920929;0.800000011920929;0.800000011920929
lidar;18.0;35.0;25.04817771911621;25.112096786499023;9.726767539978027;0.29923686385154724;25.05177879333496;25.120471954345703;9.706351280212402;0.32159574242643996;0.9966478942673883;0.800000011920929;0.800000011920929;0.800000011920929
lidar;18.0;35.0;25.04779052734375;25.1168212890625;9.728965759277344;0.29898279905319214;25.057138442993164;25.139673233032227;9.675950050354004;0.35746606002748615;0.9974949360787886;0.800000011920929;0.800000011920929;0.800000011920929
lidar;18.0;35.0;25.047380447387695;25.12148094177246;9.73129653930664;0.2986705005168915;25.055757522583008;25.142961502075195;9.6837797164917;0.35148625608440465;0.9985381365548531;0.800000011920929;0.800000011920929;0.800000011920929
lidar;18.0;35.0;25.04697036743164;25.126131057739258;9.733622550964355;0.2984496057033539;25.055309295654297;25.148527145385742;9.686322212219238;0.3514443010389355;0.9992773533440015;0.800000011920929;0.800000011920929;0.800000011920929
lidar;18.0;35.0;25.046560287475586;25.130775451660156;9.735945701599121;0.29831981658935547;25.050716400146484;25.14244842529297;9.712373733520508;0.3249500415888491;0.9997121095564419;0.800000011920929;0.800000011920929;0.800000011920929
lidar;18.0;35.0;25.04615020751953;25.13541603088379;9.738266944885254;0.2982810139656067;25.051387786865234;25.15078353881836;9.70856761932373;0.3321280067223436;0.9998422860962265;0.800000011920929;0.800000011920929;0.800000011920929
lidar;18.0;35.0;25.04574203491211;25.140058517456055;9.740589141845703;0.29833313822746277;25.049842834472656;25.152620315551758;9.717323303222656;0.32509049172108884;0.9996680021329075;0.800000011920929;0.800000011920929;0.800000011920929
lidar;18.0;35.0;25.045331954956055;25.144704818725586;9.742913246154785;0.29847630858421326;25.055200576782227;25.176210403442383;9.686939239501953;0.36346100579569063;0.9991891384071605;0.800000011920929;0.800000011920929;0.800000011920929
lidar;18.0;35.0;25.044921875;25.149354934692383;9.7452392578125;0.29871052503585815;25.055517196655273;25.184589385986328;9.685140609741211;0.3691772040235047;0.9984059333251551;0.800000011920929;0.800000011920929;0.800000011920929
lidar;18.0;35.0;25.044509887695312;25.154014587402344;9.747570037841797;0.29903629422187805;25.054428100585938;25.188335418701172;9.69131851196289;0.3656732082479719;0.9973186850310745;0.800000011920929;0.800000011920929;0.800000011920929
lidar;18.0;35.0;25.044097900390625;25.1586856842041;9.749906539916992;0.29945412278175354;25.04570770263672;25.164478302001953;9.740779876708984;0.3103821944700472;0.9959275719642191;0.800000011920929;0.800000011920929;0.800000011920929
lidar;18.0;35.0;25.043582916259766;25.16299057006836;9.752830505371094;0.29926273226737976;25.041574478149414;25.155481338500977;9.764217376708984;0.2854760476433398;0.9956964851450247;0.800000011920929;0.800000011920929;0.800000011920929
lidar;18.0;35.0;25.04302978515625;25.167139053344727;9.75597095489502;0.29889270663261414;25.042882919311523;25.166574478149414;9.756794929504395;0.2978837436802861;0.9969293475397607;0.800000011920929;0.800000011920929;0.800000011920929
lidar;18.0;35.0;25.042476654052734;25.17127799987793;9.759105682373047;0.29861438274383545;25.029016494750977;25.11700439453125;9.83543872833252;0.2039915915871396;0.9978584645538473;0.800000011920929;0.800000011920929;0.800000011920929
lidar;18.0;35.0;25.04192352294922;25.175411224365234;9.762234687805176;0.29842737317085266;25.038602828979492;25.16151237487793;9.781075477600098;0.27478040118058183;0.9984837175176774;0.800000011920929;0.800000011920929;0.800000011920929
lidar;18.0;35.0;25.041372299194336;25.179540634155273;9.765361785888672;0.2983313798904419;25.035537719726562;25.154218673706055;9.798454284667969;0.2562551666619358;0.9988047480881423;0.800000011920929;0.800000011920929;0.800000011920929
lidar;18.0;35.0;25.040822982788086;25.18366813659668;9.768486976623535;0.298326313495636;25.045269012451172;25.20367431640625;9.743268013000488;0.3308233027953306;0.998821616117318;0.800000011920929;0.800000011920929;0.800000011920929
lidar;18.0;35.0;25.040271759033203;25.18779754638672;9.771613121032715;0.29841214418411255;25.038686752319336;25.18040657043457;9.78060245513916;0.28666737312343676;0.9985342025923721;0.800000011920929;0.800000011920929;0.800000011920929
lidar;18.0;35.0;25.039718627929688;25.19192886352539;9.77474308013916;0.29858899116516113;25.040237426757812;25.194433212280273;9.771803855895996;0.30248454261075647;0.9979425670665865;0.800000011920929;0.800000011920929;0.800000011920929
lidar;18.0;35.0;25.039165496826172;25.196067810058594;9.777875900268555;0.298857182264328;25.047283172607422;25.236703872680664;9.731839179992676;0.3607979683597178;0.9970470068869504;0.800000011920929;0.800000011920929;0.800000011920929
lidar;18.0;35.0;25.038593292236328;25.200115203857422;9.781126022338867;0.29906806349754333;25.04047966003418;25.209901809692383;9.77042293548584;0.3136924070703944;0.996343493167865;0.800000011920929;0.800000011920929;0.800000011920929
lidar;18.0;35.0;25.03801727294922;25.20415687561035;9.784395217895508;0.2993501126766205;25.027708053588867;25.148799896240234;9.842855453491211;0.21818245527628757;0.9954043027528484;0.800000011920929;0.800000011920929;0.800000011920929
lidar;18.0;35.0;25.037439346313477;25.208206176757812;9.78767204284668;0.29972416162490845;25.039682388305664;25.220678329467773;9.774953842163086;0.3176776302303914;0.9941620829833778;0.800000011920929;0.800000011920929;0.800000011920929
lidar;18.0;35.0;25.0367431640625;25.211593627929688;9.791621208190918;0.2992381155490875;25.031164169311523;25.179471969604492;9.82325553894043;0.25381031569626705;0.9948391321223555;0.800000011920929;0.800000011920929;0.800000011920929
lidar;18.0;35.0;25.03308868408203;24.788484573364258;9.791088104248047;0.29912853240966797;25.03449821472168;24.779476165771484;9.782191276550293;0.3118674594125379;0.995203435658621;0.800000011920929;0.800000011920929;0.800000011920929
lidar;18.0;35.0;25.03369903564453;24.791967391967773;9.787227630615234;0.29947519302368164;25.0432071685791;24.733278274536133;9.727202415466309;0.38396008320054453;0.9949885603588834;0.800000011920929;0.800000011920929;0.800000011920929
lidar;18.0;35.0;25.03421974182129;24.7960147857666;9.783946990966797;0.2990976870059967;25.038965225219727;24.76772117614746;9.753978729248047;0.3405853832748564;0.9962446093468666;0.800000011920929;0.800000011920929;0.800000011920929
lidar;18.0;35.0;25.034738540649414;24.80005645751953;9.780673027038574;0.29881200194358826;25.040868759155273;24.764766693115234;9.741963386535645;0.3515501280103432;0.9971973300840905;0.800000011920929;0.800000011920929;0.800000011920929
lidar;18.0;35.0;25.035255432128906;24.804088592529297;9.77740478515625;0.29861775040626526;25.039344787597656;24.7813663482666;9.7515869140625;0.33325415046040685;0.9978461263234331;0.800000011920929;0.800000011920929;0.800000011920929
lidar;18.0;35.0;25.0357723236084;24.80811882019043;9.774140357971191;0.29851460456848145;25.032188415527344;24.827348709106445;9.796774864196777;0.26859833259477023;0.9981911181499425;0.800000011920929;0.800000011920929;0.800000011920929
lidar;18.0;35.0;25.03628921508789;24.81214714050293;9.770875930786133;0.29850247502326965;25.031457901000977;24.837154388427734;9.80137825012207;0.2587637903226621;0.9982318878449371;0.800000011920929;0.800000011920929;0.800000011920929
lidar;18.0;35.0;25.036802291870117;24.816192626953125;9.767634391784668;0.29855167865753174;25.03144645690918;24.842945098876953;9.801453590393066;0.2550992364257754;0.9980676770578496;0.800000011920929;0.800000011920929;0.800000011920929
lidar;18.0;35.0;25.03730010986328;24.820322036743164;9.764494895935059;0.2985597848892212;25.029253005981445;24.85908317565918;9.815298080444336;0.2341541117124991;0.9980406163989579;0.800000011920929;0.800000011920929;0.800000011920929
lidar;18.0;35.0;25.037797927856445;24.824453353881836;9.761354446411133;0.29865890741348267;25.03090476989746;24.856464385986328;9.804872512817383;0.24419787139612675;0.99770969138691;0.800000011920929;0.800000011920929;0.800000011920929
lidar;18.0;35.0;25.03829574584961;24.82858657836914;9.758211135864258;0.29884907603263855;25.04881477355957;24.7814998626709;9.691791534423828;0.38094351247788755;0.9970747831067758;0.800000011920929;0.800000011920929;0.800000011920929
lidar;18.0;35.0;25.038793563842773;24.832727432250977;9.755062103271484;0.29913070797920227;25.037067413330078;24.840173721313477;9.765965461730957;0.28581564875317006;0.9961361882598425;0.800000011920929;0.800000011920929;0.800000011920929
lidar;18.0;35.0;25.03929328918457;24.836877822875977;9.751907348632812;0.2995041608810425;25.031635284423828;24.86867332458496;9.800264358520508;0.24112675911909032;0.9948941468314272;0.800000011920929;0.800000011920929;0.800000011920929
lidar;18.0;35.0;25.03972053527832;24.841337203979492;9.749212265014648;0.299409955739975;25.03533172607422;24.85886573791504;9.776918411254883;0.2663314552958392;0.9960745574936157;0.800000011920929;0.800000011920929;0.800000011920929
lidar;18.0;35.0;25.04009246826172;24.84600830078125;9.746869087219238;0.2989918887615204;25.03374481201172;24.870389938354492;9.786949157714844;0.25165075325971387;0.9974672792770422;0.800000011920929;0.800000011920929;0.800000011920929
lidar;18.0;35.0;25.040462493896484;24.85066795349121;9.744532585144043;0.29866576194763184;25.03659439086914;24.86494255065918;9.768952369689941;0.27011675142621944;0.9985560774150114;0.800000011920929;0.800000011920929;0.800000011920929
lidar;18.0;35.0;25.040830612182617;24.855318069458008;9.742199897766113;0.2984310984611511;25.052764892578125;24.81302833557129;9.666847229003906;0.3856591666170649;0.999340772599637;0.800000011920929;0.800000011920929;0.800000011920929
lidar;18.0;35.0;25.041200637817383;24.859962463378906;9.739870071411133;0.29828765988349915;25.044849395751953;24.847557067871094;9.716826438903809;0.3247119807302216;0.9998210668426264;0.800000011920929;0.800000011920929;0.800000011920929
lidar;18.0;35.0;25.041568756103516;24.86460304260254;9.737542152404785;0.2982351779937744;25.034305572509766;24.888263702392578;9.783405303955078;0.2461196820191514;0.9999967813493997;0.800000011920929;0.800000011920929;0.800000011920929
lidar;18.0;35.0;25.04193878173828;24.869245529174805;9.735214233398438;0.2982735335826874;25.047821044921875;24.850900650024414;9.698062896728516;0.3401228188666875;0.9998679161198909;0.800000011920929;0.800000011920929;0.800000011920929
lidar;18.0;35.0;25.042306900024414;24.873889923095703;9.732885360717773;0.2984027862548828;25.03873062133789;24.88454818725586;9.755461692810059;0.27318160653688933;0.9994344710703952;0.800000011920929;0.800000011920929;0.800000011920929
lidar;18.0;35.0;25.04267692565918;24.878538131713867;9.730552673339844;0.2986232042312622;25.05049705505371;24.856277465820312;9.681169509887695;0.3533540093804254;0.9986965655486907;0.800000011920929;0.800000011920929;0.800000011920929
lidar;18.0;35.0;25.043046951293945;24.883195877075195;9.728217124938965;0.29893502593040466;25.032442092895508;24.911970138549805;9.795166969299316;0.22529592685460653;0.9976544976585098;0.800000011920929;0.800000011920929;0.800000011920929
lidar;18.0;35.0;25.04341697692871;24.88786506652832;9.725874900817871;0.29933878779411316;25.043821334838867;24.886823654174805;9.723329544067383;0.30211819862083544;0.9963085053993097;0.800000011920929;0.800000011920929;0.800000011920929
lidar;18.0;35.0;25.04378890991211;24.892549514770508;9.723526000976562;0.2998351752758026;25.048986434936523;24.87979507446289;9.690709114074707;0.33542486646561087;0.9946589466488315;0.800000011920929;0.800000011920929;0.800000011920929
lidar;18.0;35.0;25.044048309326172;24.89751434326172;9.721890449523926;0.29964718222618103;25.056396484375;24.868783950805664;9.64392375946045;0.38365137172252417;0.9959481952306017;0.800000011920929;0.800000011920929;0.800000011920929
lidar;18.0;35.0;25.04425811767578;24.90258026123047;9.720559120178223;0.29922690987586975;25.053552627563477;24.882125854492188;9.661886215209961;0.36205363900988696;0.997347116689293;0.800000011920929;0.800000011920929;0.800000011920929
lidar;18.0;35.0;25.044469833374023;24.907634735107422;9.719230651855469;0.29889872670173645;25.05194854736328;24.892099380493164;9.672006607055664;0.3491717178619777;0.9984422922739834;0.800000011920929;0.800000011920929;0.800000011920929
lidar;18.0;35.0;25.044679641723633;24.91267967224121;9.717904090881348;0.2986621558666229;25.04328155517578;24.9154109954834;9.726730346679688;0.2893177058103612;0.9992333650814155;0.800000011920929;0.800000011920929;0.800000011920929
lidar;18.0;35.0;25.044889450073242;24.91771697998047;9.716580390930176;0.29851675033569336;25.04901885986328;24.91014862060547;9.690505981445312;0.3259795314257005;0.9997200369802834;0.800000011920929;0.800000011920929;0.800000011920929
lidar;18.0;35.0;25.04509925842285;24.922752380371094;9.715256690979004;0.2984623908996582;25.04932975769043;24.915504455566406;9.6885404586792;0.326465727804356;0.9999021291698919;0.800000011920929;0.800000011920929;0.800000011920929
lidar;18.0;35.0;25.04530906677246;24.927785873413086;9.713933944702148;0.2984989583492279;25.039566040039062;24.93693733215332;9.750186920166016;0.26067010163099946;0.9997797012443843;0.800000011920929;0.800000011920929;0.800000011920929
lidar;18.0;35.0;25.045513153076172;24.932830810546875;9.712638854980469;0.29859644174575806;25.051179885864258;24.924468994140625;9.67686653137207;0.335766727004873;0.9994533657860517;0.800000011920929;0.800000011920929;0.800000011920929
lidar;18.0;35.0;25.045698165893555;24.937908172607422;9.711477279663086;0.2986449897289276;25.033832550048828;24.954029083251953;9.786385536193848;0.2211089107162973;0.999291121923787;0.800000011920929;0.800000011920929;0.800000011920929
lidar;18.0;35.0;25.045881271362305;24.942989349365234;9.710315704345703;0.2987845540046692;25.04349708557129;24.945951461791992;9.725372314453125;0.28325480193216734;0.9988245368851797;0.800000011920929;0.800000011920929;0.800000011920929
lidar;18.0;35.0;25.046066284179688;24.948076248168945;9.709153175354004;0.2990153431892395;25.045778274536133;24.948400497436523;9.710965156555176;0.2971523445727592;0.9980536699741747;0.800000011920929;0.800000011920929;0.800000011920929
lidar;18.0;35.0;25.046249389648438;24.95317268371582;9.707987785339355;0.2993377447128296;25.047077178955078;24.952335357666016;9.702764511108398;0.3046920867832978;0.996978759778691;0.800000011920929;0.800000011920929;0.800000011920929
lidar;18.0;35.0;25.046405792236328;24.958309173583984;9.707006454467773;0.2995607852935791;25.040151596069336;24.96392822265625;9.746500015258789;0.25918243697294097;0.9962363243347657;0.800000011920929;0.800000011920929;0.800000011920929
lidar;18.0;35.0;25.04655647277832;24.963457107543945;9.706047058105469;0.2998522222042084;25.05816078186035;24.954349517822266;9.632787704467773;0.37458195115123394;0.9952681657372109;0.800000011920929;0.800000011920929;0.800000011920929
lidar;18.0;35.0;25.04663848876953;24.968664169311523;9.705535888671875;0.2997770607471466;25.04074478149414;24.972623825073242;9.742741584777832;0.26190015516046194;0.9958775043803779;0.800000011920929;0.800000011920929;0.800000011920929
lidar;18.0;35.0;25.046676635742188;24.973894119262695;9.705292701721191;0.2995211184024811;25.04679298400879;24.973831176757812;9.704566955566406;0.3002579753548566;0.9967284799094036;0.800000011920929;0.800000011920929;0.800000011920929
lidar;18.0;35.0;25.046714782714844;24.97911834716797;9.70505142211914;0.2993538975715637;25.05181312561035;24.976839065551758;9.672865867614746;0.33202046578789834;0.9972852466804496;0.800000011920929;0.800000011920929;0.800000011920929
lidar;18.0;35.0;25.046743392944336;24.98434066772461;9.704876899719238;0.2992117404937744;25.03641700744629;24.98780059814453;9.770074844360352;0.23311084642386481;0.9977589843311169;0.800000011920929;0.800000011920929;0.800000011920929
lidar;18.0;35.0;25.04676628112793;24.989561080932617;9.704729080200195;0.2991334795951843;25.04273796081543;24.990459442138672;9.730161666870117;0.27336794806954395;0.9980198742546524;0.800000011920929;0.800000011920929;0.800000011920929
lidar;18.0;35.0;25.046777725219727;24.994781494140625;9.704658508300781;0.2990689277648926;25.03232765197754;24.99639320373535;9.79589557647705;0.20668027420423665;0.9982355833646166;0.800000011920929;0.800000011920929;0.800000011920929
lidar;18.0;35.0;25.046785354614258;25.0;9.704607963562012;0.29907387495040894;25.052249908447266;25.0;9.67010498046875;0.3340073890056826;0.9982190728949937;0.800000011920929;0.800000011920929;0.800000011920929
lidar;18.0;35.0;25.046777725219727;25.005218505859375;9.704658508300781;0.2990688979625702;25.05147361755371;25.0057430267334;9.67500114440918;0.3290996272428697;0.9982355833646166;0.800000011920929;0.800000011920929;0.800000011920929
lidar;18.0;35.0;25.04676628112793;25.010438919067383;9.704729080200195;0.2991334795951843;25.059572219848633;25.01329803466797;9.623873710632324;0.3810470437530355;0.9980198742546524;0.800000011920929;0.800000011920929;0.800000011920929
lidar;18.0;35.0;25.046743392944336;25.01565933227539;9.704876899719238;0.2992117404937744;25.035934448242188;25.012039184570312;9.773117065429688;0.23002631225451967;0.9977589250066365;0.800000011920929;0.800000011920929;0.800000011920929
lidar;18.0;35.0;25.046714782714844;25.02088165283203;9.70505142211914;0.2993538975715637;25.04130744934082;25.018465042114258;9.739191055297852;0.26470439584909505;0.9972852466804496;0.800000011920929;0.800000011920929;0.800000011920929
lidar;18.0;35.0;25.046676635742188;25.026105880737305;9.705292701721191;0.2995211184024811;25.048263549804688;25.02699089050293;9.695282936096191;0.30969418916459257;0.9967284799094036;0.800000011920929;0.800000011920929;0.800000011920929
lidar;18.0;35.0;25.04663848876953;25.031335830688477;9.705535888671875;0.2997770607471466;25.043468475341797;25.029205322265625;9.725555419921875;0.2793963098180819;0.9958774449071658;0.800000011920929;0.800000011920929;0.800000011920929
lidar;18.0;35.0;25.04655647277832;25.036542892456055;9.706047058105469;0.29985225200653076;25.04016876220703;25.03152847290039;9.74638843536377;0.25870143102881016;0.9952681657372109;0.800000011920929;0.800000011920929;0.800000011920929
lidar;18.0;35.0;25.046405792236328;25.041690826416016;9.707006454467773;0.2995607852935791;25.043638229370117;25.03920555114746;9.724477767944336;0.2816981372477678;0.9962363837486993;0.800000011920929;0.800000011920929;0.800000011920929
lidar;18.0;35.0;25.046249389648438;25.04682731628418;9.707987785339355;0.2993377149105072;25.046884536743164;25.047468185424805;9.703988075256348;0.30343792576822615;0.996978759778691;0.800000011920929;0.800000011920929;0.800000011920929
lidar;18.0;35.0;25.046066284179688;25.051923751831055;9.709153175354004;0.2990152835845947;25.043563842773438;25.049102783203125;9.724950790405273;0.28277418774025453;0.9980536699741747;0.800000011920929;0.800000011920929;0.800000011920929
lidar;18.0;35.0;25.045881271362305;25.057010650634766;9.710315704345703;0.29878443479537964;25.023719787597656;25.02947235107422;9.850245475769043;0.15445921790532072;0.9988245368851797;0.800000011920929;0.800000011920929;0.800000011920929
lidar;18.0;35.0;25.045698165893555;25.062091827392578;9.711477279663086;0.29864493012428284;25.032466888427734;25.04411506652832;9.79500961303711;0.212182430837061;0.999291121923787;0.800000011920929;0.800000011920929;0.800000011920929
lidar;18.0;35.0;25.045513153076172;25.067169189453125;9.712638854980469;0.29859644174575806;25.04326629638672;25.063852310180664;9.726826667785645;0.2838532140350363;0.9994533657860517;0.800000011920929;0.800000011920929;0.800000011920929
lidar;18.0;35.0;25.04530906677246;25.072214126586914;9.713933944702148;0.29849889874458313;25.049049377441406;25.078176498413086;9.690312385559082;0.3231471932115455;0.9997797012443843;0.800000011920929;0.800000011920929;0.800000011920929
lidar;18.0;35.0;25.04509925842285;25.077247619628906;9.715256690979004;0.29846227169036865;25.049747467041016;25.0852108001709;9.68590259552002;0.329231147832025;0.9999021291698919;0.800000011920929;0.800000011920929;0.800000011920929
lidar;18.0;35.0;25.044889450073242;25.08228302001953;9.716580390930176;0.2985166907310486;25.040212631225586;25.07370948791504;9.746109008789062;0.2674152753147223;0.9997200369802834;0.800000011920929;0.800000011920929;0.800000011920929
lidar;18.0;35.0;25.044679641723633;25.08732032775879;9.717904090881348;0.29866206645965576;25.048433303833008;25.094655990600586;9.69420337677002;0.32375453110580465;0.9992333650814155;0.800000011920929;0.800000011920929;0.800000011920929
lidar;18.0;35.0;25.044469833374023;25.092365264892578;9.719230651855469;0.2988986074924469;25.04388999938965;25.091161727905273;9.722885131835938;0.29500744583920074;0.9984422922739834;0.800000011920929;0.800000011920929;0.800000011920929
lidar;18.0;35.0;25.04425811767578;25.09741973876953;9.720559120178223;0.29922690987586975;25.04427146911621;25.09744644165039;9.720481872558594;0.29930930893469915;0.9973470570309636;0.800000011920929;0.800000011920929;0.800000011920929
lidar;18.0;35.0;25.044048309326172;25.10248565673828;9.721890449523926;0.29964718222618103;25.041624069213867;25.096843719482422;9.737197875976562;0.2831542834775863;0.9959481952306017;0.800000011920929;0.800000011920929;0.800000011920929
lidar;18.0;35.0;25.04378890991211;25.107450485229492;9.723526000976562;0.2998351454734802;25.03830909729004;25.09400177001953;9.75813102722168;0.26230610645356417;0.9946589466488315;0.800000011920929;0.800000011920929;0.800000011920929
lidar;18.0;35.0;25.04341697692871;25.11213493347168;9.725874900817871;0.29933878779411316;25.028900146484375;25.074642181396484;9.81752872467041;0.19925512202425227;0.9963085053993097;0.800000011920929;0.800000011920929;0.800000011920929
lidar;18.0;35.0;25.043046951293945;25.116804122924805;9.728217124938965;0.2989349365234375;25.048524856567383;25.131669998168945;9.693625450134277;0.3369818665729952;0.9976544976585098;0.800000011920929;0.800000011920929;0.800000011920929
lidar;18.0;35.0;25.04267692565918;25.121461868286133;9.730552673339844;0.29862311482429504;25.034610748291016;25.098506927490234;9.781473159790039;0.24218880174408391;0.9986965655486907;0.800000011920929;0.800000011920929;0.800000011920929
lidar;18.0;35.0;25.042306900024414;25.126110076904297;9.732885360717773;0.2984026074409485;25.037914276123047;25.113014221191406;9.76062297821045;0.2674152185522743;0.9994344710703952;0.800000011920929;0.800000011920929;0.800000011920929
lidar;18.0;35.0;25.04193878173828;25.130754470825195;9.735214233398438;0.2982732951641083;25.0549373626709;25.17128562927246;9.653135299682617;0.39073330513198046;0.9998679161198909;0.800000011920929;0.800000011920929;0.800000011920929
lidar;18.0;35.0;25.041568756103516;25.13539695739746;9.737542152404785;0.2982349991798401;25.045181274414062;25.14716148376465;9.714735984802246;0.3241499491448236;0.9999967813493997;0.800000011920929;0.800000011920929;0.800000011920929
lidar;18.0;35.0;25.041200637817383;25.140037536621094;9.739870071411133;0.2982875108718872;25.04024314880371;25.13678741455078;9.745908737182617;0.29136296105181303;0.9998210668426264;0.800000011920929;0.800000011920929;0.800000011920929
lidar;18.0;35.0;25.040830612182617;25.144681930541992;9.742199897766113;0.29843100905418396;25.042613983154297;25.1509952545166;9.730950355529785;0.3114535612486184;0.999340772599637;0.800000011920929;0.800000011920929;0.800000011920929
lidar;18.0;35.0;25.040462493896484;25.14933204650879;9.744532585144043;0.2986656725406647;25.03546905517578;25.13090705871582;9.776054382324219;0.26181367535891664;0.9985560774150114;0.800000011920929;0.800000011920929;0.800000011920929
lidar;18.0;35.0;25.04009246826172;25.15399169921875;9.746869087219238;0.2989918291568756;25.031646728515625;25.121557235717773;9.800187110900879;0.2360144906007049;0.9974672792770422;0.800000011920929;0.800000011920929;0.800000011920929
lidar;18.0;35.0;25.03972053527832;25.158662796020508;9.749212265014648;0.299409955739975;25.038860321044922;25.155223846435547;9.754647254943848;0.29292085713817956;0.9960745574936157;0.800000011920929;0.800000011920929;0.800000011920929
lidar;18.0;35.0;25.03929328918457;25.163122177124023;9.751907348632812;0.29950419068336487;25.03925323486328;25.16295051574707;9.752168655395508;0.29918808378411854;0.9948941468314272;0.800000011920929;0.800000011920929;0.800000011920929
lidar;18.0;35.0;25.038793563842773;25.167272567749023;9.755062103271484;0.29913073778152466;25.02651023864746;25.11430549621582;9.832622528076172;0.20440993011477662;0.9961361882598425;0.800000011920929;0.800000011920929;0.800000011920929
lidar;18.0;35.0;25.03829574584961;25.17141342163086;9.758211135864258;0.29884910583496094;25.035459518432617;25.158721923828125;9.77611255645752;0.27672265057323614;0.9970747831067758;0.800000011920929;0.800000011920929;0.800000011920929
lidar;18.0;35.0;25.037797927856445;25.175546646118164;9.761354446411133;0.29865893721580505;25.036327362060547;25.168716430664062;9.770641326904297;0.28703697058547867;0.99770969138691;0.800000011920929;0.800000011920929;0.800000011920929
lidar;18.0;35.0;25.03730010986328;25.179677963256836;9.764494895935059;0.29855984449386597;25.04375648498535;25.210783004760742;9.723725318908691;0.3502452500684292;0.9980406163989579;0.800000011920929;0.800000011920929;0.800000011920929
lidar;18.0;35.0;25.036802291870117;25.183807373046875;9.767634391784668;0.2985517084598541;25.035579681396484;25.17769432067871;9.775362014770508;0.28862262547606354;0.9980676770578496;0.800000011920929;0.800000011920929;0.800000011920929
lidar;18.0;35.0;25.03628921508789;25.18785285949707;9.770875930786133;0.29850247502326965;25.043729782104492;25.226367950439453;9.72390079498291;0.35970218779332047;0.9982318878449371;0.800000011920929;0.800000011920929;0.800000011920929
lidar;18.0;35.0;25.0357723236084;25.19188117980957;9.774140357971191;0.29851460456848145;25.025815963745117;25.138473510742188;9.837004661560059;0.21542763968540612;0.9981911181499425;0.800000011920929;0.800000011920929;0.800000011920929
lidar;18.0;35.0;25.035255432128906;25.195911407470703;9.77740478515625;0.29861778020858765;25.048480987548828;25.269397735595703;9.693907737731934;0.41063156595642736;0.9978461263234331;0.800000011920929;0.800000011920929;0.800000011920929
lidar;18.0;35.0;25.034738540649414;25.19994354248047;9.780673027038574;0.2988119423389435;25.03013038635254;25.17342758178711;9.809761047363281;0.25918329391893274;0.9971973300840905;0.800000011920929;0.800000011920929;0.800000011920929
lidar;18.0;35.0;25.03421974182129;25.2039852142334;9.783946990966797;0.2990976572036743;25.028057098388672;25.167247772216797;9.822857856750488;0.2452303815235019;0.9962446093468666;0.800000011920929;0.800000011920929;0.800000011920929
lidar;18.0;35.0;25.03369903564453;25.208032608032227;9.787227630615234;0.29947519302368164;25.03701400756836;25.22849464416504;9.766300201416016;0.32893090399869784;0.9949885603588834;0.800000011920929;0.800000011920929;0.800000011920929
lidar;18.0;35.0;25.03308868408203;25.211515426635742;9.791088104248047;0.2991285026073456;25.021163940429688;25.135286331176758;9.866379737854004;0.19132346208343146;0.995203554463361;0.800000011920929;0.800000011920929;0.800000011920929
lidar;18.0;35.0;25.029430389404297;24.788532257080078;9.790590286254883;0.29906022548675537;25.02443504333496;24.824426651000977;9.82613468170166;0.24829893971722314;0.9954307675264664;0.800000011920929;0.800000011920929;0.800000011920929
lidar;18.0;35.0;25.02996063232422;24.792104721069336;9.786812782287598;0.2992774248123169;25.030149459838867;24.79080581665039;9.785480499267578;0.3011482051975169;0.9956459400219262;0.800000011920929;0.800000011920929;0.800000011920929
lidar;18.0;35.0;25.03042221069336;24.796152114868164;9.783528327941895;0.2988971471786499;25.030241012573242;24.797372817993164;9.784822463989258;0.2971091547640009;0.9969130156188802;0.800000011920929;0.800000011920929;0.800000011920929
lidar;18.0;35.0;25.0308837890625;24.80019187927246;9.780250549316406;0.298608660697937;25.036884307861328;24.761375427246094;9.737560272216797;0.35661797591750605;0.9978764059322078;0.800000011920929;0.800000011920929;0.800000011920929
lidar;18.0;35.0;25.031343460083008;24.804224014282227;9.7769775390625;0.2984115183353424;25.025686264038086;24.839555740356445;9.817227363586426;0.24455621709498596;0.9985358119562427;0.800000011920929;0.800000011920929;0.800000011920929
lidar;18.0;35.0;25.031803131103516;24.808252334594727;9.77370834350586;0.2983054220676422;25.037067413330078;24.776508331298828;9.736246109008789;0.34768956674915674;0.9988910556367964;0.800000011920929;0.800000011920929;0.800000011920929
lidar;18.0;35.0;25.032262802124023;24.812280654907227;9.770441055297852;0.2982902228832245;25.03052520751953;24.822385787963867;9.782797813415527;0.2822330874638278;0.998942077077997;0.800000011920929;0.800000011920929;0.800000011920929
lidar;18.0;35.0;25.03272247314453;24.816307067871094;9.767172813415527;0.2983660101890564;25.027835845947266;24.843740463256836;9.801941871643066;0.2538089087806851;0.9986887575038138;0.800000011920929;0.800000011920929;0.800000011920929
lidar;18.0;35.0;25.03318214416504;24.82033920288086;9.763901710510254;0.2985326647758484;25.02535057067871;24.862743377685547;9.81962776184082;0.22807035556031607;0.9981312750797399;0.800000011920929;0.800000011920929;0.800000011920929
lidar;18.0;35.0;25.033641815185547;24.82437515258789;9.760625839233398;0.2987906336784363;25.022994995117188;24.879953384399414;9.836379051208496;0.20423381518535558;0.9972698090202975;0.800000011920929;0.800000011920929;0.800000011920929
lidar;18.0;35.0;25.034103393554688;24.828420639038086;9.757343292236328;0.2991402745246887;25.037038803100586;24.813648223876953;9.73645305633545;0.3248935295543558;0.9961043595783033;0.800000011920929;0.800000011920929;0.800000011920929
lidar;18.0;35.0;25.034547805786133;24.832561492919922;9.754178047180176;0.2994292974472046;25.0293025970459;24.857986450195312;9.79150390625;0.2539629749420714;0.9951432348665108;0.800000011920929;0.800000011920929;0.800000011920929
lidar;18.0;35.0;25.03499412536621;24.836713790893555;9.751008033752441;0.2998069226741791;25.03046989440918;24.857820510864258;9.783194541931152;0.26105158481776425;0.9938896891711215;0.800000011920929;0.800000011920929;0.800000011920929
lidar;18.0;35.0;25.035341262817383;24.841323852539062;9.748536109924316;0.299435019493103;25.045825958251953;24.794248580932617;9.673932075500488;0.3882711963239509;0.9959912893089145;0.800000011920929;0.800000011920929;0.800000011920929
lidar;18.0;35.0;25.03567123413086;24.84599494934082;9.746186256408691;0.2990171015262604;25.03336524963379;24.855947494506836;9.762589454650879;0.279693455126356;0.9973830580860732;0.800000011920929;0.800000011920929;0.800000011920929
lidar;18.0;35.0;25.036001205444336;24.85065460205078;9.743843078613281;0.2986912131309509;25.03281021118164;24.863889694213867;9.7665433883667;0.27222122304076857;0.9984710216912323;0.800000011920929;0.800000011920929;0.800000011920929
lidar;18.0;35.0;25.03632926940918;24.855304718017578;9.741503715515137;0.2984568476676941;25.037561416625977;24.85039710998535;9.732734680175781;0.30858180589995604;0.9992548227317614;0.800000011920929;0.800000011920929;0.800000011920929
lidar;18.0;35.0;25.036657333374023;24.85995101928711;9.739168167114258;0.29831361770629883;25.026018142700195;24.90060043334961;9.814874649047852;0.2117275561735904;0.9997343421165876;0.800000011920929;0.800000011920929;0.800000011920929
lidar;18.0;35.0;25.036985397338867;24.864591598510742;9.736833572387695;0.2982613146305084;25.04229164123535;24.845165252685547;9.699078559875488;0.3410509344718689;0.9999092817291726;0.800000011920929;0.800000011920929;0.800000011920929
lidar;18.0;35.0;25.03731346130371;24.869234085083008;9.734498977661133;0.2982999086380005;25.031829833984375;24.888450622558594;9.773513793945312;0.2544651353374961;0.9997795820259572;0.800000011920929;0.800000011920929;0.800000011920929
lidar;18.0;35.0;25.037641525268555;24.873878479003906;9.732163429260254;0.2984294295310974;25.05112648010254;24.828693389892578;9.636208534240723;0.40534482422093293;0.9993454218075838;0.800000011920929;0.800000011920929;0.800000011920929
lidar;18.0;35.0;25.0379695892334;24.878528594970703;9.729825019836426;0.2986500561237335;25.024593353271484;24.921321868896484;9.825006484985352;0.19343669753831516;0.9986068011287764;0.800000011920929;0.800000011920929;0.800000011920929
lidar;18.0;35.0;25.038299560546875;24.88318634033203;9.727481842041016;0.29896217584609985;25.047290802001953;24.855762481689453;9.663504600524902;0.36914820405702403;0.9975640773232373;0.800000011920929;0.800000011920929;0.800000011920929
lidar;18.0;35.0;25.03862953186035;24.887855529785156;9.725133895874023;0.29936617612838745;25.034255981445312;24.90055274963379;9.756256103515625;0.2654700353931738;0.9962174296224694;0.800000011920929;0.800000011920929;0.800000011920929
lidar;18.0;35.0;25.038957595825195;24.892547607421875;9.722800254821777;0.2998386025428772;25.02996253967285;24.9173583984375;9.786808013916016;0.23060344267217397;0.9953122142176383;0.800000011920929;0.800000011920929;0.800000011920929
lidar;18.0;35.0;25.039161682128906;24.8975830078125;9.721349716186523;0.2994473874568939;25.0371150970459;24.90293312072754;9.735907554626465;0.28380276294342893;0.9966126680669811;0.800000011920929;0.800000011920929;0.800000011920929
lidar;18.0;35.0;25.039365768432617;24.902606964111328;9.719902038574219;0.2991481125354767;25.034013748168945;24.915843963623047;9.757972717285156;0.2584880567698775;0.9976095558260798;0.800000011920929;0.800000011920929;0.800000011920929
lidar;18.0;35.0;25.03955841064453;24.907644271850586;9.718522071838379;0.29887157678604126;25.033004760742188;24.92294692993164;9.76516056060791;0.2493512252435998;0.9985328315985741;0.800000011920929;0.800000011920929;0.800000011920929
lidar;18.0;35.0;25.039745330810547;24.912687301635742;9.717193603515625;0.29863491654396057;25.041563034057617;24.908693313598633;9.704255104064941;0.3122971244781054;0.999324321767392;0.800000011920929;0.800000011920929;0.800000011920929
lidar;18.0;35.0;25.039932250976562;24.917724609375;9.715866088867188;0.29848945140838623;25.041963577270508;24.913541793823242;9.70141887664795;0.3136663812335577;0.999811470499133;0.800000011920929;0.800000011920929;0.800000011920929
lidar;18.0;35.0;25.040119171142578;24.922760009765625;9.714539527893066;0.2984349727630615;25.034536361694336;24.93350601196289;9.754258155822754;0.25691040773381457;0.9999940395358194;0.800000011920929;0.800000011920929;0.800000011920929
lidar;18.0;35.0;25.04030418395996;24.927793502807617;9.713212966918945;0.2984714210033417;25.042762756347656;24.923389434814453;9.695722579956055;0.31667460259120184;0.9998720288228753;0.800000011920929;0.800000011920929;0.800000011920929
lidar;18.0;35.0;25.040491104125977;24.932830810546875;9.711885452270508;0.2985988259315491;25.047990798950195;24.920391082763672;9.658528327941895;0.3538977366674633;0.9994454383696235;0.800000011920929;0.800000011920929;0.800000011920929
lidar;18.0;35.0;25.040678024291992;24.9378719329834;9.710556983947754;0.29881739616394043;25.03726577758789;24.943084716796875;9.734845161437988;0.27374250983287973;0.9987144469711314;0.800000011920929;0.800000011920929;0.800000011920929
lidar;18.0;35.0;25.040847778320312;24.942949295043945;9.709352493286133;0.2989976406097412;25.0382137298584;24.94662857055664;9.72809886932373;0.27971282009680354;0.9981126189271228;0.800000011920929;0.800000011920929;0.800000011920929
lidar;18.0;35.0;25.041011810302734;24.948040008544922;9.708184242248535;0.2992294430732727;25.044801712036133;24.9432373046875;9.681219100952148;0.32688023461280813;0.9973394277260917;0.800000011920929;0.800000011920929;0.800000011920929
lidar;18.0;35.0;25.041175842285156;24.953140258789062;9.707014083862305;0.29955294728279114;25.038814544677734;24.955827713012695;9.723824501037598;0.28236637122165675;0.9962624907631231;0.800000011920929;0.800000011920929;0.800000011920929
lidar;18.0;35.0;25.04134178161621;24.958251953125;9.705841064453125;0.2999686300754547;25.050615310668945;24.94888687133789;9.639849662780762;0.36726378858267755;0.994882046962244;0.800000011920929;0.800000011920929;0.800000011920929
lidar;18.0;35.0;25.04139518737793;24.96347999572754;9.705459594726562;0.2996683418750763;25.049114227294922;24.956668853759766;9.650527954101562;0.3555567608093654;0.9962390659292522;0.800000011920929;0.800000011920929;0.800000011920929
lidar;18.0;35.0;25.041440963745117;24.968704223632812;9.705135345458984;0.29940247535705566;25.04304313659668;24.967493057250977;9.693726539611816;0.31098713605302897;0.9971235992027804;0.800000011920929;0.800000011920929;0.800000011920929
lidar;18.0;35.0;25.04148292541504;24.973922729492188;9.704837799072266;0.2992017865180969;25.044584274291992;24.971973419189453;9.682768821716309;0.3215726738754131;0.9977923633959849;0.800000011920929;0.800000011920929;0.800000011920929
lidar;18.0;35.0;25.041515350341797;24.97913932800293;9.704597473144531;0.2990344762802124;25.037551879882812;24.98113250732422;9.732802391052246;0.270482721888076;0.9983505606265274;0.800000011920929;0.800000011920929;0.800000011920929
lidar;18.0;35.0;25.041545867919922;24.984355926513672;9.704384803771973;0.29893046617507935;25.033349990844727;24.987442016601562;9.762709617614746;0.23995129739938628;0.9986979961651831;0.800000011920929;0.800000011920929;0.800000011920929
lidar;18.0;35.0;25.041566848754883;24.98957061767578;9.70423698425293;0.2988521456718445;25.03601837158203;24.990962982177734;9.743709564208984;0.2589665434870571;0.9989597201744381;0.800000011920929;0.800000011920929;0.800000011920929
lidar;18.0;35.0;25.041580200195312;24.99478530883789;9.704146385192871;0.29880693554878235;25.044424057006836;24.994428634643555;9.683914184570312;0.3192410218643359;0.9991107582395697;0.800000011920929;0.800000011920929;0.800000011920929
lidar;18.0;35.0;25.04158592224121;25.0;9.704095840454102;0.2988118827342987;25.041414260864258;25.0;9.70531940460205;0.2975762593258684;0.999094426615914;0.800000011920929;0.800000011920929;0.800000011920929
lidar;18.0;35.0;25.041580200195312;25.00521469116211;9.704146385192871;0.29880693554878235;25.04273223876953;25.005359649658203;9.695950508117676;0.30708446485703617;0.9991107582395697;0.800000011920929;0.800000011920929;0.800000011920929
lidar;18.0;35.0;25.041566848754883;25.01042938232422;9.70423698425293;0.2988521456718445;25.04041290283203;25.01013946533203;9.712441444396973;0.2905618012577966;0.9989597201744381;0.800000011920929;0.800000011920929;0.800000011920929
lidar;18.0;35.0;25.041545867919922;25.015644073486328;9.704384803771973;0.29893043637275696;25.050458908081055;25.019001007080078;9.640971183776855;0.36305517867742887;0.9986979961651831;0.800000011920929;0.800000011920929;0.800000011920929
lidar;18.0;35.0;25.041515350341797;25.02086067199707;9.704597473144531;0.2990344762802124;25.046125411987305;25.023176193237305;9.671793937683105;0.33224110560571457;0.9983505606265274;0.800000011920929;0.800000011920929;0.800000011920929
lidar;18.0;35.0;25.04148292541504;25.026077270507812;9.704837799072266;0.2992017865180969;25.049989700317383;25.03142547607422;9.644303321838379;0.36056448635917193;0.9977923633959849;0.800000011920929;0.800000011920929;0.800000011920929
lidar;18.0;35.0;25.041440963745117;25.031295776367188;9.705135345458984;0.29940247535705566;25.030885696411133;25.023324966430664;9.780237197875977;0.22314526566681941;0.9971235992027804;0.800000011920929;0.800000011920929;0.800000011920929
lidar;18.0;35.0;25.04139518737793;25.03652000427246;9.705459594726562;0.2996683418750763;25.029029846191406;25.025611877441406;9.793436050415039;0.21016057432590174;0.9962390659292522;0.800000011920929;0.800000011920929;0.800000011920929
lidar;18.0;35.0;25.04134178161621;25.041748046875;9.705841064453125;0.2999686300754547;25.04608726501465;25.046539306640625;9.672076225280762;0.3344004941891347;0.9948821064356361;0.800000011920929;0.800000011920929;0.800000011920929
lidar;18.0;35.0;25.041175842285156;25.046859741210938;9.707014083862305;0.29955291748046875;25.03719711303711;25.04233169555664;9.735329627990723;0.2706026297082223;0.9962624907631231;0.800000011920929;0.800000011920929;0.800000011920929
lidar;18.0;35.0;25.041011810302734;25.051959991455078;9.708184242248535;0.29922938346862793;25.04076385498047;25.051647186279297;9.709945678710938;0.2974230323503624;0.9973394869269047;0.800000011920929;0.800000011920929;0.800000011920929
lidar;18.0;35.0;25.040847778320312;25.057050704956055;9.709352493286133;0.29899758100509644;25.043127059936523;25.06023406982422;9.693136215209961;0.31567928265707984;0.9981126189271228;0.800000011920929;0.800000011920929;0.800000011920929
lidar;18.0;35.0;25.040678024291992;25.0621280670166;9.710556983947754;0.2988174259662628;25.040992736816406;25.062606811523438;9.708321571350098;0.3011250476130594;0.9987144469711314;0.800000011920929;0.800000011920929;0.800000011920929
lidar;18.0;35.0;25.040491104125977;25.067169189453125;9.711885452270508;0.2985987365245819;25.0484561920166;25.080381393432617;9.655214309692383;0.35733274364233647;0.9994454383696235;0.800000011920929;0.800000011920929;0.800000011920929
lidar;18.0;35.0;25.04030418395996;25.072206497192383;9.713212966918945;0.29847124218940735;25.028034210205078;25.05022430419922;9.800521850585938;0.20760575968057315;0.9998720288228753;0.800000011920929;0.800000011920929;0.800000011920929
lidar;18.0;35.0;25.040119171142578;25.077239990234375;9.714539527893066;0.2984348237514496;25.049814224243164;25.095909118652344;9.645545959472656;0.37056416582849067;0.9999940395358194;0.800000011920929;0.800000011920929;0.800000011920929
lidar;18.0;35.0;25.039932250976562;25.082275390625;9.715866088867188;0.2984893321990967;25.038957595825195;25.08026885986328;9.722795486450195;0.29121009974060036;0.999811470499133;0.800000011920929;0.800000011920929;0.800000011920929
lidar;18.0;35.0;25.039745330810547;25.087312698364258;9.717193603515625;0.2986348271369934;25.036510467529297;25.080204010009766;9.740215301513672;0.2743248013325844;0.999324321767392;0.800000011920929;0.800000011920929;0.800000011920929
lidar;18.0;35.0;25.03955841064453;25.092355728149414;9.718522071838379;0.29887154698371887;25.038698196411133;25.090347290039062;9.724644660949707;0.2923713071485104;0.9985327720896411;0.800000011920929;0.800000011920929;0.800000011920929
lidar;18.0;35.0;25.039365768432617;25.097393035888672;9.719902038574219;0.2991480529308319;25.035079956054688;25.086790084838867;9.750393867492676;0.26658319551642295;0.9976095558260798;0.800000011920929;0.800000011920929;0.800000011920929
lidar;18.0;35.0;25.039161682128906;25.1024169921875;9.721349716186523;0.29944735765457153;25.049760818481445;25.13013458251953;9.645936965942383;0.38048872148295104;0.9966126680669811;0.800000011920929;0.800000011920929;0.800000011920929
lidar;18.0;35.0;25.038957595825195;25.107452392578125;9.722801208496094;0.2998385727405548;25.04473114013672;25.12337875366211;9.681714057922363;0.34428116910659345;0.9953122142176383;0.800000011920929;0.800000011920929;0.800000011920929
lidar;18.0;35.0;25.03862953186035;25.112144470214844;9.725133895874023;0.2993660867214203;25.042219161987305;25.1225643157959;9.699596405029297;0.3271798441034756;0.9962174296224694;0.800000011920929;0.800000011920929;0.800000011920929
lidar;18.0;35.0;25.038299560546875;25.11681365966797;9.727481842041016;0.2989620268344879;25.03190040588379;25.0972957611084;9.773014068603516;0.24901147895190648;0.9975640773232373;0.800000011920929;0.800000011920929;0.800000011920929
lidar;18.0;35.0;25.0379695892334;25.121471405029297;9.729825019836426;0.29864993691444397;25.041973114013672;25.134279251098633;9.701339721679688;0.33013705280693995;0.9986068011287764;0.800000011920929;0.800000011920929;0.800000011920929
lidar;18.0;35.0;25.037641525268555;25.126121520996094;9.732163429260254;0.2984291911125183;25.031673431396484;25.106121063232422;9.774636268615723;0.25110492589167477;0.9993454218075838;0.800000011920929;0.800000011920929;0.800000011920929
lidar;18.0;35.0;25.03731346130371;25.130765914916992;9.734498977661133;0.29829972982406616;25.028995513916016;25.101613998413086;9.793686866760254;0.23180036437083973;0.9997795820259572;0.800000011920929;0.800000011920929;0.800000011920929
lidar;18.0;35.0;25.036985397338867;25.135408401489258;9.736833572387695;0.2982611358165741;25.029953002929688;25.109657287597656;9.78687858581543;0.24154232394065345;0.9999092817291726;0.800000011920929;0.800000011920929;0.800000011920929
lidar;18.0;35.0;25.036657333374023;25.14004898071289;9.739168167114258;0.2983134388923645;25.035097122192383;25.13408660888672;9.750274658203125;0.285611019758235;0.9997343421165876;0.800000011920929;0.800000011920929;0.800000011920929
lidar;18.0;35.0;25.03632926940918;25.144695281982422;9.741504669189453;0.29845672845840454;25.03912353515625;25.155826568603516;9.72161865234375;0.3214166916687512;0.9992548227317614;0.800000011920929;0.800000011920929;0.800000011920929
lidar;18.0;35.0;25.036001205444336;25.14934539794922;9.743843078613281;0.29869112372398376;25.035608291625977;25.147716522216797;9.746638298034668;0.29543235128246553;0.9984710216912323;0.800000011920929;0.800000011920929;0.800000011920929
lidar;18.0;35.0;25.03567123413086;25.15400505065918;9.746186256408691;0.299017071723938;25.033979415893555;25.14670181274414;9.758223533630371;0.2848362401023943;0.9973830580860732;0.800000011920929;0.800000011920929;0.800000011920929
lidar;18.0;35.0;25.035341262817383;25.158676147460938;9.748536109924316;0.299435019493103;25.02978515625;25.13373374938965;9.788064002990723;0.25236603775250677;0.9959912893089145;0.800000011920929;0.800000011920929;0.800000011920929
lidar;18.0;35.0;25.03499412536621;25.163286209106445;9.751008033752441;0.29980695247650146;25.032739639282227;25.152767181396484;9.767048835754395;0.2804925716655944;0.9938896891711215;0.800000011920929;0.800000011920929;0.800000011920929
lidar;18.0;35.0;25.034547805786133;25.167438507080078;9.754178047180176;0.2994292974472046;25.03569984436035;25.173025131225586;9.745975494384766;0.30942017268661554;0.9951432348665108;0.800000011920929;0.800000011920929;0.800000011920929
lidar;18.0;35.0;25.034103393554688;25.171579360961914;9.757343292236328;0.2991402745246887;25.038206100463867;25.19222068786621;9.72815227508545;0.3351259006212132;0.996104419365873;0.800000011920929;0.800000011920929;0.800000011920929
lidar;18.0;35.0;25.033641815185547;25.17562484741211;9.760625839233398;0.2987906336784363;25.035236358642578;25.183950424194336;9.749279022216797;0.3129544886046654;0.9972698090202975;0.800000011920929;0.800000011920929;0.800000011920929
lidar;18.0;35.0;25.03318214416504;25.17966079711914;9.763901710510254;0.2985326647758484;25.03094482421875;25.16754722595215;9.779820442199707;0.2784036543687047;0.9981312750797399;0.800000011920929;0.800000011920929;0.800000011920929
lidar;18.0;35.0;25.03272247314453;25.183692932128906;9.767172813415527;0.2983660101890564;25.029315948486328;25.164567947387695;9.791413307189941;0.2673021873963904;0.9986887575038138;0.800000011920929;0.800000011920929;0.800000011920929
lidar;18.0;35.0;25.032262802124023;25.187719345092773;9.770441055297852;0.2982902228832245;25.024139404296875;25.140453338623047;9.828243255615234;0.22318141964984672;0.998942077077997;0.800000011920929;0.800000011920929;0.800000011920929
lidar;18.0;35.0;25.031803131103516;25.191747665405273;9.77370834350586;0.2983054220676422;25.035457611083984;25.213783264160156;9.747702598571777;0.33258753105570293;0.9988910556367964;0.800000011920929;0.800000011920929;0.800000011920929
lidar;18.0;35.0;25.031343460083008;25.195775985717773;9.7769775390625;0.2984115183353424;25.03370475769043;25.210525512695312;9.760174751281738;0.3208942854707319;0.9985358119562427;0.800000011920929;0.800000011920929;0.800000011920929
lidar;18.0;35.0;25.0308837890625;25.19980812072754;9.780250549316406;0.298608660697937;25.021997451782227;25.142309188842773;9.843486785888672;0.21267887080550602;0.9978764059322078;0.800000011920929;0.800000011920929;0.800000011920929
lidar;18.0;35.0;25.03042221069336;25.203847885131836;9.783528327941895;0.2988971769809723;25.027612686157227;25.185022354125977;9.803519248962402;0.27129352830410736;0.9969130156188802;0.800000011920929;0.800000011920929;0.800000011920929
lidar;18.0;35.0;25.02996063232422;25.207895278930664;9.786812782287598;0.2992774546146393;25.032880783081055;25.2281494140625;9.766043663024902;0.3284337851691852;0.9956459400219262;0.800000011920929;0.800000011920929;0.800000011920929
lidar;18.0;35.0;25.029430389404297;25.211467742919922;9.790590286254883;0.2990601658821106;25.031999588012695;25.229930877685547;9.772307395935059;0.32517062878929337;0.9954308272861027;0.800000011920929;0.800000011920929;0.800000011920929
lidar;18.0;35.0;25.025768280029297;24.788551330566406;9.790127754211426;0.29903316497802734;25.01425552368164;24.883026123046875;9.883898735046387;0.1654253313993045;0.995520890017529;0.800000011920929;0.800000011920929;0.800000011920929
lidar;18.0;35.0;25.02622413635254;24.792205810546875;9.78642749786377;0.29913079738616943;25.025127410888672;24.800884246826172;9.7953462600708;0.2866386739415053;0.9961339828722884;0.800000011920929;0.800000011920929;0.800000011920929
lidar;18.0;35.0;25.026628494262695;24.796253204345703;9.783138275146484;0.2987484633922577;25.02835464477539;24.783031463623047;9.769064903259277;0.31813533005329675;0.9974091647954847;0.800000011920929;0.800000011920929;0.800000011920929
lidar;18.0;35.0;25.02703094482422;24.80029296875;9.779855728149414;0.2984578013420105;25.030576705932617;24.774089813232422;9.750970840454102;0.33761809588933556;0.9983806609389205;0.800000011920929;0.800000011920929;0.800000011920929
lidar;18.0;35.0;25.027433395385742;24.804325103759766;9.776578903198242;0.29825857281684875;25.035015106201172;24.750234603881836;9.714818954467773;0.3807060270490601;0.9990478753291637;0.800000011920929;0.800000011920929;0.800000011920929
lidar;18.0;35.0;25.027833938598633;24.808353424072266;9.773305892944336;0.2981502413749695;25.02985382080078;24.794445037841797;9.756855964660645;0.319785761895002;0.9994108677073613;0.800000011920929;0.800000011920929;0.800000011920929
lidar;18.0;35.0;25.028236389160156;24.8123779296875;9.770033836364746;0.29813286662101746;25.021892547607422;24.854530334472656;9.821700096130371;0.23115259289132445;0.9994693994564072;0.800000011920929;0.800000011920929;0.800000011920929
lidar;18.0;35.0;25.02863883972168;24.81640625;9.766761779785156;0.2982063293457031;25.02901268005371;24.814010620117188;9.763718605041504;0.3020973925849476;0.9992234111331427;0.800000011920929;0.800000011920929;0.800000011920929
lidar;18.0;35.0;25.029041290283203;24.820436477661133;9.763486862182617;0.29837071895599365;25.029033660888672;24.820476531982422;9.76353931427002;0.29830415424772044;0.9986730814861178;0.800000011920929;0.800000011920929;0.800000011920929
lidar;18.0;35.0;25.029443740844727;24.824472427368164;9.760207176208496;0.29862627387046814;25.020427703857422;24.87822151184082;9.833635330200195;0.2071825791264983;0.9978186486687505;0.800000011920929;0.800000011920929;0.800000011920929
lidar;18.0;35.0;25.02984619140625;24.828516006469727;9.75692081451416;0.29897341132164;25.02153205871582;24.87628173828125;9.824628829956055;0.2156962797727486;0.9966601731055896;0.800000011920929;0.800000011920929;0.800000011920929
lidar;18.0;35.0;25.030250549316406;24.832571029663086;9.753625869750977;0.29941272735595703;25.029508590698242;24.83667755126953;9.75967025756836;0.2920671991115507;0.9951981309531729;0.800000011920929;0.800000011920929;0.800000011920929
lidar;18.0;35.0;25.030649185180664;24.83667755126953;9.750381469726562;0.2998711168766022;25.02745819091797;24.853681564331055;9.77637004852295;0.26865077081708716;0.9945432545946009;0.800000011920929;0.800000011920929;0.800000011920929
lidar;18.0;35.0;25.03095054626465;24.8413028717041;9.747925758361816;0.2994730770587921;25.030994415283203;24.841079711914062;9.747570991516113;0.2998945613050847;0.9958646895155685;0.800000011920929;0.800000011920929;0.800000011920929
lidar;18.0;35.0;25.031246185302734;24.845945358276367;9.745521545410156;0.29911211133003235;25.030513763427734;24.84955596923828;9.751483917236328;0.2921043960085737;0.997066021054961;0.800000011920929;0.800000011920929;0.800000011920929
lidar;18.0;35.0;25.03153419494629;24.85060691833496;9.743171691894531;0.29878702759742737;25.033321380615234;24.84213638305664;9.72861099243164;0.31572615388159897;0.9981507658528732;0.800000011920929;0.800000011920929;0.800000011920929
lidar;18.0;35.0;25.031822204589844;24.85525894165039;9.740825653076172;0.2985534369945526;25.033720016479492;24.846628189086914;9.725371360778809;0.31635579171311995;0.998931467496395;0.800000011920929;0.800000011920929;0.800000011920929
lidar;18.0;35.0;25.0321102142334;24.859905242919922;9.738482475280762;0.2984110414981842;25.03347396850586;24.85395622253418;9.727378845214844;0.3110815429996784;0.9994078278814678;0.800000011920929;0.800000011920929;0.800000011920929
lidar;18.0;35.0;25.032398223876953;24.864547729492188;9.736141204833984;0.29835957288742065;25.038455963134766;24.839223861694336;9.686811447143555;0.3541393674760127;0.9995797872395183;0.800000011920929;0.800000011920929;0.800000011920929
lidar;18.0;35.0;25.032684326171875;24.869190216064453;9.733799934387207;0.29839906096458435;25.02729606628418;24.89075469970703;9.77768325805664;0.24920722796554495;0.9994472265668446;0.800000011920929;0.800000011920929;0.800000011920929
lidar;18.0;35.0;25.03297233581543;24.873836517333984;9.731456756591797;0.2985294461250305;25.031585693359375;24.87914276123047;9.742752075195312;0.28597314431898896;0.9990102648732598;0.800000011920929;0.800000011920929;0.800000011920929
lidar;18.0;35.0;25.033260345458984;24.87848663330078;9.729111671447754;0.2987510561943054;25.04092025756836;24.850507736206055;9.666736602783203;0.3675418889000853;0.9982689619506644;0.800000011920929;0.800000011920929;0.800000011920929
lidar;18.0;35.0;25.03354835510254;24.883146286010742;9.726761817932129;0.29906412959098816;25.03941535949707;24.86271095275879;9.67897891998291;0.351363504936355;0.9972236155077773;0.800000011920929;0.800000011920929;0.800000011920929
lidar;18.0;35.0;25.033838272094727;24.8878173828125;9.724407196044922;0.2994691729545593;25.03948974609375;24.86907958984375;9.678376197814941;0.3494877195220153;0.9958745241106839;0.800000011920929;0.800000011920929;0.800000011920929
lidar;18.0;35.0;25.03409194946289;24.892620086669922;9.722349166870117;0.2996377944946289;25.04352378845215;24.8629093170166;9.645530700683594;0.38253902791888994;0.9959792494279901;0.800000011920929;0.800000011920929;0.800000011920929
lidar;18.0;35.0;25.034269332885742;24.89765167236328;9.72089672088623;0.2992457449436188;25.039777755737305;24.88119888305664;9.676030158996582;0.34735024389926666;0.9972841142011637;0.800000011920929;0.800000011920929;0.800000011920929
lidar;18.0;35.0;25.034446716308594;24.902671813964844;9.71944808959961;0.29894569516181946;25.030532836914062;24.913732528686523;9.751326560974121;0.2649769682702364;0.9982849955941102;0.800000011920929;0.800000011920929;0.800000011920929
lidar;18.0;35.0;25.034624099731445;24.907684326171875;9.718001365661621;0.29873713850975037;25.041181564331055;24.89020538330078;9.664607048034668;0.3553011122122405;0.9989820122055539;0.800000011920929;0.800000011920929;0.800000011920929
lidar;18.0;35.0;25.03480339050293;24.912691116333008;9.716557502746582;0.29861974716186523;25.026222229003906;24.934219360351562;9.786444664001465;0.224990574680434;0.9993746280483726;0.800000011920929;0.800000011920929;0.800000011920929
lidar;18.0;35.0;25.03497314453125;24.917709350585938;9.715157508850098;0.29854652285575867;25.037181854248047;24.912513732910156;9.69717025756836;0.3173990991590835;0.9996199607907376;0.800000011920929;0.800000011920929;0.800000011920929
lidar;18.0;35.0;25.035137176513672;24.922744750976562;9.713827133178711;0.2984923720359802;25.035348892211914;24.922279357910156;9.712102890014648;0.30029171747669753;0.9998015761482014;0.800000011920929;0.800000011920929;0.800000011920929
lidar;18.0;35.0;25.035301208496094;24.927778244018555;9.71249771118164;0.29852908849716187;25.043720245361328;24.91055679321289;9.64393424987793;0.3697222593348709;0.9996787309608748;0.800000011920929;0.800000011920929;0.800000011920929
lidar;18.0;35.0;25.035463333129883;24.932817459106445;9.711166381835938;0.2986568510532379;25.04370880126953;24.917198181152344;9.64401912689209;0.3680887073104353;0.9992513059858857;0.800000011920929;0.800000011920929;0.800000011920929
lidar;18.0;35.0;25.035627365112305;24.9378604888916;9.709834098815918;0.2988757789134979;25.04336929321289;24.92435646057129;9.64677906036377;0.363824486377715;0.9985195397665825;0.800000011920929;0.800000011920929;0.800000011920929
lidar;18.0;35.0;25.035791397094727;24.942913055419922;9.708499908447266;0.29918619990348816;25.035751342773438;24.942977905273438;9.708830833435059;0.2988466408757589;0.9974836109687639;0.800000011920929;0.800000011920929;0.800000011920929
lidar;18.0;35.0;25.03594970703125;24.947986602783203;9.707218170166016;0.29953160881996155;25.038162231445312;24.94478416442871;9.689192771911621;0.31797227213898566;0.9963334202925711;0.800000011920929;0.800000011920929;0.800000011920929
lidar;18.0;35.0;25.03609275817871;24.953092575073242;9.706042289733887;0.29985666275024414;25.02635955810547;24.965744018554688;9.78532600402832;0.2189818941977984;0.9952535032260297;0.800000011920929;0.800000011920929;0.800000011920929
lidar;18.0;35.0;25.036165237426758;24.958293914794922;9.705461502075195;0.2996668517589569;25.05048179626465;24.94178581237793;9.5888671875;0.41829123389819917;0.9962439539004754;0.800000011920929;0.800000011920929;0.800000011920929
lidar;18.0;35.0;25.036212921142578;24.96351432800293;9.70506477355957;0.2993813455104828;25.0468807220459;24.95276641845703;9.618188858032227;0.387567345493637;0.9971941111461053;0.800000011920929;0.800000011920929;0.800000011920929
lidar;18.0;35.0;25.0362548828125;24.968732833862305;9.704736709594727;0.299119234085083;25.03809356689453;24.967147827148438;9.68975830078125;0.31429339113121246;0.998068034671001;0.800000011920929;0.800000011920929;0.800000011920929
lidar;18.0;35.0;25.036293029785156;24.97394561767578;9.704412460327148;0.2989448606967926;25.04530143737793;24.967477798461914;9.631047248840332;0.37314363998440675;0.9986503125165949;0.800000011920929;0.800000011920929;0.800000011920929
lidar;18.0;35.0;25.036327362060547;24.979156494140625;9.704143524169922;0.29880645871162415;25.021669387817383;24.987565994262695;9.823516845703125;0.17824245765621746;0.9991127252166124;0.800000011920929;0.800000011920929;0.800000011920929
lidar;18.0;35.0;25.03635597229004;24.984365463256836;9.703903198242188;0.29873016476631165;25.037647247314453;24.983810424804688;9.693389892578125;0.3093370388150027;0.9993676542993948;0.800000011920929;0.800000011920929;0.800000011920929
lidar;18.0;35.0;25.036375045776367;24.98957633972168;9.703744888305664;0.29866212606430054;25.036056518554688;24.989667892456055;9.706345558166504;0.29603987350006317;0.9995955228858315;0.800000011920929;0.800000011920929;0.800000011920929
lidar;18.0;35.0;25.036388397216797;24.994787216186523;9.703635215759277;0.2986363470554352;25.04079246520996;24.994157791137695;9.66777229309082;0.33477322783463337;0.9996817112099441;0.800000011920929;0.800000011920929;0.800000011920929
lidar;18.0;35.0;25.036396026611328;25.0;9.703584671020508;0.29864129424095154;25.029926300048828;25.0;9.756265640258789;0.24556504732192713;0.999665439138244;0.800000011920929;0.800000011920929;0.800000011920929
lidar;18.0;35.0;25.036388397216797;25.005212783813477;9.703635215759277;0.2986363470554352;25.040773391723633;25.005840301513672;9.667932510375977;0.3346124274811199;0.9996817112099441;0.800000011920929;0.800000011920929;0.800000011920929
lidar;18.0;35.0;25.036375045776367;25.01042366027832;9.703744888305664;0.29866212606430054;25.034395217895508;25.009855270385742;9.71987247467041;0.28240360131588155;0.9995955228858315;0.800000011920929;0.800000011920929;0.800000011920929
lidar;18.0;35.0;25.03635597229004;25.015634536743164;9.703903198242188;0.29873016476631165;25.042526245117188;25.018287658691406;9.653646469116211;0.3494336516935105;0.9993676542993948;0.800000011920929;0.800000011920929;0.800000011920929
lidar;18.0;35.0;25.036327362060547;25.020843505859375;9.704143524169922;0.29880645871162415;25.023563385009766;25.013521194458008;9.80809211730957;0.19382144724834932;0.9991127252166124;0.800000011920929;0.800000011920929;0.800000011920929
lidar;18.0;35.0;25.036293029785156;25.02605438232422;9.704412460327148;0.2989448606967926;25.041309356689453;25.02965545654297;9.66356372833252;0.34025782833963286;0.9986503125165949;0.800000011920929;0.800000011920929;0.800000011920929
lidar;18.0;35.0;25.0362548828125;25.031267166137695;9.704736709594727;0.299119234085083;25.030771255493164;25.02653694152832;9.749397277832031;0.25387530048707896;0.998068034671001;0.800000011920929;0.800000011920929;0.800000011920929
lidar;18.0;35.0;25.036212921142578;25.03648567199707;9.70506477355957;0.2993813157081604;25.033199310302734;25.033449172973633;9.729612350463867;0.2744639206298578;0.9971940514671007;0.800000011920929;0.800000011920929;0.800000011920929
lidar;18.0;35.0;25.036165237426758;25.041706085205078;9.705461502075195;0.2996668517589569;25.041522979736328;25.04788589477539;9.661816596984863;0.34407176196856903;0.9962439539004754;0.800000011920929;0.800000011920929;0.800000011920929
lidar;18.0;35.0;25.03609275817871;25.046907424926758;9.706042289733887;0.29985663294792175;25.034841537475586;25.04528045654297;9.716239929199219;0.28945502135771717;0.9952535032260297;0.800000011920929;0.800000011920929;0.800000011920929
lidar;18.0;35.0;25.03594970703125;25.052013397216797;9.707218170166016;0.29953157901763916;25.032590866088867;25.047155380249023;9.734565734863281;0.27155325903311767;0.9963334202925711;0.800000011920929;0.800000011920929;0.800000011920929
lidar;18.0;35.0;25.035791397094727;25.057086944580078;9.708499908447266;0.2991861402988434;25.039993286132812;25.06378746032715;9.674287796020508;0.33430069140522223;0.9974836109687639;0.800000011920929;0.800000011920929;0.800000011920929
lidar;18.0;35.0;25.035627365112305;25.0621395111084;9.709835052490234;0.298875629901886;25.032339096069336;25.056406021118164;9.736614227294922;0.27129263092952627;0.9985195397665825;0.800000011920929;0.800000011920929;0.800000011920929
lidar;18.0;35.0;25.035463333129883;25.067182540893555;9.711167335510254;0.2986566722393036;25.04319953918457;25.081838607788086;9.648161888122559;0.3638047781895517;0.9992513059858857;0.800000011920929;0.800000011920929;0.800000011920929
lidar;18.0;35.0;25.035301208496094;25.072221755981445;9.71249771118164;0.2985289692878723;25.027334213256836;25.05592155456543;9.777379989624023;0.2311585540399762;0.9996787309608748;0.800000011920929;0.800000011920929;0.800000011920929
lidar;18.0;35.0;25.035137176513672;25.077255249023438;9.713828086853027;0.29849228262901306;25.040098190307617;25.088163375854492;9.673423767089844;0.3406352313728405;0.9998015761482014;0.800000011920929;0.800000011920929;0.800000011920929
lidar;18.0;35.0;25.03497314453125;25.082290649414062;9.715157508850098;0.29854652285575867;25.022008895874023;25.051786422729492;9.8207426071167;0.18788132977089916;0.9996199607907376;0.800000011920929;0.800000011920929;0.800000011920929
lidar;18.0;35.0;25.03480339050293;25.087308883666992;9.716557502746582;0.29861980676651;25.036293029785156;25.091049194335938;9.704410552978516;0.3114165421792695;0.9993746280483726;0.800000011920929;0.800000011920929;0.800000011920929
lidar;18.0;35.0;25.034624099731445;25.092315673828125;9.718002319335938;0.2987370491027832;25.02720832824707;25.072542190551758;9.778402328491211;0.2347510197443558;0.9989820122055539;0.800000011920929;0.800000011920929;0.800000011920929
lidar;18.0;35.0;25.034446716308594;25.097328186035156;9.71944808959961;0.2989456355571747;25.0377197265625;25.106571197509766;9.692803382873535;0.3273375751133955;0.9982849955941102;0.800000011920929;0.800000011920929;0.800000011920929
lidar;18.0;35.0;25.034269332885742;25.10234832763672;9.72089672088623;0.299245685338974;25.04149627685547;25.123931884765625;9.66203784942627;0.3623526297665829;0.9972841142011637;0.800000011920929;0.800000011920929;0.800000011920929
lidar;18.0;35.0;25.03409194946289;25.107379913330078;9.722349166870117;0.2996377944946289;25.03923225402832;25.123573303222656;9.680481910705566;0.34482065210714796;0.9959792494279901;0.800000011920929;0.800000011920929;0.800000011920929
lidar;18.0;35.0;25.033838272094727;25.1121826171875;9.724407196044922;0.29946911334991455;25.022785186767578;25.075536727905273;9.814433097839355;0.201643873212641;0.9958745241106839;0.800000011920929;0.800000011920929;0.800000011920929
lidar;18.0;35.0;25.03354835510254;25.116853713989258;9.726761817932129;0.29906409978866577;25.036766052246094;25.12805938720703;9.700559616088867;0.32774303113102904;0.9972236155077773;0.800000011920929;0.800000011920929;0.800000011920929
lidar;18.0;35.0;25.033260345458984;25.12151336669922;9.729111671447754;0.2987509071826935;25.037399291992188;25.136629104614258;9.695411682128906;0.3359176551363601;0.9982689619506644;0.800000011920929;0.800000011920929;0.800000011920929
lidar;18.0;35.0;25.03297233581543;25.126163482666016;9.731457710266113;0.29852938652038574;25.024545669555664;25.093917846679688;9.800092697143555;0.22222942525310807;0.9990102648732598;0.800000011920929;0.800000011920929;0.800000011920929
lidar;18.0;35.0;25.032684326171875;25.130809783935547;9.733799934387207;0.2983989417552948;25.03248405456543;25.1300048828125;9.735438346862793;0.29656196648565314;0.9994472265668446;0.800000011920929;0.800000011920929;0.800000011920929
lidar;18.0;35.0;25.032398223876953;25.135452270507812;9.736141204833984;0.2983594834804535;25.029626846313477;25.12386703491211;9.758709907531738;0.2728403614514445;0.9995797872395183;0.800000011920929;0.800000011920929;0.800000011920929
lidar;18.0;35.0;25.0321102142334;25.140094757080078;9.738482475280762;0.29841095209121704;25.04200553894043;25.183265686035156;9.657896995544434;0.39036494064159166;0.9994078278814678;0.800000011920929;0.800000011920929;0.800000011920929
lidar;18.0;35.0;25.031822204589844;25.14474105834961;9.740825653076172;0.29855334758758545;25.03409767150879;25.15508460998535;9.722305297851562;0.31988736708603976;0.998931467496395;0.800000011920929;0.800000011920929;0.800000011920929
lidar;18.0;35.0;25.03153419494629;25.14939308166504;9.743171691894531;0.29878702759742737;25.03398895263672;25.161026000976562;9.723175048828125;0.3220507685530971;0.9981507658528732;0.800000011920929;0.800000011920929;0.800000011920929
lidar;18.0;35.0;25.031246185302734;25.154054641723633;9.745521545410156;0.2991121709346771;25.033679962158203;25.16604995727539;9.725704193115234;0.32240517626339493;0.997066021054961;0.800000011920929;0.800000011920929;0.800000011920929
lidar;18.0;35.0;25.03095054626465;25.1586971282959;9.747925758361816;0.2994730770587921;25.02669334411621;25.136865615844727;9.782600402832031;0.2582781662591016;0.9958646895155685;0.800000011920929;0.800000011920929;0.800000011920929
lidar;18.0;35.0;25.030649185180664;25.16332244873047;9.750381469726562;0.2998711168766022;25.020036697387695;25.10677146911621;9.836811065673828;0.19604210989677417;0.9945431947437119;0.800000011920929;0.800000011920929;0.800000011920929
lidar;18.0;35.0;25.030250549316406;25.167428970336914;9.753625869750977;0.29941269755363464;25.029186248779297;25.16153335571289;9.762301445007324;0.288869304658932;0.9951981900238535;0.800000011920929;0.800000011920929;0.800000011920929
lidar;18.0;35.0;25.02984619140625;25.171483993530273;9.75692081451416;0.29897341132164;25.03554916381836;25.204252243041992;9.710472106933594;0.35610257417878965;0.9966602327305789;0.800000011920929;0.800000011920929;0.800000011920929
lidar;18.0;35.0;25.029443740844727;25.175527572631836;9.760207176208496;0.29862624406814575;25.025096893310547;25.149621963500977;9.795598030090332;0.2545526374911251;0.9978186486687505;0.800000011920929;0.800000011920929;0.800000011920929
lidar;18.0;35.0;25.029041290283203;25.179563522338867;9.763486862182617;0.2983706593513489;25.023292541503906;25.144027709960938;9.81029224395752;0.23932378611123922;0.9986730814861178;0.800000011920929;0.800000011920929;0.800000011920929
lidar;18.0;35.0;25.02863883972168;25.18359375;9.766761779785156;0.29820629954338074;25.03363037109375;25.21559715270996;9.726104736328125;0.3501886865550041;0.9992234111331427;0.800000011920929;0.800000011920929;0.800000011920929
lidar;18.0;35.0;25.028236389160156;25.1876220703125;9.770033836364746;0.29813286662101746;25.023578643798828;25.15666961669922;9.807971000671387;0.2489507503168188;0.9994693994564072;0.800000011920929;0.800000011920929;0.800000011920929
lidar;18.0;35.0;25.027833938598633;25.191646575927734;9.773305892944336;0.29815027117729187;25.026399612426758;25.1817626953125;9.78499698638916;0.2827737688056845;0.9994108677073613;0.800000011920929;0.800000011920929;0.800000011920929
lidar;18.0;35.0;25.027433395385742;25.195674896240234;9.776578903198242;0.29825857281684875;25.027671813964844;25.197385787963867;9.774626731872559;0.30086566656693403;0.9990478753291637;0.800000011920929;0.800000011920929;0.800000011920929
lidar;18.0;35.0;25.02703094482422;25.19970703125;9.779855728149414;0.2984578013420105;25.029029846191406;25.21448516845703;9.763565063476562;0.32054401848689756;0.9983806609389205;0.800000011920929;0.800000011920929;0.800000011920929
lidar;18.0;35.0;25.026628494262695;25.203746795654297;9.783138275146484;0.2987484633922577;25.03325843811035;25.25448226928711;9.729135513305664;0.3731416977939779;0.9974091647954847;0.800000011920929;0.800000011920929;0.800000011920929
lidar;18.0;35.0;25.02622413635254;25.207794189453125;9.78642749786377;0.29913079738616943;25.02956199645996;25.234251022338867;9.759234428405762;0.33721768433953664;0.9961339828722884;0.800000011920929;0.800000011920929;0.800000011920929
lidar;18.0;35.0;25.025768280029297;25.211448669433594;9.790127754211426;0.29903316497802734;25.019575119018555;25.16062355041504;9.840574264526367;0.22715593968198364;0.9955209491862218;0.800000011920929;0.800000011920929;0.800000011920929
lidar;18.0;35.0;25.022104263305664;24.788541793823242;9.789700508117676;0.2990473210811615;25.020221710205078;24.80655288696289;9.807613372802734;0.2735751747348642;0.9954737423999336;0.800000011920929;0.800000011920929;0.800000011920929
lidar;18.0;35.0;25.022485733032227;24.792272567749023;9.786070823669434;0.2990351915359497;25.020647048950195;24.809253692626953;9.803559303283691;0.27458926546131907;0.9964526296251056;0.800000011920929;0.800000011920929;0.800000011920929
lidar;18.0;35.0;25.022830963134766;24.79631996154785;9.782776832580566;0.29865148663520813;25.016868591308594;24.84951400756836;9.839507102966309;0.22065483227350574;0.9977331161791577;0.800000011920929;0.800000011920929;0.800000011920929
lidar;18.0;35.0;25.023176193237305;24.800357818603516;9.77949047088623;0.2983594238758087;25.02651023864746;24.771650314331055;9.747781753540039;0.34126287296198243;0.9987097382452794;0.800000011920929;0.800000011920929;0.800000011920929
lidar;18.0;35.0;25.023521423339844;24.80438995361328;9.776209831237793;0.2981588542461395;25.024152755737305;24.799137115478516;9.770200729370117;0.30616475503437146;0.9993821382078474;0.800000011920929;0.800000011920929;0.800000011920929
lidar;18.0;35.0;25.023866653442383;24.80841827392578;9.772932052612305;0.29804906249046326;25.022083282470703;24.822725296020508;9.78989028930664;0.27579021297634804;0.9997501373200411;0.800000011920929;0.800000011920929;0.800000011920929
lidar;18.0;35.0;25.02420997619629;24.812442779541016;9.76965618133545;0.29803019762039185;25.029338836669922;24.772716522216797;9.720865249633789;0.36115717756597715;0.9998135566767737;0.800000011920929;0.800000011920929;0.800000011920929
lidar;18.0;35.0;25.024555206298828;24.816469192504883;9.766379356384277;0.2981022000312805;25.025285720825195;24.810998916625977;9.759413719177246;0.30698969218128325;0.9995724559098624;0.800000011920929;0.800000011920929;0.800000011920929
lidar;18.0;35.0;25.024898529052734;24.820499420166016;9.763099670410156;0.2982650399208069;25.018226623535156;24.86859703063965;9.826578140258789;0.21834347661475445;0.9990268349043095;0.800000011920929;0.800000011920929;0.800000011920929
lidar;18.0;35.0;25.025243759155273;24.824535369873047;9.75981616973877;0.2985190749168396;25.028547286987305;24.80158233642578;9.728398323059082;0.33756694224381967;0.9981769324072969;0.800000011920929;0.800000011920929;0.800000011920929
lidar;18.0;35.0;25.025590896606445;24.82857894897461;9.756525039672852;0.29886460304260254;25.02610206604004;24.825151443481445;9.751657485961914;0.30484055530580606;0.9970229866339207;0.800000011920929;0.800000011920929;0.800000011920929
lidar;18.0;35.0;25.025936126708984;24.832632064819336;9.753226280212402;0.2993023097515106;25.031719207763672;24.795318603515625;9.698209762573242;0.3660302268648682;0.9955652950914512;0.800000011920929;0.800000011920929;0.800000011920929
lidar;18.0;35.0;25.026268005371094;24.836807250976562;9.750082015991211;0.29963451623916626;25.02630615234375;24.836566925048828;9.749712944030762;0.3000766815326937;0.9953284858307543;0.800000011920929;0.800000011920929;0.800000011920929
lidar;18.0;35.0;25.026525497436523;24.8414306640625;9.747625350952148;0.29923442006111145;25.026927947998047;24.839031219482422;9.743806838989258;0.30376143670134403;0.9966587425549931;0.800000011920929;0.800000011920929;0.800000011920929
lidar;18.0;35.0;25.026782989501953;24.846040725708008;9.745173454284668;0.29892638325691223;25.030033111572266;24.827362060546875;9.714255332946777;0.3351952099071092;0.9976853727596549;0.800000011920929;0.800000011920929;0.800000011920929
lidar;18.0;35.0;25.027040481567383;24.850645065307617;9.74272632598877;0.2987099587917328;25.030994415283203;24.82880973815918;9.705114364624023;0.34238020906629657;0.9984079600012749;0.800000011920929;0.800000011920929;0.800000011920929
lidar;18.0;35.0;25.027297973632812;24.855243682861328;9.740283012390137;0.2985846698284149;25.034866333007812;24.815105438232422;9.668269157409668;0.381375220767579;0.9988265037623075;0.800000011920929;0.800000011920929;0.800000011920929
lidar;18.0;35.0;25.02755355834961;24.859838485717773;9.737839698791504;0.29855042695999146;25.025257110595703;24.87152671813965;9.759699821472168;0.2736558215741057;0.9989408254469333;0.800000011920929;0.800000011920929;0.800000011920929
lidar;18.0;35.0;25.027803421020508;24.864469528198242;9.735465049743652;0.2985302209854126;25.0325984954834;24.841096878051758;9.689844131469727;0.35001399474412687;0.9990084171002367;0.800000011920929;0.800000011920929;0.800000011920929
lidar;18.0;35.0;25.028051376342773;24.869115829467773;9.733116149902344;0.2985711991786957;25.028858184814453;24.86534881591797;9.725435256958008;0.30716379829556384;0.9988709092943943;0.800000011920929;0.800000011920929;0.800000011920929
lidar;18.0;35.0;25.028297424316406;24.873762130737305;9.730766296386719;0.2987031638622284;25.027084350585938;24.879175186157227;9.7423095703125;0.28589592666001057;0.9984290600527788;0.800000011920929;0.800000011920929;0.800000011920929
lidar;18.0;35.0;25.028545379638672;24.878416061401367;9.728412628173828;0.298926442861557;25.02680778503418;24.885814666748047;9.744938850402832;0.28073738296172634;0.9976831673647262;0.800000011920929;0.800000011920929;0.800000011920929
lidar;18.0;35.0;25.028793334960938;24.88307762145996;9.726056098937988;0.29924118518829346;25.034257888793945;24.860889434814453;9.674070358276367;0.35602767072325237;0.9966334107242001;0.800000011920929;0.800000011920929;0.800000011920929
lidar;18.0;35.0;25.029041290283203;24.88775062561035;9.723692893981934;0.2996480464935303;25.02598762512207;24.899551391601562;9.752744674682617;0.2681419618193855;0.9952800273886172;0.800000011920929;0.800000011920929;0.800000011920929
lidar;18.0;35.0;25.02922821044922;24.892662048339844;9.721906661987305;0.29951921105384827;25.031688690185547;24.883628845214844;9.698505401611328;0.32472306866197237;0.9963734151735835;0.800000011920929;0.800000011920929;0.800000011920929
lidar;18.0;35.0;25.029380798339844;24.89769172668457;9.720452308654785;0.2991268038749695;25.025785446166992;24.910215377807617;9.754672050476074;0.2625102813389346;0.9976807834269051;0.800000011920929;0.800000011920929;0.800000011920929
lidar;18.0;35.0;25.02953338623047;24.902711868286133;9.719001770019531;0.2988261580467224;25.028291702270508;24.906801223754883;9.730814933776855;0.2862634629406295;0.9986843466781486;0.800000011920929;0.800000011920929;0.800000011920929
lidar;18.0;35.0;25.029685974121094;24.90772247314453;9.717554092407227;0.29861709475517273;25.03330421447754;24.89647674560547;9.683135032653809;0.33500710768544895;0.99938350911536;0.800000011920929;0.800000011920929;0.800000011920929
lidar;18.0;35.0;25.02983856201172;24.91272735595703;9.716107368469238;0.29849913716316223;25.023420333862305;24.931499481201172;9.777172088623047;0.23429241581582747;0.9997783899110958;0.800000011920929;0.800000011920929;0.800000011920929
lidar;18.0;35.0;25.029991149902344;24.9177303314209;9.714661598205566;0.29847219586372375;25.034067153930664;24.906545639038086;9.675867080688477;0.3390520759331717;0.9998686909684608;0.800000011920929;0.800000011920929;0.800000011920929
lidar;18.0;35.0;25.030141830444336;24.922733306884766;9.713215827941895;0.29853618144989014;25.03773307800293;24.903274536132812;9.640992164611816;0.373719610080177;0.9996544122592912;0.800000011920929;0.800000011920929;0.800000011920929
lidar;18.0;35.0;25.030292510986328;24.927743911743164;9.711787223815918;0.29867202043533325;25.02601432800293;24.937946319580078;9.752482414245605;0.25650018274142583;0.9991998672810225;0.800000011920929;0.800000011920929;0.800000011920929
lidar;18.0;35.0;25.030431747436523;24.932785034179688;9.71045207977295;0.2988005578517914;25.037860870361328;24.9163761138916;9.639772415161133;0.37173971134049216;0.9987704156969563;0.800000011920929;0.800000011920929;0.800000011920929
lidar;18.0;35.0;25.03057289123535;24.937829971313477;9.70911693572998;0.2990201711654663;25.029878616333008;24.939241409301758;9.71572208404541;0.292230128220488;0.9980368614023126;0.800000011920929;0.800000011920929;0.800000011920929
lidar;18.0;35.0;25.03071403503418;24.94288444519043;9.707777976989746;0.29933151602745056;25.03546714782715;24.934043884277344;9.662548065185547;0.3456617562881422;0.9969990849464598;0.800000011920929;0.800000011920929;0.800000011920929
lidar;18.0;35.0;25.030855178833008;24.947952270507812;9.706436157226562;0.29973477125167847;25.033769607543945;24.94303321838379;9.678698539733887;0.32805535866597796;0.9956577421886412;0.800000011920929;0.800000011920929;0.800000011920929
lidar;18.0;35.0;25.030948638916016;24.95310401916504;9.705536842346191;0.2997754216194153;25.036775588989258;24.94427490234375;9.650099754333496;0.3562134516399914;0.9958828687241958;0.800000011920929;0.800000011920929;0.800000011920929
lidar;18.0;35.0;25.03099250793457;24.958330154418945;9.705133438110352;0.29940420389175415;25.039560317993164;24.946809768676758;9.623607635498047;0.3821854751686019;0.9971180557082558;0.800000011920929;0.800000011920929;0.800000011920929
lidar;18.0;35.0;25.031034469604492;24.963546752929688;9.704737663269043;0.2991185784339905;25.029085159301758;24.965835571289062;9.72327709197998;0.2803366683647972;0.9980701208984131;0.800000011920929;0.800000011920929;0.800000011920929
lidar;18.0;35.0;25.03107452392578;24.968753814697266;9.704341888427734;0.2989245355129242;25.03380012512207;24.966012954711914;9.678414344787598;0.3251386524530894;0.9987182617982966;0.800000011920929;0.800000011920929;0.800000011920929
lidar;18.0;35.0;25.031108856201172;24.973962783813477;9.704014778137207;0.2987523376941681;25.03451156616211;24.971115112304688;9.671645164489746;0.3314248423770901;0.9992938638408713;0.800000011920929;0.800000011920929;0.800000011920929
lidar;18.0;35.0;25.031143188476562;24.97916603088379;9.703690528869629;0.2986689805984497;25.038253784179688;24.974409103393555;9.636034965515137;0.36686311404219074;0.9995728730916511;0.800000011920929;0.800000011920929;0.800000011920929
lidar;18.0;35.0;25.03116798400879;24.984373092651367;9.703449249267578;0.29859307408332825;25.03326988220215;24.983320236206055;9.683465003967285;0.31871536895009783;0.9998269677157284;0.800000011920929;0.800000011920929;0.800000011920929
lidar;18.0;35.0;25.03118896484375;24.989580154418945;9.703253746032715;0.29856306314468384;25.029359817504883;24.990192413330078;9.720662117004395;0.2810475919717506;0.9999271035218951;0.800000011920929;0.800000011920929;0.800000011920929
lidar;18.0;35.0;25.03120231628418;24.994789123535156;9.703124046325684;0.2985568344593048;25.03304100036621;24.994482040405273;9.685643196105957;0.3161367130478611;0.9999481439634481;0.800000011920929;0.800000011920929;0.800000011920929
lidar;18.0;35.0;25.031208038330078;25.0;9.703073501586914;0.2985617220401764;25.030542373657227;25.0;9.7094144821167;0.2921865226784451;0.9999319911025861;0.800000011920929;0.800000011920929;0.800000011920929
lidar;18.0;35.0;25.03120231628418;25.005210876464844;9.703124046325684;0.2985568046569824;25.03185272216797;25.005319595336914;9.696939468383789;0.3047765657246186;0.9999481439634481;0.800000011920929;0.800000011920929;0.800000011920929
lidar;18.0;35.0;25.03118896484375;25.010419845581055;9.703253746032715;0.29856306314468384;25.037805557250977;25.012630462646484;9.640299797058105;0.36190184133865877;0.9999271035218951;0.800000011920929;0.800000011920929;0.800000011920929
lidar;18.0;35.0;25.03116798400879;25.015626907348633;9.703449249267578;0.29859304428100586;25.036264419555664;25.01818084716797;9.654974937438965;0.34740193445465223;0.9998269677157284;0.800000011920929;0.800000011920929;0.800000011920929
lidar;18.0;35.0;25.031143188476562;25.02083396911621;9.703690528869629;0.2986689805984497;25.039764404296875;25.026601791381836;9.62166690826416;0.3813462512675694;0.9995728730916511;0.800000011920929;0.800000011920929;0.800000011920929
lidar;18.0;35.0;25.031108856201172;25.026037216186523;9.704014778137207;0.2987523376941681;25.031463623046875;25.026334762573242;9.700647354125977;0.30215143206314254;0.9992938638408713;0.800000011920929;0.800000011920929;0.800000011920929
lidar;18.0;35.0;25.03107452392578;25.031246185302734;9.704341888427734;0.2989245355129242;25.02781867980957;25.027971267700195;9.735330581665039;0.26759302283007536;0.9987182617982966;0.800000011920929;0.800000011920929;0.800000011920929
lidar;18.0;35.0;25.031034469604492;25.036453247070312;9.704737663269043;0.29911860823631287;25.027938842773438;25.032817840576172;9.734189987182617;0.26928190627120596;0.9980701208984131;0.800000011920929;0.800000011920929;0.800000011920929
lidar;18.0;35.0;25.03099250793457;25.041669845581055;9.705133438110352;0.29940420389175415;25.03699493408203;25.049741744995117;9.6480131149292;0.3574038251522702;0.9971180557082558;0.800000011920929;0.800000011920929;0.800000011920929
lidar;18.0;35.0;25.030948638916016;25.04689598083496;9.705536842346191;0.2997754216194153;25.033187866210938;25.050289154052734;9.68423080444336;0.3214665930646429;0.9958828687241958;0.800000011920929;0.800000011920929;0.800000011920929
lidar;18.0;35.0;25.030855178833008;25.052047729492188;9.706436157226562;0.29973477125167847;25.020692825317383;25.0349063873291;9.803121566772461;0.2010168475088168;0.9956577421886412;0.800000011920929;0.800000011920929;0.800000011920929
lidar;18.0;35.0;25.03071403503418;25.05711555480957;9.707777976989746;0.2993314564228058;25.02521514892578;25.046890258789062;9.760092735290527;0.24574369201594365;0.9969991443539191;0.800000011920929;0.800000011920929;0.800000011920929
lidar;18.0;35.0;25.03057289123535;25.062170028686523;9.70911693572998;0.29902008175849915;25.018173217773438;25.03695297241211;9.827098846435547;0.17773723775234343;0.9980368614023126;0.800000011920929;0.800000011920929;0.800000011920929
lidar;18.0;35.0;25.030431747436523;25.067214965820312;9.710453033447266;0.2988004982471466;25.030582427978516;25.06754493713379;9.709030151367188;0.3002682168996965;0.9987704156969563;0.800000011920929;0.800000011920929;0.800000011920929
lidar;18.0;35.0;25.030292510986328;25.072256088256836;9.711787223815918;0.298672080039978;25.041913986206055;25.099977493286133;9.601208686828613;0.4132633158126687;0.9991998672810225;0.800000011920929;0.800000011920929;0.800000011920929
lidar;18.0;35.0;25.030141830444336;25.077266693115234;9.713215827941895;0.29853615164756775;25.02677345275879;25.06863021850586;9.745272636413574;0.26516540191714444;0.9996544122592912;0.800000011920929;0.800000011920929;0.800000011920929
lidar;18.0;35.0;25.029991149902344;25.0822696685791;9.714661598205566;0.29847219586372375;25.026748657226562;25.073375701904297;9.74551010131836;0.266203732037136;0.9998686909684608;0.800000011920929;0.800000011920929;0.800000011920929
lidar;18.0;35.0;25.02983856201172;25.08727264404297;9.716107368469238;0.29849910736083984;25.025135040283203;25.073518753051758;9.760849952697754;0.25145515344748676;0.9997783899110958;0.800000011920929;0.800000011920929;0.800000011920929
lidar;18.0;35.0;25.029685974121094;25.09227752685547;9.717554092407227;0.29861706495285034;25.027645111083984;25.085933685302734;9.736974716186523;0.2780846944183174;0.99938350911536;0.800000011920929;0.800000011920929;0.800000011920929
lidar;18.0;35.0;25.02953338623047;25.097288131713867;9.719001770019531;0.2988261282444;25.023759841918945;25.078266143798828;9.773941040039062;0.2404014547697671;0.9986843466781486;0.800000011920929;0.800000011920929;0.800000011920929
lidar;18.0;35.0;25.029380798339844;25.10230827331543;9.720452308654785;0.2991267144680023;25.025121688842773;25.08747673034668;9.760977745056152;0.25576286673527776;0.9976807834269051;0.800000011920929;0.800000011920929;0.800000011920929
lidar;18.0;35.0;25.02922821044922;25.107337951660156;9.721906661987305;0.29951921105384827;25.03152084350586;25.115753173828125;9.700102806091309;0.3230027358778067;0.9963734151735835;0.800000011920929;0.800000011920929;0.800000011920929
lidar;18.0;35.0;25.029041290283203;25.11224937438965;9.723692893981934;0.2996480464935303;25.0269775390625;25.10427474975586;9.743324279785156;0.2783591203112565;0.9952800273886172;0.800000011920929;0.800000011920929;0.800000011920929
lidar;18.0;35.0;25.028793334960938;25.11692237854004;9.726056098937988;0.2992411255836487;25.025800704956055;25.104772567749023;9.754522323608398;0.2681460879069854;0.9966334107242001;0.800000011920929;0.800000011920929;0.800000011920929
lidar;18.0;35.0;25.028545379638672;25.121583938598633;9.728412628173828;0.29892638325691223;25.03009605407715;25.128189086914062;9.713658332824707;0.3151663109654296;0.9976831673647262;0.800000011920929;0.800000011920929;0.800000011920929
lidar;18.0;35.0;25.028297424316406;25.126237869262695;9.730766296386719;0.298703134059906;25.031286239624023;25.13957405090332;9.702322006225586;0.3302600878060642;0.9984290600527788;0.800000011920929;0.800000011920929;0.800000011920929
lidar;18.0;35.0;25.028051376342773;25.130884170532227;9.733116149902344;0.2985711395740509;25.027389526367188;25.127798080444336;9.739409446716309;0.29153094634682;0.9988709092943943;0.800000011920929;0.800000011920929;0.800000011920929
lidar;18.0;35.0;25.027803421020508;25.135530471801758;9.735465049743652;0.2985301911830902;25.031686782836914;25.154455184936523;9.69852352142334;0.3402185358924103;0.9990084171002367;0.800000011920929;0.800000011920929;0.800000011920929
lidar;18.0;35.0;25.02755355834961;25.140161514282227;9.737839698791504;0.29855039715766907;25.029409408569336;25.149595260620117;9.720193862915039;0.31864518777272627;0.9989408254469333;0.800000011920929;0.800000011920929;0.800000011920929
lidar;18.0;35.0;25.027297973632812;25.144756317138672;9.740283012390137;0.2985846996307373;25.026466369628906;25.140350341796875;9.748189926147461;0.28949390311067735;0.9988265037623075;0.800000011920929;0.800000011920929;0.800000011920929
lidar;18.0;35.0;25.027040481567383;25.149354934692383;9.74272632598877;0.29871001839637756;25.022790908813477;25.125879287719727;9.78316593170166;0.2517575686903724;0.9984079600012749;0.800000011920929;0.800000011920929;0.800000011920929
lidar;18.0;35.0;25.026782989501953;25.153959274291992;9.745173454284668;0.2989265024662018;25.025711059570312;25.14779281616211;9.755379676818848;0.28695394457725454;0.9976853129764766;0.800000011920929;0.800000011920929;0.800000011920929
lidar;18.0;35.0;25.026525497436523;25.1585693359375;9.747624397277832;0.2992344796657562;25.03138542175293;25.1876163482666;9.701396942138672;0.35404604993130595;0.9966587425549931;0.800000011920929;0.800000011920929;0.800000011920929
lidar;18.0;35.0;25.026268005371094;25.163192749023438;9.750082015991211;0.29963451623916626;25.028310775756836;25.17588233947754;9.730648040771484;0.3229343526160691;0.9953284858307543;0.800000011920929;0.800000011920929;0.800000011920929
lidar;18.0;35.0;25.025936126708984;25.167367935180664;9.753226280212402;0.29930227994918823;25.022010803222656;25.14203453063965;9.790579795837402;0.2539981833569957;0.9955652950914512;0.800000011920929;0.800000011920929;0.800000011920929
lidar;18.0;35.0;25.025590896606445;25.17142105102539;9.756525039672852;0.2988646328449249;25.036062240600586;25.24156951904297;9.656891822814941;0.4211650522930464;0.9970229866339207;0.800000011920929;0.800000011920929;0.800000011920929
lidar;18.0;35.0;25.025243759155273;25.175464630126953;9.75981616973877;0.2985190451145172;25.02518653869629;25.17505645751953;9.7603759765625;0.29782354914108194;0.9981769919900828;0.800000011920929;0.800000011920929;0.800000011920929
lidar;18.0;35.0;25.024898529052734;25.179500579833984;9.763099670410156;0.2982650101184845;25.030733108520508;25.2215518951416;9.707600593566895;0.3681402119531447;0.9990268349043095;0.800000011920929;0.800000011920929;0.800000011920929
lidar;18.0;35.0;25.024555206298828;25.183530807495117;9.766379356384277;0.2981022000312805;25.019441604614258;25.145320892333984;9.815016746520996;0.2360407217259936;0.9995724559098624;0.800000011920929;0.800000011920929;0.800000011920929
lidar;18.0;35.0;25.02420997619629;25.187557220458984;9.76965618133545;0.2980302572250366;25.02179718017578;25.168859481811523;9.792617797851562;0.2683214045519363;0.9998135566767737;0.800000011920929;0.800000011920929;0.800000011920929
lidar;18.0;35.0;25.023866653442383;25.19158172607422;9.772932052612305;0.29804909229278564;25.017004013061523;25.136489868164062;9.838228225708008;0.21234160009065772;0.9997501373200411;0.800000011920929;0.800000011920929;0.800000011920929
lidar;18.0;35.0;25.023521423339844;25.19561004638672;9.776209831237793;0.29815879464149475;25.018878936767578;25.157001495361328;9.820379257202148;0.23931057114575716;0.9993821382078474;0.800000011920929;0.800000011920929;0.800000011920929
lidar;18.0;35.0;25.023176193237305;25.199642181396484;9.77949047088623;0.2983594536781311;25.026552200317383;25.228710174560547;9.747383117675781;0.34180136296056635;0.9987097382452794;0.800000011920929;0.800000011920929;0.800000011920929
lidar;18.0;35.0;25.022830963134766;25.20368003845215;9.782776832580566;0.29865145683288574;25.0212459564209;25.189537048339844;9.797860145568848;0.2779133919374283;0.9977331161791577;0.800000011920929;0.800000011920929;0.800000011920929
lidar;18.0;35.0;25.022485733032227;25.207727432250977;9.786070823669434;0.2990351915359497;25.03069496154785;25.283580780029297;9.707951545715332;0.40823094671908067;0.9964525700591225;0.800000011920929;0.800000011920929;0.800000011920929
lidar;18.0;35.0;25.022104263305664;25.211458206176758;9.789700508117676;0.2990472912788391;25.015108108520508;25.14453887939453;9.856253623962402;0.20440863203704146;0.9954738018785178;0.800000011920929;0.800000011920929;0.800000011920929
lidar;18.0;35.0;25.0184326171875;24.788501739501953;9.789307594299316;0.29910269379615784;25.022846221923828;24.737876892089844;9.738873481750488;0.37069924452963027;0.9952893254368722;0.800000011920929;0.800000011920929;0.800000011920929
lidar;18.0;35.0;25.01874542236328;24.79230308532715;9.78574275970459;0.2989904582500458;25.015897750854492;24.8238468170166;9.818283081054688;0.25358128914266936;0.9966016410938746;0.800000011920929;0.800000011920929;0.800000011920929
lidar;18.0;35.0;25.019033432006836;24.796350479125977;9.78244400024414;0.29860612750053406;25.019880294799805;24.78729248046875;9.77276611328125;0.31188965074706454;0.9978846906490089;0.800000011920929;0.800000011920929;0.800000011920929
lidar;18.0;35.0;25.01932144165039;24.800390243530273;9.779153823852539;0.2983134388923645;25.021883010864258;24.77392578125;9.749874114990234;0.33786299908607753;0.9988637566314297;0.800000011920929;0.800000011920929;0.800000011920929
lidar;18.0;35.0;25.019609451293945;24.804420471191406;9.77586841583252;0.2981121242046356;25.022369384765625;24.77688217163086;9.744308471679688;0.34008935539714363;0.9995385408470983;0.800000011920929;0.800000011920929;0.800000011920929
lidar;18.0;35.0;25.019895553588867;24.808448791503906;9.77258586883545;0.29800179600715637;25.022842407226562;24.78008460998535;9.738912582397461;0.34212797588729627;0.9999088644978509;0.800000011920929;0.800000011920929;0.800000011920929
lidar;18.0;35.0;25.020183563232422;24.81247329711914;9.769305229187012;0.29798224568367004;25.02031135559082;24.811277389526367;9.767833709716797;0.29988379581989716;0.999974608422259;0.800000011920929;0.800000011920929;0.800000011920929
lidar;18.0;35.0;25.020469665527344;24.816499710083008;9.766024589538574;0.2980535328388214;25.019498825073242;24.825204849243164;9.777122497558594;0.2839157230926897;0.9997357726006396;0.800000011920929;0.800000011920929;0.800000011920929
lidar;18.0;35.0;25.0207576751709;24.82052993774414;9.762741088867188;0.2982156276702881;25.022708892822266;24.803651809692383;9.74042797088623;0.3262607753549731;0.9991923571291824;0.800000011920929;0.800000011920929;0.800000011920929
lidar;18.0;35.0;25.021045684814453;24.82456398010254;9.759452819824219;0.2984689772129059;25.01939582824707;24.838321685791016;9.778316497802734;0.2750623710554658;0.998344600278093;0.800000011920929;0.800000011920929;0.800000011920929
lidar;18.0;35.0;25.021333694458008;24.8286075592041;9.756157875061035;0.2988137900829315;25.021869659423828;24.824304580688477;9.75003433227539;0.30631676720566925;0.9971926809066224;0.800000011920929;0.800000011920929;0.800000011920929
lidar;18.0;35.0;25.021623611450195;24.832660675048828;9.752854347229004;0.29925069212913513;25.02403450012207;24.813995361328125;9.725286483764648;0.3326303392525258;0.99573707552525;0.800000011920929;0.800000011920929;0.800000011920929
lidar;18.0;35.0;25.021888732910156;24.836898803710938;9.749802589416504;0.2994658946990967;25.0167179107666;24.87542724609375;9.808903694152832;0.2287261584559927;0.9958887101343515;0.800000011920929;0.800000011920929;0.800000011920929
lidar;18.0;35.0;25.022104263305664;24.841520309448242;9.747344017028809;0.29906442761421204;25.019060134887695;24.863351821899414;9.782149314880371;0.25786613305419975;0.9972252846765737;0.800000011920929;0.800000011920929;0.800000011920929
lidar;18.0;35.0;25.022319793701172;24.84613037109375;9.744891166687012;0.2987549304962158;25.020132064819336;24.8612117767334;9.769896507263184;0.26947184082567577;0.9982579349548505;0.800000011920929;0.800000011920929;0.800000011920929
lidar;18.0;35.0;25.022533416748047;24.850730895996094;9.742443084716797;0.2985369563102722;25.01995277404785;24.867826461791992;9.771939277648926;0.26434800562176747;0.9989864826014905;0.800000011920929;0.800000011920929;0.800000011920929
lidar;18.0;35.0;25.022747039794922;24.855327606201172;9.739997863769531;0.2984101176261902;25.018707275390625;24.88102149963379;9.786172866821289;0.24541377718266177;0.9994107485405205;0.800000011920929;0.800000011920929;0.800000011920929
lidar;18.0;35.0;25.022960662841797;24.859922409057617;9.737553596496582;0.298374205827713;25.023801803588867;24.854795455932617;9.727949142456055;0.309293035657329;0.9995306134192642;0.800000011920929;0.800000011920929;0.800000011920929
lidar;18.0;35.0;25.023174285888672;24.86451530456543;9.735109329223633;0.2984292209148407;25.024063110351562;24.859317779541016;9.724945068359375;0.309880287182168;0.9993460178827808;0.800000011920929;0.800000011920929;0.800000011920929
lidar;18.0;35.0;25.023387908935547;24.86911392211914;9.73266315460205;0.2985752522945404;25.025362014770508;24.85806655883789;9.710100173950195;0.32377479707382384;0.9988570212513895;0.800000011920929;0.800000011920929;0.800000011920929
lidar;18.0;35.0;25.023603439331055;24.873716354370117;9.73021411895752;0.2988124489784241;25.027910232543945;24.85066795349121;9.680974006652832;0.3533511678174317;0.9980637432164519;0.800000011920929;0.800000011920929;0.800000011920929
lidar;18.0;35.0;25.02381706237793;24.878328323364258;9.727760314941406;0.2991413176059723;25.026203155517578;24.866146087646484;9.700504302978516;0.3290905394814438;0.9969663618904261;0.800000011920929;0.800000011920929;0.800000011920929
lidar;18.0;35.0;25.02402687072754;24.882978439331055;9.725363731384277;0.29949358105659485;25.0259952545166;24.873397827148438;9.702880859375;0.32401142839570735;0.9957934021339699;0.800000011920929;0.800000011920929;0.800000011920929
lidar;18.0;35.0;25.024234771728516;24.887653350830078;9.722992897033691;0.29990291595458984;25.020795822143555;24.90359878540039;9.762307167053223;0.2573395245004698;0.9944338799429383;0.800000011920929;0.800000011920929;0.800000011920929
lidar;18.0;35.0;25.024368286132812;24.892675399780273;9.72147274017334;0.2994828224182129;25.021503448486328;24.905290603637695;9.754213333129883;0.26427885753684455;0.9964945318170655;0.800000011920929;0.800000011920929;0.800000011920929
lidar;18.0;35.0;25.02449607849121;24.897705078125;9.720016479492188;0.2990902066230774;25.026514053344727;24.88927459716797;9.696943283081055;0.3237382393225771;0.9978027345636994;0.800000011920929;0.800000011920929;0.800000011920929
lidar;18.0;35.0;25.024621963500977;24.90272331237793;9.7185640335083;0.29878950119018555;25.022022247314453;24.912994384765625;9.74828052520752;0.267240398928887;0.9988068939111642;0.800000011920929;0.800000011920929;0.800000011920929
lidar;18.0;35.0;25.024749755859375;24.907733917236328;9.717113494873047;0.29858022928237915;25.028301239013672;24.894493103027344;9.676521301269531;0.3414252832282886;0.9995068908246401;0.800000011920929;0.800000011920929;0.800000011920929
lidar;18.0;35.0;25.02487564086914;24.912738800048828;9.715665817260742;0.2984621226787567;25.026294708251953;24.907758712768555;9.699440002441406;0.315493376185567;0.9999024271902672;0.800000011920929;0.800000011920929;0.800000011920929
lidar;18.0;35.0;25.02500343322754;24.917739868164062;9.714217185974121;0.2984349727630615;25.02191734313965;24.927892684936523;9.74948501586914;0.2616056434374752;0.9999933838845475;0.800000011920929;0.800000011920929;0.800000011920929
lidar;18.0;35.0;25.025129318237305;24.92274284362793;9.712769508361816;0.2984987497329712;25.027069091796875;24.91678237915039;9.690608978271484;0.32152856810954716;0.9997797012443843;0.800000011920929;0.800000011920929;0.800000011920929
lidar;18.0;35.0;25.02525520324707;24.927749633789062;9.711320877075195;0.29865357279777527;25.023113250732422;24.93387794494629;9.73580551147461;0.2733227074051619;0.9992614984827138;0.800000011920929;0.800000011920929;0.800000011920929
lidar;18.0;35.0;25.02538299560547;24.932762145996094;9.709869384765625;0.2988996207714081;25.02846908569336;24.924591064453125;9.67460823059082;0.3352264139487821;0.9984388947881604;0.800000011920929;0.800000011920929;0.800000011920929
lidar;18.0;35.0;25.025510787963867;24.93778419494629;9.708415985107422;0.29923728108406067;25.015548706054688;24.962080001831055;9.822279930114746;0.18238456212647824;0.9973122478905522;0.800000011920929;0.800000011920929;0.800000011920929
lidar;18.0;35.0;25.0256290435791;24.942840576171875;9.707058906555176;0.2995636761188507;25.02581787109375;24.94241714477539;9.704889297485352;0.30178255273452353;0.9962258931734135;0.800000011920929;0.800000011920929;0.800000011920929
lidar;18.0;35.0;25.02574348449707;24.94791603088379;9.705747604370117;0.29993340373039246;25.029766082763672;24.939777374267578;9.659761428833008;0.3468070351569648;0.9953582286426331;0.800000011920929;0.800000011920929;0.800000011920929
lidar;18.0;35.0;25.02578353881836;24.953144073486328;9.705292701721191;0.2995205521583557;25.027597427368164;24.949846267700195;9.684552192687988;0.3205996942830328;0.9967303873296114;0.800000011920929;0.800000011920929;0.800000011920929
lidar;18.0;35.0;25.02582359313965;24.958358764648438;9.704839706420898;0.29919981956481934;25.027799606323242;24.95517349243164;9.682254791259766;0.32209372921855767;0.9977989793468328;0.800000011920929;0.800000011920929;0.800000011920929
lidar;18.0;35.0;25.025859832763672;24.96356773376465;9.704410552978516;0.2989463806152344;25.02796173095703;24.960607528686523;9.68039608001709;0.32323379521042767;0.9986450673057066;0.800000011920929;0.800000011920929;0.800000011920929
lidar;18.0;35.0;25.025894165039062;24.96877098083496;9.704014778137207;0.29875215888023376;25.02448272705078;24.970474243164062;9.72015380859375;0.28246277147091287;0.9992943406466299;0.800000011920929;0.800000011920929;0.800000011920929
lidar;18.0;35.0;25.025930404663086;24.973970413208008;9.703619003295898;0.29864922165870667;25.030113220214844;24.969772338867188;9.655815124511719;0.346819850624527;0.9996391534905466;0.800000011920929;0.800000011920929;0.800000011920929
lidar;18.0;35.0;25.025959014892578;24.97917366027832;9.703293800354004;0.2985670864582062;25.030879974365234;24.975223541259766;9.647026062011719;0.3551870990616546;0.9999141097061532;0.800000011920929;0.800000011920929;0.800000011920929
lidar;18.0;35.0;25.025983810424805;24.984375;9.702997207641602;0.2985466420650482;25.02083969116211;24.987468719482422;9.761799812316895;0.23943793176376896;0.9999824762342119;0.800000011920929;0.800000011920929;0.800000011920929
lidar;18.0;35.0;25.026004791259766;24.989580154418945;9.702762603759766;0.29855504631996155;25.019962310791016;24.992002487182617;9.771824836730957;0.22918682618058936;0.9999544620480533;0.800000011920929;0.800000011920929;0.800000011920929
lidar;18.0;35.0;25.026018142700195;24.994789123535156;9.702613830566406;0.298567533493042;25.0251522064209;24.994962692260742;9.71250057220459;0.2886412089308757;0.9999123215623773;0.800000011920929;0.800000011920929;0.800000011920929
lidar;18.0;35.0;25.02602195739746;25.0;9.702563285827637;0.2985731065273285;25.03069305419922;25.0;9.64918041229248;0.3521594657019488;0.9998939037305891;0.800000011920929;0.800000011920929;0.800000011920929
lidar;18.0;35.0;25.026018142700195;25.005210876464844;9.702613830566406;0.2985675632953644;25.027896881103516;25.005586624145508;9.681131362915039;0.3201351846253618;0.9999123215623773;0.800000011920929;0.800000011920929;0.800000011920929
lidar;18.0;35.0;25.026004791259766;25.010419845581055;9.702762603759766;0.29855501651763916;25.021198272705078;25.008493423461914;9.75770378112793;0.24336980106098682;0.9999544620480533;0.800000011920929;0.800000011920929;0.800000011920929
lidar;18.0;35.0;25.025983810424805;25.015625;9.702997207641602;0.29854661226272583;25.02023696899414;25.012168884277344;9.768697738647461;0.23250440223913532;0.9999824762342119;0.800000011920929;0.800000011920929;0.800000011920929
lidar;18.0;35.0;25.025959014892578;25.02082633972168;9.703293800354004;0.2985670864582062;25.01483726501465;25.011905670166016;9.830397605895996;0.1706662480819311;0.9999141097061532;0.800000011920929;0.800000011920929;0.800000011920929
lidar;18.0;35.0;25.025930404663086;25.026029586791992;9.703619003295898;0.29864922165870667;25.027076721191406;25.027179718017578;9.690523147583008;0.3118455225239499;0.9996391534905466;0.800000011920929;0.800000011920929;0.800000011920929
lidar;18.0;35.0;25.025894165039062;25.03122901916504;9.704014778137207;0.29875215888023376;25.02896499633789;25.034929275512695;9.668928146362305;0.33416742437778907;0.9992943406466299;0.800000011920929;0.800000011920929;0.800000011920929
lidar;18.0;35.0;25.025859832763672;25.03643226623535;9.704410552978516;0.2989463806152344;25.035640716552734;25.05021095275879;9.592620849609375;0.41200677647717354;0.9986450673057066;0.800000011920929;0.800000011920929;0.800000011920929
lidar;18.0;35.0;25.02582359313965;25.041641235351562;9.704839706420898;0.2991998493671417;25.02353858947754;25.0379581451416;9.730948448181152;0.2727331350095038;0.9977989793468328;0.800000011920929;0.800000011920929;0.800000011920929
lidar;18.0;35.0;25.02578353881836;25.046855926513672;9.705292701721191;0.2995205521583557;25.029964447021484;25.054452896118164;9.657510757446289;0.3480824943524209;0.9967303873296114;0.800000011920929;0.800000011920929;0.800000011920929
lidar;18.0;35.0;25.02574348449707;25.05208396911621;9.705747604370117;0.29993340373039246;25.024106979370117;25.048770904541016;9.724461555480957;0.28085818279300206;0.9953582286426331;0.800000011920929;0.800000011920929;0.800000011920929
lidar;18.0;35.0;25.0256290435791;25.057159423828125;9.707058906555176;0.2995636761188507;25.0274658203125;25.061256408691406;9.686067581176758;0.3210300985383759;0.9962258931734135;0.800000011920929;0.800000011920929;0.800000011920929
lidar;18.0;35.0;25.025510787963867;25.06221580505371;9.708415985107422;0.29923731088638306;25.022768020629883;25.05552864074707;9.739755630493164;0.2670746475141775;0.9973122478905522;0.800000011920929;0.800000011920929;0.800000011920929
lidar;18.0;35.0;25.02538299560547;25.067237854003906;9.709869384765625;0.2988995611667633;25.02733612060547;25.07240867614746;9.6875581741333;0.3218854865900464;0.9984388947881604;0.800000011920929;0.800000011920929;0.800000011920929
lidar;18.0;35.0;25.02525520324707;25.072250366210938;9.711320877075195;0.2986534833908081;25.03005027770996;25.085968017578125;9.656511306762695;0.3553560223334372;0.9992614984827138;0.800000011920929;0.800000011920929;0.800000011920929
lidar;18.0;35.0;25.025129318237305;25.07725715637207;9.712769508361816;0.29849863052368164;25.022808074951172;25.07012367248535;9.739294052124023;0.27093320932120557;0.9997797012443843;0.800000011920929;0.800000011920929;0.800000011920929
lidar;18.0;35.0;25.02500343322754;25.082260131835938;9.714217185974121;0.2984348237514496;25.032011032104492;25.105314254760742;9.634123802185059;0.3820747388726615;0.9999933838845475;0.800000011920929;0.800000011920929;0.800000011920929
lidar;18.0;35.0;25.02487564086914;25.087261199951172;9.715665817260742;0.29846206307411194;25.024206161499023;25.084909439086914;9.723332405090332;0.2904142481071195;0.9999024271902672;0.800000011920929;0.800000011920929;0.800000011920929
lidar;18.0;35.0;25.024749755859375;25.092266082763672;9.717113494873047;0.298580139875412;25.033903121948242;25.12639617919922;9.61247444152832;0.4090253338522589;0.9995068908246401;0.800000011920929;0.800000011920929;0.800000011920929
lidar;18.0;35.0;25.024621963500977;25.09727668762207;9.7185640335083;0.29878947138786316;25.020904541015625;25.082592010498047;9.761051177978516;0.2536829502563923;0.9988068939111642;0.800000011920929;0.800000011920929;0.800000011920929
lidar;18.0;35.0;25.02449607849121;25.102294921875;9.720016479492188;0.299090176820755;25.019779205322266;25.082597732543945;9.773927688598633;0.24150005834926916;0.99780267483322;0.800000011920929;0.800000011920929;0.800000011920929
lidar;18.0;35.0;25.024368286132812;25.107324600219727;9.72147274017334;0.2994828224182129;25.017492294311523;25.077037811279297;9.800071716308594;0.21497016986139894;0.9964945318170655;0.800000011920929;0.800000011920929;0.800000011920929
lidar;18.0;35.0;25.024234771728516;25.112346649169922;9.722992897033691;0.2999029755592346;25.024478912353516;25.113473892211914;9.720212936401367;0.302912660425017;0.9944338799429383;0.800000011920929;0.800000011920929;0.800000011920929
lidar;18.0;35.0;25.02402687072754;25.117021560668945;9.725363731384277;0.29949361085891724;25.013704299926758;25.066747665405273;9.843350410461426;0.17082845419065482;0.9957934021339699;0.800000011920929;0.800000011920929;0.800000011920929
lidar;18.0;35.0;25.02381706237793;25.121671676635742;9.727760314941406;0.2991412281990051;25.024126052856445;25.123249053955078;9.724230766296387;0.30302000587380423;0.9969663618904261;0.800000011920929;0.800000011920929;0.800000011920929
lidar;18.0;35.0;25.023603439331055;25.126283645629883;9.73021411895752;0.2988124489784241;25.025936126708984;25.13876724243164;9.703545570373535;0.32835069718215787;0.9980637432164519;0.800000011920929;0.800000011920929;0.800000011920929
lidar;18.0;35.0;25.023387908935547;25.13088607788086;9.73266315460205;0.2985752820968628;25.023962020874023;25.134098052978516;9.726102828979492;0.3059027545807612;0.9988569617780704;0.800000011920929;0.800000011920929;0.800000011920929
lidar;18.0;35.0;25.023174285888672;25.13548469543457;9.735109329223633;0.29842931032180786;25.026222229003906;25.15329933166504;9.700276374816895;0.33767264526134383;0.9993460178827808;0.800000011920929;0.800000011920929;0.800000011920929
lidar;18.0;35.0;25.022960662841797;25.140077590942383;9.737553596496582;0.2983742952346802;25.031660079956055;25.193145751953125;9.638127326965332;0.41141166795889744;0.9995306134192642;0.800000011920929;0.800000011920929;0.800000011920929
lidar;18.0;35.0;25.022747039794922;25.144672393798828;9.739997863769531;0.29841023683547974;25.01775360107422;25.1129093170166;9.79708194732666;0.2328938288379878;0.9994107485405205;0.800000011920929;0.800000011920929;0.800000011920929
lidar;18.0;35.0;25.022533416748047;25.149269104003906;9.742443084716797;0.29853710532188416;25.023712158203125;25.157075881958008;9.728970527648926;0.3141534318245986;0.9989864230743006;0.800000011920929;0.800000011920929;0.800000011920929
lidar;18.0;35.0;25.022319793701172;25.15386962890625;9.744891166687012;0.29875504970550537;25.025510787963867;25.175878524780273;9.70840072631836;0.34148855615153595;0.9982578753898598;0.800000011920929;0.800000011920929;0.800000011920929
lidar;18.0;35.0;25.022104263305664;25.158479690551758;9.747344017028809;0.2990644574165344;25.025413513183594;25.182205200195312;9.709521293640137;0.34383458204487777;0.9972252247748999;0.800000011920929;0.800000011920929;0.800000011920929
lidar;18.0;35.0;25.021888732910156;25.163101196289062;9.749802589416504;0.29946592450141907;25.02080535888672;25.155029296875;9.762185096740723;0.28464450363644606;0.9958887101343515;0.800000011920929;0.800000011920929;0.800000011920929
lidar;18.0;35.0;25.021623611450195;25.167339324951172;9.752854347229004;0.29925066232681274;25.021804809570312;25.16875457763672;9.750761985778809;0.3017839623805314;0.9957371353131546;0.800000011920929;0.800000011920929;0.800000011920929
lidar;18.0;35.0;25.021333694458008;25.1713924407959;9.756157875061035;0.29881376028060913;25.021072387695312;25.16929054260254;9.759148597717285;0.29514780647233385;0.9971926809066224;0.800000011920929;0.800000011920929;0.800000011920929
lidar;18.0;35.0;25.021045684814453;25.17543601989746;9.759452819824219;0.2984688878059387;25.024662017822266;25.205581665039062;9.718117713928223;0.34975624452062987;0.998344600278093;0.800000011920929;0.800000011920929;0.800000011920929
lidar;18.0;35.0;25.0207576751709;25.17947006225586;9.762741088867188;0.2982156276702881;25.018428802490234;25.159339904785156;9.789353370666504;0.2647659922986102;0.9991923571291824;0.800000011920929;0.800000011920929;0.800000011920929
lidar;18.0;35.0;25.020469665527344;25.183500289916992;9.766024589538574;0.29805347323417664;25.019824981689453;25.17772102355957;9.773393630981445;0.28866655010309417;0.9997357726006396;0.800000011920929;0.800000011920929;0.800000011920929
lidar;18.0;35.0;25.020183563232422;25.18752670288086;9.769305229187012;0.29798221588134766;25.022294998168945;25.207155227661133;9.745159149169922;0.3291717864376139;0.999974608422259;0.800000011920929;0.800000011920929;0.800000011920929
lidar;18.0;35.0;25.019895553588867;25.191551208496094;9.77258586883545;0.29800179600715637;25.01750373840332;25.16852378845215;9.7999267578125;0.26217508623130076;0.9999088644978509;0.800000011920929;0.800000011920929;0.800000011920929
lidar;18.0;35.0;25.019609451293945;25.195579528808594;9.77586841583252;0.2981121242046356;25.02265739440918;25.22598648071289;9.741021156311035;0.34446079390225104;0.9995385408470983;0.800000011920929;0.800000011920929;0.800000011920929
lidar;18.0;35.0;25.01932144165039;25.199609756469727;9.779153823852539;0.2983134388923645;25.018081665039062;25.186809539794922;9.793316841125488;0.27918143573170895;0.9988637566314297;0.800000011920929;0.800000011920929;0.800000011920929
lidar;18.0;35.0;25.019033432006836;25.203649520874023;9.78244400024414;0.29860609769821167;25.021343231201172;25.228361129760742;9.7560453414917;0.3348402431022602;0.9978846310731327;0.800000011920929;0.800000011920929;0.800000011920929
lidar;18.0;35.0;25.01874542236328;25.20769691467285;9.78574275970459;0.2989904284477234;25.021657943725586;25.239978790283203;9.752439498901367;0.34546369375174124;0.9966016410938746;0.800000011920929;0.800000011920929;0.800000011920929
lidar;18.0;35.0;25.0184326171875;25.211498260498047;9.789307594299316;0.2991027235984802;25.01434326171875;25.164560317993164;9.836065292358398;0.23272396503539683;0.9952894446202833;0.800000011920929;0.800000011920929;0.800000011920929
lidar;18.0;35.0;25.014759063720703;24.788433074951172;9.788949966430664;0.29919931292533875;25.01405906677246;24.798452377319336;9.798943519592285;0.2850314740903899;0.9949678779864253;0.800000011920929;0.800000011920929;0.800000011920929
lidar;18.0;35.0;25.015003204345703;24.792299270629883;9.785443305969238;0.2989966869354248;25.012348175048828;24.829055786132812;9.823413848876953;0.24608328598851642;0.9965811372183135;0.800000011920929;0.800000011920929;0.800000011920929
lidar;18.0;35.0;25.015233993530273;24.79634666442871;9.782140731811523;0.2986123263835907;25.017061233520508;24.771926879882812;9.756017684936523;0.3344183813937879;0.9978637694126586;0.800000011920929;0.800000011920929;0.800000011920929
lidar;18.0;35.0;25.015464782714844;24.800384521484375;9.778844833374023;0.29831981658935547;25.018024444580078;24.767335891723633;9.742229461669922;0.34771071214516447;0.9988425373849404;0.800000011920929;0.800000011920929;0.800000011920929
lidar;18.0;35.0;25.015695571899414;24.80441665649414;9.775554656982422;0.29811856150627136;25.016721725463867;24.79161834716797;9.760869026184082;0.317625694213381;0.9995169639854075;0.800000011920929;0.800000011920929;0.800000011920929
lidar;18.0;35.0;25.01592445373535;24.808443069458008;9.772268295288086;0.2980083227157593;25.015045166015625;24.81903076171875;9.784854888916016;0.2815375004097802;0.9998869895985528;0.800000011920929;0.800000011920929;0.800000011920929
lidar;18.0;35.0;25.01615333557129;24.812469482421875;9.768982887268066;0.2979888617992401;25.0200138092041;24.767663955688477;9.713788032531738;0.3691849101331812;0.9999523758882767;0.800000011920929;0.800000011920929;0.800000011920929
lidar;18.0;35.0;25.01638412475586;24.816495895385742;9.765697479248047;0.29806023836135864;25.01589584350586;24.821958541870117;9.772672653198242;0.2891870071507772;0.9997132420472429;0.800000011920929;0.800000011920929;0.800000011920929
lidar;18.0;35.0;25.016613006591797;24.820526123046875;9.762409210205078;0.29822245240211487;25.01190757751465;24.87136459350586;9.829710006713867;0.2137473084598968;0.999169528539847;0.800000011920929;0.800000011920929;0.800000011920929
lidar;18.0;35.0;25.016843795776367;24.824560165405273;9.759116172790527;0.29847583174705505;25.01332664489746;24.8612060546875;9.809432983398438;0.23612927885397345;0.9983215331448297;0.800000011920929;0.800000011920929;0.800000011920929
lidar;18.0;35.0;25.017074584960938;24.828603744506836;9.755816459655762;0.29882076382637024;25.019702911376953;24.80222511291504;9.71823501586914;0.3448114678324455;0.9971693156854129;0.800000011920929;0.800000011920929;0.800000011920929
lidar;18.0;35.0;25.01730728149414;24.832656860351562;9.752508163452148;0.2992578148841858;25.021631240844727;24.79084014892578;9.690664291381836;0.37403754529027944;0.9957134127999029;0.800000011920929;0.800000011920929;0.800000011920929
lidar;18.0;35.0;25.017513275146484;24.83695411682129;9.749543190002441;0.29936516284942627;25.020204544067383;24.811908721923828;9.711069107055664;0.3453514380106503;0.9962237477692729;0.800000011920929;0.800000011920929;0.800000011920929
lidar;18.0;35.0;25.017684936523438;24.84157371520996;9.747082710266113;0.29896286129951477;25.021947860717773;24.80338478088379;9.686115264892578;0.3710293076051068;0.997563958305139;0.800000011920929;0.800000011920929;0.800000011920929
lidar;18.0;35.0;25.01785659790039;24.846181869506836;9.744627952575684;0.2986525297164917;25.01890754699707;24.837141036987305;9.72961711883545;0.31620807320150784;0.9986002445107118;0.800000011920929;0.800000011920929;0.800000011920929
lidar;18.0;35.0;25.018028259277344;24.85078239440918;9.742178916931152;0.2984336018562317;25.02252769470215;24.813539505004883;9.677828788757324;0.37291951884034846;0.9993323683772019;0.800000011920929;0.800000011920929;0.800000011920929
lidar;18.0;35.0;25.018199920654297;24.855379104614258;9.739731788635254;0.29830583930015564;25.024253845214844;24.80727195739746;9.653157234191895;0.3975322310044161;0.9997600912996375;0.800000011920929;0.800000011920929;0.800000011920929
lidar;18.0;35.0;25.01837158203125;24.85997200012207;9.737285614013672;0.2982689440250397;25.014820098876953;24.887035369873047;9.78806209564209;0.24062096154741788;0.9998832344966296;0.800000011920929;0.800000011920929;0.800000011920929
lidar;18.0;35.0;25.01854133605957;24.864564895629883;9.73483943939209;0.29832300543785095;25.02037811279297;24.851154327392578;9.708586692810059;0.3278593277416265;0.9997019171848849;0.800000011920929;0.800000011920929;0.800000011920929
lidar;18.0;35.0;25.018712997436523;24.869159698486328;9.732392311096191;0.2984679639339447;25.016544342041016;24.884319305419922;9.763396263122559;0.2638884430630448;0.9992159605226549;0.800000011920929;0.800000011920929;0.800000011920929
lidar;18.0;35.0;25.018884658813477;24.873762130737305;9.729941368103027;0.2987041175365448;25.019428253173828;24.870128631591797;9.72216796875;0.30730253568513616;0.9984257221559374;0.800000011920929;0.800000011920929;0.800000011920929
lidar;18.0;35.0;25.01905632019043;24.878372192382812;9.727486610412598;0.2990317642688751;25.018747329711914;24.880348205566406;9.731911659240723;0.29417627553615705;0.997331261496538;0.800000011920929;0.800000011920929;0.800000011920929
lidar;18.0;35.0;25.019227981567383;24.88299560546875;9.725025177001953;0.2994515001773834;25.020151138305664;24.87738037109375;9.711830139160156;0.3138211686993599;0.9959331158123279;0.800000011920929;0.800000011920929;0.800000011920929
lidar;18.0;35.0;25.019393920898438;24.88767433166504;9.722663879394531;0.29984724521636963;25.017398834228516;24.899227142333984;9.751184463500977;0.26901139347881964;0.9952833058028066;0.800000011920929;0.800000011920929;0.800000011920929
lidar;18.0;35.0;25.019498825073242;24.892696380615234;9.72114372253418;0.2994246780872345;25.024538040161133;24.86496925354004;9.649090766906738;0.3767922878096329;0.9966879486465876;0.800000011920929;0.800000011920929;0.800000011920929
lidar;18.0;35.0;25.01960563659668;24.897703170776367;9.71962833404541;0.2990942895412445;25.015775680541992;24.91769027709961;9.774404525756836;0.24065952052787382;0.9977889058716007;0.800000011920929;0.800000011920929;0.800000011920929
lidar;18.0;35.0;25.019710540771484;24.902708053588867;9.718133926391602;0.29883551597595215;25.020788192749023;24.89738655090332;9.702713966369629;0.3151833569852583;0.9986529350792697;0.800000011920929;0.800000011920929;0.800000011920929
lidar;18.0;35.0;25.019811630249023;24.907718658447266;9.716681480407715;0.29862648248672485;25.029428482055664;24.86292266845703;9.579146385192871;0.4435922545782014;0.9993520975231664;0.800000011920929;0.800000011920929;0.800000011920929
lidar;18.0;35.0;25.019912719726562;24.9127254486084;9.715229988098145;0.29850858449935913;25.018503189086914;24.91890525817871;9.735397338867188;0.27736824400319876;0.9997467398465154;0.800000011920929;0.800000011920929;0.800000011920929
lidar;18.0;35.0;25.0200138092041;24.917728424072266;9.71377944946289;0.29848164319992065;25.016267776489258;24.933130264282227;9.767365455627441;0.24260015126779075;0.999836862101933;0.800000011920929;0.800000011920929;0.800000011920929
lidar;18.0;35.0;25.02011489868164;24.922731399536133;9.712329864501953;0.2985456585884094;25.016672134399414;24.93596076965332;9.76158618927002;0.24742642882652482;0.9996224642032228;0.800000011920929;0.800000011920929;0.800000011920929
lidar;18.0;35.0;25.020217895507812;24.927738189697266;9.710878372192383;0.2987006902694702;25.02094078063965;24.925148010253906;9.700520515441895;0.30940170343980883;0.9991035461853626;0.800000011920929;0.800000011920929;0.800000011920929
lidar;18.0;35.0;25.02031898498535;24.932750701904297;9.709424018859863;0.2989470660686493;25.01795196533203;24.940582275390625;9.743261337280273;0.2641348679606263;0.9982802867961199;0.800000011920929;0.800000011920929;0.800000011920929
lidar;18.0;35.0;25.02042007446289;24.937774658203125;9.707967758178711;0.29928508400917053;25.02090072631836;24.93631362915039;9.70111083984375;0.306312888455531;0.9971529842419073;0.800000011920929;0.800000011920929;0.800000011920929
lidar;18.0;35.0;25.020523071289062;24.942811965942383;9.706507682800293;0.29971519112586975;25.017534255981445;24.951139450073242;9.749245643615723;0.2560713678273952;0.9957218765370155;0.800000011920929;0.800000011920929;0.800000011920929
lidar;18.0;35.0;25.020591735839844;24.947948455810547;9.705521583557129;0.2997514307498932;25.025114059448242;24.93651580810547;9.64084243774414;0.3655891748616409;0.9959622621952494;0.800000011920929;0.800000011920929;0.800000011920929
lidar;18.0;35.0;25.0206241607666;24.953170776367188;9.705049514770508;0.2993559241294861;25.02554702758789;24.941991806030273;9.634649276733398;0.3708083576465538;0.9972784521123016;0.800000011920929;0.800000011920929;0.800000011920929
lidar;18.0;35.0;25.02065658569336;24.95838165283203;9.704596519470215;0.29903507232666016;25.022994995117188;24.953670501708984;9.671149253845215;0.3328938400981985;0.9983484744529626;0.800000011920929;0.800000011920929;0.800000011920929
lidar;18.0;35.0;25.020689010620117;24.963584899902344;9.704143524169922;0.2988060414791107;25.013824462890625;24.97566795349121;9.802308082580566;0.1996624814112185;0.9991143942599158;0.800000011920929;0.800000011920929;0.800000011920929
lidar;18.0;35.0;25.020719528198242;24.968780517578125;9.703691482543945;0.2986680269241333;25.01763343811035;24.973430633544922;9.74782943725586;0.25417866781314535;0.9995759725778646;0.800000011920929;0.800000011920929;0.800000011920929
lidar;18.0;35.0;25.020748138427734;24.97397804260254;9.703293800354004;0.2985672056674957;25.018766403198242;24.97646141052246;9.731613159179688;0.27006985133772843;0.9999136924713492;0.800000011920929;0.800000011920929;0.800000011920929
lidar;18.0;35.0;25.020774841308594;24.97917366027832;9.702898025512695;0.2985551059246063;25.023181915283203;24.976760864257812;9.668465614318848;0.33315516285347035;0.9999544620480533;0.800000011920929;0.800000011920929;0.800000011920929
lidar;18.0;35.0;25.020797729492188;24.984375;9.702571868896484;0.29856327176094055;25.02210235595703;24.983394622802734;9.683926582336426;0.31728009471161134;0.999927043911073;0.800000011920929;0.800000011920929;0.800000011920929
lidar;18.0;35.0;25.020816802978516;24.989578247070312;9.702302932739258;0.29860565066337585;25.025344848632812;24.98731231689453;9.637556076049805;0.36355042152634776;0.999784946452409;0.800000011920929;0.800000011920929;0.800000011920929
lidar;18.0;35.0;25.020830154418945;24.994787216186523;9.702122688293457;0.2986503541469574;25.021427154541016;24.994638442993164;9.693571090698242;0.3072236475958426;0.9996352791551252;0.800000011920929;0.800000011920929;0.800000011920929
lidar;18.0;35.0;25.02083396911621;25.0;9.702052116394043;0.2986755073070526;25.018972396850586;25.0;9.728675842285156;0.271986552370929;0.9995512962369434;0.800000011920929;0.800000011920929;0.800000011920929
lidar;18.0;35.0;25.020830154418945;25.005212783813477;9.702122688293457;0.298650324344635;25.02518653869629;25.006301879882812;9.639810562133789;0.36112389120902866;0.9996352791551252;0.800000011920929;0.800000011920929;0.800000011920929
lidar;18.0;35.0;25.020816802978516;25.010421752929688;9.702302932739258;0.29860565066337585;25.01991844177246;25.009971618652344;9.7151460647583;0.2857236646070141;0.999784946452409;0.800000011920929;0.800000011920929;0.800000011920929
lidar;18.0;35.0;25.020797729492188;25.015625;9.702571868896484;0.29856327176094055;25.02306365966797;25.0173282623291;9.67017650604248;0.3310829405547938;0.999927043911073;0.800000011920929;0.800000011920929;0.800000011920929
lidar;18.0;35.0;25.020774841308594;25.02082633972168;9.702898025512695;0.2985551059246063;25.01832389831543;25.018369674682617;9.737950325012207;0.26333143660573544;0.9999544620480533;0.800000011920929;0.800000011920929;0.800000011920929
lidar;18.0;35.0;25.020748138427734;25.02602195739746;9.703293800354004;0.29856717586517334;25.018983840942383;25.0238094329834;9.728521347045898;0.2731812275320517;0.9999136924713492;0.800000011920929;0.800000011920929;0.800000011920929
lidar;18.0;35.0;25.020719528198242;25.031219482421875;9.703691482543945;0.2986680269241333;25.02231216430664;25.03361701965332;9.680930137634277;0.3216103702124727;0.9995759725778646;0.800000011920929;0.800000011920929;0.800000011920929
lidar;18.0;35.0;25.020689010620117;25.036415100097656;9.704143524169922;0.29880598187446594;25.020431518554688;25.03596305847168;9.707818984985352;0.2950944205296654;0.9991143942599158;0.800000011920929;0.800000011920929;0.800000011920929
lidar;18.0;35.0;25.02065658569336;25.04161834716797;9.704596519470215;0.29903507232666016;25.021602630615234;25.043521881103516;9.691075325012207;0.31272293412790453;0.9983484744529626;0.800000011920929;0.800000011920929;0.800000011920929
lidar;18.0;35.0;25.0206241607666;25.046829223632812;9.705049514770508;0.2993559241294861;25.022676467895508;25.05148696899414;9.67572021484375;0.3291232814868732;0.9972784521123016;0.800000011920929;0.800000011920929;0.800000011920929
lidar;18.0;35.0;25.020591735839844;25.052051544189453;9.705521583557129;0.2997514009475708;25.02355194091797;25.059532165527344;9.663204193115234;0.34282632260228346;0.9959622621952494;0.800000011920929;0.800000011920929;0.800000011920929
lidar;18.0;35.0;25.020523071289062;25.057188034057617;9.706507682800293;0.29971519112586975;25.019081115722656;25.053171157836914;9.727120399475098;0.27866612942598395;0.9957219364311811;0.800000011920929;0.800000011920929;0.800000011920929
lidar;18.0;35.0;25.02042007446289;25.062225341796875;9.707968711853027;0.29928499460220337;25.02137565612793;25.06513786315918;9.694297790527344;0.31329455192273975;0.9971529842419073;0.800000011920929;0.800000011920929;0.800000011920929
lidar;18.0;35.0;25.02031898498535;25.067249298095703;9.70942497253418;0.2989470064640045;25.020761489868164;25.068714141845703;9.703089714050293;0.3054645372186933;0.9982802867961199;0.800000011920929;0.800000011920929;0.800000011920929
lidar;18.0;35.0;25.020217895507812;25.072261810302734;9.710878372192383;0.2987006604671478;25.017534255981445;25.062673568725586;9.749239921569824;0.25906801364896265;0.9991035461853626;0.800000011920929;0.800000011920929;0.800000011920929
lidar;18.0;35.0;25.02011489868164;25.077268600463867;9.712329864501953;0.29854556918144226;25.022520065307617;25.086503982543945;9.677950859069824;0.33422416162690044;0.9996224642032228;0.800000011920929;0.800000011920929;0.800000011920929
lidar;18.0;35.0;25.0200138092041;25.082271575927734;9.71377944946289;0.29848161339759827;25.018552780151367;25.076265335083008;9.734679222106934;0.2766870281640959;0.999836862101933;0.800000011920929;0.800000011920929;0.800000011920929
lidar;18.0;35.0;25.019912719726562;25.0872745513916;9.715229988098145;0.29850858449935913;25.020238876342773;25.088706970214844;9.710556030273438;0.303407732752563;0.9997467398465154;0.800000011920929;0.800000011920929;0.800000011920929
lidar;18.0;35.0;25.019811630249023;25.092281341552734;9.716681480407715;0.29862645268440247;25.020343780517578;25.094758987426758;9.709073066711426;0.30664527105071643;0.9993520975231664;0.800000011920929;0.800000011920929;0.800000011920929
lidar;18.0;35.0;25.019710540771484;25.097291946411133;9.718133926391602;0.29883551597595215;25.01862335205078;25.09192657470703;9.733678817749023;0.2823543481548079;0.9986529350792697;0.800000011920929;0.800000011920929;0.800000011920929
lidar;18.0;35.0;25.01960563659668;25.102296829223633;9.71962833404541;0.2990942597389221;25.019927978515625;25.103975296020508;9.715027809143066;0.3040015784894809;0.9977888464488582;0.800000011920929;0.800000011920929;0.800000011920929
lidar;18.0;35.0;25.019498825073242;25.107303619384766;9.72114372253418;0.2994247078895569;25.014009475708008;25.077089309692383;9.799664497375488;0.21511237409705875;0.9966878892691071;0.800000011920929;0.800000011920929;0.800000011920929
lidar;18.0;35.0;25.019393920898438;25.11232566833496;9.722663879394531;0.29984724521636963;25.020748138427734;25.120168685913086;9.70329761505127;0.32078556514654527;0.9952832458111669;0.800000011920929;0.800000011920929;0.800000011920929
lidar;18.0;35.0;25.019227981567383;25.11700439453125;9.725025177001953;0.2994515299797058;25.018661499023438;25.113561630249023;9.733118057250977;0.2906376064149025;0.9959331158123279;0.800000011920929;0.800000011920929;0.800000011920929
lidar;18.0;35.0;25.01905632019043;25.121627807617188;9.727486610412598;0.2990318834781647;25.022552490234375;25.143938064575195;9.677498817443848;0.35388315109429863;0.997331261496538;0.800000011920929;0.800000011920929;0.800000011920929
lidar;18.0;35.0;25.018884658813477;25.126237869262695;9.729941368103027;0.29870420694351196;25.017871856689453;25.119464874267578;9.744431495666504;0.28267688702721405;0.9984257221559374;0.800000011920929;0.800000011920929;0.800000011920929
lidar;18.0;35.0;25.018712997436523;25.130840301513672;9.732392311096191;0.29846811294555664;25.016202926635742;25.1132869720459;9.768293380737305;0.25842706991568976;0.9992159605226549;0.800000011920929;0.800000011920929;0.800000011920929
lidar;18.0;35.0;25.01854133605957;25.135435104370117;9.73483943939209;0.2983231842517853;25.020606994628906;25.150527954101562;9.705293655395508;0.33156425259248257;0.9997018575630098;0.800000011920929;0.800000011920929;0.800000011920929
lidar;18.0;35.0;25.01837158203125;25.14002799987793;9.737285614013672;0.2982691824436188;25.014955520629883;25.113990783691406;9.786138534545898;0.24280479198190127;0.9998832344966296;0.800000011920929;0.800000011920929;0.800000011920929
lidar;18.0;35.0;25.018199920654297;25.144620895385742;9.739730834960938;0.29830601811408997;25.01556396484375;25.12367820739746;9.777421951293945;0.2551071310565195;0.9997600912996375;0.800000011920929;0.800000011920929;0.800000011920929
lidar;18.0;35.0;25.018028259277344;25.14921760559082;9.742177963256836;0.29843372106552124;25.019058227539062;25.157737731933594;9.727455139160156;0.3154763200591868;0.9993323683772019;0.800000011920929;0.800000011920929;0.800000011920929
lidar;18.0;35.0;25.01785659790039;25.153818130493164;9.744627952575684;0.29865261912345886;25.01337432861328;25.115205764770508;9.808731079101562;0.22368551442085144;0.9986002445107118;0.800000011920929;0.800000011920929;0.800000011920929
lidar;18.0;35.0;25.017684936523438;25.15842628479004;9.747082710266113;0.29896292090415955;25.021446228027344;25.192108154296875;9.69331169128418;0.36252303902308197;0.997563958305139;0.800000011920929;0.800000011920929;0.800000011920929
lidar;18.0;35.0;25.017513275146484;25.16304588317871;9.749543190002441;0.29936519265174866;25.020090103149414;25.18703842163086;9.712686538696289;0.34341820393476574;0.9962237477692729;0.800000011920929;0.800000011920929;0.800000011920929
lidar;18.0;35.0;25.01730728149414;25.167343139648438;9.752508163452148;0.2992577850818634;25.021272659301758;25.205686569213867;9.695799827575684;0.36782811901478274;0.9957134720640434;0.800000011920929;0.800000011920929;0.800000011920929
lidar;18.0;35.0;25.017074584960938;25.171396255493164;9.755816459655762;0.29882076382637024;25.018287658691406;25.183568954467773;9.73847484588623;0.320042706560851;0.9971693156854129;0.800000011920929;0.800000011920929;0.800000011920929
lidar;18.0;35.0;25.016843795776367;25.175439834594727;9.759116172790527;0.29847586154937744;25.020751953125;25.216129302978516;9.703248023986816;0.36770093053658515;0.9983215331448297;0.800000011920929;0.800000011920929;0.800000011920929
lidar;18.0;35.0;25.016613006591797;25.179473876953125;9.762409210205078;0.29822248220443726;25.013111114501953;25.141639709472656;9.812496185302734;0.23535325894006842;0.999169528539847;0.800000011920929;0.800000011920929;0.800000011920929
lidar;18.0;35.0;25.01638412475586;25.183504104614258;9.765697479248047;0.29806020855903625;25.014549255371094;25.162960052490234;9.791929244995117;0.26469018326779015;0.9997132420472429;0.800000011920929;0.800000011920929;0.800000011920929
lidar;18.0;35.0;25.01615333557129;25.187530517578125;9.768982887268066;0.2979888617992401;25.017169952392578;25.19933319091797;9.754444122314453;0.31674275190197654;0.9999523758882767;0.800000011920929;0.800000011920929;0.800000011920929
lidar;18.0;35.0;25.01592445373535;25.191556930541992;9.772268295288086;0.29800835251808167;25.01555633544922;25.1871280670166;9.777532577514648;0.2911197612071316;0.9998869895985528;0.800000011920929;0.800000011920929;0.800000011920929
lidar;18.0;35.0;25.015695571899414;25.19558334350586;9.775555610656738;0.2981185019016266;25.014617919921875;25.182165145874023;9.79095458984375;0.27766443658660545;0.9995169639854075;0.800000011920929;0.800000011920929;0.800000011920929
lidar;18.0;35.0;25.015464782714844;25.199615478515625;9.778844833374023;0.29831981658935547;25.010372161865234;25.13389015197754;9.851662635803223;0.20009492545521507;0.9988425373849404;0.800000011920929;0.800000011920929;0.800000011920929
lidar;18.0;35.0;25.015233993530273;25.20365333557129;9.782140731811523;0.2986123561859131;25.015804290771484;25.21129035949707;9.773970603942871;0.30981064033364064;0.9978637694126586;0.800000011920929;0.800000011920929;0.800000011920929
lidar;18.0;35.0;25.015003204345703;25.207700729370117;9.785443305969238;0.29899662733078003;25.01649284362793;25.228328704833984;9.764134407043457;0.32869306443943597;0.9965811372183135;0.800000011920929;0.800000011920929;0.800000011920929
lidar;18.0;35.0;25.014759063720703;25.211566925048828;9.788949966430664;0.29919931292533875;25.01667594909668;25.23904800415039;9.761534690856934;0.3380652295812819;0.9949679377067765;0.800000011920929;0.800000011920929;0.800000011920929
lidar;18.0;35.0;25.011077880859375;24.7883358001709;9.788626670837402;0.29933732748031616;25.009355545043945;24.821250915527344;9.821495056152344;0.2527905267383557;0.9945092798722966;0.800000011920929;0.800000011920929;0.800000011920929
lidar;18.0;35.0;25.011259078979492;24.792259216308594;9.785173416137695;0.2990536689758301;25.01005744934082;24.81441879272461;9.808088302612305;0.2671540597105578;0.9963909982052515;0.800000011920929;0.800000011920929;0.800000011920929
lidar;18.0;35.0;25.011432647705078;24.796306610107422;9.781866073608398;0.2986702024936676;25.012590408325195;24.77565574645996;9.759751319885254;0.3289500954100474;0.9976704715788306;0.800000011920929;0.800000011920929;0.800000011920929
lidar;18.0;35.0;25.01160430908203;24.80034637451172;9.778565406799316;0.29837849736213684;25.010456085205078;24.82012176513672;9.800498008728027;0.268824784530446;0.9986460804193642;0.800000011920929;0.800000011920929;0.800000011920929
lidar;18.0;35.0;25.011777877807617;24.804378509521484;9.775270462036133;0.298178106546402;25.013628005981445;24.773643493652344;9.739962577819824;0.34502589123669536;0.9993175267488552;0.800000011920929;0.800000011920929;0.800000011920929
lidar;18.0;35.0;25.01194953918457;24.80840492248535;9.771979331970215;0.298068642616272;25.009122848510742;24.85373878479004;9.825932502746582;0.22754057787649132;0.9996845126330647;0.800000011920929;0.800000011920929;0.800000011920929
lidar;18.0;35.0;25.012123107910156;24.81243133544922;9.768689155578613;0.29805007576942444;25.011459350585938;24.822690963745117;9.781340599060059;0.2817483039386867;0.9997469782621645;0.800000011920929;0.800000011920929;0.800000011920929
lidar;18.0;35.0;25.01229476928711;24.816457748413086;9.765398025512695;0.2981223464012146;25.01702308654785;24.74587059020996;9.67517375946045;0.41277597954435374;0.9995049238041015;0.800000011920929;0.800000011920929;0.800000011920929
lidar;18.0;35.0;25.012468338012695;24.82048797607422;9.762104988098145;0.29828551411628723;25.0170841217041;24.754016876220703;9.674015045166016;0.4087369172060231;0.9989584088128398;0.800000011920929;0.800000011920929;0.800000011920929
lidar;18.0;35.0;25.01263999938965;24.824522018432617;9.758807182312012;0.29853981733322144;25.011512756347656;24.840181350708008;9.780330657958984;0.2718985597306476;0.998107671734637;0.800000011920929;0.800000011920929;0.800000011920929
lidar;18.0;35.0;25.012813568115234;24.82856559753418;9.755502700805664;0.298885703086853;25.014238357543945;24.809505462646484;9.728317260742188;0.3321183262815234;0.9969527722957701;0.800000011920929;0.800000011920929;0.800000011920929
lidar;18.0;35.0;25.01298713684082;24.83262062072754;9.752189636230469;0.29932358860969543;25.01068115234375;24.862346649169922;9.7962007522583;0.24616353187496695;0.9954942464386108;0.800000011920929;0.800000011920929;0.800000011920929
lidar;18.0;35.0;25.013137817382812;24.836971282958984;9.749302864074707;0.2993322014808655;25.012985229492188;24.83888053894043;9.752237319946289;0.2958287670889285;0.9963333603732553;0.800000011920929;0.800000011920929;0.800000011920929
lidar;18.0;35.0;25.013267517089844;24.841590881347656;9.746840476989746;0.2989296615123749;25.014524459838867;24.826576232910156;9.722844123840332;0.3272648915049635;0.9976748227955133;0.800000011920929;0.800000011920929;0.800000011920929
lidar;18.0;35.0;25.013397216796875;24.84619903564453;9.744384765625;0.29861894249916077;25.0142765045166;24.836101531982422;9.72760009765625;0.31822691617220883;0.998712301299071;0.800000011920929;0.800000011920929;0.800000011920929
lidar;18.0;35.0;25.013525009155273;24.850799560546875;9.741931915283203;0.29839974641799927;25.012998580932617;24.85660743713379;9.75197696685791;0.2867857897504202;0.9994455575733585;0.800000011920929;0.800000011920929;0.800000011920929
lidar;18.0;35.0;25.013652801513672;24.85539436340332;9.739482879638672;0.29827168583869934;25.012937545776367;24.862977981567383;9.753144264221191;0.2826312917268844;0.9998744130168197;0.800000011920929;0.800000011920929;0.800000011920929
lidar;18.0;35.0;25.01378059387207;24.859987258911133;9.737035751342773;0.2982344925403595;25.007909774780273;24.919631958007812;9.849058151245117;0.17118655754067497;0.9999986886978423;0.800000011920929;0.800000011920929;0.800000011920929
lidar;18.0;35.0;25.0139102935791;24.864580154418945;9.734587669372559;0.2982882559299469;25.017581939697266;24.828815460205078;9.664493560791016;0.37706492254514;0.9998183250581673;0.800000011920929;0.800000011920929;0.800000011920929
lidar;18.0;35.0;25.0140380859375;24.86917495727539;9.732137680053711;0.2984327971935272;25.015228271484375;24.858081817626953;9.709423065185547;0.32374043834427146;0.9993335008269008;0.800000011920929;0.800000011920929;0.800000011920929
lidar;18.0;35.0;25.0141658782959;24.873777389526367;9.729684829711914;0.29866868257522583;25.013959884643555;24.875614166259766;9.73361873626709;0.29432258252374344;0.9985442160816782;0.800000011920929;0.800000011920929;0.800000011920929
lidar;18.0;35.0;25.01429557800293;24.878387451171875;9.727228164672852;0.29899606108665466;25.012561798095703;24.89313507080078;9.760308265686035;0.2627357659291493;0.9974506497319963;0.800000011920929;0.800000011920929;0.800000011920929
lidar;18.0;35.0;25.01442527770996;24.88300895690918;9.724764823913574;0.2994154095649719;25.018722534179688;24.848148345947266;9.642751693725586;0.3886325802883221;0.996053457197301;0.800000011920929;0.800000011920929;0.800000011920929
lidar;18.0;35.0;25.014543533325195;24.88772964477539;9.722501754760742;0.2997017800807953;25.017446517944336;24.86530876159668;9.667083740234375;0.3595545060438021;0.9957666399302735;0.800000011920929;0.800000011920929;0.800000011920929
lidar;18.0;35.0;25.014623641967773;24.89274787902832;9.720982551574707;0.2992785573005676;25.01181411743164;24.913345336914062;9.774563789367676;0.24180596498374424;0.9971745612121963;0.800000011920929;0.800000011920929;0.800000011920929
lidar;18.0;35.0;25.01470184326172;24.897754669189453;9.719466209411621;0.2989475429058075;25.01155662536621;24.919631958007812;9.779492378234863;0.23498114073378476;0.9982787966734621;0.800000011920929;0.800000011920929;0.800000011920929
lidar;18.0;35.0;25.014781951904297;24.90275001525879;9.717952728271484;0.2987081706523895;25.015945434570312;24.89508819580078;9.695730209350586;0.3222440721816364;0.9990788102357544;0.800000011920929;0.800000011920929;0.800000011920929
lidar;18.0;35.0;25.014860153198242;24.907739639282227;9.716442108154297;0.2985599935054779;25.016700744628906;24.896316528320312;9.681330680847168;0.3355287827446485;0.999574601660903;0.800000011920929;0.800000011920929;0.800000011920929
lidar;18.0;35.0;25.01494026184082;24.9127254486084;9.71493148803711;0.2985028028488159;25.01059913635254;24.938085556030273;9.797765731811523;0.21176502815479473;0.9997658729435239;0.800000011920929;0.800000011920929;0.800000011920929
lidar;18.0;35.0;25.015018463134766;24.917713165283203;9.713421821594238;0.29853662848472595;25.013084411621094;24.928312301635742;9.75033950805664;0.2600778686798241;0.999652624146033;0.800000011920929;0.800000011920929;0.800000011920929
lidar;18.0;35.0;25.015098571777344;24.922700881958008;9.711910247802734;0.2986614406108856;25.0173282623291;24.911285400390625;9.669364929199219;0.3427685472078103;0.9992348551660541;0.800000011920929;0.800000011920929;0.800000011920929
lidar;18.0;35.0;25.015174865722656;24.927705764770508;9.710441589355469;0.2988327741622925;25.013545989990234;24.93546485900879;9.74151611328125;0.26676225387703967;0.9986618160824443;0.800000011920929;0.800000011920929;0.800000011920929
lidar;18.0;35.0;25.01525115966797;24.932722091674805;9.708984375;0.29907989501953125;25.01568031311035;24.930831909179688;9.700811386108398;0.307479680719928;0.9978367092119792;0.800000011920929;0.800000011920929;0.800000011920929
lidar;18.0;35.0;25.01532745361328;24.937747955322266;9.707525253295898;0.29941868782043457;25.018653869628906;24.924240112304688;9.644063949584961;0.3643875243918243;0.9967076779037783;0.800000011920929;0.800000011920929;0.800000011920929
lidar;18.0;35.0;25.015403747558594;24.942785263061523;9.706063270568848;0.29984962940216064;25.010009765625;24.962825775146484;9.809014320373535;0.19482704447380808;0.9952750204649347;0.800000011920929;0.800000011920929;0.800000011920929
lidar;18.0;35.0;25.015439987182617;24.94797706604004;9.705370903015137;0.29958489537239075;25.01849365234375;24.937694549560547;9.647130966186523;0.35880412860646654;0.996516048732736;0.800000011920929;0.800000011920929;0.800000011920929
lidar;18.0;35.0;25.015466690063477;24.95319366455078;9.704877853393555;0.29921120405197144;25.013717651367188;24.958484649658203;9.738241195678711;0.26538556300421123;0.99776065356985;0.800000011920929;0.800000011920929;0.800000011920929
lidar;18.0;35.0;25.015493392944336;24.958396911621094;9.704385757446289;0.2989293932914734;25.013147354125977;24.964696884155273;9.749147415161133;0.2536658649895684;0.9987013935325231;0.800000011920929;0.800000011920929;0.800000011920929
lidar;18.0;35.0;25.015518188476562;24.963594436645508;9.703901290893555;0.29873135685920715;25.018848419189453;24.955780029296875;9.640349388122559;0.36284850167492966;0.9993640185021619;0.800000011920929;0.800000011920929;0.800000011920929
lidar;18.0;35.0;25.015541076660156;24.968788146972656;9.703449249267578;0.29859328269958496;25.017030715942383;24.96579933166504;9.675042152404785;0.32719665821126886;0.9998261332666865;0.800000011920929;0.800000011920929;0.800000011920929
lidar;18.0;35.0;25.015565872192383;24.973979949951172;9.702997207641602;0.29854628443717957;25.01412010192871;24.976394653320312;9.730565071105957;0.27083508301167664;0.9999836087234456;0.800000011920929;0.800000011920929;0.800000011920929
lidar;18.0;35.0;25.015586853027344;24.97917366027832;9.702571868896484;0.2985634505748749;25.01413917541504;24.981107711791992;9.730205535888672;0.2708245234364149;0.9999263882678292;0.800000011920929;0.800000011920929;0.800000011920929
lidar;18.0;35.0;25.015607833862305;24.984371185302734;9.702176094055176;0.2986423075199127;25.014135360717773;24.9858455657959;9.730287551879883;0.2704534743413858;0.9996624589057953;0.800000011920929;0.800000011920929;0.800000011920929
lidar;18.0;35.0;25.015625;24.989574432373047;9.701849937438965;0.29874101281166077;25.016563415527344;24.988948822021484;9.683956146240234;0.31667063632949316;0.9993323683772019;0.800000011920929;0.800000011920929;0.800000011920929
lidar;18.0;35.0;25.015636444091797;24.99478530883789;9.701630592346191;0.2988242506980896;25.01620101928711;24.994596481323242;9.690881729125977;0.3095893550010063;0.9990538358228691;0.800000011920929;0.800000011920929;0.800000011920929
lidar;18.0;35.0;25.015642166137695;25.0;9.70154094696045;0.2988690435886383;25.016096115112305;25.0;9.69287109375;0.3075501481210261;0.9989041089717636;0.800000011920929;0.800000011920929;0.800000011920929
lidar;18.0;35.0;25.015636444091797;25.00521469116211;9.701630592346191;0.2988242506980896;25.016765594482422;25.005592346191406;9.680094718933105;0.3203930197739463;0.9990538358228691;0.800000011920929;0.800000011920929;0.800000011920929
lidar;18.0;35.0;25.015625;25.010425567626953;9.701849937438965;0.29874101281166077;25.018930435180664;25.012630462646484;9.638797760009766;0.361917947364617;0.9993323683772019;0.800000011920929;0.800000011920929;0.800000011920929
lidar;18.0;35.0;25.015607833862305;25.015628814697266;9.70217514038086;0.2986423373222351;25.01883888244629;25.018863677978516;9.640541076660156;0.36044569498211604;0.9996624589057953;0.800000011920929;0.800000011920929;0.800000011920929
lidar;18.0;35.0;25.015586853027344;25.02082633972168;9.702571868896484;0.2985634505748749;25.01092529296875;25.014596939086914;9.791536331176758;0.20925992058930576;0.9999263882678292;0.800000011920929;0.800000011920929;0.800000011920929
lidar;18.0;35.0;25.015565872192383;25.026020050048828;9.702997207641602;0.29854628443717957;25.016910552978516;25.028268814086914;9.677322387695312;0.3243550021393938;0.9999836087234456;0.800000011920929;0.800000011920929;0.800000011920929
lidar;18.0;35.0;25.015541076660156;25.031211853027344;9.703449249267578;0.29859328269958496;25.012182235717773;25.024465560913086;9.76754093170166;0.23406016412000885;0.9998261332666865;0.800000011920929;0.800000011920929;0.800000011920929
lidar;18.0;35.0;25.015518188476562;25.036405563354492;9.703901290893555;0.29873135685920715;25.021224975585938;25.049793243408203;9.595026969909668;0.40857447609175757;0.9993640185021619;0.800000011920929;0.800000011920929;0.800000011920929
lidar;18.0;35.0;25.015493392944336;25.041603088378906;9.704385757446289;0.2989293932914734;25.01821517944336;25.048913955688477;9.652434349060059;0.3514633900375038;0.9987013935325231;0.800000011920929;0.800000011920929;0.800000011920929
lidar;18.0;35.0;25.015466690063477;25.04680633544922;9.704877853393555;0.29921120405197144;25.01698875427246;25.051416397094727;9.675821304321289;0.32866979715254674;0.99776065356985;0.800000011920929;0.800000011920929;0.800000011920929
lidar;18.0;35.0;25.015439987182617;25.05202293395996;9.705370903015137;0.29958489537239075;25.013940811157227;25.046968460083008;9.733997344970703;0.2704764674598807;0.996516048732736;0.800000011920929;0.800000011920929;0.800000011920929
lidar;18.0;35.0;25.015403747558594;25.057214736938477;9.706063270568848;0.29984962940216064;25.01738739013672;25.064577102661133;9.668231964111328;0.33844155302490664;0.9952750204649347;0.800000011920929;0.800000011920929;0.800000011920929
lidar;18.0;35.0;25.01532745361328;25.062252044677734;9.707526206970215;0.2994186282157898;25.013933181762695;25.05658721923828;9.734143257141113;0.2721686829215457;0.9967076779037783;0.800000011920929;0.800000011920929;0.800000011920929
lidar;18.0;35.0;25.01525115966797;25.067277908325195;9.708985328674316;0.2990798354148865;25.013442993164062;25.059301376342773;9.743491172790527;0.26361690852566;0.9978367092119792;0.800000011920929;0.800000011920929;0.800000011920929
lidar;18.0;35.0;25.015174865722656;25.072294235229492;9.710441589355469;0.2988327443599701;25.015871047973633;25.075613021850586;9.697145462036133;0.3125544102605977;0.9986618160824443;0.800000011920929;0.800000011920929;0.800000011920929
lidar;18.0;35.0;25.015098571777344;25.077299118041992;9.711910247802734;0.29866141080856323;25.01618194580078;25.082847595214844;9.691229820251465;0.3201010422319568;0.9992348551660541;0.800000011920929;0.800000011920929;0.800000011920929
lidar;18.0;35.0;25.015018463134766;25.082286834716797;9.713420867919922;0.29853665828704834;25.01640510559082;25.089885711669922;9.686962127685547;0.3261000829630925;0.9996525645462706;0.800000011920929;0.800000011920929;0.800000011920929
lidar;18.0;35.0;25.01494026184082;25.0872745513916;9.71493148803711;0.2985028624534607;25.014659881591797;25.085636138916016;9.720281600952148;0.2929011355750751;0.9997658729435239;0.800000011920929;0.800000011920929;0.800000011920929
lidar;18.0;35.0;25.014860153198242;25.092260360717773;9.716442108154297;0.2985600233078003;25.01694679260254;25.10521697998047;9.676620483398438;0.34048750805090905;0.999574601660903;0.800000011920929;0.800000011920929;0.800000011920929
lidar;18.0;35.0;25.014781951904297;25.09724998474121;9.717952728271484;0.2987082004547119;25.020662307739258;25.135948181152344;9.605721473693848;0.41756956796030553;0.9990788102357544;0.800000011920929;0.800000011920929;0.800000011920929
lidar;18.0;35.0;25.01470184326172;25.102245330810547;9.719466209411621;0.29894760251045227;25.019790649414062;25.137636184692383;9.622365951538086;0.40242116102072273;0.9982787966734621;0.800000011920929;0.800000011920929;0.800000011920929
lidar;18.0;35.0;25.014623641967773;25.10725212097168;9.720982551574707;0.2992786169052124;25.011688232421875;25.085721969604492;9.776994705200195;0.23919899753850712;0.9971745612121963;0.800000011920929;0.800000011920929;0.800000011920929
lidar;18.0;35.0;25.014543533325195;25.11227035522461;9.722502708435059;0.2997017502784729;25.015615463256836;25.120553970336914;9.7020263671875;0.32181594495203286;0.9957666399302735;0.800000011920929;0.800000011920929;0.800000011920929
lidar;18.0;35.0;25.01442527770996;25.11699104309082;9.724764823913574;0.2994154393672943;25.01740837097168;25.141185760498047;9.667841911315918;0.36133881378150945;0.996053457197301;0.800000011920929;0.800000011920929;0.800000011920929
lidar;18.0;35.0;25.01429557800293;25.121612548828125;9.727228164672852;0.2989961504936218;25.014015197753906;25.119234085083008;9.732563972473145;0.2931469876125556;0.9974506497319963;0.800000011920929;0.800000011920929;0.800000011920929
lidar;18.0;35.0;25.0141658782959;25.126222610473633;9.729684829711914;0.2986688017845154;25.014978408813477;25.133464813232422;9.714176177978516;0.31580489565947567;0.9985442160816782;0.800000011920929;0.800000011920929;0.800000011920929
lidar;18.0;35.0;25.0140380859375;25.13082504272461;9.732137680053711;0.2984330356121063;25.011444091796875;25.10664939880371;9.781636238098145;0.24328500386836743;0.9993335008269008;0.800000011920929;0.800000011920929;0.800000011920929
lidar;18.0;35.0;25.0139102935791;25.135419845581055;9.734587669372559;0.2982884645462036;25.015214920043945;25.148128509521484;9.709681510925293;0.326279368412245;0.9998183846638937;0.800000011920929;0.800000011920929;0.800000011920929
lidar;18.0;35.0;25.01378059387207;25.140012741088867;9.737034797668457;0.2982347011566162;25.013668060302734;25.13886833190918;9.739184379577637;0.29579741020168554;0.9999986886978423;0.800000011920929;0.800000011920929;0.800000011920929
lidar;18.0;35.0;25.013652801513672;25.14460563659668;9.739482879638672;0.29827189445495605;25.016538619995117;25.175168991088867;9.684419631958008;0.361314940154662;0.9998744130168197;0.800000011920929;0.800000011920929;0.800000011920929
lidar;18.0;35.0;25.013525009155273;25.149200439453125;9.741931915283203;0.298399955034256;25.013376235961914;25.147567749023438;9.744755744934082;0.2951347374363899;0.9994455575733585;0.800000011920929;0.800000011920929;0.800000011920929
lidar;18.0;35.0;25.013397216796875;25.15380096435547;9.744383811950684;0.2986190617084503;25.013275146484375;25.152400970458984;9.746707916259766;0.2959040193956233;0.998712301299071;0.800000011920929;0.800000011920929;0.800000011920929
lidar;18.0;35.0;25.013267517089844;25.158409118652344;9.746840476989746;0.29892969131469727;25.015426635742188;25.184185028076172;9.705644607543945;0.34757369338865174;0.9976748227955133;0.800000011920929;0.800000011920929;0.800000011920929
lidar;18.0;35.0;25.013137817382812;25.163028717041016;9.749302864074707;0.29933226108551025;25.017059326171875;25.2116756439209;9.674495697021484;0.3886519153173987;0.9963333603732553;0.800000011920929;0.800000011920929;0.800000011920929
lidar;18.0;35.0;25.01298713684082;25.16737937927246;9.752189636230469;0.29932358860969543;25.01387596130371;25.178844451904297;9.73521614074707;0.3198256398671324;0.9954942464386108;0.800000011920929;0.800000011920929;0.800000011920929
lidar;18.0;35.0;25.012813568115234;25.17143440246582;9.755502700805664;0.29888564348220825;25.01209831237793;25.16185760498047;9.769160270690918;0.28218997541069524;0.9969528315779999;0.800000011920929;0.800000011920929;0.800000011920929
lidar;18.0;35.0;25.01263999938965;25.175477981567383;9.758807182312012;0.29853975772857666;25.012563705444336;25.174406051635742;9.760279655456543;0.2967173823258701;0.998107671734637;0.800000011920929;0.800000011920929;0.800000011920929
lidar;18.0;35.0;25.012468338012695;25.17951202392578;9.762104988098145;0.29828548431396484;25.015689849853516;25.22591781616211;9.700608253479004;0.3753928974971928;0.9989584088128398;0.800000011920929;0.800000011920929;0.800000011920929
lidar;18.0;35.0;25.01229476928711;25.183542251586914;9.765398025512695;0.2981223464012146;25.011560440063477;25.172592163085938;9.77939510345459;0.2803356639532599;0.9995049238041015;0.800000011920929;0.800000011920929;0.800000011920929
lidar;18.0;35.0;25.012123107910156;25.18756866455078;9.768689155578613;0.29805007576942444;25.01188850402832;25.18395233154297;9.773149490356445;0.29230235065568394;0.9997469782621645;0.800000011920929;0.800000011920929;0.800000011920929
lidar;18.0;35.0;25.01194953918457;25.19159507751465;9.771979331970215;0.29806867241859436;25.015077590942383;25.24173927307129;9.712301254272461;0.3760798334027897;0.9996845126330647;0.800000011920929;0.800000011920929;0.800000011920929
lidar;18.0;35.0;25.011777877807617;25.195621490478516;9.775270462036133;0.2981780767440796;25.010652542114258;25.17692756652832;9.796747207641602;0.2696823916113757;0.9993175267488552;0.800000011920929;0.800000011920929;0.800000011920929
lidar;18.0;35.0;25.01160430908203;25.19965362548828;9.778565406799316;0.29837849736213684;25.01182746887207;25.2034912109375;9.774310111999512;0.30411241472546574;0.9986460804193642;0.800000011920929;0.800000011920929;0.800000011920929
lidar;18.0;35.0;25.011432647705078;25.203693389892578;9.781866073608398;0.2986701726913452;25.008806228637695;25.156919479370117;9.831954956054688;0.2300884916684207;0.9976704715788306;0.800000011920929;0.800000011920929;0.800000011920929
lidar;18.0;35.0;25.011259078979492;25.207740783691406;9.785173416137695;0.29905369877815247;25.011219024658203;25.20700454711914;9.785934448242188;0.29799398634068447;0.9963909982052515;0.800000011920929;0.800000011920929;0.800000011920929
lidar;18.0;35.0;25.011077880859375;25.2116641998291;9.788626670837402;0.29933735728263855;25.011062622070312;25.21139144897461;9.788898468017578;0.29895246772880074;0.9945093391286914;0.800000011920929;0.800000011920929;0.800000011920929
lidar;18.0;35.0;25.00739097595215;24.788209915161133;9.788338661193848;0.29951658844947815;25.009050369262695;24.740692138671875;9.740850448608398;0.3667168918090684;0.9939138293342749;0.800000011920929;0.800000011920929;0.800000011920929
lidar;18.0;35.0;25.007511138916016;24.792184829711914;9.784932136535645;0.2991616129875183;25.007213592529297;24.800405502319336;9.793440818786621;0.28732644464484974;0.9960312846046772;0.800000011920929;0.800000011920929;0.800000011920929
lidar;18.0;35.0;25.007625579833984;24.796232223510742;9.78161907196045;0.29877975583076477;25.00787353515625;24.78962516784668;9.774538040161133;0.3084678527149763;0.997304797303573;0.800000011920929;0.800000011920929;0.800000011920929
lidar;18.0;35.0;25.007741928100586;24.80027198791504;9.778314590454102;0.298489511013031;25.008087158203125;24.79137420654297;9.768437385559082;0.31178769423310126;0.9982745648143008;0.800000011920929;0.800000011920929;0.800000011920929
lidar;18.0;35.0;25.007856369018555;24.804304122924805;9.77501392364502;0.2982907295227051;25.00775718688965;24.806798934936523;9.777883529663086;0.2944864491383361;0.9989401101910791;0.800000011920929;0.800000011920929;0.800000011920929
lidar;18.0;35.0;25.007972717285156;24.808332443237305;9.77171802520752;0.2981829047203064;25.00990867614746;24.761775970458984;9.716269493103027;0.3706094973538726;0.9993014931845924;0.800000011920929;0.800000011920929;0.800000011920929
lidar;18.0;35.0;25.008087158203125;24.812358856201172;9.768423080444336;0.2981659173965454;25.007667541503906;24.82207489013672;9.780415534973145;0.2827245980825552;0.9993584156561213;0.800000011920929;0.800000011920929;0.800000011920929
lidar;18.0;35.0;25.008201599121094;24.81638526916504;9.765127182006836;0.2982398569583893;25.00577163696289;24.870803833007812;9.834736824035645;0.2098503892429795;0.9991109371313411;0.800000011920929;0.800000011920929;0.800000011920929
lidar;18.0;35.0;25.008317947387695;24.820415496826172;9.761828422546387;0.298404723405838;25.0102596282959;24.77848243713379;9.70621395111084;0.3680840933089276;0.9985591172366015;0.800000011920929;0.800000011920929;0.800000011920929
lidar;18.0;35.0;25.008432388305664;24.824451446533203;9.758525848388672;0.2986608147621155;25.007362365722656;24.846729278564453;9.789170265197754;0.2607582638038448;0.9977031351177339;0.800000011920929;0.800000011920929;0.800000011920929
lidar;18.0;35.0;25.008548736572266;24.828495025634766;9.755215644836426;0.2990085184574127;25.00826072692871;24.834238052368164;9.763411521911621;0.2889977236304194;0.9965431691178958;0.800000011920929;0.800000011920929;0.800000011920929
lidar;18.0;35.0;25.008663177490234;24.832550048828125;9.751896858215332;0.29944831132888794;25.010419845581055;24.798622131347656;9.701626777648926;0.36012239618184033;0.9950797559804574;0.800000011920929;0.800000011920929;0.800000011920929
lidar;18.0;35.0;25.00876235961914;24.836952209472656;9.749082565307617;0.2993669807910919;25.007308959960938;24.864004135131836;9.790711402893066;0.24969987583508949;0.9962176083088738;0.800000011920929;0.800000011920929;0.800000011920929
lidar;18.0;35.0;25.008848190307617;24.84157371520996;9.746618270874023;0.29896464943885803;25.00777244567871;24.860824584960938;9.777408599853516;0.26263525530439286;0.9975577591176189;0.800000011920929;0.800000011920929;0.800000011920929
lidar;18.0;35.0;25.008934020996094;24.846181869506836;9.744158744812012;0.29865434765815735;25.007301330566406;24.874309539794922;9.790943145751953;0.2440411840833835;0.9985940455628937;0.800000011920929;0.800000011920929;0.800000011920929
lidar;18.0;35.0;25.00901985168457;24.85078239440918;9.741704940795898;0.2984354496002197;25.010011672973633;24.83438491821289;9.713322639465332;0.33122873765164856;0.9993260502535521;0.800000011920929;0.800000011920929;0.800000011920929
lidar;18.0;35.0;25.009105682373047;24.855377197265625;9.739253044128418;0.2983076870441437;25.00937843322754;24.851028442382812;9.731413841247559;0.3072766698700512;0.9997537136194772;0.800000011920929;0.800000011920929;0.800000011920929
lidar;18.0;35.0;25.009191513061523;24.859970092773438;9.73680305480957;0.29827091097831726;25.01042938232422;24.84110450744629;9.701342582702637;0.338456076169852;0.999876856798551;0.800000011920929;0.800000011920929;0.800000011920929
lidar;18.0;35.0;25.00927734375;24.86456298828125;9.734352111816406;0.29832494258880615;25.00859832763672;24.87447738647461;9.753799438476562;0.2764856264539721;0.9996954202727393;0.800000011920929;0.800000011920929;0.800000011920929
lidar;18.0;35.0;25.009363174438477;24.869159698486328;9.731900215148926;0.29846999049186707;25.00838851928711;24.882776260375977;9.759801864624023;0.2674074916077792;0.9992094636658608;0.800000011920929;0.800000011920929;0.800000011920929
lidar;18.0;35.0;25.00944709777832;24.873762130737305;9.729445457458496;0.29870617389678955;25.006059646606445;24.919036865234375;9.8264799118042;0.19157514178170665;0.9984191060991381;0.800000011920929;0.800000011920929;0.800000011920929
lidar;18.0;35.0;25.00953483581543;24.878372192382812;9.726984977722168;0.2990339696407318;25.010440826416016;24.866811752319336;9.701038360595703;0.3274541650044196;0.9973246455545115;0.800000011920929;0.800000011920929;0.800000011920929
lidar;18.0;35.0;25.009620666503906;24.882993698120117;9.724519729614258;0.2994536757469177;25.007278442382812;24.911474227905273;9.791572570800781;0.2265650484637019;0.9959264400350967;0.800000011920929;0.800000011920929;0.800000011920929
lidar;18.0;35.0;25.009695053100586;24.887754440307617;9.722350120544434;0.29963767528533936;25.009170532226562;24.89382553100586;9.737370491027832;0.28342729287255203;0.9959797860435742;0.800000011920929;0.800000011920929;0.800000011920929
lidar;18.0;35.0;25.009748458862305;24.892770767211914;9.720829963684082;0.299214243888855;25.00735855102539;24.9190673828125;9.789291381835938;0.2258367896941311;0.9973892571297972;0.800000011920929;0.800000011920929;0.800000011920929
lidar;18.0;35.0;25.009801864624023;24.897775650024414;9.71931266784668;0.29888293147087097;25.01007080078125;24.89497184753418;9.7116117477417;0.3070838754082152;0.9984948039480407;0.800000011920929;0.800000011920929;0.800000011920929
lidar;18.0;35.0;25.009855270385742;24.90277099609375;9.717799186706543;0.29864323139190674;25.007532119750977;24.925695419311523;9.784333229064941;0.22823226413784886;0.9992961884079233;0.800000011920929;0.800000011920929;0.800000011920929
lidar;18.0;35.0;25.009906768798828;24.907760620117188;9.716287612915039;0.29849472641944885;25.008455276489258;24.921281814575195;9.757875442504883;0.2547401950216488;0.9997932314683242;0.800000011920929;0.800000011920929;0.800000011920929
lidar;18.0;35.0;25.009960174560547;24.912744522094727;9.714776992797852;0.298437237739563;25.01294708251953;24.88658332824707;9.629258155822754;0.3879182284252631;0.999985754489485;0.800000011920929;0.800000011920929;0.800000011920929
lidar;18.0;35.0;25.010013580322266;24.9177303314209;9.713266372680664;0.29847073554992676;25.008455276489258;24.930530548095703;9.757877349853516;0.25203364225458486;0.999873578545956;0.800000011920929;0.800000011920929;0.800000011920929
lidar;18.0;35.0;25.01006507873535;24.922718048095703;9.71175479888916;0.2985951006412506;25.008651733398438;24.93357276916504;9.752241134643555;0.2566549355804263;0.9994568824446904;0.800000011920929;0.800000011920929;0.800000011920929
lidar;18.0;35.0;25.01011848449707;24.927711486816406;9.71024227142334;0.2988107204437256;25.01040267944336;24.925676345825195;9.70208740234375;0.3072195550231493;0.998735785501977;0.800000011920929;0.800000011920929;0.800000011920929
lidar;18.0;35.0;25.01017189025879;24.93271255493164;9.708725929260254;0.2991178035736084;25.009706497192383;24.935789108276367;9.722040176391602;0.28544515210924015;0.9977103470029306;0.800000011920929;0.800000011920929;0.800000011920929
lidar;18.0;35.0;25.010225296020508;24.937726974487305;9.707206726074219;0.2995167672634125;25.011972427368164;24.927087783813477;9.657188415527344;0.3506837929579675;0.9963811637001988;0.800000011920929;0.800000011920929;0.800000011920929
lidar;18.0;35.0;25.01027488708496;24.942766189575195;9.705737113952637;0.2999531924724579;25.012296676635742;24.931514739990234;9.647884368896484;0.3589248773707485;0.9952921868678076;0.800000011920929;0.800000011920929;0.800000011920929
lidar;18.0;35.0;25.01029396057129;24.94799041748047;9.705223083496094;0.299507200717926;25.009557723999023;24.95170783996582;9.72629165649414;0.27810055665247213;0.9967744348004859;0.800000011920929;0.800000011920929;0.800000011920929
lidar;18.0;35.0;25.010311126708984;24.953205108642578;9.704728126525879;0.2991344928741455;25.011451721191406;24.94803237915039;9.672086715698242;0.33220281951543273;0.9980165957227787;0.800000011920929;0.800000011920929;0.800000011920929
lidar;18.0;35.0;25.01032829284668;24.95840835571289;9.704236030578613;0.2988526225090027;25.011201858520508;24.954885482788086;9.67918872833252;0.3241613481904274;0.9989579916278593;0.800000011920929;0.800000011920929;0.800000011920929
lidar;18.0;35.0;25.010345458984375;24.96360206604004;9.703744888305664;0.2986622452735901;25.01051902770996;24.962989807128906;9.698758125305176;0.3036887170331278;0.9995950460483922;0.800000011920929;0.800000011920929;0.800000011920929
lidar;18.0;35.0;25.01036262512207;24.968791961669922;9.703253746032715;0.2985629141330719;25.008800506591797;24.973493576049805;9.747967720031738;0.25357488952880813;0.9999276995668701;0.800000011920929;0.800000011920929;0.800000011920929
lidar;18.0;35.0;25.010379791259766;24.973979949951172;9.702762603759766;0.29855459928512573;25.01071548461914;24.97313690185547;9.693134307861328;0.30822536671190204;0.9999556541452508;0.800000011920929;0.800000011920929;0.800000011920929
lidar;18.0;35.0;25.010395050048828;24.979169845581055;9.702302932739258;0.298605740070343;25.008750915527344;24.982467651367188;9.749420166015625;0.25134501771108997;0.9997847080168959;0.800000011920929;0.800000011920929;0.800000011920929
lidar;18.0;35.0;25.010412216186523;24.984365463256836;9.701849937438965;0.29874080419540405;25.01154327392578;24.982664108276367;9.669411659240723;0.33124380551579097;0.99933296437994;0.800000011920929;0.800000011920929;0.800000011920929
lidar;18.0;35.0;25.010425567626953;24.98956871032715;9.701452255249023;0.29891154170036316;25.01181411743164;24.988178253173828;9.661672592163086;0.33874034287621385;0.998762369172259;0.800000011920929;0.800000011920929;0.800000011920929
lidar;18.0;35.0;25.01043701171875;24.994779586791992;9.701154708862305;0.29907339811325073;25.013608932495117;24.993194580078125;9.610305786132812;0.3899913129521226;0.998221755102961;0.800000011920929;0.800000011920929;0.800000011920929
lidar;18.0;35.0;25.010440826416016;25.0;9.701027870178223;0.29915401339530945;25.009281158447266;25.0;9.734207153320312;0.2659553069267211;0.9979526997138365;0.800000011920929;0.800000011920929;0.800000011920929
lidar;18.0;35.0;25.01043701171875;25.005220413208008;9.701154708862305;0.29907339811325073;25.010454177856445;25.00522804260254;9.700641632080078;0.2995866278982282;0.998221755102961;0.800000011920929;0.800000011920929;0.800000011920929
lidar;18.0;35.0;25.010425567626953;25.01043128967285;9.701452255249023;0.29891151189804077;25.01358985900879;25.013599395751953;9.610817909240723;0.3896565665613512;0.998762369172259;0.800000011920929;0.800000011920929;0.800000011920929
lidar;18.0;35.0;25.010412216186523;25.015634536743164;9.701849937438965;0.29874080419540405;25.01091194152832;25.016386032104492;9.687511444091797;0.31310772658830266;0.99933296437994;0.800000011920929;0.800000011920929;0.800000011920929
lidar;18.0;35.0;25.010395050048828;25.020830154418945;9.702302932739258;0.298605740070343;25.012252807617188;25.02454948425293;9.649142265319824;0.351928900774545;0.9997847080168959;0.800000011920929;0.800000011920929;0.800000011920929
lidar;18.0;35.0;25.010379791259766;25.026020050048828;9.702762603759766;0.2985546290874481;25.009994506835938;25.025054931640625;9.713794708251953;0.28747318929653093;0.9999556541452508;0.800000011920929;0.800000011920929;0.800000011920929
lidar;18.0;35.0;25.01036262512207;25.031208038330078;9.703253746032715;0.2985629141330719;25.01016616821289;25.030616760253906;9.708869934082031;0.29291254916413123;0.9999276995668701;0.800000011920929;0.800000011920929;0.800000011920929
lidar;18.0;35.0;25.010345458984375;25.03639793395996;9.703744888305664;0.2986622452735901;25.01080322265625;25.03801155090332;9.690618515014648;0.311894788323159;0.9995950460483922;0.800000011920929;0.800000011920929;0.800000011920929
lidar;18.0;35.0;25.01032829284668;25.04159164428711;9.704236030578613;0.2988526225090027;25.012229919433594;25.04924964904785;9.649782180786133;0.3538752815783783;0.9989579916278593;0.800000011920929;0.800000011920929;0.800000011920929
lidar;18.0;35.0;25.010311126708984;25.046794891357422;9.704728126525879;0.2991344630718231;25.009990692138672;25.04534149169922;9.713896751403809;0.2898462359486024;0.9980165361562537;0.800000011920929;0.800000011920929;0.800000011920929
lidar;18.0;35.0;25.01029396057129;25.05200958251953;9.705223083496094;0.299507200717926;25.01146125793457;25.057910919189453;9.671767234802246;0.3334995379955689;0.9967744348004859;0.800000011920929;0.800000011920929;0.800000011920929
lidar;18.0;35.0;25.01027488708496;25.057233810424805;9.705737113952637;0.2999531924724579;25.01271629333496;25.070823669433594;9.635862350463867;0.3711796788570972;0.9952921868678076;0.800000011920929;0.800000011920929;0.800000011920929
lidar;18.0;35.0;25.010225296020508;25.062273025512695;9.707206726074219;0.2995167672634125;25.010032653808594;25.061105728149414;9.712697982788086;0.2939000206594101;0.9963811637001988;0.800000011920929;0.800000011920929;0.800000011920929
lidar;18.0;35.0;25.01017189025879;25.06728744506836;9.708725929260254;0.2991178035736084;25.011030197143555;25.07297134399414;9.684120178222656;0.32438588220440207;0.9977103470029306;0.800000011920929;0.800000011920929;0.800000011920929
lidar;18.0;35.0;25.01011848449707;25.072288513183594;9.71024227142334;0.29881078004837036;25.007526397705078;25.053773880004883;9.784456253051758;0.22227812521571283;0.998735785501977;0.800000011920929;0.800000011920929;0.800000011920929
lidar;18.0;35.0;25.01006507873535;25.077281951904297;9.71175479888916;0.2985951602458954;25.013362884521484;25.10259437561035;9.617348670959473;0.3963915402303998;0.9994568824446904;0.800000011920929;0.800000011920929;0.800000011920929
lidar;18.0;35.0;25.010013580322266;25.0822696685791;9.713266372680664;0.29847076535224915;25.010730743408203;25.088163375854492;9.692726135253906;0.31985198988186364;0.999873578545956;0.800000011920929;0.800000011920929;0.800000011920929
lidar;18.0;35.0;25.009960174560547;25.087255477905273;9.714776992797852;0.298437237739563;25.009918212890625;25.08688735961914;9.715975761413574;0.29718268511465157;0.9999856948859072;0.800000011920929;0.800000011920929;0.800000011920929
lidar;18.0;35.0;25.009906768798828;25.092239379882812;9.716287612915039;0.29849475622177124;25.01056480407715;25.09835433959961;9.697481155395508;0.3182810187610619;0.9997932314683242;0.800000011920929;0.800000011920929;0.800000011920929
lidar;18.0;35.0;25.009855270385742;25.09722900390625;9.717799186706543;0.2986432611942291;25.008525848388672;25.08411407470703;9.75586223602295;0.25836224432664445;0.9992961884079233;0.800000011920929;0.800000011920929;0.800000011920929
lidar;18.0;35.0;25.009801864624023;25.102224349975586;9.71931266784668;0.29888296127319336;25.009334564208984;25.097349166870117;9.732696533203125;0.284631728965704;0.9984948039480407;0.800000011920929;0.800000011920929;0.800000011920929
lidar;18.0;35.0;25.009748458862305;25.107229232788086;9.720829963684082;0.299214243888855;25.009431838989258;25.10374641418457;9.729898452758789;0.289494362036949;0.9973892571297972;0.800000011920929;0.800000011920929;0.800000011920929
lidar;18.0;35.0;25.009695053100586;25.112245559692383;9.722350120544434;0.29963767528533936;25.00877571105957;25.101598739624023;9.748688697814941;0.2712128813110988;0.9959797860435742;0.800000011920929;0.800000011920929;0.800000011920929
lidar;18.0;35.0;25.009620666503906;25.117006301879883;9.724519729614258;0.2994537353515625;25.009323120117188;25.113399505615234;9.733012199401855;0.29022224565740207;0.9959264400350967;0.800000011920929;0.800000011920929;0.800000011920929
lidar;18.0;35.0;25.00953483581543;25.121627807617188;9.726984977722168;0.2990340292453766;25.01134490966797;25.144737243652344;9.675111770629883;0.35585154565923754;0.9973246455545115;0.800000011920929;0.800000011920929;0.800000011920929
lidar;18.0;35.0;25.00944709777832;25.126239776611328;9.729445457458496;0.2987063229084015;25.0080509185791;25.107561111450195;9.769474029541016;0.25451222459294187;0.9984191060991381;0.800000011920929;0.800000011920929;0.800000011920929
lidar;18.0;35.0;25.009363174438477;25.130840301513672;9.731900215148926;0.2984701693058014;25.01032257080078;25.144248962402344;9.704425811767578;0.32905708154248325;0.9992094636658608;0.800000011920929;0.800000011920929;0.800000011920929
lidar;18.0;35.0;25.00927734375;25.13543701171875;9.734352111816406;0.29832515120506287;25.01120948791504;25.163654327392578;9.679006576538086;0.3604794079622668;0.9996954202727393;0.800000011920929;0.800000011920929;0.800000011920929
lidar;18.0;35.0;25.009191513061523;25.140029907226562;9.73680305480957;0.2982710301876068;25.010662078857422;25.162425994873047;9.69470500946045;0.34597808395511187;0.999876856798551;0.800000011920929;0.800000011920929;0.800000011920929
lidar;18.0;35.0;25.009105682373047;25.144622802734375;9.739253044128418;0.298307865858078;25.009620666503906;25.152801513671875;9.724508285522461;0.31517642057624995;0.9997537136194772;0.800000011920929;0.800000011920929;0.800000011920929
lidar;18.0;35.0;25.00901985168457;25.14921760559082;9.741704940795898;0.29843559861183167;25.00946617126465;25.156600952148438;9.728925704956055;0.31320016251869415;0.9993260502535521;0.800000011920929;0.800000011920929;0.800000011920929
lidar;18.0;35.0;25.008934020996094;25.153818130493164;9.744158744812012;0.2986544668674469;25.008317947387695;25.143192291259766;9.761831283569336;0.2780248995044762;0.9985940455628937;0.800000011920929;0.800000011920929;0.800000011920929
lidar;18.0;35.0;25.008848190307617;25.15842628479004;9.746618270874023;0.2989647090435028;25.00727081298828;25.130176544189453;9.791800498962402;0.24565413071312345;0.9975578189628049;0.800000011920929;0.800000011920929;0.800000011920929
lidar;18.0;35.0;25.00876235961914;25.163047790527344;9.749082565307617;0.2993669807910919;25.00821304321289;25.15282440185547;9.764814376831055;0.28059720753364775;0.9962176083088738;0.800000011920929;0.800000011920929;0.800000011920929
lidar;18.0;35.0;25.008663177490234;25.167449951171875;9.751896858215332;0.29944831132888794;25.01124382019043;25.217327117919922;9.677994728088379;0.38864495273481525;0.9950797559804574;0.800000011920929;0.800000011920929;0.800000011920929
lidar;18.0;35.0;25.008548736572266;25.171504974365234;9.755215644836426;0.2990085482597351;25.006267547607422;25.125755310058594;9.820511817932129;0.21924760497039053;0.9965431691178958;0.800000011920929;0.800000011920929;0.800000011920929
lidar;18.0;35.0;25.008432388305664;25.175548553466797;9.758525848388672;0.29866084456443787;25.008506774902344;25.177091598510742;9.756402969360352;0.30128619418791514;0.9977031351177339;0.800000011920929;0.800000011920929;0.800000011920929
lidar;18.0;35.0;25.008317947387695;25.179584503173828;9.761828422546387;0.2984047532081604;25.0102596282959;25.22153663635254;9.706191062927246;0.36811306226763485;0.9985591172366015;0.800000011920929;0.800000011920929;0.800000011920929
lidar;18.0;35.0;25.008201599121094;25.18361473083496;9.765127182006836;0.2982398569583893;25.006975173950195;25.156156539916992;9.800250053405762;0.2536408529714285;0.9991109371313411;0.800000011920929;0.800000011920929;0.800000011920929
lidar;18.0;35.0;25.008087158203125;25.187641143798828;9.768423080444336;0.2981659173965454;25.00900650024414;25.208965301513672;9.742107391357422;0.33204841975023536;0.9993584156561213;0.800000011920929;0.800000011920929;0.800000011920929
lidar;18.0;35.0;25.007972717285156;25.191667556762695;9.77171802520752;0.2981829047203064;25.006406784057617;25.154048919677734;9.816522598266602;0.2396588841339202;0.9993014931845924;0.800000011920929;0.800000011920929;0.800000011920929
lidar;18.0;35.0;25.007856369018555;25.195695877075195;9.77501392364502;0.2982906699180603;25.009836196899414;25.2449951171875;9.71833610534668;0.3734356227694001;0.9989401101910791;0.800000011920929;0.800000011920929;0.800000011920929
lidar;18.0;35.0;25.007741928100586;25.19972801208496;9.778314590454102;0.2984895408153534;25.00690460205078;25.17814064025879;9.802274703979492;0.2662272727659668;0.9982745050965519;0.800000011920929;0.800000011920929;0.800000011920929
lidar;18.0;35.0;25.007625579833984;25.203767776489258;9.781620025634766;0.29877969622612;25.007715225219727;25.206151962280273;9.779065132141113;0.30227520108857736;0.997304737718579;0.800000011920929;0.800000011920929;0.800000011920929
lidar;18.0;35.0;25.007511138916016;25.207815170288086;9.784932136535645;0.2991616129875183;25.008068084716797;25.223236083984375;9.768973350524902;0.3213605225206996;0.9960312846046772;0.800000011920929;0.800000011920929;0.800000011920929
lidar;18.0;35.0;25.00739097595215;25.211790084838867;9.788338661193848;0.29951658844947815;25.008615493774414;25.246850967407227;9.753299713134766;0.3490993502721259;0.9939138892494961;0.800000011920929;0.800000011920929;0.800000011920929
lidar;18.0;35.0;25.003698348999023;24.788053512573242;9.7880859375;0.29973742365837097;25.003787994384766;24.782995223999023;9.783028602600098;0.3068913734435236;0.9931816461002695;0.800000011920929;0.800000011920929;0.800000011920929
lidar;18.0;35.0;25.00375747680664;24.79207420349121;9.784719467163086;0.29932066798210144;25.004776000976562;24.735748291015625;9.726401329040527;0.38040506969881177;0.9955022331783427;0.800000011920929;0.800000011920929;0.800000011920929
lidar;18.0;35.0;25.003816604614258;24.796123504638672;9.781401634216309;0.2989409863948822;25.004093170166016;24.781291961669922;9.76550006866455;0.32068741475699836;0.9967668053720394;0.800000011920929;0.800000011920929;0.800000011920929
lidar;18.0;35.0;25.003873825073242;24.800161361694336;9.778091430664062;0.2986530363559723;25.002649307250977;24.863296508789062;9.848197937011719;0.20430147916086738;0.9977279303777487;0.800000011920929;0.800000011920929;0.800000011920929
lidar;18.0;35.0;25.003931045532227;24.804195404052734;9.774785995483398;0.2984565198421478;25.003950119018555;24.803234100341797;9.773681640625;0.29992014343387624;0.9983850717646079;0.800000011920929;0.800000011920929;0.800000011920929
lidar;18.0;35.0;25.00398826599121;24.808223724365234;9.771484375;0.29835110902786255;25.003459930419922;24.833654403686523;9.801787376403809;0.25878747313383793;0.9987379908534413;0.800000011920929;0.800000011920929;0.800000011920929
lidar;18.0;35.0;25.004045486450195;24.8122501373291;9.768184661865234;0.29833659529685974;25.00318717956543;24.85209083557129;9.817375183105469;0.23502944605849227;0.9987868070767315;0.800000011920929;0.800000011920929;0.800000011920929
lidar;18.0;35.0;25.004104614257812;24.8162784576416;9.764883041381836;0.2984130084514618;25.00437355041504;24.804214477539062;9.749444961547852;0.31800703985850065;0.9985312819560879;0.800000011920929;0.800000011920929;0.800000011920929
lidar;18.0;35.0;25.004161834716797;24.820310592651367;9.761579513549805;0.2985803782939911;25.004749298095703;24.794981002807617;9.727970123291016;0.3406695916260157;0.9979717134887064;0.800000011920929;0.800000011920929;0.800000011920929
lidar;18.0;35.0;25.00421905517578;24.8243465423584;9.758271217346191;0.2988390624523163;25.003215789794922;24.866168975830078;9.815824508666992;0.2276877031855004;0.9971081016993021;0.800000011920929;0.800000011920929;0.800000011920929
lidar;18.0;35.0;25.004276275634766;24.828392028808594;9.754955291748047;0.29918938875198364;25.003711700439453;24.851083755493164;9.787357330322266;0.2596287407149626;0.9959406855057307;0.800000011920929;0.800000011920929;0.800000011920929
lidar;18.0;35.0;25.004335403442383;24.832448959350586;9.751631736755371;0.29963189363479614;25.003568649291992;24.862104415893555;9.795591354370117;0.2465985534900939;0.9944700001592297;0.800000011920929;0.800000011920929;0.800000011920929
lidar;18.0;35.0;25.004383087158203;24.836896896362305;9.748882293701172;0.2994694709777832;25.003570556640625;24.867145538330078;9.795453071594238;0.2439315508613809;0.9958765507298885;0.800000011920929;0.800000011920929;0.800000011920929
lidar;18.0;35.0;25.004426956176758;24.84151840209961;9.746414184570312;0.29906806349754333;25.003236770629883;24.88409996032715;9.814550399780273;0.21871172065003866;0.9972129463067638;0.800000011920929;0.800000011920929;0.800000011920929
lidar;18.0;35.0;25.00446891784668;24.846128463745117;9.743952751159668;0.2987586259841919;25.00550079345703;24.810579299926758;9.684800148010254;0.36777846540380965;0.9982454180968805;0.800000011920929;0.800000011920929;0.800000011920929
lidar;18.0;35.0;25.004512786865234;24.85072898864746;9.741495132446289;0.29854074120521545;25.004474639892578;24.851953506469727;9.74361515045166;0.2960923968960689;0.9989738463688566;0.800000011920929;0.800000011920929;0.800000011920929
lidar;18.0;35.0;25.004554748535156;24.85532569885254;9.739041328430176;0.2984139621257782;25.004440307617188;24.85898780822754;9.745644569396973;0.2908623040993785;0.9993980526700572;0.800000011920929;0.800000011920929;0.800000011920929
lidar;18.0;35.0;25.00459861755371;24.859920501708984;9.736587524414062;0.2983781397342682;25.003829956054688;24.883329391479492;9.780608177185059;0.24851435435224734;0.9995177388417793;0.800000011920929;0.800000011920929;0.800000011920929
lidar;18.0;35.0;25.004640579223633;24.864513397216797;9.734134674072266;0.29843321442604065;25.004671096801758;24.863651275634766;9.732442855834961;0.30033207604250306;0.9993330239655805;0.800000011920929;0.800000011920929;0.800000011920929
lidar;18.0;35.0;25.004684448242188;24.869112014770508;9.731679916381836;0.29857927560806274;25.00423240661621;24.881725311279297;9.757538795471191;0.2698041279974631;0.998843908285757;0.800000011920929;0.800000011920929;0.800000011920929
lidar;18.0;35.0;25.00472640991211;24.873714447021484;9.72922134399414;0.2988165616989136;25.004995346069336;24.866519927978516;9.713794708251953;0.31584049809741627;0.9980505703950785;0.800000011920929;0.800000011920929;0.800000011920929
lidar;18.0;35.0;25.004770278930664;24.878326416015625;9.72675895690918;0.2991454601287842;25.004518508911133;24.884723663330078;9.741125106811523;0.2834168436881584;0.99695307044468;0.800000011920929;0.800000011920929;0.800000011920929
lidar;18.0;35.0;25.004812240600586;24.882949829101562;9.724289894104004;0.2995662987232208;25.00510597229004;24.875823974609375;9.707502365112305;0.31780604710933;0.99555206279744;0.800000011920929;0.800000011920929;0.800000011920929
lidar;18.0;35.0;25.00484848022461;24.887746810913086;9.722207069396973;0.29965490102767944;25.005393981933594;24.875150680541992;9.691035270690918;0.33328026974296365;0.9959226843998158;0.800000011920929;0.800000011920929;0.800000011920929
lidar;18.0;35.0;25.00487518310547;24.892765045166016;9.720685958862305;0.29923152923583984;25.005775451660156;24.87295150756836;9.669078826904297;0.35451867143973376;0.9973317385294991;0.800000011920929;0.800000011920929;0.800000011920929
lidar;18.0;35.0;25.004901885986328;24.897769927978516;9.719168663024902;0.298900306224823;25.005292892456055;24.889606475830078;9.696741104125977;0.3227707679479871;0.9984369278528317;0.800000011920929;0.800000011920929;0.800000011920929
lidar;18.0;35.0;25.004928588867188;24.90276527404785;9.717653274536133;0.29866066575050354;25.004318237304688;24.91481590270996;9.752642631530762;0.2616503999339864;0.9992380142040176;0.800000011920929;0.800000011920929;0.800000011920929
lidar;18.0;35.0;25.004955291748047;24.90775489807129;9.716141700744629;0.29851222038269043;25.003644943237305;24.932147979736328;9.791205406188965;0.21957277949921028;0.9997346401074688;0.800000011920929;0.800000011920929;0.800000011920929
lidar;18.0;35.0;25.004980087280273;24.91274070739746;9.714630126953125;0.2984548807144165;25.005931854248047;24.89609718322754;9.660202980041504;0.35537666961099024;0.9999268054945926;0.800000011920929;0.800000011920929;0.800000011920929
lidar;18.0;35.0;25.005008697509766;24.917726516723633;9.713118553161621;0.29848840832710266;25.002729415893555;24.95514678955078;9.843602180480957;0.16272538421557925;0.9998143911352022;0.800000011920929;0.800000011920929;0.800000011920929
lidar;18.0;35.0;25.005033493041992;24.922712326049805;9.7116060256958;0.29861295223236084;25.003450393676758;24.947036743164062;9.802369117736816;0.2046338245412939;0.9993973969983787;0.800000011920929;0.800000011920929;0.800000011920929
lidar;18.0;35.0;25.00506019592285;24.927705764770508;9.710091590881348;0.29882869124412537;25.004911422729492;24.92983055114746;9.718607902526855;0.290050880635241;0.9986760020791711;0.800000011920929;0.800000011920929;0.800000011920929
lidar;18.0;35.0;25.00508689880371;24.932708740234375;9.708575248718262;0.29913589358329773;25.004520416259766;24.940210342407227;9.741060256958008;0.265791350793608;0.9976503250451642;0.800000011920929;0.800000011920929;0.800000011920929
lidar;18.0;35.0;25.00511360168457;24.93772315979004;9.70705509185791;0.29953500628471375;25.005674362182617;24.930892944335938;9.674925804138184;0.3323871581510689;0.9963209031348651;0.800000011920929;0.800000011920929;0.800000011920929
lidar;18.0;35.0;25.005136489868164;24.942781448364258;9.70568561553955;0.2998686134815216;25.00732421875;24.91841697692871;9.580358505249023;0.42756073699927954;0.9955731627026028;0.800000011920929;0.800000011920929;0.800000011920929
lidar;18.0;35.0;25.005146026611328;24.94800567626953;9.705171585083008;0.29942259192466736;25.00528907775879;24.946561813354492;9.696986198425293;0.30773556593700413;0.997056305133834;0.800000011920929;0.800000011920929;0.800000011920929
lidar;18.0;35.0;25.005155563354492;24.953214645385742;9.704658508300781;0.2990688383579254;25.004789352416992;24.956527709960938;9.725571632385254;0.2778916494595317;0.9982357620892478;0.800000011920929;0.800000011920929;0.800000011920929
lidar;18.0;35.0;25.005163192749023;24.95841407775879;9.704146385192871;0.2988068163394928;25.005210876464844;24.958036422729492;9.701464653015137;0.3015149790788362;0.9991111755210341;0.800000011920929;0.800000011920929;0.800000011920929
lidar;18.0;35.0;25.005172729492188;24.963605880737305;9.703635215759277;0.29863622784614563;25.004566192626953;24.967872619628906;9.738381385803223;0.2636232587025399;0.9996822476290901;0.800000011920929;0.800000011920929;0.800000011920929
lidar;18.0;35.0;25.00518226623535;24.968791961669922;9.703124046325684;0.2985566556453705;25.006135940551758;24.963048934936523;9.648487091064453;0.35350339384226626;0.9999487996104504;0.800000011920929;0.800000011920929;0.800000011920929
lidar;18.0;35.0;25.005189895629883;24.97397804260254;9.702613830566406;0.2985677421092987;25.004470825195312;24.977590560913086;9.743901252746582;0.2571163096615899;0.9999116659158388;0.800000011920929;0.800000011920929;0.800000011920929
lidar;18.0;35.0;25.005199432373047;24.97916603088379;9.702122688293457;0.29865044355392456;25.004972457885742;24.980073928833008;9.715092658996582;0.28564667736261773;0.9996351003596832;0.800000011920929;0.800000011920929;0.800000011920929
lidar;18.0;35.0;25.005207061767578;24.98436164855957;9.701630592346191;0.2988242208957672;25.00576400756836;24.982690811157227;9.669757843017578;0.3307459441358448;0.9990538954435041;0.800000011920929;0.800000011920929;0.800000011920929
lidar;18.0;35.0;25.005216598510742;24.98956298828125;9.701154708862305;0.2990734279155731;25.00470733642578;24.99057960510254;9.730257034301758;0.2699484645205189;0.9982216358527081;0.800000011920929;0.800000011920929;0.800000011920929
lidar;18.0;35.0;25.005224227905273;24.994775772094727;9.700727462768555;0.2993636429309845;25.003311157226562;24.996688842773438;9.81031322479248;0.18974495063245916;0.9972541930255857;0.800000011920929;0.800000011920929;0.800000011920929
lidar;18.0;35.0;25.00522804260254;25.0;9.700514793395996;0.29953089356422424;25.006061553955078;25.0;9.652780532836914;0.34727217041065594;0.9966973066730691;0.800000011920929;0.800000011920929;0.800000011920929
lidar;18.0;35.0;25.005224227905273;25.005224227905273;9.700727462768555;0.2993636131286621;25.005126953125;25.005126953125;9.706277847290039;0.29381160139517454;0.9972541930255857;0.800000011920929;0.800000011920929;0.800000011920929
lidar;18.0;35.0;25.005216598510742;25.01043701171875;9.701154708862305;0.2990734279155731;25.005027770996094;25.010061264038086;9.71191692352295;0.28830241308923726;0.9982216358527081;0.800000011920929;0.800000011920929;0.800000011920929
lidar;18.0;35.0;25.005207061767578;25.01563835144043;9.701630592346191;0.2988242506980896;25.00492286682129;25.01478385925293;9.717930793762207;0.28249934725828324;0.9990538954435041;0.800000011920929;0.800000011920929;0.800000011920929
lidar;18.0;35.0;25.005199432373047;25.02083396911621;9.702122688293457;0.29865044355392456;25.00529670715332;25.02121925354004;9.69659423828125;0.30419291739460586;0.9996351003596832;0.800000011920929;0.800000011920929;0.800000011920929
lidar;18.0;35.0;25.005189895629883;25.02602195739746;9.702613830566406;0.2985677421092987;25.004207611083984;25.021093368530273;9.758950233459473;0.2420073123669411;0.9999116659158388;0.800000011920929;0.800000011920929;0.800000011920929
lidar;18.0;35.0;25.00518226623535;25.031208038330078;9.703124046325684;0.2985566258430481;25.004487991333008;25.02702522277832;9.742918014526367;0.25853754888878255;0.9999487996104504;0.800000011920929;0.800000011920929;0.800000011920929
lidar;18.0;35.0;25.005172729492188;25.036394119262695;9.703635215759277;0.29863622784614563;25.005342483520508;25.037582397460938;9.6939697265625;0.3083756930409882;0.9996822476290901;0.800000011920929;0.800000011920929;0.800000011920929
lidar;18.0;35.0;25.005163192749023;25.04158592224121;9.704146385192871;0.2988068163394928;25.004196166992188;25.033794403076172;9.759574890136719;0.24282495205599144;0.9991111755210341;0.800000011920929;0.800000011920929;0.800000011920929
lidar;18.0;35.0;25.005155563354492;25.046785354614258;9.704658508300781;0.2990688681602478;25.005313873291016;25.04823112487793;9.695533752441406;0.30830844927624046;0.9982357620892478;0.800000011920929;0.800000011920929;0.800000011920929
lidar;18.0;35.0;25.005146026611328;25.05199432373047;9.705171585083008;0.29942256212234497;25.004594802856445;25.046428680419922;9.736727714538574;0.2673740564039488;0.997056305133834;0.800000011920929;0.800000011920929;0.800000011920929
lidar;18.0;35.0;25.005136489868164;25.057218551635742;9.70568561553955;0.2998686134815216;25.00484848022461;25.053993225097656;9.72227668762207;0.28296473353466856;0.9955731627026028;0.800000011920929;0.800000011920929;0.800000011920929
lidar;18.0;35.0;25.00511360168457;25.06227684020996;9.70705509185791;0.29953503608703613;25.005224227905273;25.063623428344727;9.70072078704834;0.30601185176387746;0.9963209031348651;0.800000011920929;0.800000011920929;0.800000011920929
lidar;18.0;35.0;25.00508689880371;25.067291259765625;9.708575248718262;0.2991359233856201;25.005678176879883;25.075098037719727;9.674759864807129;0.3338461596503963;0.9976503250451642;0.800000011920929;0.800000011920929;0.800000011920929
lidar;18.0;35.0;25.00506019592285;25.072294235229492;9.710091590881348;0.29882872104644775;25.003847122192383;25.054973602294922;9.779549598693848;0.22723428495279457;0.9986760020791711;0.800000011920929;0.800000011920929;0.800000011920929
lidar;18.0;35.0;25.005033493041992;25.077287673950195;9.7116060256958;0.2986130118370056;25.0052547454834;25.080686569213867;9.698918342590332;0.3117498833104858;0.9993973969983787;0.800000011920929;0.800000011920929;0.800000011920929
lidar;18.0;35.0;25.005008697509766;25.082273483276367;9.713118553161621;0.29848846793174744;25.005306243896484;25.08717918395996;9.696016311645508;0.3162824669320252;0.9998143911352022;0.800000011920929;0.800000011920929;0.800000011920929
lidar;18.0;35.0;25.004980087280273;25.08725929260254;9.714629173278809;0.2984549105167389;25.00506019592285;25.088645935058594;9.71009349822998;0.3031991403060814;0.9999268054945926;0.800000011920929;0.800000011920929;0.800000011920929
lidar;18.0;35.0;25.004955291748047;25.09224510192871;9.716140747070312;0.2985122799873352;25.00362205505371;25.06742286682129;9.792525291442871;0.21818490938958207;0.9997346401074688;0.800000011920929;0.800000011920929;0.800000011920929
lidar;18.0;35.0;25.004928588867188;25.09723472595215;9.717653274536133;0.2986606955528259;25.00528907775879;25.10436248779297;9.6969575881958;0.3205528861764657;0.9992380142040176;0.800000011920929;0.800000011920929;0.800000011920929
lidar;18.0;35.0;25.004901885986328;25.102230072021484;9.719168663024902;0.2989002764225006;25.00455093383789;25.094911575317383;9.739272117614746;0.2775028604763201;0.9984369278528317;0.800000011920929;0.800000011920929;0.800000011920929
lidar;18.0;35.0;25.00487518310547;25.107234954833984;9.720685958862305;0.29923155903816223;25.005538940429688;25.12185287475586;9.682609558105469;0.3400233384964375;0.9973317385294991;0.800000011920929;0.800000011920929;0.800000011920929
lidar;18.0;35.0;25.00484848022461;25.112253189086914;9.722207069396973;0.29965487122535706;25.005630493164062;25.130334854125977;9.677457809448242;0.34792594894960205;0.9959227442185964;0.800000011920929;0.800000011920929;0.800000011920929
lidar;18.0;35.0;25.004812240600586;25.117050170898438;9.724289894104004;0.2995663583278656;25.003721237182617;25.090496063232422;9.78683853149414;0.2316057929299612;0.9955521224622751;0.800000011920929;0.800000011920929;0.800000011920929
lidar;18.0;35.0;25.004770278930664;25.121673583984375;9.72675895690918;0.29914551973342896;25.00376319885254;25.09601593017578;9.78437614440918;0.23606611640393288;0.99695307044468;0.800000011920929;0.800000011920929;0.800000011920929
lidar;18.0;35.0;25.00472640991211;25.126285552978516;9.72922134399414;0.29881662130355835;25.004167556762695;25.11136817932129;9.761207580566406;0.2635184733980696;0.9980505703950785;0.800000011920929;0.800000011920929;0.800000011920929
lidar;18.0;35.0;25.004684448242188;25.130887985229492;9.731679916381836;0.2985793650150299;25.004663467407227;25.130306243896484;9.732874870300293;0.2972494761226795;0.998843908285757;0.800000011920929;0.800000011920929;0.800000011920929
lidar;18.0;35.0;25.004640579223633;25.135486602783203;9.734134674072266;0.2984332740306854;25.004003524780273;25.116897583007812;9.770609855651855;0.2574895620251424;0.9993330836845916;0.800000011920929;0.800000011920929;0.800000011920929
lidar;18.0;35.0;25.00459861755371;25.140079498291016;9.736587524414062;0.2983781695365906;25.004535675048828;25.138179779052734;9.74015998840332;0.29433166787612264;0.99951779841591;0.800000011920929;0.800000011920929;0.800000011920929
lidar;18.0;35.0;25.004554748535156;25.14467430114746;9.739041328430176;0.298414021730423;25.004261016845703;25.13531494140625;9.755922317504883;0.2791099651877767;0.9993980526700572;0.800000011920929;0.800000011920929;0.800000011920929
lidar;18.0;35.0;25.004512786865234;25.14927101135254;9.741495132446289;0.29854077100753784;25.005186080932617;25.17156410217285;9.702888488769531;0.34312722859420125;0.9989738463688566;0.800000011920929;0.800000011920929;0.800000011920929
lidar;18.0;35.0;25.00446891784668;25.153871536254883;9.743952751159668;0.29875868558883667;25.005125045776367;25.176443099975586;9.70639419555664;0.34258278530892106;0.9982454180968805;0.800000011920929;0.800000011920929;0.800000011920929
lidar;18.0;35.0;25.004426956176758;25.15848159790039;9.746414184570312;0.2990680932998657;25.003816604614258;25.13663673400879;9.781367301940918;0.2578463915729897;0.9972129463067638;0.800000011920929;0.800000011920929;0.800000011920929
lidar;18.0;35.0;25.004383087158203;25.163103103637695;9.748882293701172;0.299469530582428;25.0045223236084;25.168243408203125;9.740968704223633;0.3089070571396766;0.9958765507298885;0.800000011920929;0.800000011920929;0.800000011920929
lidar;18.0;35.0;25.004335403442383;25.167551040649414;9.751631736755371;0.29963189363479614;25.001995086669922;25.07710838317871;9.885699272155762;0.13789254322061975;0.9944700001592297;0.800000011920929;0.800000011920929;0.800000011920929
lidar;18.0;35.0;25.004276275634766;25.171607971191406;9.754955291748047;0.29918938875198364;25.00426483154297;25.17111587524414;9.755659103393555;0.29833073689744977;0.9959406855057307;0.800000011920929;0.800000011920929;0.800000011920929
lidar;18.0;35.0;25.00421905517578;25.1756534576416;9.758271217346191;0.2988390028476715;25.004077911376953;25.16973114013672;9.766420364379883;0.288764602553993;0.9971081016993021;0.800000011920929;0.800000011920929;0.800000011920929
lidar;18.0;35.0;25.004161834716797;25.179689407348633;9.761579513549805;0.2985803782939911;25.00517463684082;25.223388671875;9.703598022460938;0.3711923093679979;0.9979717134887064;0.800000011920929;0.800000011920929;0.800000011920929
lidar;18.0;35.0;25.004104614257812;25.1837215423584;9.764883041381836;0.2984130084514618;25.004037857055664;25.180767059326172;9.768664360046387;0.2936139359633258;0.9985312819560879;0.800000011920929;0.800000011920929;0.800000011920929
lidar;18.0;35.0;25.004045486450195;25.1877498626709;9.768184661865234;0.29833659529685974;25.00366973876953;25.170289993286133;9.789740562438965;0.2705948686545938;0.9987868070767315;0.800000011920929;0.800000011920929;0.800000011920929
lidar;18.0;35.0;25.00398826599121;25.191776275634766;9.771484375;0.29835107922554016;25.003652572631836;25.175649642944336;9.79069995880127;0.27326313392843016;0.9987379908534413;0.800000011920929;0.800000011920929;0.800000011920929
lidar;18.0;35.0;25.003931045532227;25.195804595947266;9.774785995483398;0.29845649003982544;25.00383949279785;25.191213607788086;9.780067443847656;0.2914574616086432;0.9983850120845217;0.800000011920929;0.800000011920929;0.800000011920929
lidar;18.0;35.0;25.003873825073242;25.199838638305664;9.778091430664062;0.2986530363559723;25.004257202148438;25.219600677490234;9.756146430969238;0.3281868225467455;0.9977279303777487;0.800000011920929;0.800000011920929;0.800000011920929
lidar;18.0;35.0;25.003816604614258;25.203876495361328;9.781401634216309;0.2989409267902374;25.004119873046875;25.22015380859375;9.763949394226074;0.32280744686090457;0.9967668053720394;0.800000011920929;0.800000011920929;0.800000011920929
lidar;18.0;35.0;25.00375747680664;25.20792579650879;9.784719467163086;0.29932069778442383;25.00435447692871;25.240921020507812;9.750557899475098;0.3468186302967231;0.9955022331783427;0.800000011920929;0.800000011920929;0.800000011920929
lidar;18.0;35.0;25.003698348999023;25.211946487426758;9.7880859375;0.29973742365837097;25.003276824951172;25.18780517578125;9.812224388122559;0.26559582654455716;0.9931817051626982;0.800000011920929;0.800000011920929;0.800000011920929
lidar;18.0;35.0;25.0;24.78786849975586;9.78786849975586;0.29999983310699463;25.0;24.799467086791992;9.799467086791992;0.2835964617433866;0.9923129085801324;0.800000011920929;0.800000011920929;0.800000011920929
lidar;18.0;35.0;25.0;24.791929244995117;9.78453540802002;0.29953083395957947;25.0;24.77313232421875;9.765071868896484;0.32658797087807084;0.9948038461646302;0.800000011920929;0.800000011920929;0.800000011920929
lidar;18.0;35.0;25.0;24.795976638793945;9.78121280670166;0.29915404319763184;25.0;24.7592830657959;9.741862297058105;0.3529591726654998;0.9960567952892743;0.800000011920929;0.800000011920929;0.800000011920929
lidar;18.0;35.0;25.0;24.800018310546875;9.777896881103516;0.29886919260025024;25.0;24.847740173339844;9.830899238586426;0.22754770650668854;0.9970064164621479;0.800000011920929;0.800000011920929;0.800000011920929
lidar;18.0;35.0;25.0;24.80405044555664;9.77458667755127;0.2986757159233093;25.0;24.807579040527344;9.778646469116211;0.29329686500227664;0.9976522924208442;0.800000011920929;0.800000011920929;0.800000011920929
lidar;18.0;35.0;25.0;24.808080673217773;9.771279335021973;0.29857349395751953;25.0;24.813236236572266;9.777423858642578;0.2905523546307247;0.9979943036245876;0.800000011920929;0.800000011920929;0.800000011920929
lidar;18.0;35.0;25.0;24.812108993530273;9.767973899841309;0.29856210947036743;25.0;24.803321838378906;9.757123947143555;0.3125235085547344;0.9980323316059432;0.800000011920929;0.800000011920929;0.800000011920929
lidar;18.0;35.0;25.0;24.816137313842773;9.764667510986328;0.29864177107810974;25.0;24.77631187438965;9.713691711425781;0.36333032261635084;0.9977663160729817;0.800000011920929;0.800000011920929;0.800000011920929
lidar;18.0;35.0;25.0;24.82016944885254;9.761357307434082;0.2988125681877136;25.0;24.791427612304688;9.723214149475098;0.3465733642790687;0.9971963165936379;0.800000011920929;0.800000011920929;0.800000011920929
lidar;18.0;35.0;25.0;24.824209213256836;9.75804328918457;0.299074649810791;25.0;24.862520217895508;9.810774803161621;0.23389482055683442;0.9963226914181939;0.800000011920929;0.800000011920929;0.800000011920929
lidar;18.0;35.0;25.0;24.82825469970703;9.754722595214844;0.29942840337753296;25.0;24.83870506286621;9.769646644592285;0.2812090856460916;0.9951454400003393;0.800000011920929;0.800000011920929;0.800000011920929
lidar;18.0;35.0;25.0;24.832311630249023;9.751392364501953;0.29987460374832153;25.0;24.848316192626953;9.775120735168457;0.271253349710095;0.993665099105453;0.800000011920929;0.800000011920929;0.800000011920929
lidar;18.0;35.0;25.0;24.836803436279297;9.748701095581055;0.29963988065719604;25.0;24.836090087890625;9.747601509094238;0.3009504454042809;0.9953102468409298;0.800000011920929;0.800000011920929;0.800000011920929
lidar;18.0;35.0;25.0;24.841426849365234;9.746230125427246;0.2992399334907532;25.0;24.879573822021484;9.807276725769043;0.22725540143788162;0.9966402652468809;0.800000011920929;0.800000011920929;0.800000011920929
lidar;18.0;35.0;25.0;24.846038818359375;9.743764877319336;0.2989319860935211;25.0;24.825551986694336;9.709670066833496;0.33870880754667587;0.9976666570528429;0.800000011920929;0.800000011920929;0.800000011920929
lidar;18.0;35.0;25.0;24.85064125061035;9.741304397583008;0.29871559143066406;25.0;24.79344367980957;9.642232894897461;0.4131135440548256;0.9983890652839797;0.800000011920929;0.800000011920929;0.800000011920929
lidar;18.0;35.0;25.0;24.855239868164062;9.738846778869629;0.29859042167663574;25.0;24.858257293701172;9.744288444519043;0.2923691616137511;0.998807430338684;0.800000011920929;0.800000011920929;0.800000011920929
lidar;18.0;35.0;25.0;24.85983657836914;9.736390113830566;0.29855626821517944;25.0;24.91275405883789;9.835914611816406;0.18583828035047845;0.9989215731008487;0.800000011920929;0.800000011920929;0.800000011920929
lidar;18.0;35.0;25.0;24.86443328857422;9.733933448791504;0.298613041639328;25.0;24.888132095336914;9.780447006225586;0.24641032813759603;0.9987313746546346;0.800000011920929;0.800000011920929;0.800000011920929
lidar;18.0;35.0;25.0;24.86903190612793;9.731475830078125;0.29876089096069336;25.0;24.89307403564453;9.780771255493164;0.2439147829731722;0.9982370137928649;0.800000011920929;0.800000011920929;0.800000011920929
lidar;18.0;35.0;25.0;24.87363624572754;9.72901439666748;0.29899996519088745;25.0;24.877944946289062;9.738252639770508;0.28880592942885397;0.9974385500158426;0.800000011920929;0.800000011920929;0.800000011920929
lidar;18.0;35.0;25.0;24.878252029418945;9.726548194885254;0.2993307113647461;25.0;24.857999801635742;9.681059837341309;0.34912317953338096;0.9963362219309113;0.800000011920929;0.800000011920929;0.800000011920929
lidar;18.0;35.0;25.0;24.882877349853516;9.724075317382812;0.2997535467147827;25.0;24.842966079711914;9.630053520202637;0.4018957723619331;0.9949305060955091;0.800000011920929;0.800000011920929;0.800000011920929
lidar;18.0;35.0;25.0;24.887710571289062;9.722073554992676;0.29975348711013794;25.0;24.892839431762695;9.734768867492676;0.28606095789405045;0.9955953358551095;0.800000011920929;0.800000011920929;0.800000011920929
lidar;18.0;35.0;25.0;24.892728805541992;9.720550537109375;0.29933056235313416;25.0;24.90045738220215;9.740683555603027;0.27776516333691065;0.9970021249314476;0.800000011920929;0.800000011920929;0.800000011920929
lidar;18.0;35.0;25.0;24.897735595703125;9.719032287597656;0.29899969696998596;25.0;24.923667907714844;9.790281295776367;0.2231780787851918;0.9981051087226795;0.800000011920929;0.800000011920929;0.800000011920929
lidar;18.0;35.0;25.0;24.902732849121094;9.71751594543457;0.2987605631351471;25.0;24.88593864440918;9.668743133544922;0.3503437743347429;0.9989041686011019;0.800000011920929;0.800000011920929;0.800000011920929
lidar;18.0;35.0;25.0;24.907724380493164;9.716002464294434;0.29861265420913696;25.0;24.912586212158203;9.730969429016113;0.28287555372993317;0.9993988871266305;0.800000011920929;0.800000011920929;0.800000011920929
lidar;18.0;35.0;25.0;24.912710189819336;9.714489936828613;0.29855579137802124;25.0;24.895532608032227;9.658305168151855;0.35730785783837804;0.9995891452002079;0.800000011920929;0.800000011920929;0.800000011920929
lidar;18.0;35.0;25.0;24.91769790649414;9.712976455688477;0.29858991503715515;25.0;24.905471801757812;9.670337677001953;0.342947487007232;0.9994749427297979;0.800000011920929;0.800000011920929;0.800000011920929
lidar;18.0;35.0;25.0;24.922687530517578;9.711463928222656;0.2987150251865387;25.0;24.93115234375;9.743060111999512;0.26600405217382783;0.9990563392437225;0.800000011920929;0.800000011920929;0.800000011920929
lidar;18.0;35.0;25.0;24.92768096923828;9.709948539733887;0.2989313006401062;25.0;24.943246841430664;9.772378921508789;0.2345894203678271;0.9983333945197235;0.800000011920929;0.800000011920929;0.800000011920929
lidar;18.0;35.0;25.0;24.93268585205078;9.708430290222168;0.2992391884326935;25.0;24.914810180664062;9.631003379821777;0.3787025171776384;0.9973062872611547;0.800000011920929;0.800000011920929;0.800000011920929
lidar;18.0;35.0;25.0;24.937702178955078;9.7069091796875;0.299638956785202;25.0;24.922815322875977;9.636873245239258;0.3712393516240843;0.9959755542201812;0.800000011920929;0.800000011920929;0.800000011920929
lidar;18.0;35.0;25.0;24.942781448364258;9.705636024475098;0.29987362027168274;25.0;24.940265655517578;9.692689895629883;0.31306186163763844;0.9955565330441091;0.800000011920929;0.800000011920929;0.800000011920929
lidar;18.0;35.0;25.0;24.94800567626953;9.705121040344238;0.2994275987148285;25.0;24.951696395874023;9.726056098937988;0.27817013759908776;0.997039616296195;0.800000011920929;0.800000011920929;0.800000011920929
lidar;18.0;35.0;25.0;24.953214645385742;9.704607963562012;0.29907387495040894;25.0;24.962631225585938;9.764065742492676;0.23887509747737873;0.9982190728949937;0.800000011920929;0.800000011920929;0.800000011920929
lidar;18.0;35.0;25.0;24.95841407775879;9.704095840454102;0.2988118827342987;25.0;24.968366622924805;9.774911880493164;0.2273006744210549;0.999094426615914;0.800000011920929;0.800000011920929;0.800000011920929
lidar;18.0;35.0;25.0;24.963603973388672;9.703584671020508;0.29864129424095154;25.0;24.96518898010254;9.716485977172852;0.28564362783691016;0.999665439138244;0.800000011920929;0.800000011920929;0.800000011920929
lidar;18.0;35.0;25.0;24.968791961669922;9.703073501586914;0.2985617220401764;25.0;24.973285675048828;9.745823860168457;0.2555759626915057;0.9999319911025861;0.800000011920929;0.800000011920929;0.800000011920929
lidar;18.0;35.0;25.0;24.97397804260254;9.702563285827637;0.2985731065273285;25.0;24.981399536132812;9.78740119934082;0.21341127598497717;0.9998939037305891;0.800000011920929;0.800000011920929;0.800000011920929
lidar;18.0;35.0;25.0;24.97916603088379;9.702052116394043;0.2986755073070526;25.0;24.980878829956055;9.726561546325684;0.27410651480071385;0.9995512962369434;0.800000011920929;0.800000011920929;0.800000011920929
lidar;18.0;35.0;25.0;24.984357833862305;9.70154094696045;0.2988690435886383;25.0;24.984966278076172;9.713146209716797;0.28724697374123115;0.9989041089717636;0.800000011920929;0.800000011920929;0.800000011920929
lidar;18.0;35.0;25.0;24.989559173583984;9.701027870178223;0.29915401339530945;25.0;24.990859985351562;9.73825740814209;0.26190174598509586;0.9979526997138365;0.800000011920929;0.800000011920929;0.800000011920929
lidar;18.0;35.0;25.0;24.99477195739746;9.700514793395996;0.29953089356422424;25.0;24.99608612060547;9.775745391845703;0.22428899235951527;0.9966973066730691;0.800000011920929;0.800000011920929;0.800000011920929
lidar;18.0;35.0;25.0;25.0;9.699999809265137;0.3000001907348633;25.0;25.0;9.749354362487793;0.2506458850126614;0.9951383468857753;0.800000011920929;0.800000011920929;0.800000011920929
lidar;18.0;35.0;25.0;25.00522804260254;9.700514793395996;0.29953089356422424;25.0;25.00579833984375;9.6678466796875;0.3322041314633297;0.9966973066730691;0.800000011920929;0.800000011920929;0.800000011920929
lidar;18.0;35.0;25.0;25.010440826416016;9.701027870178223;0.29915401339530945;25.0;25.00956153869629;9.726203918457031;0.2739629561030723;0.9979526997138365;0.800000011920929;0.800000011920929;0.800000011920929
lidar;18.0;35.0;25.0;25.015642166137695;9.70154094696045;0.2988690435886383;25.0;25.015363693237305;9.7068452835083;0.2935569874801885;0.9989041089717636;0.800000011920929;0.800000011920929;0.800000011920929
lidar;18.0;35.0;25.0;25.02083396911621;9.702052116394043;0.2986755073070526;25.0;25.022296905517578;9.681130409240723;0.31964843844223473;0.9995512962369434;0.800000011920929;0.800000011920929;0.800000011920929
lidar;18.0;35.0;25.0;25.02602195739746;9.702563285827637;0.2985731065273285;25.0;25.026535034179688;9.696714401245117;0.3044440086797711;0.9998939037305891;0.800000011920929;0.800000011920929;0.800000011920929
lidar;18.0;35.0;25.0;25.031208038330078;9.703073501586914;0.2985617220401764;25.0;25.034076690673828;9.675788879394531;0.3259973518990837;0.9999319911025861;0.800000011920929;0.800000011920929;0.800000011920929
lidar;18.0;35.0;25.0;25.036396026611328;9.703584671020508;0.29864129424095154;25.0;25.043598175048828;9.644917488098145;0.3577495054704788;0.999665439138244;0.800000011920929;0.800000011920929;0.800000011920929
lidar;18.0;35.0;25.0;25.04158592224121;9.704095840454102;0.2988118827342987;25.0;25.041547775268555;9.70437240600586;0.2985329754224556;0.999094426615914;0.800000011920929;0.800000011920929;0.800000011920929
lidar;18.0;35.0;25.0;25.046785354614258;9.704607963562012;0.29907387495040894;25.0;25.034305572509766;9.783403396606445;0.21929687909535422;0.9982190728949937;0.800000011920929;0.800000011920929;0.800000011920929
lidar;18.0;35.0;25.0;25.05199432373047;9.705121040344238;0.2994275987148285;25.0;25.04911994934082;9.721426010131836;0.282871183869972;0.997039616296195;0.800000011920929;0.800000011920929;0.800000011920929
lidar;18.0;35.0;25.0;25.057218551635742;9.705636024475098;0.29987362027168274;25.0;25.05269432067871;9.72891616821289;0.2761574693433946;0.9955565330441091;0.800000011920929;0.800000011920929;0.800000011920929
lidar;18.0;35.0;25.0;25.062297821044922;9.7069091796875;0.299638956785202;25.0;25.063623428344727;9.700676918029785;0.30601054839054886;0.9959755542201812;0.800000011920929;0.800000011920929;0.800000011920929
lidar;18.0;35.0;25.0;25.06731414794922;9.708430290222168;0.2992391586303711;25.0;25.055639266967773;9.758997917175293;0.24734189048155233;0.9973063468290412;0.800000011920929;0.800000011920929;0.800000011920929
lidar;18.0;35.0;25.0;25.07231903076172;9.709948539733887;0.2989313006401062;25.0;25.071353912353516;9.71381950378418;0.2949415984136068;0.9983334540703575;0.800000011920929;0.800000011920929;0.800000011920929
lidar;18.0;35.0;25.0;25.077312469482422;9.711463928222656;0.2987149655818939;25.0;25.08647918701172;9.677258491516113;0.3341262011952191;0.999056398947263;0.800000011920929;0.800000011920929;0.800000011920929
lidar;18.0;35.0;25.0;25.08230209350586;9.712976455688477;0.29858994483947754;25.0;25.083877563476562;9.707481384277344;0.30430715280780135;0.9994750022351542;0.800000011920929;0.800000011920929;0.800000011920929
lidar;18.0;35.0;25.0;25.087289810180664;9.714489936828613;0.29855579137802124;25.0;25.06391143798828;9.790952682495117;0.21859884355324846;0.9995892047791991;0.800000011920929;0.800000011920929;0.800000011920929
lidar;18.0;35.0;25.0;25.092275619506836;9.716002464294434;0.29861265420913696;25.0;25.10132598876953;9.688150405883789;0.3278984775223059;0.9993988871266305;0.800000011920929;0.800000011920929;0.800000011920929
lidar;18.0;35.0;25.0;25.097267150878906;9.71751594543457;0.2987605631351471;25.0;25.123069763183594;9.642577171325684;0.37801723220121325;0.9989041686011019;0.800000011920929;0.800000011920929;0.800000011920929
lidar;18.0;35.0;25.0;25.102264404296875;9.719032287597656;0.29899969696998596;25.0;25.098718643188477;9.728771209716797;0.28863573557767425;0.9981051683206363;0.800000011920929;0.800000011920929;0.800000011920929
lidar;18.0;35.0;25.0;25.107271194458008;9.720550537109375;0.2993305027484894;25.0;25.078088760375977;9.796571731567383;0.21790163393896098;0.9970021249314476;0.800000011920929;0.800000011920929;0.800000011920929
lidar;18.0;35.0;25.0;25.112289428710938;9.722073554992676;0.29975348711013794;25.0;25.110549926757812;9.72637939453125;0.2951090777118049;0.9955953358551095;0.800000011920929;0.800000011920929;0.800000011920929
lidar;18.0;35.0;25.0;25.117122650146484;9.724075317382812;0.2997535765171051;25.0;25.087827682495117;9.793092727661133;0.22477541726659678;0.994930565287389;0.800000011920929;0.800000011920929;0.800000011920929
lidar;18.0;35.0;25.0;25.121747970581055;9.726548194885254;0.2993307113647461;25.0;25.13189125061035;9.703767776489258;0.324266624609303;0.9963362219309113;0.800000011920929;0.800000011920929;0.800000011920929
lidar;18.0;35.0;25.0;25.12636375427246;9.72901439666748;0.29899993538856506;25.0;25.11906623840332;9.744660377502441;0.28173660247229604;0.9974385500158426;0.800000011920929;0.800000011920929;0.800000011920929
lidar;18.0;35.0;25.0;25.13096809387207;9.731475830078125;0.29876092076301575;25.0;25.150432586669922;9.691568374633789;0.34316154325207404;0.9982370137928649;0.800000011920929;0.800000011920929;0.800000011920929
lidar;18.0;35.0;25.0;25.13556671142578;9.733933448791504;0.2986130714416504;25.0;25.141523361206055;9.722243309020996;0.3117334039746831;0.998731434306777;0.800000011920929;0.800000011920929;0.800000011920929
lidar;18.0;35.0;25.0;25.14016342163086;9.736390113830566;0.29855626821517944;25.0;25.172683715820312;9.675227165222168;0.367827785247113;0.9989215731008487;0.800000011920929;0.800000011920929;0.800000011920929
lidar;18.0;35.0;25.0;25.144760131835938;9.738846778869629;0.29859045147895813;25.0;25.117815017700195;9.787457466125488;0.24301137085362995;0.9988074898130497;0.800000011920929;0.800000011920929;0.800000011920929
lidar;18.0;35.0;25.0;25.14935874938965;9.741304397583008;0.29871559143066406;25.0;25.152294158935547;9.73621940612793;0.304587176345993;0.9983891248891877;0.800000011920929;0.800000011920929;0.800000011920929
lidar;18.0;35.0;25.0;25.153961181640625;9.743764877319336;0.2989320158958435;25.0;25.144346237182617;9.759767532348633;0.2802630145572983;0.9976666570528429;0.800000011920929;0.800000011920929;0.800000011920929
lidar;18.0;35.0;25.0;25.158573150634766;9.746230125427246;0.2992399334907532;25.0;25.198495864868164;9.682339668273926;0.3745782992313579;0.9966403244387904;0.800000011920929;0.800000011920929;0.800000011920929
lidar;18.0;35.0;25.0;25.163196563720703;9.748701095581055;0.29963988065719604;25.0;25.137609481811523;9.788101196289062;0.25266014256042296;0.9953102468409298;0.800000011920929;0.800000011920929;0.800000011920929
lidar;18.0;35.0;25.0;25.167688369750977;9.751392364501953;0.29987457394599915;25.0;25.119583129882812;9.822710037231445;0.21385035149030146;0.993665099105453;0.800000011920929;0.800000011920929;0.800000011920929
lidar;18.0;35.0;25.0;25.17174530029297;9.754722595214844;0.29942843317985535;25.0;25.183990478515625;9.737234115600586;0.32077824183109493;0.9951454400003393;0.800000011920929;0.800000011920929;0.800000011920929
lidar;18.0;35.0;25.0;25.175790786743164;9.75804328918457;0.299074649810791;25.0;25.155933380126953;9.785375595092773;0.26529069297369806;0.9963226320498103;0.800000011920929;0.800000011920929;0.800000011920929
lidar;18.0;35.0;25.0;25.17983055114746;9.761357307434082;0.29881253838539124;25.0;25.17725944519043;9.764769554138184;0.29454086938587204;0.9971963165936379;0.800000011920929;0.800000011920929;0.800000011920929
lidar;18.0;35.0;25.0;25.183862686157227;9.764667510986328;0.29864177107810974;25.0;25.19436264038086;9.751228332519531;0.31569631672480325;0.9977663160729817;0.800000011920929;0.800000011920929;0.800000011920929
lidar;18.0;35.0;25.0;25.187891006469727;9.767973899841309;0.2985621392726898;25.0;25.210176467895508;9.740453720092773;0.3339740043876078;0.9980322718087783;0.800000011920929;0.800000011920929;0.800000011920929
lidar;18.0;35.0;25.0;25.191919326782227;9.771279335021973;0.29857346415519714;25.0;25.203907012939453;9.75699234008789;0.3172235449332601;0.9979943036245876;0.800000011920929;0.800000011920929;0.800000011920929
lidar;18.0;35.0;25.0;25.19594955444336;9.77458667755127;0.2986757457256317;25.0;25.203161239624023;9.766289710998535;0.30966957849018306;0.9976522924208442;0.800000011920929;0.800000011920929;0.800000011920929
lidar;18.0;35.0;25.0;25.199981689453125;9.777896881103516;0.29886916279792786;25.0;25.174678802490234;9.805999755859375;0.2610532722576323;0.9970064164621479;0.800000011920929;0.800000011920929;0.800000011920929
lidar;18.0;35.0;25.0;25.204023361206055;9.78121280670166;0.2991540729999542;25.0;25.2126407623291;9.771970748901367;0.3117904600629582;0.9960567952892743;0.800000011920929;0.800000011920929;0.800000011920929
lidar;18.0;35.0;25.0;25.208070755004883;9.78453540802002;0.29953083395957947;25.0;25.20689582824707;9.785752296447754;0.29783936506975234;0.9948037862394215;0.800000011920929;0.800000011920929;0.800000011920929
lidar;18.0;35.0;25.0;25.21213150024414;9.78786849975586;0.29999980330467224;25.0;25.2608642578125;9.7391357421875;0.36891854882100006;0.9923129675906004;0.800000011920929;0.800000011920929;0.800000011920929
lidar;18.0;35.0;24.996301651000977;24.788053512573242;9.7880859375;0.29973742365837097;24.997339248657227;24.847570419311523;9.847594261169434;0.21556671277095527;0.9931815861690151;0.800000011920929;0.800000011920929;0.800000011920929
lidar;18.0;35.0;24.99624252319336;24.79207420349121;9.784719467163086;0.29932069778442383;24.995763778686523;24.765588760375977;9.757296562194824;0.3374491104181324;0.9955022331783427;0.800000011920929;0.800000011920929;0.800000011920929
lidar;18.0;35.0;24.996183395385742;24.796123504638672;9.781401634216309;0.2989409267902374;24.99563980102539;24.767032623291016;9.750212669372559;0.34159376034030997;0.9967668053720394;0.800000011920929;0.800000011920929;0.800000011920929
lidar;18.0;35.0;24.996126174926758;24.800161361694336;9.778091430664062;0.2986530363559723;24.994827270507812;24.733104705810547;9.703627586364746;0.3988690071318962;0.9977279303777487;0.800000011920929;0.800000011920929;0.800000011920929
lidar;18.0;35.0;24.996068954467773;24.804195404052734;9.774785995483398;0.29845649003982544;24.996288299560547;24.815134048461914;9.787368774414062;0.2817825286534886;0.9983850120845217;0.800000011920929;0.800000011920929;0.800000011920929
lidar;18.0;35.0;24.99601173400879;24.808223724365234;9.771484375;0.29835107922554016;24.99542808532715;24.780216217041016;9.738112449645996;0.3419225115532062;0.998737931168452;0.800000011920929;0.800000011920929;0.800000011920929
lidar;18.0;35.0;24.995954513549805;24.8122501373291;9.768184661865234;0.29833659529685974;24.994850158691406;24.761083602905273;9.70500659942627;0.37964288071205093;0.9987867474560431;0.800000011920929;0.800000011920929;0.800000011920929
lidar;18.0;35.0;24.995895385742188;24.8162784576416;9.764883041381836;0.2984130084514618;24.996423721313477;24.83989906311035;9.795111656188965;0.260046212752555;0.9985312819560879;0.800000011920929;0.800000011920929;0.800000011920929
lidar;18.0;35.0;24.995838165283203;24.820310592651367;9.761579513549805;0.2985803782939911;24.995710372924805;24.814804077148438;9.7542724609375;0.30773045190591075;0.9979716537269743;0.800000011920929;0.800000011920929;0.800000011920929
lidar;18.0;35.0;24.99578094482422;24.8243465423584;9.758271217346191;0.2988390028476715;24.995689392089844;24.8205509185791;9.753047943115234;0.30529612261782024;0.9971081016993021;0.800000011920929;0.800000011920929;0.800000011920929
lidar;18.0;35.0;24.995723724365234;24.828392028808594;9.754955291748047;0.29918938875198364;24.9947452545166;24.789146423339844;9.698917388916016;0.36761043948157385;0.9959406258184377;0.800000011920929;0.800000011920929;0.800000011920929
lidar;18.0;35.0;24.995664596557617;24.832448959350586;9.751631736755371;0.29963189363479614;24.996503829956055;24.864892959594727;9.799726486206055;0.24161007147752603;0.9944699406915235;0.800000011920929;0.800000011920929;0.800000011920929
lidar;18.0;35.0;24.995616912841797;24.836896896362305;9.748882293701172;0.299469530582428;24.996213912963867;24.859142303466797;9.783132553100586;0.25862411979392386;0.9958765507298885;0.800000011920929;0.800000011920929;0.800000011920929
lidar;18.0;35.0;24.995573043823242;24.84151840209961;9.746414184570312;0.2990680932998657;24.995851516723633;24.85144805908203;9.762304306030273;0.28032836040933273;0.9972129463067638;0.800000011920929;0.800000011920929;0.800000011920929
lidar;18.0;35.0;24.99553108215332;24.846128463745117;9.743952751159668;0.29875868558883667;24.995861053466797;24.857492446899414;9.762862205505371;0.2766948268222796;0.9982454180968805;0.800000011920929;0.800000011920929;0.800000011920929
lidar;18.0;35.0;24.995487213134766;24.85072898864746;9.741495132446289;0.29854077100753784;24.99541664123535;24.84836769104004;9.737403869628906;0.3032656613382396;0.9989738463688566;0.800000011920929;0.800000011920929;0.800000011920929
lidar;18.0;35.0;24.995445251464844;24.85532569885254;9.739041328430176;0.298414021730423;24.99550437927246;24.857210159301758;9.742439270019531;0.29452771523793464;0.9993980526700572;0.800000011920929;0.800000011920929;0.800000011920929
lidar;18.0;35.0;24.99540138244629;24.859920501708984;9.736587524414062;0.2983781695365906;24.994834899902344;24.842632293701172;9.704078674316406;0.3352026468714157;0.9995177388417793;0.800000011920929;0.800000011920929;0.800000011920929
lidar;18.0;35.0;24.995359420776367;24.864513397216797;9.734134674072266;0.2984332740306854;24.995807647705078;24.877601623535156;9.759815216064453;0.26960712322519337;0.9993330239655805;0.800000011920929;0.800000011920929;0.800000011920929
lidar;18.0;35.0;24.995315551757812;24.869112014770508;9.731679916381836;0.2985793650150299;24.994823455810547;24.8553524017334;9.703475952148438;0.32996378951036065;0.998843908285757;0.800000011920929;0.800000011920929;0.800000011920929
lidar;18.0;35.0;24.99527359008789;24.873714447021484;9.72922134399414;0.29881662130355835;24.99526023864746;24.873363494873047;9.728470802307129;0.29964511585102804;0.9980505703950785;0.800000011920929;0.800000011920929;0.800000011920929
lidar;18.0;35.0;24.995229721069336;24.878326416015625;9.72675895690918;0.29914551973342896;24.995386123657227;24.882305145263672;9.735694885253906;0.28936168091730813;0.99695307044468;0.800000011920929;0.800000011920929;0.800000011920929
lidar;18.0;35.0;24.995187759399414;24.882949829101562;9.724289894104004;0.2995663583278656;24.99582862854004;24.898550033569336;9.761034965515137;0.2596417299199564;0.99555206279744;0.800000011920929;0.800000011920929;0.800000011920929
lidar;18.0;35.0;24.99515151977539;24.887746810913086;9.722207069396973;0.29965487122535706;24.994503021240234;24.872737884521484;9.685065269470215;0.3397200577645233;0.9959226843998158;0.800000011920929;0.800000011920929;0.800000011920929
lidar;18.0;35.0;24.99512481689453;24.892765045166016;9.720685958862305;0.29923155903816223;24.995410919189453;24.899063110351562;9.737092018127441;0.2816553445093571;0.9973317385294991;0.800000011920929;0.800000011920929;0.800000011920929
lidar;18.0;35.0;24.995098114013672;24.897769927978516;9.719168663024902;0.2989002764225006;24.99555206298828;24.9072322845459;9.745162010192871;0.2712339336586831;0.9984369278528317;0.800000011920929;0.800000011920929;0.800000011920929
lidar;18.0;35.0;24.995071411132812;24.90276527404785;9.717653274536133;0.2986606955528259;24.995643615722656;24.91404151916504;9.750396728515625;0.2640254365198409;0.9992380142040176;0.800000011920929;0.800000011920929;0.800000011920929
lidar;18.0;35.0;24.995044708251953;24.90775489807129;9.716140747070312;0.2985122799873352;24.994781494140625;24.902854919433594;9.701064109802246;0.3143679634073864;0.9997346401074688;0.800000011920929;0.800000011920929;0.800000011920929
lidar;18.0;35.0;24.995019912719727;24.91274070739746;9.714629173278809;0.2984549105167389;24.99515724182129;24.915164947509766;9.722557067871094;0.29016423013895287;0.9999268054945926;0.800000011920929;0.800000011920929;0.800000011920929
lidar;18.0;35.0;24.994991302490234;24.917726516723633;9.713118553161621;0.29848846793174744;24.995969772338867;24.933773040771484;9.769072532653809;0.24027058776928195;0.9998143911352022;0.800000011920929;0.800000011920929;0.800000011920929
lidar;18.0;35.0;24.994966506958008;24.922712326049805;9.7116060256958;0.2986130118370056;24.99578857421875;24.93532943725586;9.758683204650879;0.24986713440363315;0.9993973969983787;0.800000011920929;0.800000011920929;0.800000011920929
lidar;18.0;35.0;24.99493980407715;24.927705764770508;9.710091590881348;0.29882872104644775;24.995529174804688;24.936140060424805;9.743911743164062;0.2639685651300456;0.9986760020791711;0.800000011920929;0.800000011920929;0.800000011920929
lidar;18.0;35.0;24.99491310119629;24.932708740234375;9.708575248718262;0.2991359233856201;24.99510383605957;24.935243606567383;9.719550132751465;0.28787032456472755;0.9976503250451642;0.800000011920929;0.800000011920929;0.800000011920929
lidar;18.0;35.0;24.99488639831543;24.93772315979004;9.70705509185791;0.29953503608703613;24.99618148803711;24.95349884033203;9.781262397766113;0.22365805498455785;0.9963209031348651;0.800000011920929;0.800000011920929;0.800000011920929
lidar;18.0;35.0;24.994863510131836;24.942781448364258;9.70568561553955;0.2998686134815216;24.994564056396484;24.9394474029541;9.688528060913086;0.31735010566552674;0.9955731627026028;0.800000011920929;0.800000011920929;0.800000011920929
lidar;18.0;35.0;24.994853973388672;24.94800567626953;9.705171585083008;0.29942256212234497;24.994443893432617;24.943859100341797;9.68165397644043;0.32330592391134116;0.997056305133834;0.800000011920929;0.800000011920929;0.800000011920929
lidar;18.0;35.0;24.994844436645508;24.953214645385742;9.704658508300781;0.2990688681602478;24.99359130859375;24.94182777404785;9.632774353027344;0.3718597364282371;0.9982357620892478;0.800000011920929;0.800000011920929;0.800000011920929
lidar;18.0;35.0;24.994836807250977;24.95841407775879;9.704146385192871;0.2988068163394928;24.99506378173828;24.960243225097656;9.717154502868652;0.2856685729752507;0.9991111755210341;0.800000011920929;0.800000011920929;0.800000011920929
lidar;18.0;35.0;24.994827270507812;24.963605880737305;9.703635215759277;0.29863622784614563;24.99459457397461;24.96196746826172;9.690292358398438;0.3120812066390174;0.9996822476290901;0.800000011920929;0.800000011920929;0.800000011920929
lidar;18.0;35.0;24.99481773376465;24.968791961669922;9.703124046325684;0.2985566258430481;24.99458885192871;24.967416763305664;9.690044403076172;0.31171000658790937;0.9999487996104504;0.800000011920929;0.800000011920929;0.800000011920929
lidar;18.0;35.0;24.994810104370117;24.97397804260254;9.702613830566406;0.2985677421092987;24.995014190673828;24.975008010864258;9.71438217163086;0.2867527687476194;0.9999116659158388;0.800000011920929;0.800000011920929;0.800000011920929
lidar;18.0;35.0;24.994800567626953;24.97916603088379;9.702122688293457;0.29865044355392456;24.99420928955078;24.9768009185791;9.668279647827148;0.3325812162248132;0.9996351003596832;0.800000011920929;0.800000011920929;0.800000011920929
lidar;18.0;35.0;24.994792938232422;24.98436164855957;9.701630592346191;0.2988242506980896;24.994686126708984;24.98404312133789;9.695552825927734;0.3049113227462691;0.9990538954435041;0.800000011920929;0.800000011920929;0.800000011920929
lidar;18.0;35.0;24.994783401489258;24.98956298828125;9.701154708862305;0.2990734279155731;24.992998123168945;24.98598861694336;9.598793983459473;0.40151181617281845;0.9982216358527081;0.800000011920929;0.800000011920929;0.800000011920929
lidar;18.0;35.0;24.994775772094727;24.994775772094727;9.700727462768555;0.2993636131286621;24.99458122253418;24.99458122253418;9.689570426940918;0.3105242741810136;0.9972541930255857;0.800000011920929;0.800000011920929;0.800000011920929
lidar;18.0;35.0;24.99477195739746;25.0;9.700514793395996;0.29953089356422424;24.994670867919922;25.0;9.694704055786133;0.3053422550336211;0.9966973066730691;0.800000011920929;0.800000011920929;0.800000011920929
lidar;18.0;35.0;24.994775772094727;25.005224227905273;9.700727462768555;0.2993636429309845;24.995542526245117;25.004457473754883;9.744678497314453;0.2553989853290968;0.9972541930255857;0.800000011920929;0.800000011920929;0.800000011920929
lidar;18.0;35.0;24.994783401489258;25.01043701171875;9.701154708862305;0.2990734279155731;24.995616912841797;25.00876808166504;9.74892807006836;0.2512631226391081;0.9982216358527081;0.800000011920929;0.800000011920929;0.800000011920929
lidar;18.0;35.0;24.994792938232422;25.01563835144043;9.701630592346191;0.2988242208957672;24.994741439819336;25.015792846679688;9.69871711730957;0.30174225441720104;0.9990538954435041;0.800000011920929;0.800000011920929;0.800000011920929
lidar;18.0;35.0;24.994800567626953;25.02083396911621;9.702122688293457;0.29865044355392456;24.995670318603516;25.017345428466797;9.751984596252441;0.2486588703222392;0.9996351003596832;0.800000011920929;0.800000011920929;0.800000011920929
lidar;18.0;35.0;24.994810104370117;25.02602195739746;9.702613830566406;0.2985677421092987;24.993879318237305;25.03067970275879;9.649386405944824;0.3520066864792725;0.9999116659158388;0.800000011920929;0.800000011920929;0.800000011920929
lidar;18.0;35.0;24.99481773376465;25.031208038330078;9.703124046325684;0.2985566556453705;24.99579429626465;25.025325775146484;9.759078025817871;0.24228569631401686;0.9999487996104504;0.800000011920929;0.800000011920929;0.800000011920929
lidar;18.0;35.0;24.994827270507812;25.036394119262695;9.703635215759277;0.29863622784614563;24.995121002197266;25.034324645996094;9.720494270324707;0.2816479375878541;0.9996822476290901;0.800000011920929;0.800000011920929;0.800000011920929
lidar;18.0;35.0;24.994836807250977;25.04158592224121;9.704146385192871;0.2988068163394928;24.995603561401367;25.035404205322266;9.74811840057373;0.2543957895187569;0.9991111755210341;0.800000011920929;0.800000011920929;0.800000011920929
lidar;18.0;35.0;24.994844436645508;25.046785354614258;9.704658508300781;0.2990688383579254;24.994958877563477;25.045753479003906;9.71117115020752;0.2924732673015138;0.9982357620892478;0.800000011920929;0.800000011920929;0.800000011920929
lidar;18.0;35.0;24.994853973388672;25.05199432373047;9.705171585083008;0.29942259192466736;24.995567321777344;25.044776916503906;9.746100425720215;0.2578558321849035;0.997056305133834;0.800000011920929;0.800000011920929;0.800000011920929
lidar;18.0;35.0;24.994863510131836;25.057218551635742;9.70568561553955;0.2998686134815216;24.994922637939453;25.056560516357422;9.709068298339844;0.29642233137638213;0.9955731627026028;0.800000011920929;0.800000011920929;0.800000011920929
lidar;18.0;35.0;24.99488639831543;25.06227684020996;9.70705509185791;0.29953500628471375;24.99454116821289;25.066490173339844;9.687233924865723;0.3198021319742203;0.9963209031348651;0.800000011920929;0.800000011920929;0.800000011920929
lidar;18.0;35.0;24.99491310119629;25.067291259765625;9.708575248718262;0.29913589358329773;24.994112014770508;25.077896118164062;9.66264533996582;0.3462811335106315;0.9976503250451642;0.800000011920929;0.800000011920929;0.800000011920929
lidar;18.0;35.0;24.99493980407715;25.072294235229492;9.710091590881348;0.29882869124412537;24.995054244995117;25.070663452148438;9.71662712097168;0.29209236023356133;0.9986760020791711;0.800000011920929;0.800000011920929;0.800000011920929
lidar;18.0;35.0;24.994966506958008;25.077287673950195;9.7116060256958;0.29861295223236084;24.994321823120117;25.087175369262695;9.67470645904541;0.3368195849476394;0.9993973969983787;0.800000011920929;0.800000011920929;0.800000011920929
lidar;18.0;35.0;24.994991302490234;25.082273483276367;9.713118553161621;0.29848840832710266;24.994749069213867;25.086257934570312;9.699224472045898;0.31294377547972013;0.9998143911352022;0.800000011920929;0.800000011920929;0.800000011920929
lidar;18.0;35.0;24.995019912719727;25.08725929260254;9.714630126953125;0.2984548807144165;24.995458602905273;25.079561233520508;9.73980712890625;0.27212330771356236;0.9999268054945926;0.800000011920929;0.800000011920929;0.800000011920929
lidar;18.0;35.0;24.995044708251953;25.09224510192871;9.716141700744629;0.29851222038269043;24.99482536315918;25.096357345581055;9.703487396240234;0.3118193655406566;0.9997346401074688;0.800000011920929;0.800000011920929;0.800000011920929
lidar;18.0;35.0;24.995071411132812;25.09723472595215;9.717653274536133;0.29866066575050354;24.99400520324707;25.118253707885742;9.656620025634766;0.3632212266110766;0.9992380142040176;0.800000011920929;0.800000011920929;0.800000011920929
lidar;18.0;35.0;24.995098114013672;25.102230072021484;9.719168663024902;0.298900306224823;24.99564552307129;25.090797424316406;9.75057315826416;0.2654748867166719;0.9984369278528317;0.800000011920929;0.800000011920929;0.800000011920929
lidar;18.0;35.0;24.99512481689453;25.107234954833984;9.720685958862305;0.29923152923583984;24.995162963867188;25.10641098022461;9.722831726074219;0.2969330017092969;0.9973317385294991;0.800000011920929;0.800000011920929;0.800000011920929
lidar;18.0;35.0;24.99515151977539;25.112253189086914;9.722207069396973;0.29965490102767944;24.995487213134766;25.104461669921875;9.74148941040039;0.2788555865259486;0.9959227442185964;0.800000011920929;0.800000011920929;0.800000011920929
lidar;18.0;35.0;24.995187759399414;25.117050170898438;9.724289894104004;0.2995662987232208;24.995168685913086;25.11748504638672;9.723265647888184;0.300678798145609;0.99555206279744;0.800000011920929;0.800000011920929;0.800000011920929
lidar;18.0;35.0;24.995229721069336;25.121673583984375;9.72675895690918;0.2991454601287842;24.995389938354492;25.117630004882812;9.735838890075684;0.28920404855952114;0.99695307044468;0.800000011920929;0.800000011920929;0.800000011920929
lidar;18.0;35.0;24.99527359008789;25.126285552978516;9.72922134399414;0.2988165616989136;24.994731903076172;25.140764236450195;9.698175430297852;0.3330775410261344;0.9980505108754222;0.800000011920929;0.800000011920929;0.800000011920929
lidar;18.0;35.0;24.995315551757812;25.130887985229492;9.731679916381836;0.29857927560806274;24.994504928588867;25.1535587310791;9.685205459594727;0.35029441717723026;0.998843908285757;0.800000011920929;0.800000011920929;0.800000011920929
lidar;18.0;35.0;24.995359420776367;25.135486602783203;9.734134674072266;0.29843321442604065;24.995647430419922;25.127063751220703;9.750661849975586;0.27988101160337986;0.9993330239655805;0.800000011920929;0.800000011920929;0.800000011920929
lidar;18.0;35.0;24.99540138244629;25.140079498291016;9.736587524414062;0.2983781397342682;24.99578857421875;25.12833023071289;9.758681297302246;0.27335229641383785;0.9995177388417793;0.800000011920929;0.800000011920929;0.800000011920929
lidar;18.0;35.0;24.995445251464844;25.14467430114746;9.739041328430176;0.2984139621257782;24.996694564819336;25.105010986328125;9.810585975646973;0.21660062686353462;0.999397993090034;0.800000011920929;0.800000011920929;0.800000011920929
lidar;18.0;35.0;24.995487213134766;25.14927101135254;9.741495132446289;0.29854074120521545;24.99686622619629;25.103702545166016;9.820409774780273;0.20740457213534969;0.9989738463688566;0.800000011920929;0.800000011920929;0.800000011920929
lidar;18.0;35.0;24.99553108215332;25.153871536254883;9.743952751159668;0.2987586259841919;24.995792388916016;25.144832611083984;9.75899600982666;0.2812065672606222;0.9982454180968805;0.800000011920929;0.800000011920929;0.800000011920929
lidar;18.0;35.0;24.995573043823242;25.15848159790039;9.746414184570312;0.29906806349754333;24.996597290039062;25.121814727783203;9.805085182189941;0.22987447391971366;0.9972129463067638;0.800000011920929;0.800000011920929;0.800000011920929
lidar;18.0;35.0;24.995616912841797;25.163103103637695;9.748882293701172;0.2994694709777832;24.99620819091797;25.14105987548828;9.782819747924805;0.25899770212355794;0.9958765507298885;0.800000011920929;0.800000011920929;0.800000011920929
lidar;18.0;35.0;24.995664596557617;25.167551040649414;9.751631736755371;0.29963189363479614;24.995933532714844;25.157136917114258;9.767070770263672;0.28100601557453597;0.9944698217551545;0.800000011920929;0.800000011920929;0.800000011920929
lidar;18.0;35.0;24.995723724365234;25.171607971191406;9.754955291748047;0.29918938875198364;24.99437141418457;25.225839614868164;9.677515983581543;0.393740204055977;0.9959405661307069;0.800000011920929;0.800000011920929;0.800000011920929
lidar;18.0;35.0;24.99578094482422;25.1756534576416;9.758271217346191;0.2988390624523163;24.995668411254883;25.180313110351562;9.751858711242676;0.3067663727790207;0.9971079827926466;0.800000011920929;0.800000011920929;0.800000011920929
lidar;18.0;35.0;24.995838165283203;25.179689407348633;9.761579513549805;0.2985803782939911;24.995868682861328;25.178386688232422;9.763309478759766;0.2964140910789699;0.9979715346751883;0.800000011920929;0.800000011920929;0.800000011920929
lidar;18.0;35.0;24.995895385742188;25.1837215423584;9.764883041381836;0.2984130084514618;24.995397567749023;25.20606803894043;9.736285209655762;0.33471009112891803;0.9985311626723874;0.800000011920929;0.800000011920929;0.800000011920929
lidar;18.0;35.0;24.995954513549805;25.1877498626709;9.768184661865234;0.29833659529685974;24.997238159179688;25.12813377380371;9.841792106628418;0.20360702568780673;0.9987866878338907;0.800000011920929;0.800000011920929;0.800000011920929
lidar;18.0;35.0;24.99601173400879;25.191776275634766;9.771484375;0.29835110902786255;24.99677276611328;25.15515899658203;9.815117835998535;0.2413837785083614;0.9987378716691591;0.800000011920929;0.800000011920929;0.800000011920929
lidar;18.0;35.0;24.996068954467773;25.195804595947266;9.774785995483398;0.2984565198421478;24.994953155517578;25.251359939575195;9.710887908935547;0.38313511432600933;0.9983849526149712;0.800000011920929;0.800000011920929;0.800000011920929
lidar;18.0;35.0;24.996126174926758;25.199838638305664;9.778091430664062;0.2986530363559723;24.994998931884766;25.25796890258789;9.713541030883789;0.385527856497636;0.9977278114116745;0.800000011920929;0.800000011920929;0.800000011920929
lidar;18.0;35.0;24.996183395385742;25.203876495361328;9.781401634216309;0.2989409863948822;24.995649337768555;25.23242950439453;9.750786781311035;0.3408075776850984;0.9967666862404913;0.800000011920929;0.800000011920929;0.800000011920929
lidar;18.0;35.0;24.99624252319336;25.20792579650879;9.784719467163086;0.29932066798210144;24.995952606201172;25.22397232055664;9.768105506896973;0.3224197221068495;0.9955021145941416;0.800000011920929;0.800000011920929;0.800000011920929
lidar;18.0;35.0;24.996301651000977;25.211946487426758;9.7880859375;0.29973742365837097;24.997589111328125;25.13811492919922;9.861907005310059;0.19532266750819838;0.9931815262374981;0.800000011920929;0.800000011920929;0.800000011920929
lidar;18.0;35.0;24.99260902404785;24.788209915161133;9.788338661193848;0.29951658844947815;24.994007110595703;24.828275680541992;9.828380584716797;0.24285417798718223;0.9939138293342749;0.800000011920929;0.800000011920929;0.800000011920929
lidar;18.0;35.0;24.992488861083984;24.792184829711914;9.784932136535645;0.2991616129875183;24.991863250732422;24.774860382080078;9.767004013061523;0.3241001347653535;0.9960312846046772;0.800000011920929;0.800000011920929;0.800000011920929
lidar;18.0;35.0;24.992374420166016;24.796232223510742;9.781620025634766;0.29877969622612;24.993968963623047;24.838876724243164;9.827322006225586;0.23625175409841953;0.997304797303573;0.800000011920929;0.800000011920929;0.800000011920929
lidar;18.0;35.0;24.992258071899414;24.80027198791504;9.778314590454102;0.2984895408153534;24.993955612182617;24.844057083129883;9.826912879943848;0.2330534976106472;0.9982745648143008;0.800000011920929;0.800000011920929;0.800000011920929
lidar;18.0;35.0;24.992143630981445;24.804304122924805;9.77501392364502;0.2982906699180603;24.992359161376953;24.809654235839844;9.781166076660156;0.2901339743538637;0.9989401101910791;0.800000011920929;0.800000011920929;0.800000011920929
lidar;18.0;35.0;24.992027282714844;24.808332443237305;9.77171802520752;0.2981829047203064;24.992422103881836;24.817794799804688;9.782989501953125;0.28346035710289075;0.9993014931845924;0.800000011920929;0.800000011920929;0.800000011920929
lidar;18.0;35.0;24.991912841796875;24.812358856201172;9.768423080444336;0.2981659173965454;24.9925479888916;24.827106475830078;9.78662395477295;0.2747315103757695;0.9993584156561213;0.800000011920929;0.800000011920929;0.800000011920929
lidar;18.0;35.0;24.991798400878906;24.81638526916504;9.765127182006836;0.2982398569583893;24.99025535583496;24.7818660736084;9.720972061157227;0.3543073824832577;0.9991109371313411;0.800000011920929;0.800000011920929;0.800000011920929
lidar;18.0;35.0;24.991682052612305;24.820415496826172;9.761828422546387;0.2984047532081604;24.993391036987305;24.85729217529297;9.810733795166016;0.23713080916888893;0.9985590576630223;0.800000011920929;0.800000011920929;0.800000011920929
lidar;18.0;35.0;24.991567611694336;24.824451446533203;9.758525848388672;0.29866084456443787;24.991750717163086;24.82827377319336;9.76378345489502;0.29215752496566316;0.9977031351177339;0.800000011920929;0.800000011920929;0.800000011920929
lidar;18.0;35.0;24.991451263427734;24.828495025634766;9.755215644836426;0.2990085482597351;24.98965835571289;24.792522430419922;9.703872680664062;0.36172480459132483;0.9965431691178958;0.800000011920929;0.800000011920929;0.800000011920929
lidar;18.0;35.0;24.991336822509766;24.832550048828125;9.751896858215332;0.29944831132888794;24.990375518798828;24.81397247314453;9.724371910095215;0.3326707006960219;0.9950797559804574;0.800000011920929;0.800000011920929;0.800000011920929
lidar;18.0;35.0;24.99123764038086;24.836952209472656;9.749082565307617;0.2993669807910919;24.98904037475586;24.796052932739258;9.686141967773438;0.3744613546339073;0.9962176083088738;0.800000011920929;0.800000011920929;0.800000011920929
lidar;18.0;35.0;24.991151809692383;24.84157371520996;9.746618270874023;0.2989647090435028;24.993017196655273;24.874990463256836;9.800065040588379;0.23590267894029326;0.9975577591176189;0.800000011920929;0.800000011920929;0.800000011920929
lidar;18.0;35.0;24.991065979003906;24.846181869506836;9.744158744812012;0.2986544668674469;24.991357803344727;24.851207733154297;9.752519607543945;0.28889521523286343;0.9985940455628937;0.800000011920929;0.800000011920929;0.800000011920929
lidar;18.0;35.0;24.99098014831543;24.85078239440918;9.741704940795898;0.29843559861183167;24.990400314331055;24.84119415283203;9.725106239318848;0.3176130772335598;0.9993260502535521;0.800000011920929;0.800000011920929;0.800000011920929
lidar;18.0;35.0;24.990894317626953;24.855377197265625;9.739253044128418;0.298307865858078;24.991701126098633;24.868173599243164;9.762324333190918;0.2719127770694253;0.9997537136194772;0.800000011920929;0.800000011920929;0.800000011920929
lidar;18.0;35.0;24.990808486938477;24.859970092773438;9.73680305480957;0.2982710301876068;24.991498947143555;24.87049674987793;9.75658893585205;0.2758482173201892;0.999876856798551;0.800000011920929;0.800000011920929;0.800000011920929
lidar;18.0;35.0;24.99072265625;24.86456298828125;9.734352111816406;0.29832515120506287;24.9894962310791;24.846635818481445;9.699190139770508;0.3378124428662353;0.9996954202727393;0.800000011920929;0.800000011920929;0.800000011920929
lidar;18.0;35.0;24.990636825561523;24.869159698486328;9.731900215148926;0.2984701693058014;24.991193771362305;24.876941680908203;9.747845649719238;0.2807182271445411;0.9992094636658608;0.800000011920929;0.800000011920929;0.800000011920929
lidar;18.0;35.0;24.99055290222168;24.873760223388672;9.729445457458496;0.2987063229084015;24.990999221801758;24.879735946655273;9.742249488830566;0.2845700248936178;0.9984191060991381;0.800000011920929;0.800000011920929;0.800000011920929
lidar;18.0;35.0;24.99046516418457;24.878372192382812;9.726984977722168;0.2990340292453766;24.99224853515625;24.901119232177734;9.778043746948242;0.24310962658685567;0.9973246455545115;0.800000011920929;0.800000011920929;0.800000011920929
lidar;18.0;35.0;24.990379333496094;24.882993698120117;9.724519729614258;0.2994537353515625;24.990468978881836;24.88408660888672;9.727091789245605;0.2966569911977592;0.9959264400350967;0.800000011920929;0.800000011920929;0.800000011920929
lidar;18.0;35.0;24.990304946899414;24.887754440307617;9.722350120544434;0.29963767528533936;24.99247932434082;24.912925720214844;9.784615516662598;0.23244108913269365;0.9959797860435742;0.800000011920929;0.800000011920929;0.800000011920929
lidar;18.0;35.0;24.990251541137695;24.892770767211914;9.720829963684082;0.299214243888855;24.99209976196289;24.913108825683594;9.773778915405273;0.24246371152937315;0.9973892571297972;0.800000011920929;0.800000011920929;0.800000011920929
lidar;18.0;35.0;24.990198135375977;24.897775650024414;9.71931266784668;0.29888296127319336;24.990827560424805;24.90433120727539;9.737312316894531;0.27971710969183516;0.9984948039480407;0.800000011920929;0.800000011920929;0.800000011920929
lidar;18.0;35.0;24.990144729614258;24.90277099609375;9.717799186706543;0.2986432611942291;24.987695693969727;24.878602981567383;9.647655487060547;0.37287452483844197;0.9992961884079233;0.800000011920929;0.800000011920929;0.800000011920929
lidar;18.0;35.0;24.990093231201172;24.907760620117188;9.716287612915039;0.29849475622177124;24.98830795288086;24.891143798828125;9.665177345275879;0.3522676893557604;0.9997932314683242;0.800000011920929;0.800000011920929;0.800000011920929
lidar;18.0;35.0;24.990039825439453;24.912744522094727;9.714776992797852;0.298437237739563;24.98991584777832;24.911653518676758;9.711207389831543;0.30217163720613566;0.999985754489485;0.800000011920929;0.800000011920929;0.800000011920929
lidar;18.0;35.0;24.989986419677734;24.9177303314209;9.713266372680664;0.29847076535224915;24.98710823059082;24.89408302307129;9.630846977233887;0.3842633166843213;0.999873578545956;0.800000011920929;0.800000011920929;0.800000011920929
lidar;18.0;35.0;24.98993492126465;24.922718048095703;9.71175479888916;0.2985951602458954;24.987825393676758;24.906530380249023;9.651382446289062;0.361135939527225;0.9994568824446904;0.800000011920929;0.800000011920929;0.800000011920929
lidar;18.0;35.0;24.98988151550293;24.927711486816406;9.71024227142334;0.29881078004837036;24.99062728881836;24.93303871154785;9.731596946716309;0.2767882638927809;0.998735785501977;0.800000011920929;0.800000011920929;0.800000011920929
lidar;18.0;35.0;24.98982810974121;24.93271255493164;9.708725929260254;0.2991178035736084;24.99169158935547;24.945039749145508;9.762086868286133;0.2443202252660106;0.9977103470029306;0.800000011920929;0.800000011920929;0.800000011920929
lidar;18.0;35.0;24.989774703979492;24.937726974487305;9.707206726074219;0.2995167672634125;24.990863800048828;24.94435691833496;9.73837947845459;0.26762851624404094;0.9963811637001988;0.800000011920929;0.800000011920929;0.800000011920929
lidar;18.0;35.0;24.98972511291504;24.942766189575195;9.705737113952637;0.2999531924724579;24.991336822509766;24.951744079589844;9.751896858215332;0.25290085736249523;0.9952921868678076;0.800000011920929;0.800000011920929;0.800000011920929
lidar;18.0;35.0;24.98970603942871;24.94799041748047;9.705223083496094;0.299507200717926;24.988388061523438;24.941326141357422;9.667448043823242;0.33788830470401743;0.9967744348004859;0.800000011920929;0.800000011920929;0.800000011920929
lidar;18.0;35.0;24.989688873291016;24.953205108642578;9.704728126525879;0.2991344630718231;24.98958969116211;24.952754974365234;9.701895713806152;0.3020043470359786;0.9980165957227787;0.800000011920929;0.800000011920929;0.800000011920929
lidar;18.0;35.0;24.98967170715332;24.95840835571289;9.704236030578613;0.2988526225090027;24.988805770874023;24.954919815063477;9.67944049835205;0.32390749843533323;0.9989579916278593;0.800000011920929;0.800000011920929;0.800000011920929
lidar;18.0;35.0;24.989654541015625;24.96360206604004;9.703744888305664;0.2986622452735901;24.98948860168457;24.9630184173584;9.69900131225586;0.3034440326116561;0.9995950460483922;0.800000011920929;0.800000011920929;0.800000011920929
lidar;18.0;35.0;24.98963737487793;24.968791961669922;9.703253746032715;0.2985629141330719;24.98955535888672;24.968542098999023;9.700884819030762;0.30094569276805394;0.9999276995668701;0.800000011920929;0.800000011920929;0.800000011920929
lidar;18.0;35.0;24.989620208740234;24.973979949951172;9.702762603759766;0.2985546290874481;24.98826026916504;24.970571517944336;9.663844108581543;0.33764546591071803;0.9999556541452508;0.800000011920929;0.800000011920929;0.800000011920929
lidar;18.0;35.0;24.989604949951172;24.979169845581055;9.702302932739258;0.298605740070343;24.99014663696289;24.980257034301758;9.717830657958984;0.283031107302827;0.9997847080168959;0.800000011920929;0.800000011920929;0.800000011920929
lidar;18.0;35.0;24.989587783813477;24.984365463256836;9.701849937438965;0.29874080419540405;24.990121841430664;24.985166549682617;9.71712875366211;0.2834325368495952;0.99933296437994;0.800000011920929;0.800000011920929;0.800000011920929
lidar;18.0;35.0;24.989574432373047;24.98956871032715;9.701452255249023;0.29891151189804077;24.990596771240234;24.990591049194336;9.730735778808594;0.26959218874677093;0.998762369172259;0.800000011920929;0.800000011920929;0.800000011920929
lidar;18.0;35.0;24.98956298828125;24.994779586791992;9.701154708862305;0.29907339811325073;24.99085807800293;24.99542808532715;9.738199234008789;0.2619998087197188;0.998221755102961;0.800000011920929;0.800000011920929;0.800000011920929
lidar;18.0;35.0;24.989559173583984;25.0;9.701027870178223;0.29915401339530945;24.988248825073242;25.0;9.663482666015625;0.3367229417391796;0.9979526997138365;0.800000011920929;0.800000011920929;0.800000011920929
lidar;18.0;35.0;24.98956298828125;25.005220413208008;9.701154708862305;0.29907339811325073;24.987733840942383;25.006134033203125;9.648741722106934;0.3515257914528103;0.998221755102961;0.800000011920929;0.800000011920929;0.800000011920929
lidar;18.0;35.0;24.989574432373047;25.01043128967285;9.701452255249023;0.29891154170036316;24.985462188720703;25.014545440673828;9.583712577819824;0.416795034253956;0.998762369172259;0.800000011920929;0.800000011920929;0.800000011920929
lidar;18.0;35.0;24.989587783813477;25.015634536743164;9.701849937438965;0.29874080419540405;24.987743377685547;25.01840591430664;9.648994445800781;0.3517019762229876;0.99933296437994;0.800000011920929;0.800000011920929;0.800000011920929
lidar;18.0;35.0;24.989604949951172;25.020830154418945;9.702302932739258;0.298605740070343;24.991207122802734;25.01761817932129;9.748197555541992;0.25257107607510587;0.9997847080168959;0.800000011920929;0.800000011920929;0.800000011920929
lidar;18.0;35.0;24.989620208740234;25.026020050048828;9.702762603759766;0.29855459928512573;24.989688873291016;25.025846481323242;9.704751968383789;0.29655692799571903;0.9999556541452508;0.800000011920929;0.800000011920929;0.800000011920929
lidar;18.0;35.0;24.98963737487793;25.031208038330078;9.703253746032715;0.2985629141330719;24.988622665405273;25.03426742553711;9.674173355102539;0.3278208171466129;0.9999276995668701;0.800000011920929;0.800000011920929;0.800000011920929
lidar;18.0;35.0;24.989654541015625;25.03639793395996;9.703744888305664;0.2986622452735901;24.989086151123047;25.03839874267578;9.687461853027344;0.31507672836126405;0.9995950460483922;0.800000011920929;0.800000011920929;0.800000011920929
lidar;18.0;35.0;24.98967170715332;25.04159164428711;9.704236030578613;0.2988526225090027;24.989885330200195;25.040729522705078;9.710366249084473;0.2926580356402319;0.9989579916278593;0.800000011920929;0.800000011920929;0.800000011920929
lidar;18.0;35.0;24.989688873291016;25.046794891357422;9.704728126525879;0.2991344928741455;24.987512588500977;25.056669235229492;9.64242935180664;0.36224823839746534;0.9980165957227787;0.800000011920929;0.800000011920929;0.800000011920929
lidar;18.0;35.0;24.98970603942871;25.05200958251953;9.705223083496094;0.299507200717926;24.989458084106445;25.05326271057129;9.698116302490234;0.3067276914094218;0.9967744348004859;0.800000011920929;0.800000011920929;0.800000011920929
lidar;18.0;35.0;24.98972511291504;25.057233810424805;9.705737113952637;0.2999531924724579;24.990428924560547;25.053308486938477;9.72591781616211;0.2793818542607785;0.9952921868678076;0.800000011920929;0.800000011920929;0.800000011920929
lidar;18.0;35.0;24.989774703979492;25.062273025512695;9.707206726074219;0.2995167672634125;24.988113403320312;25.0723934173584;9.659623146057129;0.34819329811217475;0.9963811637001988;0.800000011920929;0.800000011920929;0.800000011920929
lidar;18.0;35.0;24.98982810974121;25.06728744506836;9.708725929260254;0.2991178035736084;24.991466522216797;25.056455612182617;9.755613327026367;0.25096783492672564;0.9977103470029306;0.800000011920929;0.800000011920929;0.800000011920929
lidar;18.0;35.0;24.98988151550293;25.072288513183594;9.71024227142334;0.2988107204437256;24.990039825439453;25.07115936279297;9.714768409729004;0.2941425269773783;0.998735785501977;0.800000011920929;0.800000011920929;0.800000011920929
lidar;18.0;35.0;24.98993492126465;25.077281951904297;9.71175479888916;0.2985951006412506;24.988174438476562;25.090791702270508;9.661369323730469;0.3507902767702076;0.9994568824446904;0.800000011920929;0.800000011920929;0.800000011920929
lidar;18.0;35.0;24.989986419677734;25.0822696685791;9.713266372680664;0.29847073554992676;24.989940643310547;25.082651138305664;9.711936950683594;0.29985414221139817;0.999873578545956;0.800000011920929;0.800000011920929;0.800000011920929
lidar;18.0;35.0;24.990039825439453;25.087255477905273;9.714776992797852;0.298437237739563;24.990177154541016;25.086055755615234;9.718694686889648;0.29433833587491237;0.999985754489485;0.800000011920929;0.800000011920929;0.800000011920929
lidar;18.0;35.0;24.990093231201172;25.092239379882812;9.716287612915039;0.29849472641944885;24.991567611694336;25.07851219177246;9.758512496948242;0.25406928437238907;0.9997932314683242;0.800000011920929;0.800000011920929;0.800000011920929
lidar;18.0;35.0;24.990144729614258;25.09722900390625;9.717799186706543;0.29864323139190674;24.98797035217285;25.118677139282227;9.655547142028809;0.3645222218930254;0.9992961884079233;0.800000011920929;0.800000011920929;0.800000011920929
lidar;18.0;35.0;24.990198135375977;25.102224349975586;9.71931266784668;0.29888293147087097;24.98972511291504;25.107158660888672;9.705763816833496;0.31331009619761224;0.9984948039480407;0.800000011920929;0.800000011920929;0.800000011920929
lidar;18.0;35.0;24.990251541137695;25.107229232788086;9.720829963684082;0.299214243888855;24.989990234375;25.110097885131836;9.713357925415039;0.3072228408686226;0.9973892571297972;0.800000011920929;0.800000011920929;0.800000011920929
lidar;18.0;35.0;24.990304946899414;25.112245559692383;9.722350120544434;0.29963767528533936;24.990150451660156;25.114025115966797;9.717950820922852;0.3043857079839371;0.9959797860435742;0.800000011920929;0.800000011920929;0.800000011920929
lidar;18.0;35.0;24.990379333496094;25.117006301879883;9.724519729614258;0.2994536757469177;24.98921775817871;25.131141662597656;9.69123649597168;0.3356331749544195;0.9959264400350967;0.800000011920929;0.800000011920929;0.800000011920929
lidar;18.0;35.0;24.99046516418457;25.121627807617188;9.726984977722168;0.2990339696407318;24.990554809570312;25.120498657226562;9.729520797729492;0.2962571521315182;0.9973246455545115;0.800000011920929;0.800000011920929;0.800000011920929
lidar;18.0;35.0;24.99055290222168;25.126237869262695;9.729445457458496;0.29870617389678955;24.990234375;25.13047981262207;9.720354080200195;0.30874342820960055;0.9984191060991381;0.800000011920929;0.800000011920929;0.800000011920929
lidar;18.0;35.0;24.990636825561523;25.130840301513672;9.731900215148926;0.29846999049186707;24.9921875;25.109174728393555;9.776293754577637;0.24904730036559802;0.9992094636658608;0.800000011920929;0.800000011920929;0.800000011920929
lidar;18.0;35.0;24.99072265625;25.13543701171875;9.734352111816406;0.29832494258880615;24.989259719848633;25.156816482543945;9.69241714477539;0.3454192426665291;0.9996953606483733;0.800000011920929;0.800000011920929;0.800000011920929
lidar;18.0;35.0;24.990808486938477;25.140029907226562;9.73680305480957;0.29827091097831726;24.9906005859375;25.143192291259766;9.730859756469727;0.3050059987539319;0.999876856798551;0.800000011920929;0.800000011920929;0.800000011920929
lidar;18.0;35.0;24.990894317626953;25.144622802734375;9.739253044128418;0.2983076870441437;24.98945426940918;25.167509078979492;9.697989463806152;0.34551513864287553;0.9997537136194772;0.800000011920929;0.800000011920929;0.800000011920929
lidar;18.0;35.0;24.99098014831543;25.14921760559082;9.741704940795898;0.2984354496002197;24.99156379699707;25.139564514160156;9.758413314819336;0.27913085335176685;0.9993260502535521;0.800000011920929;0.800000011920929;0.800000011920929
lidar;18.0;35.0;24.991065979003906;25.153818130493164;9.744158744812012;0.29865434765815735;24.99117088317871;25.15201759338379;9.747153282165527;0.29515899729116646;0.9985940455628937;0.800000011920929;0.800000011920929;0.800000011920929
lidar;18.0;35.0;24.991151809692383;25.15842628479004;9.746618270874023;0.29896464943885803;24.991350173950195;25.154876708984375;9.75229549407959;0.292266107120063;0.9975577591176189;0.800000011920929;0.800000011920929;0.800000011920929
lidar;18.0;35.0;24.99123764038086;25.163047790527344;9.749082565307617;0.2993669807910919;24.992265701293945;25.143936157226562;9.778491973876953;0.2642791282717974;0.9962175487472071;0.800000011920929;0.800000011920929;0.800000011920929
lidar;18.0;35.0;24.991336822509766;25.167449951171875;9.751896858215332;0.29944831132888794;24.99011993408203;25.190969467163086;9.717047691345215;0.34151019354814116;0.995079636394216;0.800000011920929;0.800000011920929;0.800000011920929
lidar;18.0;35.0;24.991451263427734;25.171504974365234;9.755215644836426;0.2990085184574127;24.992387771606445;25.152746200561523;9.781989097595215;0.26630442123075565;0.9965431096966665;0.800000011920929;0.800000011920929;0.800000011920929
lidar;18.0;35.0;24.991567611694336;25.175548553466797;9.758525848388672;0.2986608147621155;24.991220474243164;25.18276023864746;9.74860668182373;0.31092868074993957;0.997703075564118;0.800000011920929;0.800000011920929;0.800000011920929
lidar;18.0;35.0;24.991682052612305;25.179584503173828;9.761828422546387;0.298404723405838;24.993120193481445;25.148536682128906;9.80300521850586;0.2468141034655153;0.9985589980882124;0.800000011920929;0.800000011920929;0.800000011920929
lidar;18.0;35.0;24.991798400878906;25.18361473083496;9.765127182006836;0.2982398569583893;24.99124526977539;25.195981979370117;9.749307632446289;0.3183265378893152;0.9991108774503967;0.800000011920929;0.800000011920929;0.800000011920929
lidar;18.0;35.0;24.991912841796875;25.187641143798828;9.768423080444336;0.2981659173965454;24.990478515625;25.220911026000977;9.727362632751465;0.35103213844173325;0.9993583560144315;0.800000011920929;0.800000011920929;0.800000011920929
lidar;18.0;35.0;24.992027282714844;25.191667556762695;9.77171802520752;0.2981829047203064;24.99146842956543;25.205116271972656;9.755702018737793;0.3191026185816023;0.999301374011867;0.800000011920929;0.800000011920929;0.800000011920929
lidar;18.0;35.0;24.992143630981445;25.195695877075195;9.77501392364502;0.2982907295227051;24.993711471557617;25.15665626525879;9.819896697998047;0.2387845660094987;0.9989399910154709;0.800000011920929;0.800000011920929;0.800000011920929
lidar;18.0;35.0;24.992258071899414;25.19972801208496;9.778314590454102;0.298489511013031;24.992897033691406;25.183225631713867;9.796630859375;0.27382712849380236;0.9982744455965226;0.800000011920929;0.800000011920929;0.800000011920929
lidar;18.0;35.0;24.992374420166016;25.203767776489258;9.78161907196045;0.29877975583076477;24.99441909790039;25.14912223815918;9.840182304382324;0.21865578944601566;0.997304678132927;0.800000011920929;0.800000011920929;0.800000011920929
lidar;18.0;35.0;24.992488861083984;25.207815170288086;9.784932136535645;0.2991616129875183;24.99070930480957;25.257057189941406;9.73397159576416;0.3700485315324577;0.9960312249227407;0.800000011920929;0.800000011920929;0.800000011920929
lidar;18.0;35.0;24.99260902404785;25.211790084838867;9.788338661193848;0.29951658844947815;24.99308204650879;25.1982479095459;9.801874160766602;0.2803638419318074;0.9939137694187595;0.800000011920929;0.800000011920929;0.800000011920929
lidar;18.0;35.0;24.988922119140625;24.7883358001709;9.788626670837402;0.29933735728263855;24.987232208251953;24.756046295166016;9.756381034851074;0.3450021770647553;0.9945092798722966;0.800000011920929;0.800000011920929;0.800000011920929
lidar;18.0;35.0;24.988740921020508;24.792259216308594;9.785173416137695;0.29905369877815247;24.989206314086914;24.800838470458984;9.794045448303223;0.28670314440102684;0.9963909982052515;0.800000011920929;0.800000011920929;0.800000011920929
lidar;18.0;35.0;24.988567352294922;24.796306610107422;9.781866073608398;0.2986701726913452;24.988147735595703;24.788820266723633;9.773847579956055;0.3096495629277166;0.9976704715788306;0.800000011920929;0.800000011920929;0.800000011920929
lidar;18.0;35.0;24.98839569091797;24.80034637451172;9.778565406799316;0.29837849736213684;24.989818572998047;24.8248348236084;9.80572509765625;0.261780766910888;0.9986460804193642;0.800000011920929;0.800000011920929;0.800000011920929
lidar;18.0;35.0;24.988222122192383;24.804378509521484;9.775270462036133;0.2981780767440796;24.98851203918457;24.809200286865234;9.780811309814453;0.29082584318135807;0.9993175267488552;0.800000011920929;0.800000011920929;0.800000011920929
lidar;18.0;35.0;24.98805046081543;24.80840492248535;9.771979331970215;0.29806867241859436;24.986398696899414;24.78194808959961;9.74049186706543;0.3392283225689152;0.9996845126330647;0.800000011920929;0.800000011920929;0.800000011920929
lidar;18.0;35.0;24.987876892089844;24.81243133544922;9.768689155578613;0.29805007576942444;24.988143920898438;24.816556930541992;9.773777961730957;0.29149297774172095;0.9997469782621645;0.800000011920929;0.800000011920929;0.800000011920929
lidar;18.0;35.0;24.98770523071289;24.816457748413086;9.765398025512695;0.2981223464012146;24.988876342773438;24.833946228027344;9.787752151489258;0.26971565377661627;0.9995049238041015;0.800000011920929;0.800000011920929;0.800000011920929
lidar;18.0;35.0;24.987531661987305;24.82048797607422;9.762104988098145;0.29828548431396484;24.988365173339844;24.83247947692871;9.777997970581055;0.2783582748440768;0.9989584088128398;0.800000011920929;0.800000011920929;0.800000011920929
lidar;18.0;35.0;24.98736000061035;24.824522018432617;9.758807182312012;0.29853975772857666;24.987476348876953;24.826135635375977;9.761025428771973;0.2957940403786346;0.998107671734637;0.800000011920929;0.800000011920929;0.800000011920929
lidar;18.0;35.0;24.987186431884766;24.82856559753418;9.755502700805664;0.29888564348220825;24.991865158081055;24.891176223754883;9.844797134399414;0.18972764746875098;0.9969527722957701;0.800000011920929;0.800000011920929;0.800000011920929
lidar;18.0;35.0;24.98701286315918;24.83262062072754;9.752189636230469;0.29932358860969543;24.987714767456055;24.841665267944336;9.765581130981445;0.2831485842880196;0.9954942464386108;0.800000011920929;0.800000011920929;0.800000011920929
lidar;18.0;35.0;24.986862182617188;24.836971282958984;9.749302864074707;0.29933226108551025;24.987529754638672;24.845266342163086;9.762057304382324;0.28410320109566073;0.9963333603732553;0.800000011920929;0.800000011920929;0.800000011920929
lidar;18.0;35.0;24.986732482910156;24.841590881347656;9.746840476989746;0.29892969131469727;24.989173889160156;24.87074851989746;9.793437004089355;0.24390878272226196;0.9976748227955133;0.800000011920929;0.800000011920929;0.800000011920929
lidar;18.0;35.0;24.986602783203125;24.84619903564453;9.744383811950684;0.2986190617084503;24.98206901550293;24.794143676757812;9.657866477966309;0.39969159163498585;0.998712301299071;0.800000011920929;0.800000011920929;0.800000011920929
lidar;18.0;35.0;24.986474990844727;24.850799560546875;9.741931915283203;0.298399955034256;24.98524284362793;24.837202072143555;9.71841049194336;0.32559724424357606;0.9994455575733585;0.800000011920929;0.800000011920929;0.800000011920929
lidar;18.0;35.0;24.986347198486328;24.85539436340332;9.739482879638672;0.29827189445495605;24.98672866821289;24.859445571899414;9.746780395507812;0.2899172141073186;0.9998744130168197;0.800000011920929;0.800000011920929;0.800000011920929
lidar;18.0;35.0;24.98621940612793;24.859987258911133;9.737034797668457;0.2982347011566162;24.988018035888672;24.878267288208008;9.771367073059082;0.25929760755553866;0.9999986886978423;0.800000011920929;0.800000011920929;0.800000011920929
lidar;18.0;35.0;24.9860897064209;24.864580154418945;9.734587669372559;0.2982884645462036;24.991228103637695;24.91460418701172;9.832633018493652;0.18809849241087837;0.9998183250581673;0.800000011920929;0.800000011920929;0.800000011920929
lidar;18.0;35.0;24.9859619140625;24.86917495727539;9.732137680053711;0.2984330356121063;24.985675811767578;24.866512298583984;9.726683616638184;0.3045098514874592;0.9993335008269008;0.800000011920929;0.800000011920929;0.800000011920929
lidar;18.0;35.0;24.9858341217041;24.873777389526367;9.729684829711914;0.2986688017845154;24.986177444458008;24.87683868408203;9.736242294311523;0.29142404449298676;0.9985442160816782;0.800000011920929;0.800000011920929;0.800000011920929
lidar;18.0;35.0;24.98570442199707;24.878387451171875;9.727228164672852;0.2989961504936218;24.98558807373047;24.87739372253418;9.725000381469727;0.30143786614061996;0.9974506497319963;0.800000011920929;0.800000011920929;0.800000011920929
lidar;18.0;35.0;24.98557472229004;24.88300895690918;9.724764823913574;0.2994154393672943;24.986907958984375;24.893810272216797;9.750174522399902;0.27177278204286165;0.996053457197301;0.800000011920929;0.800000011920929;0.800000011920929
lidar;18.0;35.0;24.985456466674805;24.88772964477539;9.722502708435059;0.2997017502784729;24.98383903503418;24.875244140625;9.691642761230469;0.3330309386424027;0.9957666399302735;0.800000011920929;0.800000011920929;0.800000011920929
lidar;18.0;35.0;24.985376358032227;24.89274787902832;9.720982551574707;0.2992786169052124;24.989105224609375;24.920087814331055;9.792108535766602;0.22298797622977118;0.9971745612121963;0.800000011920929;0.800000011920929;0.800000011920929
lidar;18.0;35.0;24.98529815673828;24.897754669189453;9.719466209411621;0.29894760251045227;24.98828125;24.918498992919922;9.776384353637695;0.23829349533028693;0.9982787966734621;0.800000011920929;0.800000011920929;0.800000011920929
lidar;18.0;35.0;24.985218048095703;24.90275001525879;9.717952728271484;0.2987082004547119;24.985559463500977;24.904998779296875;9.72447395324707;0.2918024075944617;0.9990788102357544;0.800000011920929;0.800000011920929;0.800000011920929
lidar;18.0;35.0;24.985139846801758;24.907739639282227;9.716442108154297;0.2985600233078003;24.983619689941406;24.898300170898438;9.687432289123535;0.3291043819572659;0.999574601660903;0.800000011920929;0.800000011920929;0.800000011920929
lidar;18.0;35.0;24.98505973815918;24.9127254486084;9.71493148803711;0.2985028624534607;24.987409591674805;24.92644691467285;9.759749412536621;0.25157289573807656;0.9997658729435239;0.800000011920929;0.800000011920929;0.800000011920929
lidar;18.0;35.0;24.984981536865234;24.917713165283203;9.713420867919922;0.29853665828704834;24.983966827392578;24.912153244018555;9.694062232971191;0.31870392346349985;0.999652624146033;0.800000011920929;0.800000011920929;0.800000011920929
lidar;18.0;35.0;24.984901428222656;24.922700881958008;9.711910247802734;0.29866141080856323;24.983327865600586;24.91463851928711;9.681861877441406;0.32981257478744297;0.9992348551660541;0.800000011920929;0.800000011920929;0.800000011920929
lidar;18.0;35.0;24.984825134277344;24.927705764770508;9.710441589355469;0.2988327443599701;24.9835262298584;24.921518325805664;9.685662269592285;0.3244049866721603;0.9986618160824443;0.800000011920929;0.800000011920929;0.800000011920929
lidar;18.0;35.0;24.98474884033203;24.932722091674805;9.708985328674316;0.2990798354148865;24.986982345581055;24.94257354736328;9.751601219177246;0.25528278419559336;0.9978367092119792;0.800000011920929;0.800000011920929;0.800000011920929
lidar;18.0;35.0;24.98467254638672;24.937747955322266;9.707526206970215;0.2994186282157898;24.98574447631836;24.942102432250977;9.72799015045166;0.27846877815906185;0.9967076779037783;0.800000011920929;0.800000011920929;0.800000011920929
lidar;18.0;35.0;24.984596252441406;24.942785263061523;9.706063270568848;0.29984962940216064;24.984466552734375;24.94230842590332;9.703609466552734;0.3023522413150766;0.9952750204649347;0.800000011920929;0.800000011920929;0.800000011920929
lidar;18.0;35.0;24.984560012817383;24.94797706604004;9.705370903015137;0.29958489537239075;24.988061904907227;24.959779739379883;9.772214889526367;0.23161691728295503;0.996516048732736;0.800000011920929;0.800000011920929;0.800000011920929
lidar;18.0;35.0;24.984533309936523;24.95319366455078;9.704877853393555;0.29921120405197144;24.982805252075195;24.947961807250977;9.671889305114746;0.3326562739829304;0.99776065356985;0.800000011920929;0.800000011920929;0.800000011920929
lidar;18.0;35.0;24.984506607055664;24.958396911621094;9.704385757446289;0.2989293932914734;24.98752784729004;24.966508865356445;9.76202392578125;0.2406446503680737;0.9987013935325231;0.800000011920929;0.800000011920929;0.800000011920929
lidar;18.0;35.0;24.984481811523438;24.963594436645508;9.703901290893555;0.29873135685920715;24.989688873291016;24.975811004638672;9.803260803222656;0.19848880830449728;0.9993640185021619;0.800000011920929;0.800000011920929;0.800000011920929
lidar;18.0;35.0;24.984458923339844;24.968788146972656;9.703449249267578;0.29859328269958496;24.98190689086914;24.96366310119629;9.654752731323242;0.34762536490099405;0.9998261332666865;0.800000011920929;0.800000011920929;0.800000011920929
lidar;18.0;35.0;24.984434127807617;24.973979949951172;9.702997207641602;0.29854628443717957;24.98771095275879;24.979455947875977;9.765503883361816;0.23571490174122234;0.9999836087234456;0.800000011920929;0.800000011920929;0.800000011920929
lidar;18.0;35.0;24.984413146972656;24.97917366027832;9.702571868896484;0.2985634505748749;24.98219871520996;24.976215362548828;9.660323143005371;0.3409732290407249;0.9999263882678292;0.800000011920929;0.800000011920929;0.800000011920929
lidar;18.0;35.0;24.984392166137695;24.984371185302734;9.70217514038086;0.2986423373222351;24.982521057128906;24.98249626159668;9.666474342346191;0.3344418560757173;0.9996624589057953;0.800000011920929;0.800000011920929;0.800000011920929
lidar;18.0;35.0;24.984375;24.989574432373047;9.701849937438965;0.29874101281166077;24.990337371826172;24.993553161621094;9.81563663482666;0.1847293395179994;0.9993323683772019;0.800000011920929;0.800000011920929;0.800000011920929
lidar;18.0;35.0;24.984363555908203;24.99478530883789;9.701630592346191;0.2988242506980896;24.985389709472656;24.995126724243164;9.721227645874023;0.27919784507580414;0.9990538358228691;0.800000011920929;0.800000011920929;0.800000011920929
lidar;18.0;35.0;24.984357833862305;25.0;9.70154094696045;0.2988690435886383;24.985158920288086;25.0;9.716796875;0.2835921277045465;0.9989041089717636;0.800000011920929;0.800000011920929;0.800000011920929
lidar;18.0;35.0;24.984363555908203;25.00521469116211;9.701630592346191;0.2988242506980896;24.98522186279297;25.004928588867188;9.718013763427734;0.2824160347678532;0.9990538358228691;0.800000011920929;0.800000011920929;0.800000011920929
lidar;18.0;35.0;24.984375;25.010425567626953;9.701849937438965;0.29874101281166077;24.982885360717773;25.01141929626465;9.673442840576172;0.32720475059976417;0.9993323683772019;0.800000011920929;0.800000011920929;0.800000011920929
lidar;18.0;35.0;24.984392166137695;25.015628814697266;9.702176094055176;0.2986423075199127;24.98725700378418;25.01276206970215;9.7568359375;0.24383210005074765;0.9996624589057953;0.800000011920929;0.800000011920929;0.800000011920929
lidar;18.0;35.0;24.984413146972656;25.02082633972168;9.702571868896484;0.2985634505748749;24.979400634765625;25.027523040771484;9.606942176818848;0.3945587009735505;0.9999263882678292;0.800000011920929;0.800000011920929;0.800000011920929
lidar;18.0;35.0;24.984434127807617;25.026020050048828;9.702997207641602;0.29854628443717957;24.986225128173828;25.023025512695312;9.73717212677002;0.26419433890826666;0.9999836087234456;0.800000011920929;0.800000011920929;0.800000011920929
lidar;18.0;35.0;24.984458923339844;25.031211853027344;9.703449249267578;0.29859328269958496;24.984811782836914;25.030502319335938;9.710179328918457;0.2918171615794808;0.9998261332666865;0.800000011920929;0.800000011920929;0.800000011920929
lidar;18.0;35.0;24.984481811523438;25.036405563354492;9.703901290893555;0.29873135685920715;24.988033294677734;25.028074264526367;9.771671295166016;0.2303594317955991;0.9993640185021619;0.800000011920929;0.800000011920929;0.800000011920929
lidar;18.0;35.0;24.984506607055664;25.041603088378906;9.704385757446289;0.2989293932914734;24.981674194335938;25.049209594726562;9.65034008026123;0.3535809015192911;0.9987013935325231;0.800000011920929;0.800000011920929;0.800000011920929
lidar;18.0;35.0;24.984533309936523;25.04680633544922;9.704877853393555;0.29921120405197144;24.986087799072266;25.042102813720703;9.734542846679688;0.2691353487178091;0.99776065356985;0.800000011920929;0.800000011920929;0.800000011920929
lidar;18.0;35.0;24.984560012817383;25.05202293395996;9.705370903015137;0.29958489537239075;24.985376358032227;25.04926872253418;9.720967292785645;0.2837262229500929;0.996516048732736;0.800000011920929;0.800000011920929;0.800000011920929
lidar;18.0;35.0;24.984596252441406;25.057214736938477;9.706063270568848;0.29984962940216064;24.982990264892578;25.063175201416016;9.67543888092041;0.33108919310119067;0.9952749611441785;0.800000011920929;0.800000011920929;0.800000011920929
lidar;18.0;35.0;24.98467254638672;25.062252044677734;9.707525253295898;0.29941868782043457;24.979324340820312;25.083974838256836;9.605469703674316;0.4038975994145293;0.9967076779037783;0.800000011920929;0.800000011920929;0.800000011920929
lidar;18.0;35.0;24.98474884033203;25.067277908325195;9.708984375;0.29907989501953125;24.983503341674805;25.07276725769043;9.685240745544434;0.3234816541589901;0.9978367092119792;0.800000011920929;0.800000011920929;0.800000011920929
lidar;18.0;35.0;24.984825134277344;25.072294235229492;9.710441589355469;0.2988327741622925;24.988239288330078;25.0560302734375;9.775580406188965;0.23160705116513747;0.9986618160824443;0.800000011920929;0.800000011920929;0.800000011920929
lidar;18.0;35.0;24.984901428222656;25.077299118041992;9.711910247802734;0.2986614406108856;24.985200881958008;25.07577133178711;9.717605590820312;0.29275761074226925;0.9992348551660541;0.800000011920929;0.800000011920929;0.800000011920929
lidar;18.0;35.0;24.984981536865234;25.082286834716797;9.713421821594238;0.29853662848472595;24.989675521850586;25.056570053100586;9.802985191345215;0.20523558806840955;0.999652624146033;0.800000011920929;0.800000011920929;0.800000011920929
lidar;18.0;35.0;24.98505973815918;25.0872745513916;9.71493148803711;0.2985028028488159;24.986738204956055;25.07747459411621;9.74693775177002;0.26498809861574696;0.9997658729435239;0.800000011920929;0.800000011920929;0.800000011920929
lidar;18.0;35.0;24.985139846801758;25.092260360717773;9.716442108154297;0.2985599935054779;24.98839569091797;25.072040557861328;9.778585433959961;0.2331286767719632;0.999574601660903;0.800000011920929;0.800000011920929;0.800000011920929
lidar;18.0;35.0;24.985218048095703;25.09724998474121;9.717952728271484;0.2987081706523895;24.986431121826172;25.089269638061523;9.741098403930664;0.2741952784944702;0.9990788102357544;0.800000011920929;0.800000011920929;0.800000011920929
lidar;18.0;35.0;24.98529815673828;25.102245330810547;9.719466209411621;0.2989475429058075;24.980546951293945;25.13528823852539;9.628805160522461;0.39555890137767197;0.9982787966734621;0.800000011920929;0.800000011920929;0.800000011920929
lidar;18.0;35.0;24.985376358032227;25.10725212097168;9.720982551574707;0.2992785573005676;24.984628677368164;25.112735748291016;9.706717491149902;0.31457933916234937;0.9971745612121963;0.800000011920929;0.800000011920929;0.800000011920929
lidar;18.0;35.0;24.985456466674805;25.11227035522461;9.722501754760742;0.2997017800807953;24.985620498657227;25.11100959777832;9.725618362426758;0.29633601700706985;0.9957666399302735;0.800000011920929;0.800000011920929;0.800000011920929
lidar;18.0;35.0;24.98557472229004;25.11699104309082;9.724764823913574;0.2994154095649719;24.984886169433594;25.12257957458496;9.711615562438965;0.3137190136247646;0.996053457197301;0.800000011920929;0.800000011920929;0.800000011920929
lidar;18.0;35.0;24.98570442199707;25.121612548828125;9.727228164672852;0.29899606108665466;24.989377975463867;25.090360641479492;9.79732608795166;0.22215911349823347;0.9974507092787912;0.800000011920929;0.800000011920929;0.800000011920929
lidar;18.0;35.0;24.9858341217041;25.126222610473633;9.729684829711914;0.29866868257522583;24.984712600708008;25.136211395263672;9.708293914794922;0.3223040261892149;0.9985442160816782;0.800000011920929;0.800000011920929;0.800000011920929
lidar;18.0;35.0;24.9859619140625;25.13082504272461;9.732137680053711;0.2984327971935272;24.983482360839844;25.153932571411133;9.684823989868164;0.35114696758717184;0.9993335008269008;0.800000011920929;0.800000011920929;0.800000011920929
lidar;18.0;35.0;24.9860897064209;25.135419845581055;9.734587669372559;0.2982882559299469;24.982559204101562;25.1698055267334;9.667196273803711;0.37402706200928865;0.9998183846638937;0.800000011920929;0.800000011920929;0.800000011920929
lidar;18.0;35.0;24.98621940612793;25.140012741088867;9.737035751342773;0.2982344925403595;24.98676300048828;25.134490966796875;9.747404098510742;0.2864753476249398;0.9999986886978423;0.800000011920929;0.800000011920929;0.800000011920929
lidar;18.0;35.0;24.986347198486328;25.14460563659668;9.739482879638672;0.29827168583869934;24.983842849731445;25.17112922668457;9.69169807434082;0.3529823319547392;0.9998744130168197;0.800000011920929;0.800000011920929;0.800000011920929
lidar;18.0;35.0;24.986474990844727;25.149200439453125;9.741931915283203;0.29839974641799927;24.98561668395996;25.158679962158203;9.725534439086914;0.3173605684126012;0.9994455575733585;0.800000011920929;0.800000011920929;0.800000011920929
lidar;18.0;35.0;24.986602783203125;25.15380096435547;9.744384765625;0.29861894249916077;24.988037109375;25.137353897094727;9.771717071533203;0.2666876607860597;0.998712301299071;0.800000011920929;0.800000011920929;0.800000011920929
lidar;18.0;35.0;24.986732482910156;25.158409118652344;9.746840476989746;0.2989296615123749;24.98853302001953;25.136920928955078;9.781182289123535;0.2583794134678565;0.9976748227955133;0.800000011920929;0.800000011920929;0.800000011920929
lidar;18.0;35.0;24.986862182617188;25.163028717041016;9.749302864074707;0.2993322014808655;24.984949111938477;25.186765670776367;9.712800025939941;0.3429167876696301;0.9963333603732553;0.800000011920929;0.800000011920929;0.800000011920929
lidar;18.0;35.0;24.98701286315918;25.16737937927246;9.752189636230469;0.29932358860969543;24.986799240112305;25.170143127441406;9.748098373413086;0.30426540923856005;0.9954941870942048;0.800000011920929;0.800000011920929;0.800000011920929
lidar;18.0;35.0;24.987186431884766;25.17143440246582;9.755502700805664;0.298885703086853;24.990476608276367;25.127412796020508;9.81828498840332;0.22213787459788276;0.9969527124317575;0.800000011920929;0.800000011920929;0.800000011920929
lidar;18.0;35.0;24.98736000061035;25.175477981567383;9.758807182312012;0.29853981733322144;24.99283218383789;25.099498748779297;9.863241195678711;0.16927569016266938;0.9981076121760254;0.800000011920929;0.800000011920929;0.800000011920929
lidar;18.0;35.0;24.987531661987305;25.17951202392578;9.762104988098145;0.29828551411628723;24.98900032043457;25.158367156982422;9.790127754211426;0.26314927373823244;0.9989583491472441;0.800000011920929;0.800000011920929;0.800000011920929
lidar;18.0;35.0;24.98770523071289;25.183542251586914;9.765398025512695;0.2981223464012146;24.989337921142578;25.159154891967773;9.79656982421875;0.2585103277755788;0.9995048642606302;0.800000011920929;0.800000011920929;0.800000011920929
lidar;18.0;35.0;24.987876892089844;25.18756866455078;9.768689155578613;0.29805007576942444;24.988689422607422;25.17500877380371;9.784177780151367;0.27809261242130734;0.9997469186792524;0.800000011920929;0.800000011920929;0.800000011920929
lidar;18.0;35.0;24.98805046081543;25.19159507751465;9.771979331970215;0.298068642616272;24.98744010925293;25.20135498046875;9.76036262512207;0.31325339144290737;0.999684453026816;0.800000011920929;0.800000011920929;0.800000011920929
lidar;18.0;35.0;24.988222122192383;25.195621490478516;9.775270462036133;0.298178106546402;24.99010467529297;25.16436195373535;9.81118106842041;0.2505304286268004;0.9993174671632716;0.800000011920929;0.800000011920929;0.800000011920929
lidar;18.0;35.0;24.98839569091797;25.19965362548828;9.778565406799316;0.29837849736213684;24.9860897064209;25.23931884765625;9.734574317932129;0.3576552919802075;0.9986460209261206;0.800000011920929;0.800000011920929;0.800000011920929
lidar;18.0;35.0;24.988567352294922;25.203693389892578;9.781866073608398;0.2986702024936676;24.98917579650879;25.1928768157959;9.793448448181152;0.28281160563393265;0.9976704121120156;0.800000011920929;0.800000011920929;0.800000011920929
lidar;18.0;35.0;24.988740921020508;25.207740783691406;9.785173416137695;0.2990536689758301;24.989805221557617;25.188108444213867;9.805474281311035;0.2707931636696028;0.9963909387574078;0.800000011920929;0.800000011920929;0.800000011920929
lidar;18.0;35.0;24.988922119140625;25.2116641998291;9.788626670837402;0.29933732748031616;24.98971176147461;25.196575164794922;9.803694725036621;0.2779987423177965;0.9945092798722966;0.800000011920929;0.800000011920929;0.800000011920929
lidar;18.0;35.0;24.985240936279297;24.788433074951172;9.788949966430664;0.29919931292533875;24.985342025756836;24.789857864379883;9.790369987487793;0.29718509301380436;0.9949678779864253;0.800000011920929;0.800000011920929;0.800000011920929
lidar;18.0;35.0;24.984996795654297;24.792299270629883;9.785443305969238;0.29899662733078003;24.98447608947754;24.78508949279785;9.777995109558105;0.30937712085101704;0.9965811372183135;0.800000011920929;0.800000011920929;0.800000011920929
lidar;18.0;35.0;24.984766006469727;24.79634666442871;9.782140731811523;0.2986123561859131;24.985233306884766;24.802595138549805;9.788825988769531;0.2894496200286395;0.9978637694126586;0.800000011920929;0.800000011920929;0.800000011920929
lidar;18.0;35.0;24.984535217285156;24.800384521484375;9.778844833374023;0.29831981658935547;24.981727600097656;24.76414680480957;9.738697052001953;0.3524763984028293;0.9988425373849404;0.800000011920929;0.800000011920929;0.800000011920929
lidar;18.0;35.0;24.984304428100586;24.80441665649414;9.775555610656738;0.2981185019016266;24.98653221130371;24.832176208496094;9.80741024017334;0.255806911465053;0.9995169639854075;0.800000011920929;0.800000011920929;0.800000011920929
lidar;18.0;35.0;24.98407554626465;24.808443069458008;9.772268295288086;0.29800835251808167;24.98404312133789;24.80805778503418;9.771809577941895;0.298608683775357;0.9998869895985528;0.800000011920929;0.800000011920929;0.800000011920929
lidar;18.0;35.0;24.98384666442871;24.812469482421875;9.768982887268066;0.2979888617992401;24.9815673828125;24.78601837158203;9.736397743225098;0.3400203621815502;0.9999523758882767;0.800000011920929;0.800000011920929;0.800000011920929
lidar;18.0;35.0;24.98361587524414;24.816495895385742;9.765697479248047;0.29806020855903625;24.978904724121094;24.76372718811035;9.698322296142578;0.38376995360028987;0.9997132420472429;0.800000011920929;0.800000011920929;0.800000011920929
lidar;18.0;35.0;24.983386993408203;24.820526123046875;9.762409210205078;0.29822248220443726;24.98218536376953;24.807559967041016;9.745244979858398;0.3197667619239172;0.999169528539847;0.800000011920929;0.800000011920929;0.800000011920929
lidar;18.0;35.0;24.983156204223633;24.824560165405273;9.759116172790527;0.29847586154937744;24.983877182006836;24.83208465576172;9.769447326660156;0.28567423130300074;0.9983215331448297;0.800000011920929;0.800000011920929;0.800000011920929
lidar;18.0;35.0;24.982925415039062;24.828603744506836;9.755816459655762;0.29882076382637024;24.987262725830078;24.872140884399414;9.817843437194824;0.2229155963663772;0.9971693156854129;0.800000011920929;0.800000011920929;0.800000011920929
lidar;18.0;35.0;24.98269271850586;24.832656860351562;9.752508163452148;0.2992577850818634;24.98117446899414;24.817962646484375;9.7307767868042;0.32553512072953655;0.9957134127999029;0.800000011920929;0.800000011920929;0.800000011920929
lidar;18.0;35.0;24.982486724853516;24.83695411682129;9.749543190002441;0.29936519265174866;24.981220245361328;24.82517433166504;9.73144817352295;0.320993284130697;0.9962237477692729;0.800000011920929;0.800000011920929;0.800000011920929
lidar;18.0;35.0;24.982315063476562;24.84157371520996;9.747082710266113;0.29896292090415955;24.984668731689453;24.8626708984375;9.780762672424316;0.2591511229190305;0.997563958305139;0.800000011920929;0.800000011920929;0.800000011920929
lidar;18.0;35.0;24.98214340209961;24.846181869506836;9.744627952575684;0.29865261912345886;24.98478126525879;24.868919372558594;9.782377243041992;0.25450621882803;0.9986002445107118;0.800000011920929;0.800000011920929;0.800000011920929
lidar;18.0;35.0;24.981971740722656;24.85078239440918;9.742177963256836;0.29843372106552124;24.98221778869629;24.852819442749023;9.745697975158691;0.2943598941026589;0.9993323683772019;0.800000011920929;0.800000011920929;0.800000011920929
lidar;18.0;35.0;24.981800079345703;24.855379104614258;9.739730834960938;0.29830601811408997;24.98576545715332;24.886890411376953;9.796442985534668;0.23330608826359445;0.9997600912996375;0.800000011920929;0.800000011920929;0.800000011920929
lidar;18.0;35.0;24.98162841796875;24.85997200012207;9.737285614013672;0.2982691824436188;24.97833824157715;24.834882736206055;9.690216064453125;0.3517090871638301;0.9998832344966296;0.800000011920929;0.800000011920929;0.800000011920929
lidar;18.0;35.0;24.98145866394043;24.864564895629883;9.73483943939209;0.2983231842517853;24.9820613861084;24.868974685668945;9.743474006652832;0.2886088225976059;0.9997019171848849;0.800000011920929;0.800000011920929;0.800000011920929
lidar;18.0;35.0;24.981287002563477;24.869159698486328;9.732392311096191;0.29846811294555664;24.982646942138672;24.878664016723633;9.751830101013184;0.27678864396826197;0.9992159605226549;0.800000011920929;0.800000011920929;0.800000011920929
lidar;18.0;35.0;24.981115341186523;24.873762130737305;9.729941368103027;0.29870420694351196;24.9826602935791;24.884090423583984;9.752036094665527;0.2742665026337028;0.9984257221559374;0.800000011920929;0.800000011920929;0.800000011920929
lidar;18.0;35.0;24.98094367980957;24.878372192382812;9.727486610412598;0.2990318834781647;24.984817504882812;24.903093338012695;9.782873153686523;0.23825492950128474;0.997331261496538;0.800000011920929;0.800000011920929;0.800000011920929
lidar;18.0;35.0;24.980772018432617;24.88299560546875;9.725025177001953;0.2994515299797058;24.98845100402832;24.92972755432129;9.83485221862793;0.17984770060724364;0.9959331158123279;0.800000011920929;0.800000011920929;0.800000011920929
lidar;18.0;35.0;24.980606079101562;24.88767433166504;9.722663879394531;0.29984724521636963;24.980754852294922;24.888530731201172;9.724776268005371;0.29756297681163457;0.9952833058028066;0.800000011920929;0.800000011920929;0.800000011920929
lidar;18.0;35.0;24.980501174926758;24.892696380615234;9.72114372253418;0.2994247078895569;24.97777557373047;24.877704620361328;9.682184219360352;0.3412583700649629;0.9966879486465876;0.800000011920929;0.800000011920929;0.800000011920929
lidar;18.0;35.0;24.98039436340332;24.897703170776367;9.71962833404541;0.2990942597389221;24.985685348510742;24.925308227539062;9.795283317565918;0.21838648279186804;0.9977889058716007;0.800000011920929;0.800000011920929;0.800000011920929
lidar;18.0;35.0;24.980289459228516;24.902708053588867;9.718133926391602;0.29883551597595215;24.98278045654297;24.915006637573242;9.753762245178223;0.2610618629027834;0.9986529350792697;0.800000011920929;0.800000011920929;0.800000011920929
lidar;18.0;35.0;24.980188369750977;24.907718658447266;9.716681480407715;0.29862645268440247;24.975688934326172;24.88675880432129;9.652331352233887;0.3664532027933194;0.9993520975231664;0.800000011920929;0.800000011920929;0.800000011920929
lidar;18.0;35.0;24.980087280273438;24.9127254486084;9.715229988098145;0.29850858449935913;24.9781494140625;24.904233932495117;9.687528610229492;0.3275470354914059;0.9997467398465154;0.800000011920929;0.800000011920929;0.800000011920929
lidar;18.0;35.0;24.9799861907959;24.917728424072266;9.71377944946289;0.29848161339759827;24.97841453552246;24.911270141601562;9.691316604614258;0.32190719645241306;0.999836862101933;0.800000011920929;0.800000011920929;0.800000011920929
lidar;18.0;35.0;24.97988510131836;24.922731399536133;9.712329864501953;0.29854556918144226;24.976707458496094;24.9105281829834;9.66690444946289;0.3456883407242855;0.9996224642032228;0.800000011920929;0.800000011920929;0.800000011920929
lidar;18.0;35.0;24.979782104492188;24.927738189697266;9.710878372192383;0.2987006604671478;24.974903106689453;24.91029930114746;9.641104698181152;0.370785959486826;0.9991035461853626;0.800000011920929;0.800000011920929;0.800000011920929
lidar;18.0;35.0;24.97968101501465;24.932750701904297;9.70942497253418;0.2989470064640045;24.980005264282227;24.933822631835938;9.714054107666016;0.29418374140204867;0.9982802867961199;0.800000011920929;0.800000011920929;0.800000011920929
lidar;18.0;35.0;24.97957992553711;24.937774658203125;9.707968711853027;0.29928499460220337;24.984586715698242;24.953031539916992;9.779565811157227;0.22590884685675167;0.9971529842419073;0.800000011920929;0.800000011920929;0.800000011920929
lidar;18.0;35.0;24.979476928710938;24.942811965942383;9.706507682800293;0.29971519112586975;24.977216720581055;24.936511993408203;9.674177169799805;0.3327316955121593;0.9957218765370155;0.800000011920929;0.800000011920929;0.800000011920929
lidar;18.0;35.0;24.979408264160156;24.947948455810547;9.705521583557129;0.2997514009475708;24.977624893188477;24.943443298339844;9.680033683776855;0.32569530349555487;0.9959622621952494;0.800000011920929;0.800000011920929;0.800000011920929
lidar;18.0;35.0;24.9793758392334;24.953170776367188;9.705049514770508;0.2993559241294861;24.98480796813965;24.965503692626953;9.782732009887695;0.2205130171027008;0.9972784521123016;0.800000011920929;0.800000011920929;0.800000011920929
lidar;18.0;35.0;24.97934341430664;24.95838165283203;9.704596519470215;0.29903507232666016;24.97859001159668;24.956863403320312;9.69381332397461;0.30995040993115996;0.9983484744529626;0.800000011920929;0.800000011920929;0.800000011920929
lidar;18.0;35.0;24.979310989379883;24.963584899902344;9.704143524169922;0.29880598187446594;24.979799270629883;24.96444320678711;9.7111177444458;0.29176257059194577;0.9991143942599158;0.800000011920929;0.800000011920929;0.800000011920929
lidar;18.0;35.0;24.979280471801758;24.968780517578125;9.703691482543945;0.2986680269241333;24.978750228881836;24.967981338500977;9.6961088180542;0.3063113343956578;0.9995759725778646;0.800000011920929;0.800000011920929;0.800000011920929
lidar;18.0;35.0;24.979251861572266;24.97397804260254;9.703293800354004;0.29856717586517334;24.97796058654785;24.97235870361328;9.684822082519531;0.3171539463749516;0.9999136924713492;0.800000011920929;0.800000011920929;0.800000011920929
lidar;18.0;35.0;24.979225158691406;24.97917366027832;9.702898025512695;0.2985551059246063;24.97331428527832;24.973247528076172;9.61836051940918;0.383505375806473;0.9999544620480533;0.800000011920929;0.800000011920929;0.800000011920929
lidar;18.0;35.0;24.979202270507812;24.984375;9.702571868896484;0.29856327176094055;24.985187530517578;24.98887062072754;9.788168907165527;0.21264012127900936;0.999927043911073;0.800000011920929;0.800000011920929;0.800000011920929
lidar;18.0;35.0;24.979183197021484;24.989578247070312;9.702302932739258;0.29860565066337585;24.975475311279297;24.987722396850586;9.649282455444336;0.35178864974298274;0.999784946452409;0.800000011920929;0.800000011920929;0.800000011920929
lidar;18.0;35.0;24.979169845581055;24.994787216186523;9.702122688293457;0.298650324344635;24.981367111206055;24.995336532592773;9.733526229858398;0.26716483540079433;0.9996352791551252;0.800000011920929;0.800000011920929;0.800000011920929
lidar;18.0;35.0;24.97916603088379;25.0;9.702052116394043;0.2986755073070526;24.98129653930664;25.0;9.732538223266602;0.2681153407683109;0.9995512962369434;0.800000011920929;0.800000011920929;0.800000011920929
lidar;18.0;35.0;24.979169845581055;25.005212783813477;9.702122688293457;0.2986503541469574;24.982654571533203;25.00434112548828;9.751938819885254;0.24870487492806476;0.9996352791551252;0.800000011920929;0.800000011920929;0.800000011920929
lidar;18.0;35.0;24.979183197021484;25.010421752929688;9.702302932739258;0.29860565066337585;24.98053741455078;25.009742736816406;9.721678733825684;0.2791710009610259;0.999784946452409;0.800000011920929;0.800000011920929;0.800000011920929
lidar;18.0;35.0;24.979202270507812;25.015625;9.702571868896484;0.29856327176094055;24.98233985900879;25.013267517089844;9.747445106506348;0.25351914524283486;0.999927043911073;0.800000011920929;0.800000011920929;0.800000011920929
lidar;18.0;35.0;24.979225158691406;25.02082633972168;9.702898025512695;0.2985551059246063;24.976177215576172;25.023881912231445;9.659306526184082;0.34235936243307197;0.9999544620480533;0.800000011920929;0.800000011920929;0.800000011920929
lidar;18.0;35.0;24.979251861572266;25.02602195739746;9.703293800354004;0.2985672056674957;24.984861373901367;25.018985748291016;9.783514022827148;0.21784350112670214;0.9999136924713492;0.800000011920929;0.800000011920929;0.800000011920929
lidar;18.0;35.0;24.979280471801758;25.031219482421875;9.703691482543945;0.2986680269241333;24.979019165039062;25.031612396240234;9.699966430664062;0.30242333654892734;0.9995759725778646;0.800000011920929;0.800000011920929;0.800000011920929
lidar;18.0;35.0;24.979310989379883;25.036415100097656;9.704143524169922;0.2988060414791107;24.97969627380371;25.035737991333008;9.70964527130127;0.2932496081373799;0.9991143942599158;0.800000011920929;0.800000011920929;0.800000011920929
lidar;18.0;35.0;24.97934341430664;25.04161834716797;9.704596519470215;0.29903507232666016;24.975831985473633;25.04869270324707;9.654376029968262;0.34987284828819454;0.9983484744529626;0.800000011920929;0.800000011920929;0.800000011920929
lidar;18.0;35.0;24.9793758392334;25.046829223632812;9.705049514770508;0.2993559241294861;24.977983474731445;25.049989700317383;9.68514633178711;0.3195568446248121;0.9972784521123016;0.800000011920929;0.800000011920929;0.800000011920929
lidar;18.0;35.0;24.979408264160156;25.052051544189453;9.705521583557129;0.2997514307498932;24.987255096435547;25.032215118408203;9.817748069763184;0.1855149676368866;0.9959622621952494;0.800000011920929;0.800000011920929;0.800000011920929
lidar;18.0;35.0;24.979476928710938;25.057188034057617;9.706507682800293;0.29971519112586975;24.978612899780273;25.05959701538086;9.694148063659668;0.3123371732942519;0.9957218765370155;0.800000011920929;0.800000011920929;0.800000011920929
lidar;18.0;35.0;24.97957992553711;25.062225341796875;9.707967758178711;0.29928508400917053;24.975749969482422;25.073890686035156;9.653216361999512;0.35539703249482035;0.9971529842419073;0.800000011920929;0.800000011920929;0.800000011920929
lidar;18.0;35.0;24.97968101501465;25.067249298095703;9.709424018859863;0.2989470660686493;24.983877182006836;25.05335807800293;9.769444465637207;0.23719750684334612;0.9982802867961199;0.800000011920929;0.800000011920929;0.800000011920929
lidar;18.0;35.0;24.979782104492188;25.072261810302734;9.710878372192383;0.2987006902694702;24.979942321777344;25.071691513061523;9.713162422180176;0.2963410290541758;0.9991035461853626;0.800000011920929;0.800000011920929;0.800000011920929
lidar;18.0;35.0;24.97988510131836;25.077268600463867;9.712329864501953;0.2985456585884094;24.979761123657227;25.07774543762207;9.710555076599121;0.30038710598678137;0.9996224642032228;0.800000011920929;0.800000011920929;0.800000011920929
lidar;18.0;35.0;24.9799861907959;25.082271575927734;9.71377944946289;0.29848164319992065;24.98390769958496;25.066150665283203;9.769867897033691;0.23999111456166317;0.999836862101933;0.800000011920929;0.800000011920929;0.800000011920929
lidar;18.0;35.0;24.980087280273438;25.0872745513916;9.715229988098145;0.29850858449935913;24.974931716918945;25.1098690032959;9.641511917114258;0.3757833400747151;0.9997467398465154;0.800000011920929;0.800000011920929;0.800000011920929
lidar;18.0;35.0;24.980188369750977;25.092281341552734;9.716681480407715;0.29862648248672485;24.97556495666504;25.11380958557129;9.650581359863281;0.3682980927073432;0.9993520975231664;0.800000011920929;0.800000011920929;0.800000011920929
lidar;18.0;35.0;24.980289459228516;25.097291946411133;9.718133926391602;0.29883551597595215;24.983552932739258;25.081186294555664;9.764795303344727;0.24936489511403037;0.9986529350792697;0.800000011920929;0.800000011920929;0.800000011920929
lidar;18.0;35.0;24.98039436340332;25.102296829223633;9.71962833404541;0.2990942895412445;24.97942352294922;25.10736656188965;9.705731391906738;0.31391876343321123;0.9977889058716007;0.800000011920929;0.800000011920929;0.800000011920929
lidar;18.0;35.0;24.980501174926758;25.107303619384766;9.72114372253418;0.2994246780872345;24.98682403564453;25.0725040435791;9.811578750610352;0.20231932930374885;0.9966879486465876;0.800000011920929;0.800000011920929;0.800000011920929
lidar;18.0;35.0;24.980606079101562;25.11232566833496;9.722663879394531;0.29984724521636963;24.982303619384766;25.102493286132812;9.746939659118652;0.2736010522005198;0.9952833058028066;0.800000011920929;0.800000011920929;0.800000011920929
lidar;18.0;35.0;24.980772018432617;25.11700439453125;9.725025177001953;0.2994515001773834;24.976802825927734;25.14116096496582;9.668256759643555;0.3612730023289002;0.9959331158123279;0.800000011920929;0.800000011920929;0.800000011920929
lidar;18.0;35.0;24.98094367980957;25.121627807617188;9.727486610412598;0.2990317642688751;24.982425689697266;25.112173080444336;9.74867057800293;0.2757857157932797;0.997331261496538;0.800000011920929;0.800000011920929;0.800000011920929
lidar;18.0;35.0;24.981115341186523;25.126237869262695;9.729941368103027;0.2987041175365448;24.98019790649414;25.13237762451172;9.716805458068848;0.31323340367584235;0.9984257221559374;0.800000011920929;0.800000011920929;0.800000011920929
lidar;18.0;35.0;24.981287002563477;25.130840301513672;9.732392311096191;0.2984679639339447;24.97599220275879;25.167858123779297;9.656679153442383;0.3829122041089877;0.9992160201069847;0.800000011920929;0.800000011920929;0.800000011920929
lidar;18.0;35.0;24.98145866394043;25.135435104370117;9.73483943939209;0.29832300543785095;24.984621047973633;25.112335205078125;9.78006649017334;0.247440087583295;0.9997019171848849;0.800000011920929;0.800000011920929;0.800000011920929
lidar;18.0;35.0;24.98162841796875;25.14002799987793;9.737285614013672;0.2982689440250397;24.985675811767578;25.109180450439453;9.79516315460205;0.23255881492138117;0.9998832344966296;0.800000011920929;0.800000011920929;0.800000011920929
lidar;18.0;35.0;24.981800079345703;25.144620895385742;9.739731788635254;0.29830583930015564;24.97403907775879;25.206298828125;9.628732681274414;0.42552612549675584;0.9997600912996375;0.800000011920929;0.800000011920929;0.800000011920929
lidar;18.0;35.0;24.981971740722656;25.14921760559082;9.742178916931152;0.2984336018562317;24.98004722595215;25.16514015197754;9.714666366577148;0.33027940595673694;0.9993323683772019;0.800000011920929;0.800000011920929;0.800000011920929
lidar;18.0;35.0;24.98214340209961;25.153818130493164;9.744627952575684;0.2986525297164917;24.983333587646484;25.1435546875;9.76166820526123;0.2787248354560164;0.9986002445107118;0.800000011920929;0.800000011920929;0.800000011920929
lidar;18.0;35.0;24.982315063476562;25.15842628479004;9.747082710266113;0.29896286129951477;24.98417854309082;25.141725540161133;9.773744583129883;0.26744649012634586;0.997563958305139;0.800000011920929;0.800000011920929;0.800000011920929
lidar;18.0;35.0;24.982486724853516;25.16304588317871;9.749543190002441;0.29936516284942627;24.98113441467285;25.175636291503906;9.730203628540039;0.3224810638734659;0.9962237477692729;0.800000011920929;0.800000011920929;0.800000011920929
lidar;18.0;35.0;24.98269271850586;25.167343139648438;9.752508163452148;0.2992578148841858;24.984975814819336;25.145278930664062;9.785139083862305;0.2598018521620685;0.9957134127999029;0.800000011920929;0.800000011920929;0.800000011920929
lidar;18.0;35.0;24.982925415039062;25.171396255493164;9.755816459655762;0.29882076382637024;24.979394912719727;25.206836700439453;9.70532512664795;0.36060937826706774;0.9971692563038781;0.800000011920929;0.800000011920929;0.800000011920929
lidar;18.0;35.0;24.983156204223633;25.175439834594727;9.759116172790527;0.29847583174705505;24.98355484008789;25.171274185180664;9.7648344039917;0.29139014111585604;0.9983214735975233;0.800000011920929;0.800000011920929;0.800000011920929
lidar;18.0;35.0;24.983386993408203;25.179473876953125;9.762409210205078;0.29822245240211487;24.981435775756836;25.200551986694336;9.734505653381348;0.33324669138026236;0.999169468884739;0.800000011920929;0.800000011920929;0.800000011920929
lidar;18.0;35.0;24.98361587524414;25.183504104614258;9.765697479248047;0.29806023836135864;24.982948303222656;25.190982818603516;9.756148338317871;0.3102084635200224;0.9997132420472429;0.800000011920929;0.800000011920929;0.800000011920929
lidar;18.0;35.0;24.98384666442871;25.187530517578125;9.768982887268066;0.2979888617992401;24.983930587768555;25.186546325683594;9.770196914672852;0.2964238794818405;0.9999523758882767;0.800000011920929;0.800000011920929;0.800000011920929
lidar;18.0;35.0;24.98407554626465;25.191556930541992;9.772268295288086;0.2980083227157593;24.985820770263672;25.17055320739746;9.79723834991455;0.2653335486256666;0.9998869299880243;0.800000011920929;0.800000011920929;0.800000011920929
lidar;18.0;35.0;24.984304428100586;25.19558334350586;9.775554656982422;0.29811856150627136;24.98211669921875;25.222854614257812;9.744258880615234;0.3396877974017724;0.9995169639854075;0.800000011920929;0.800000011920929;0.800000011920929
lidar;18.0;35.0;24.984535217285156;25.199615478515625;9.778844833374023;0.29831981658935547;24.984682083129883;25.197725296020508;9.780937194824219;0.2954972210676986;0.9988425373849404;0.800000011920929;0.800000011920929;0.800000011920929
lidar;18.0;35.0;24.984766006469727;25.20365333557129;9.782140731811523;0.2986123263835907;24.981908798217773;25.241851806640625;9.741276741027832;0.3546234109650352;0.9978637694126586;0.800000011920929;0.800000011920929;0.800000011920929
lidar;18.0;35.0;24.984996795654297;25.207700729370117;9.785443305969238;0.2989966869354248;24.98383331298828;25.223800659179688;9.76881217956543;0.322173545760358;0.9965811372183135;0.800000011920929;0.800000011920929;0.800000011920929
lidar;18.0;35.0;24.985240936279297;25.211566925048828;9.788949966430664;0.29919931292533875;24.987926483154297;25.173072814941406;9.827348709106445;0.24476168478747015;0.9949679377067765;0.800000011920929;0.800000011920929;0.800000011920929
lidar;18.0;35.0;24.9815673828125;24.788501739501953;9.789307594299316;0.2991027235984802;24.980022430419922;24.770782470703125;9.771655082702637;0.324162640094305;0.9952893254368722;0.800000011920929;0.800000011920929;0.800000011920929
lidar;18.0;35.0;24.98125457763672;24.79230308532715;9.78574275970459;0.2989904284477234;24.978300094604492;24.759572982788086;9.751977920532227;0.346107723588041;0.9966017006244783;0.800000011920929;0.800000011920929;0.800000011920929
lidar;18.0;35.0;24.980966567993164;24.796350479125977;9.78244400024414;0.29860609769821167;24.97697639465332;24.753658294677734;9.736836433410645;0.36120536158195293;0.9978846906490089;0.800000011920929;0.800000011920929;0.800000011920929
lidar;18.0;35.0;24.98067855834961;24.800390243530273;9.779153823852539;0.2983134388923645;24.98703956604004;24.866098403930664;9.851853370666504;0.20011296637748222;0.9988637566314297;0.800000011920929;0.800000011920929;0.800000011920929
lidar;18.0;35.0;24.980390548706055;24.804420471191406;9.77586841583252;0.2981121242046356;24.977397918701172;24.77456283569336;9.741650581359863;0.34362348741437615;0.9995385408470983;0.800000011920929;0.800000011920929;0.800000011920929
lidar;18.0;35.0;24.980104446411133;24.808448791503906;9.77258586883545;0.29800179600715637;24.97804832458496;24.78865623474121;9.749088287353516;0.3287937330437551;0.9999088644978509;0.800000011920929;0.800000011920929;0.800000011920929
lidar;18.0;35.0;24.979816436767578;24.81247329711914;9.769305229187012;0.29798221588134766;24.979961395263672;24.81381607055664;9.770956039428711;0.2958504163749882;0.999974608422259;0.800000011920929;0.800000011920929;0.800000011920929
lidar;18.0;35.0;24.979530334472656;24.816499710083008;9.766024589538574;0.29805347323417664;24.97678565979004;24.791898727416992;9.734655380249023;0.33801338366454586;0.9997357129975077;0.800000011920929;0.800000011920929;0.800000011920929
lidar;18.0;35.0;24.9792423248291;24.82052993774414;9.762741088867188;0.2982156276702881;24.976022720336914;24.792692184448242;9.725939750671387;0.3444713273511306;0.9991923571291824;0.800000011920929;0.800000011920929;0.800000011920929
lidar;18.0;35.0;24.978954315185547;24.82456398010254;9.759452819824219;0.2984688878059387;24.977277755737305;24.810579299926758;9.740276336669922;0.32226269358989756;0.998344600278093;0.800000011920929;0.800000011920929;0.800000011920929
lidar;18.0;35.0;24.978666305541992;24.8286075592041;9.756157875061035;0.29881376028060913;24.980371475219727;24.84229850769043;9.775635719299316;0.27494389456795987;0.9971926809066224;0.800000011920929;0.800000011920929;0.800000011920929
lidar;18.0;35.0;24.978376388549805;24.832660675048828;9.752854347229004;0.29925066232681274;24.972681045532227;24.788572311401367;9.687738418579102;0.3780944466916791;0.99573707552525;0.800000011920929;0.800000011920929;0.800000011920929
lidar;18.0;35.0;24.978111267089844;24.836898803710938;9.749802589416504;0.29946592450141907;24.976642608642578;24.825960159301758;9.733023643493652;0.31954878081558113;0.9958887101343515;0.800000011920929;0.800000011920929;0.800000011920929
lidar;18.0;35.0;24.977895736694336;24.841520309448242;9.747344017028809;0.2990644574165344;24.980377197265625;24.859315872192383;9.775714874267578;0.26548225260297503;0.9972252846765737;0.800000011920929;0.800000011920929;0.800000011920929
lidar;18.0;35.0;24.977680206298828;24.84613037109375;9.744891166687012;0.29875504970550537;24.976932525634766;24.84096908569336;9.736333847045898;0.3087768043699349;0.9982579349548505;0.800000011920929;0.800000011920929;0.800000011920929
lidar;18.0;35.0;24.977466583251953;24.850730895996094;9.742443084716797;0.29853710532188416;24.97272300720215;24.81930923461914;9.688224792480469;0.36138237502706594;0.9989864826014905;0.800000011920929;0.800000011920929;0.800000011920929
lidar;18.0;35.0;24.977252960205078;24.855327606201172;9.739997863769531;0.29841023683547974;24.976520538330078;24.850675582885742;9.731636047363281;0.3080073060907102;0.9994107485405205;0.800000011920929;0.800000011920929;0.800000011920929
lidar;18.0;35.0;24.977039337158203;24.859922409057617;9.737553596496582;0.2983742952346802;24.974720001220703;24.845773696899414;9.711045265197754;0.32851126400149927;0.9995306134192642;0.800000011920929;0.800000011920929;0.800000011920929
lidar;18.0;35.0;24.976825714111328;24.86451530456543;9.735109329223633;0.29842931032180786;24.98270034790039;24.898862838745117;9.802264213562012;0.22277208629526773;0.9993460178827808;0.800000011920929;0.800000011920929;0.800000011920929
lidar;18.0;35.0;24.976612091064453;24.86911392211914;9.73266315460205;0.2985752820968628;24.975786209106445;24.864498138427734;9.723238945007324;0.3091015815859067;0.9988570212513895;0.800000011920929;0.800000011920929;0.800000011920929
lidar;18.0;35.0;24.976396560668945;24.873716354370117;9.73021411895752;0.2988124489784241;24.974884033203125;24.86562156677246;9.712922096252441;0.31796506825790116;0.9980637432164519;0.800000011920929;0.800000011920929;0.800000011920929
lidar;18.0;35.0;24.97618293762207;24.878328323364258;9.727760314941406;0.2991412281990051;24.976009368896484;24.877445220947266;9.725786209106445;0.3013108910134775;0.9969663618904261;0.800000011920929;0.800000011920929;0.800000011920929
lidar;18.0;35.0;24.97597312927246;24.882978439331055;9.725363731384277;0.29949361085891724;24.97447967529297;24.875703811645508;9.708292961120605;0.3181093769580397;0.9957934021339699;0.800000011920929;0.800000011920929;0.800000011920929
lidar;18.0;35.0;24.975765228271484;24.887653350830078;9.722992897033691;0.2999029755592346;24.977262496948242;24.894596099853516;9.740110397338867;0.2813710326796007;0.9944338799429383;0.800000011920929;0.800000011920929;0.800000011920929
lidar;18.0;35.0;24.975631713867188;24.892675399780273;9.72147274017334;0.2994828224182129;24.972999572753906;24.88108253479004;9.691388130187988;0.33183032089865894;0.9964945318170655;0.800000011920929;0.800000011920929;0.800000011920929
lidar;18.0;35.0;24.97550392150879;24.897705078125;9.720016479492188;0.299090176820755;24.974454879760742;24.893320083618164;9.708012580871582;0.3119134614201438;0.9978027345636994;0.800000011920929;0.800000011920929;0.800000011920929
lidar;18.0;35.0;24.975378036499023;24.90272331237793;9.7185640335083;0.29878947138786316;24.973485946655273;24.895248413085938;9.696935653686523;0.32175161968178073;0.9988068939111642;0.800000011920929;0.800000011920929;0.800000011920929
lidar;18.0;35.0;24.975250244140625;24.907733917236328;9.717113494873047;0.298580139875412;24.981101989746094;24.929550170898438;9.784003257751465;0.2279803812460055;0.9995068908246401;0.800000011920929;0.800000011920929;0.800000011920929
lidar;18.0;35.0;24.97512435913086;24.912738800048828;9.715665817260742;0.29846206307411194;24.97905731201172;24.926536560058594;9.760623931884766;0.2512697823622775;0.9999024271902672;0.800000011920929;0.800000011920929;0.800000011920929
lidar;18.0;35.0;24.97499656677246;24.917739868164062;9.714217185974121;0.2984348237514496;24.97317123413086;24.911733627319336;9.693349838256836;0.3202260131024334;0.9999933838845475;0.800000011920929;0.800000011920929;0.800000011920929
lidar;18.0;35.0;24.974870681762695;24.92274284362793;9.712769508361816;0.29849863052368164;24.97317123413086;24.91752052307129;9.693354606628418;0.31867556134116504;0.9997797012443843;0.800000011920929;0.800000011920929;0.800000011920929
lidar;18.0;35.0;24.97474479675293;24.927749633789062;9.711320877075195;0.2986534833908081;24.97065544128418;24.916051864624023;9.664586067199707;0.3470025777452506;0.9992614984827138;0.800000011920929;0.800000011920929;0.800000011920929
lidar;18.0;35.0;24.97461700439453;24.932762145996094;9.709869384765625;0.2988995611667633;24.975006103515625;24.933792114257812;9.714315414428711;0.2943191566784805;0.9984388947881604;0.800000011920929;0.800000011920929;0.800000011920929
lidar;18.0;35.0;24.974489212036133;24.93778419494629;9.708415985107422;0.29923731088638306;24.976364135742188;24.942354202270508;9.729833602905273;0.2772568871462652;0.9973122478905522;0.800000011920929;0.800000011920929;0.800000011920929
lidar;18.0;35.0;24.9743709564209;24.942840576171875;9.707058906555176;0.2995636761188507;24.978527069091797;24.95210838317871;9.754551887512207;0.25099697253239034;0.9962258931734135;0.800000011920929;0.800000011920929;0.800000011920929
lidar;18.0;35.0;24.97425651550293;24.94791603088379;9.705747604370117;0.29993340373039246;24.97152328491211;24.942386627197266;9.674505233764648;0.3317784164107639;0.9953582286426331;0.800000011920929;0.800000011920929;0.800000011920929
lidar;18.0;35.0;24.97421646118164;24.953144073486328;9.705292701721191;0.2995205521583557;24.976755142211914;24.957759857177734;9.734318733215332;0.27002060717761783;0.9967303873296114;0.800000011920929;0.800000011920929;0.800000011920929
lidar;18.0;35.0;24.97417640686035;24.958358764648438;9.704839706420898;0.2991998493671417;24.976680755615234;24.9623966217041;9.7334623336792;0.27018566500940716;0.9977989793468328;0.800000011920929;0.800000011920929;0.800000011920929
lidar;18.0;35.0;24.974140167236328;24.96356773376465;9.704410552978516;0.2989463806152344;24.977272033691406;24.967981338500977;9.740227699279785;0.2627228578627308;0.9986450673057066;0.800000011920929;0.800000011920929;0.800000011920929
lidar;18.0;35.0;24.974105834960938;24.96877098083496;9.704014778137207;0.29875215888023376;24.970609664916992;24.964557647705078;9.664071083068848;0.3390691995431181;0.9992943406466299;0.800000011920929;0.800000011920929;0.800000011920929
lidar;18.0;35.0;24.974069595336914;24.973970413208008;9.703619003295898;0.29864922165870667;24.966812133789062;24.966686248779297;9.62066650390625;0.38223713350834243;0.9996391534905466;0.800000011920929;0.800000011920929;0.800000011920929
lidar;18.0;35.0;24.974040985107422;24.97917366027832;9.703293800354004;0.2985670864582062;24.97151756286621;24.977148056030273;9.6744384765625;0.32760339377506775;0.9999141097061532;0.800000011920929;0.800000011920929;0.800000011920929
lidar;18.0;35.0;24.974016189575195;24.984375;9.702997207641602;0.29854661226272583;24.9736270904541;24.984140396118164;9.698548316955566;0.30301829539703745;0.9999824762342119;0.800000011920929;0.800000011920929;0.800000011920929
lidar;18.0;35.0;24.973995208740234;24.989580154418945;9.702762603759766;0.29855501651763916;24.97315216064453;24.989242553710938;9.69312572479248;0.30823431708927995;0.9999544620480533;0.800000011920929;0.800000011920929;0.800000011920929
lidar;18.0;35.0;24.973981857299805;24.994789123535156;9.702613830566406;0.2985675632953644;24.976091384887695;24.99521255493164;9.726716995239258;0.2743683433503571;0.9999123215623773;0.800000011920929;0.800000011920929;0.800000011920929
lidar;18.0;35.0;24.97397804260254;25.0;9.702563285827637;0.2985731065273285;24.980876922607422;25.0;9.781427383422852;0.21940788681133788;0.9998939037305891;0.800000011920929;0.800000011920929;0.800000011920929
lidar;18.0;35.0;24.973981857299805;25.005210876464844;9.702613830566406;0.298567533493042;24.96546173095703;25.00691795349121;9.605224609375;0.39634406075021933;0.9999123215623773;0.800000011920929;0.800000011920929;0.800000011920929
lidar;18.0;35.0;24.973995208740234;25.010419845581055;9.702762603759766;0.29855504631996155;24.968196868896484;25.01274299621582;9.636480331420898;0.36513075491268826;0.9999544620480533;0.800000011920929;0.800000011920929;0.800000011920929
lidar;18.0;35.0;24.974016189575195;25.015625;9.702997207641602;0.2985466420650482;24.97593879699707;25.014467239379883;9.724987030029297;0.27644228192240067;0.9999824762342119;0.800000011920929;0.800000011920929;0.800000011920929
lidar;18.0;35.0;24.974040985107422;25.02082633972168;9.703293800354004;0.2985670864582062;24.97825050354004;25.0174503326416;9.751389503479004;0.2501697092907362;0.9999141097061532;0.800000011920929;0.800000011920929;0.800000011920929
lidar;18.0;35.0;24.974069595336914;25.026029586791992;9.703619003295898;0.29864922165870667;24.96829605102539;25.031824111938477;9.637628555297852;0.3651446866049769;0.9996391534905466;0.800000011920929;0.800000011920929;0.800000011920929
lidar;18.0;35.0;24.974105834960938;25.03122901916504;9.704014778137207;0.29875215888023376;24.978879928588867;25.025468826293945;9.75859546661377;0.2436611390679456;0.9992943406466299;0.800000011920929;0.800000011920929;0.800000011920929
lidar;18.0;35.0;24.974140167236328;25.03643226623535;9.704410552978516;0.2989463806152344;24.983062744140625;25.023860931396484;9.806413650512695;0.19578532563742412;0.9986450673057066;0.800000011920929;0.800000011920929;0.800000011920929
lidar;18.0;35.0;24.97417640686035;25.041641235351562;9.704839706420898;0.29919981956481934;24.9794921875;25.03306770324707;9.765604019165039;0.23760358724954345;0.9977989793468328;0.800000011920929;0.800000011920929;0.800000011920929
lidar;18.0;35.0;24.97421646118164;25.046855926513672;9.705292701721191;0.2995205521583557;24.973852157592773;25.047515869140625;9.701133728027344;0.3037475830843363;0.9967303873296114;0.800000011920929;0.800000011920929;0.800000011920929
lidar;18.0;35.0;24.97425651550293;25.05208396911621;9.705747604370117;0.29993340373039246;24.974193572998047;25.05221176147461;9.705022811889648;0.30067227712936534;0.9953582286426331;0.800000011920929;0.800000011920929;0.800000011920929
lidar;18.0;35.0;24.9743709564209;25.057159423828125;9.707058906555176;0.2995636761188507;24.97907829284668;25.046659469604492;9.760869979858398;0.2445364822284968;0.9962258931734135;0.800000011920929;0.800000011920929;0.800000011920929
lidar;18.0;35.0;24.974489212036133;25.06221580505371;9.708415985107422;0.29923728108406067;24.979114532470703;25.05093765258789;9.761274337768555;0.24499170618284516;0.9973122478905522;0.800000011920929;0.800000011920929;0.800000011920929
lidar;18.0;35.0;24.97461700439453;25.067237854003906;9.709869384765625;0.2988996207714081;24.97459602355957;25.067291259765625;9.709640502929688;0.29913537253925543;0.9984388947881604;0.800000011920929;0.800000011920929;0.800000011920929
lidar;18.0;35.0;24.97474479675293;25.072250366210938;9.711320877075195;0.29865357279777527;24.972766876220703;25.077909469604492;9.688714981079102;0.32204036402194985;0.9992614984827138;0.800000011920929;0.800000011920929;0.800000011920929
lidar;18.0;35.0;24.974870681762695;25.07725715637207;9.712769508361816;0.2984987497329712;24.9759521484375;25.073932647705078;9.725131034851074;0.2856524559720825;0.9997797012443843;0.800000011920929;0.800000011920929;0.800000011920929
lidar;18.0;35.0;24.97499656677246;25.082260131835938;9.714217185974121;0.2984349727630615;24.979948043823242;25.065967559814453;9.770818710327148;0.2393283192281821;0.9999933838845475;0.800000011920929;0.800000011920929;0.800000011920929
lidar;18.0;35.0;24.97512435913086;25.087261199951172;9.715665817260742;0.2984621226787567;24.977222442626953;25.07990264892578;9.73964786529541;0.2732881881071634;0.9999024271902672;0.800000011920929;0.800000011920929;0.800000011920929
lidar;18.0;35.0;24.975250244140625;25.092266082763672;9.717113494873047;0.29858022928237915;24.976606369018555;25.08721351623535;9.732608795166016;0.28222578944262344;0.9995068908246401;0.800000011920929;0.800000011920929;0.800000011920929
lidar;18.0;35.0;24.975378036499023;25.09727668762207;9.7185640335083;0.29878950119018555;24.98194122314453;25.07134246826172;9.793595314025879;0.21913155930398776;0.9988068939111642;0.800000011920929;0.800000011920929;0.800000011920929
lidar;18.0;35.0;24.97550392150879;25.102294921875;9.720016479492188;0.2990902066230774;24.97017478942871;25.124553680419922;9.659093856811523;0.3641708195863179;0.9978027345636994;0.800000011920929;0.800000011920929;0.800000011920929
lidar;18.0;35.0;24.975631713867188;25.107324600219727;9.72147274017334;0.2994828224182129;24.974285125732422;25.113252639770508;9.70608901977539;0.316023725476472;0.9964945318170655;0.800000011920929;0.800000011920929;0.800000011920929
lidar;18.0;35.0;24.975765228271484;25.112346649169922;9.722992897033691;0.29990291595458984;24.97566795349121;25.11279296875;9.72188949584961;0.3010981037750592;0.9944338799429383;0.800000011920929;0.800000011920929;0.800000011920929
lidar;18.0;35.0;24.97597312927246;25.117021560668945;9.725363731384277;0.29949358105659485;24.975282669067383;25.12038230895996;9.717476844787598;0.30809483872030774;0.9957934021339699;0.800000011920929;0.800000011920929;0.800000011920929
lidar;18.0;35.0;24.97618293762207;25.121671676635742;9.727760314941406;0.2991413176059723;24.97596549987793;25.12278175354004;9.725275039672852;0.30187275350577875;0.9969664216204196;0.800000011920929;0.800000011920929;0.800000011920929
lidar;18.0;35.0;24.976396560668945;25.126283645629883;9.73021411895752;0.2988124489784241;24.97698974609375;25.123111724853516;9.736991882324219;0.29130556666828067;0.9980638027656688;0.800000011920929;0.800000011920929;0.800000011920929
lidar;18.0;35.0;24.976612091064453;25.13088607788086;9.73266315460205;0.2985752522945404;24.9774227142334;25.126344680786133;9.741941452026367;0.28821305721722057;0.9988570212513895;0.800000011920929;0.800000011920929;0.800000011920929
lidar;18.0;35.0;24.976825714111328;25.13548469543457;9.735109329223633;0.2984292209148407;24.975067138671875;25.145763397216797;9.715010643005371;0.32107322596254656;0.9993460178827808;0.800000011920929;0.800000011920929;0.800000011920929
lidar;18.0;35.0;24.977039337158203;25.140077590942383;9.737553596496582;0.298374205827713;24.978931427001953;25.128528594970703;9.759190559387207;0.2737750216736997;0.9995306134192642;0.800000011920929;0.800000011920929;0.800000011920929
lidar;18.0;35.0;24.977252960205078;25.144672393798828;9.739997863769531;0.2984101176261902;24.983762741088867;25.103267669677734;9.814411163330078;0.21300463376697432;0.9994108081254468;0.800000011920929;0.800000011920929;0.800000011920929
lidar;18.0;35.0;24.977466583251953;25.149269104003906;9.742443084716797;0.2985369563102722;24.975751876831055;25.16062355041504;9.722851753234863;0.32124532470310246;0.9989864826014905;0.800000011920929;0.800000011920929;0.800000011920929
lidar;18.0;35.0;24.977680206298828;25.15386962890625;9.744891166687012;0.2987549304962158;24.972684860229492;25.18831443786621;9.687785148620605;0.36563203188146565;0.9982579349548505;0.800000011920929;0.800000011920929;0.800000011920929
lidar;18.0;35.0;24.977895736694336;25.158479690551758;9.747344017028809;0.29906442761421204;24.982133865356445;25.12809181213379;9.795790672302246;0.24171943283903013;0.9972252846765737;0.800000011920929;0.800000011920929;0.800000011920929
lidar;18.0;35.0;24.978111267089844;25.163101196289062;9.749802589416504;0.2994658946990967;24.9746150970459;25.189149856567383;9.709843635559082;0.34729343954881137;0.9958887101343515;0.800000011920929;0.800000011920929;0.800000011920929
lidar;18.0;35.0;24.978376388549805;25.167339324951172;9.752854347229004;0.29925069212913513;24.978303909301758;25.16790008544922;9.752023696899414;0.3002560456858372;0.99573707552525;0.800000011920929;0.800000011920929;0.800000011920929
lidar;18.0;35.0;24.978666305541992;25.1713924407959;9.756157875061035;0.2988137900829315;24.97854232788086;25.17238426208496;9.754746437072754;0.30054336560081835;0.9971926809066224;0.800000011920929;0.800000011920929;0.800000011920929
lidar;18.0;35.0;24.978954315185547;25.17543601989746;9.759452819824219;0.2984689772129059;24.974821090698242;25.209890365600586;9.712211608886719;0.35708519706762143;0.998344600278093;0.800000011920929;0.800000011920929;0.800000011920929
lidar;18.0;35.0;24.9792423248291;25.17947006225586;9.762741088867188;0.2982156276702881;24.973838806152344;25.226198196411133;9.700965881347656;0.37586127110555534;0.9991923571291824;0.800000011920929;0.800000011920929;0.800000011920929
lidar;18.0;35.0;24.979530334472656;25.183500289916992;9.766024589538574;0.2980535328388214;24.97494125366211;25.224632263183594;9.713577270507812;0.36486415052861354;0.9997357726006396;0.800000011920929;0.800000011920929;0.800000011920929
lidar;18.0;35.0;24.979816436767578;25.18752670288086;9.769305229187012;0.29798224568367004;24.97733497619629;25.21059226989746;9.740928649902344;0.3346358474764633;0.999974608422259;0.800000011920929;0.800000011920929;0.800000011920929
lidar;18.0;35.0;24.980104446411133;25.191551208496094;9.77258586883545;0.29800179600715637;24.983028411865234;25.163394927978516;9.806015014648438;0.2541962953514054;0.9999088644978509;0.800000011920929;0.800000011920929;0.800000011920929
lidar;18.0;35.0;24.980390548706055;25.195579528808594;9.77586841583252;0.2981121242046356;24.98138999938965;25.185625076293945;9.787275314331055;0.2829398313567486;0.9995385408470983;0.800000011920929;0.800000011920929;0.800000011920929
lidar;18.0;35.0;24.98067855834961;25.199609756469727;9.779153823852539;0.2983134388923645;24.980899810791016;25.197317123413086;9.781691551208496;0.29488478422021647;0.9988637566314297;0.800000011920929;0.800000011920929;0.800000011920929
lidar;18.0;35.0;24.980966567993164;25.203649520874023;9.78244400024414;0.29860612750053406;24.9845027923584;25.16581153869629;9.82286548614502;0.24312607341062345;0.9978846906490089;0.800000011920929;0.800000011920929;0.800000011920929
lidar;18.0;35.0;24.98125457763672;25.20769691467285;9.78574275970459;0.2989904582500458;24.979629516601562;25.22571563720703;9.7671537399292;0.32493064206920896;0.9966017006244783;0.800000011920929;0.800000011920929;0.800000011920929
lidar;18.0;35.0;24.9815673828125;25.211498260498047;9.789307594299316;0.29910269379615784;24.98448371887207;25.178020477294922;9.822656631469727;0.25176013675044023;0.9952893853899276;0.800000011920929;0.800000011920929;0.800000011920929
lidar;18.0;35.0;24.977895736694336;24.788541793823242;9.789700508117676;0.2990472912788391;24.973514556884766;24.74661636352539;9.748005867004395;0.35833712546748636;0.9954737423999336;0.800000011920929;0.800000011920929;0.800000011920929
lidar;18.0;35.0;24.977514266967773;24.792272567749023;9.786070823669434;0.2990351915359497;24.976627349853516;24.784067153930664;9.777620315551758;0.31084691993871083;0.9964526296251056;0.800000011920929;0.800000011920929;0.800000011920929
lidar;18.0;35.0;24.977169036865234;24.79631996154785;9.782776832580566;0.29865145683288574;24.981685638427734;24.836606979370117;9.825742721557617;0.23957864646274507;0.9977331161791577;0.800000011920929;0.800000011920929;0.800000011920929
lidar;18.0;35.0;24.976823806762695;24.800357818603516;9.77949047088623;0.2983594536781311;24.972780227661133;24.765525817871094;9.741016387939453;0.35041676275734307;0.9987097978361101;0.800000011920929;0.800000011920929;0.800000011920929
lidar;18.0;35.0;24.976478576660156;24.80438995361328;9.776209831237793;0.29815879464149475;24.97807502746582;24.817663192749023;9.79139518737793;0.27792641643082067;0.9993821979124826;0.800000011920929;0.800000011920929;0.800000011920929
lidar;18.0;35.0;24.976133346557617;24.80841827392578;9.772932052612305;0.29804909229278564;24.972126007080078;24.776241302490234;9.734796524047852;0.34810584692565383;0.9997501373200411;0.800000011920929;0.800000011920929;0.800000011920929
lidar;18.0;35.0;24.97579002380371;24.812442779541016;9.76965618133545;0.2980302572250366;24.973257064819336;24.792827606201172;9.745564460754395;0.32920030210466866;0.9998135566767737;0.800000011920929;0.800000011920929;0.800000011920929
lidar;18.0;35.0;24.975444793701172;24.816469192504883;9.766379356384277;0.2981022000312805;24.97494125366211;24.812692642211914;9.761570930480957;0.3042374023976339;0.9995724559098624;0.800000011920929;0.800000011920929;0.800000011920929
lidar;18.0;35.0;24.975101470947266;24.820499420166016;9.763099670410156;0.2982650101184845;24.96813201904297;24.7702693939209;9.696806907653809;0.38173022196132544;0.9990268349043095;0.800000011920929;0.800000011920929;0.800000011920929
lidar;18.0;35.0;24.974756240844727;24.824535369873047;9.75981616973877;0.2985190451145172;24.968839645385742;24.783416748046875;9.703531265258789;0.36847367488239313;0.9981769324072969;0.800000011920929;0.800000011920929;0.800000011920929
lidar;18.0;35.0;24.974409103393555;24.82857894897461;9.756525039672852;0.2988646328449249;24.973438262939453;24.822072982788086;9.747286796569824;0.31020514573763375;0.9970229866339207;0.800000011920929;0.800000011920929;0.800000011920929
lidar;18.0;35.0;24.974063873291016;24.832632064819336;9.753226280212402;0.29930227994918823;24.968721389770508;24.798158645629883;9.702397346496582;0.3609513073562707;0.9955652950914512;0.800000011920929;0.800000011920929;0.800000011920929
lidar;18.0;35.0;24.973731994628906;24.836807250976562;9.750082015991211;0.29963451623916626;24.971750259399414;24.824493408203125;9.73122501373291;0.32224321983110776;0.9953284858307543;0.800000011920929;0.800000011920929;0.800000011920929
lidar;18.0;35.0;24.973474502563477;24.8414306640625;9.747624397277832;0.2992344796657562;24.97080421447754;24.825468063354492;9.722219467163086;0.3293566545521882;0.9966587425549931;0.800000011920929;0.800000011920929;0.800000011920929
lidar;18.0;35.0;24.973217010498047;24.846040725708008;9.745173454284668;0.2989265024662018;24.979408264160156;24.88162612915039;9.804073333740234;0.22983361897916868;0.9976853727596549;0.800000011920929;0.800000011920929;0.800000011920929
lidar;18.0;35.0;24.972959518432617;24.850645065307617;9.74272632598877;0.29871001839637756;24.978139877319336;24.879255294799805;9.792009353637695;0.2414895757114358;0.9984079600012749;0.800000011920929;0.800000011920929;0.800000011920929
lidar;18.0;35.0;24.972702026367188;24.855243682861328;9.740283012390137;0.2985846996307373;24.968517303466797;24.833049774169922;9.70046329498291;0.3443631344575844;0.9988265037623075;0.800000011920929;0.800000011920929;0.800000011920929
lidar;18.0;35.0;24.97244644165039;24.859838485717773;9.737839698791504;0.29855039715766907;24.981287002563477;24.90481185913086;9.821956634521484;0.20275742280943554;0.9989408254469333;0.800000011920929;0.800000011920929;0.800000011920929
lidar;18.0;35.0;24.972196578979492;24.864469528198242;9.735465049743652;0.2985301911830902;24.97125244140625;24.85987091064453;9.726487159729004;0.30866167181375803;0.9990084171002367;0.800000011920929;0.800000011920929;0.800000011920929
lidar;18.0;35.0;24.971948623657227;24.869115829467773;9.733116149902344;0.2985711395740509;24.973613739013672;24.87688446044922;9.748957633972168;0.28084858101343124;0.9988709092943943;0.800000011920929;0.800000011920929;0.800000011920929
lidar;18.0;35.0;24.971702575683594;24.873762130737305;9.730766296386719;0.298703134059906;24.973072052001953;24.879867553710938;9.74378776550293;0.28425614951493344;0.9984290600527788;0.800000011920929;0.800000011920929;0.800000011920929
lidar;18.0;35.0;24.971454620361328;24.878416061401367;9.728412628173828;0.29892638325691223;24.965740203857422;24.85407257080078;9.67403507232666;0.35877812080037197;0.9976831673647262;0.800000011920929;0.800000011920929;0.800000011920929
lidar;18.0;35.0;24.971206665039062;24.88307762145996;9.726056098937988;0.2992411255836487;24.967796325683594;24.869224548339844;9.693601608276367;0.3346923286906802;0.9966334107242001;0.800000011920929;0.800000011920929;0.800000011920929
lidar;18.0;35.0;24.970958709716797;24.88775062561035;9.723692893981934;0.2996480464935303;24.972293853759766;24.89291000366211;9.736395835876465;0.2858722527202757;0.9952800273886172;0.800000011920929;0.800000011920929;0.800000011920929
lidar;18.0;35.0;24.97077178955078;24.892662048339844;9.721906661987305;0.29951921105384827;24.976728439331055;24.914539337158203;9.77858829498291;0.23847083390830925;0.9963734151735835;0.800000011920929;0.800000011920929;0.800000011920929
lidar;18.0;35.0;24.970619201660156;24.89769172668457;9.720452308654785;0.2991267144680023;24.971879959106445;24.902082443237305;9.732449531555176;0.2862897518805846;0.9976807834269051;0.800000011920929;0.800000011920929;0.800000011920929
lidar;18.0;35.0;24.97046661376953;24.902711868286133;9.719001770019531;0.2988261282444;24.967113494873047;24.89166831970215;9.687102317810059;0.33274939067373027;0.9986843466781486;0.800000011920929;0.800000011920929;0.800000011920929
lidar;18.0;35.0;24.970314025878906;24.90772247314453;9.717554092407227;0.29861706495285034;24.97096824645996;24.909759521484375;9.723788261413574;0.29202582270279553;0.99938350911536;0.800000011920929;0.800000011920929;0.800000011920929
lidar;18.0;35.0;24.97016143798828;24.91272735595703;9.716107368469238;0.29849910736083984;24.97075653076172;24.914464950561523;9.721759796142578;0.2925559803929346;0.9997783899110958;0.800000011920929;0.800000011920929;0.800000011920929
lidar;18.0;35.0;24.970008850097656;24.9177303314209;9.714661598205566;0.29847219586372375;24.96513557434082;24.904359817504883;9.668292045593262;0.3469762544095821;0.9998686909684608;0.800000011920929;0.800000011920929;0.800000011920929
lidar;18.0;35.0;24.969858169555664;24.922733306884766;9.713215827941895;0.29853615164756775;24.979930877685547;24.94855308532715;9.80904769897461;0.19877735979129582;0.9996544122592912;0.800000011920929;0.800000011920929;0.800000011920929
lidar;18.0;35.0;24.969707489013672;24.927743911743164;9.711787223815918;0.298672080039978;24.974258422851562;24.938600540161133;9.755088806152344;0.25379931339224915;0.9991998672810225;0.800000011920929;0.800000011920929;0.800000011920929
lidar;18.0;35.0;24.969568252563477;24.932785034179688;9.710453033447266;0.2988004982471466;24.982107162475586;24.960477828979492;9.829751014709473;0.17568930796265697;0.9987704156969563;0.800000011920929;0.800000011920929;0.800000011920929
lidar;18.0;35.0;24.96942710876465;24.937829971313477;9.70911693572998;0.29902008175849915;24.966018676757812;24.93090057373047;9.676691055297852;0.3323526895454936;0.9980368614023126;0.800000011920929;0.800000011920929;0.800000011920929
lidar;18.0;35.0;24.96928596496582;24.94288444519043;9.707777976989746;0.2993314564228058;24.975175857543945;24.95383644104004;9.763813018798828;0.24193273720830916;0.9969990849464598;0.800000011920929;0.800000011920929;0.800000011920929
lidar;18.0;35.0;24.969144821166992;24.947952270507812;9.706436157226562;0.29973477125167847;24.976774215698242;24.9608211517334;9.779020309448242;0.22562496234459584;0.9956577421886412;0.800000011920929;0.800000011920929;0.800000011920929
lidar;18.0;35.0;24.969051361083984;24.95310401916504;9.705536842346191;0.2997754216194153;24.965932846069336;24.948379516601562;9.675864219665527;0.32998401106043734;0.9958828687241958;0.800000011920929;0.800000011920929;0.800000011920929
lidar;18.0;35.0;24.96900749206543;24.958330154418945;9.705133438110352;0.29940420389175415;24.961652755737305;24.948440551757812;9.635144233703613;0.37047065601306806;0.9971180557082558;0.800000011920929;0.800000011920929;0.800000011920929
lidar;18.0;35.0;24.968965530395508;24.963546752929688;9.704737663269043;0.29911860823631287;24.97429847717285;24.969810485839844;9.755473136901855;0.24772053739929348;0.9980701208984131;0.800000011920929;0.800000011920929;0.800000011920929
lidar;18.0;35.0;24.96892547607422;24.968753814697266;9.704341888427734;0.2989245355129242;24.976423263549805;24.976293563842773;9.775674819946289;0.22680299430918338;0.9987182617982966;0.800000011920929;0.800000011920929;0.800000011920929
lidar;18.0;35.0;24.968891143798828;24.973962783813477;9.704014778137207;0.2987523376941681;24.964927673339844;24.970645904541016;9.666314125061035;0.33680580586102105;0.9992938638408713;0.800000011920929;0.800000011920929;0.800000011920929
lidar;18.0;35.0;24.968856811523438;24.97916603088379;9.703690528869629;0.2986689805984497;24.967166900634766;24.97803497314453;9.687623023986816;0.31486451025324536;0.9995728730916511;0.800000011920929;0.800000011920929;0.800000011920929
lidar;18.0;35.0;24.96883201599121;24.984373092651367;9.703449249267578;0.29859304428100586;24.967937469482422;24.983924865722656;9.694937705993652;0.3071636641406398;0.9998269677157284;0.800000011920929;0.800000011920929;0.800000011920929
lidar;18.0;35.0;24.96881103515625;24.989580154418945;9.703253746032715;0.29856306314468384;24.970441818237305;24.99012565612793;9.718779563903809;0.28294191505050664;0.9999271035218951;0.800000011920929;0.800000011920929;0.800000011920929
lidar;18.0;35.0;24.96879768371582;24.994789123535156;9.703124046325684;0.2985568046569824;24.957382202148438;24.992883682250977;9.59451961517334;0.4077760766900234;0.9999481439634481;0.800000011920929;0.800000011920929;0.800000011920929
lidar;18.0;35.0;24.968791961669922;25.0;9.703073501586914;0.2985617220401764;24.97730255126953;25.0;9.784053802490234;0.2171360047463622;0.9999319911025861;0.800000011920929;0.800000011920929;0.800000011920929
lidar;18.0;35.0;24.96879768371582;25.005210876464844;9.703124046325684;0.2985568344593048;24.96150779724121;25.006427764892578;9.633773803710938;0.3682999899329802;0.9999481439634481;0.800000011920929;0.800000011920929;0.800000011920929
lidar;18.0;35.0;24.96881103515625;25.010419845581055;9.703253746032715;0.29856306314468384;24.981679916381836;25.006120681762695;9.825690269470215;0.17537715243469082;0.9999271035218951;0.800000011920929;0.800000011920929;0.800000011920929
lidar;18.0;35.0;24.96883201599121;25.015626907348633;9.703449249267578;0.29859307408332825;24.975358963012695;25.012353897094727;9.765548706054688;0.2360659478032213;0.9998269677157284;0.800000011920929;0.800000011920929;0.800000011920929
lidar;18.0;35.0;24.968856811523438;25.02083396911621;9.703690528869629;0.2986689805984497;24.966262817382812;25.02256965637207;9.679023742675781;0.3235327052595254;0.9995728730916511;0.800000011920929;0.800000011920929;0.800000011920929
lidar;18.0;35.0;24.968891143798828;25.026037216186523;9.704014778137207;0.2987523376941681;24.960466384887695;25.03308868408203;9.623873710632324;0.37964235293477444;0.9992938638408713;0.800000011920929;0.800000011920929;0.800000011920929
lidar;18.0;35.0;24.96892547607422;25.031246185302734;9.704341888427734;0.2989245355129242;24.962203979492188;25.03800392150879;9.640401840209961;0.3635704726427912;0.9987182617982966;0.800000011920929;0.800000011920929;0.800000011920929
lidar;18.0;35.0;24.968965530395508;25.036453247070312;9.704737663269043;0.2991185784339905;24.971614837646484;25.033344268798828;9.729928970336914;0.2735978173969038;0.9980701208984131;0.800000011920929;0.800000011920929;0.800000011920929
lidar;18.0;35.0;24.96900749206543;25.041669845581055;9.705133438110352;0.29940420389175415;24.96982192993164;25.04057502746582;9.712876319885254;0.29154292407464705;0.9971180557082558;0.800000011920929;0.800000011920929;0.800000011920929
lidar;18.0;35.0;24.969051361083984;25.04689598083496;9.705536842346191;0.2997754216194153;24.972492218017578;25.04168128967285;9.738272666931152;0.2664493560210236;0.9958828687241958;0.800000011920929;0.800000011920929;0.800000011920929
lidar;18.0;35.0;24.969144821166992;25.052047729492188;9.706436157226562;0.29973477125167847;24.97254753112793;25.046310424804688;9.73879623413086;0.26669442627226625;0.9956577421886412;0.800000011920929;0.800000011920929;0.800000011920929
lidar;18.0;35.0;24.96928596496582;25.05711555480957;9.707777976989746;0.29933151602745056;24.973209381103516;25.04981803894043;9.745112419128418;0.2610889582371539;0.9969990849464598;0.800000011920929;0.800000011920929;0.800000011920929
lidar;18.0;35.0;24.96942710876465;25.062170028686523;9.70911693572998;0.2990201711654663;24.96319580078125;25.074840545654297;9.649831771850586;0.3599637124064337;0.9980368614023126;0.800000011920929;0.800000011920929;0.800000011920929
lidar;18.0;35.0;24.969568252563477;25.067214965820312;9.71045207977295;0.2988005578517914;24.9703426361084;25.06550407409668;9.717825889587402;0.2911912632476473;0.9987704156969563;0.800000011920929;0.800000011920929;0.800000011920929
lidar;18.0;35.0;24.969707489013672;25.072256088256836;9.711787223815918;0.29867202043533325;24.97062110900879;25.07007598876953;9.720479011535645;0.28966486796593277;0.9991998672810225;0.800000011920929;0.800000011920929;0.800000011920929
lidar;18.0;35.0;24.969858169555664;25.077266693115234;9.713215827941895;0.29853618144989014;24.975820541381836;25.061979293823242;9.769954681396484;0.2394724602963209;0.9996544122592912;0.800000011920929;0.800000011920929;0.800000011920929
lidar;18.0;35.0;24.970008850097656;25.0822696685791;9.714661598205566;0.29847219586372375;24.96778106689453;25.0883846282959;9.693450927734375;0.32065944593178275;0.9998686909684608;0.800000011920929;0.800000011920929;0.800000011920929
lidar;18.0;35.0;24.97016143798828;25.08727264404297;9.716107368469238;0.29849913716316223;24.973539352416992;25.077394485473633;9.748239517211914;0.26471413034295554;0.9997783899110958;0.800000011920929;0.800000011920929;0.800000011920929
lidar;18.0;35.0;24.970314025878906;25.09227752685547;9.717554092407227;0.29861709475517273;24.963207244873047;25.114370346069336;9.649932861328125;0.3701096617772568;0.99938350911536;0.800000011920929;0.800000011920929;0.800000011920929
lidar;18.0;35.0;24.97046661376953;25.097288131713867;9.719001770019531;0.2988261580467224;24.965723037719727;25.1129093170166;9.673883438110352;0.34680714324448453;0.9986843466781486;0.800000011920929;0.800000011920929;0.800000011920929
lidar;18.0;35.0;24.970619201660156;25.10230827331543;9.720452308654785;0.2991268038749695;24.979610443115234;25.070999145507812;9.805998802185059;0.2075894400351952;0.9976807834269051;0.800000011920929;0.800000011920929;0.800000011920929
lidar;18.0;35.0;24.97077178955078;25.107337951660156;9.721906661987305;0.29951921105384827;24.97286605834961;25.099647521972656;9.741833686828613;0.27805694146287113;0.9963734151735835;0.800000011920929;0.800000011920929;0.800000011920929
lidar;18.0;35.0;24.970958709716797;25.11224937438965;9.723692893981934;0.2996480464935303;24.96895980834961;25.119979858398438;9.704667091369629;0.32028132400098636;0.9952799680992251;0.800000011920929;0.800000011920929;0.800000011920929
lidar;18.0;35.0;24.971206665039062;25.11692237854004;9.726056098937988;0.29924118518829346;24.97282600402832;25.1103458404541;9.741467475891113;0.28240658802276813;0.9966334107242001;0.800000011920929;0.800000011920929;0.800000011920929
lidar;18.0;35.0;24.971454620361328;25.121583938598633;9.728412628173828;0.298926442861557;24.972286224365234;25.118043899536133;9.736323356628418;0.29022016604289863;0.9976831673647262;0.800000011920929;0.800000011920929;0.800000011920929
lidar;18.0;35.0;24.971702575683594;25.126237869262695;9.730766296386719;0.2987031638622284;24.981426239013672;25.08285903930664;9.823284149169922;0.1960589045200512;0.9984290600527788;0.800000011920929;0.800000011920929;0.800000011920929
lidar;18.0;35.0;24.971948623657227;25.130884170532227;9.733116149902344;0.2985711991786957;24.968488693237305;25.147029876708984;9.70019817352295;0.33539798632253975;0.9988709092943943;0.800000011920929;0.800000011920929;0.800000011920929
lidar;18.0;35.0;24.972196578979492;25.135530471801758;9.735465049743652;0.2985302209854126;24.967315673828125;25.159318923950195;9.689033508300781;0.3509288310398399;0.9990084171002367;0.800000011920929;0.800000011920929;0.800000011920929
lidar;18.0;35.0;24.97244644165039;25.140161514282227;9.737839698791504;0.29855042695999146;24.971345901489258;25.145755767822266;9.727375984191895;0.31046673340632247;0.9989408850978321;0.800000011920929;0.800000011920929;0.800000011920929
lidar;18.0;35.0;24.972702026367188;25.144756317138672;9.740283012390137;0.2985846698284149;24.97877311706543;25.11256980895996;9.7980318069458;0.2321927068596439;0.9988265633006798;0.800000011920929;0.800000011920929;0.800000011920929
lidar;18.0;35.0;24.972959518432617;25.149354934692383;9.74272632598877;0.2987099587917328;24.97319793701172;25.148040771484375;9.744991302490234;0.29608011333991235;0.9984080194662945;0.800000011920929;0.800000011920929;0.800000011920929
lidar;18.0;35.0;24.973217010498047;25.153959274291992;9.745173454284668;0.29892638325691223;24.96731185913086;25.187904357910156;9.688987731933594;0.364836079694756;0.9976853727596549;0.800000011920929;0.800000011920929;0.800000011920929
lidar;18.0;35.0;24.973474502563477;25.1585693359375;9.747625350952148;0.29923442006111145;24.977312088012695;25.135623931884766;9.78414535522461;0.25593289422671295;0.9966588021927293;0.800000011920929;0.800000011920929;0.800000011920929
lidar;18.0;35.0;24.973731994628906;25.163192749023438;9.750082015991211;0.29963451623916626;24.969736099243164;25.188024520874023;9.712053298950195;0.3452281339250193;0.9953285455346763;0.800000011920929;0.800000011920929;0.800000011920929
lidar;18.0;35.0;24.974063873291016;25.167367935180664;9.753226280212402;0.2993023097515106;24.971914291381836;25.181230545043945;9.73278522491455;0.3240948213601135;0.995565354667668;0.800000011920929;0.800000011920929;0.800000011920929
lidar;18.0;35.0;24.974409103393555;25.17142105102539;9.756525039672852;0.29886460304260254;24.97079849243164;25.195606231689453;9.722174644470215;0.3410303737445267;0.9970230458046758;0.800000011920929;0.800000011920929;0.800000011920929
lidar;18.0;35.0;24.974756240844727;25.175464630126953;9.75981616973877;0.2985190749168396;24.975568771362305;25.169815063476562;9.767549514770508;0.2889067880115291;0.9981769919900828;0.800000011920929;0.800000011920929;0.800000011920929
lidar;18.0;35.0;24.975101470947266;25.179500579833984;9.763099670410156;0.2982650399208069;24.977025985717773;25.16562271118164;9.781414985656738;0.2752054537665912;0.9990268945477475;0.800000011920929;0.800000011920929;0.800000011920929
lidar;18.0;35.0;24.975444793701172;25.183530807495117;9.766379356384277;0.2981022000312805;24.979101181030273;25.15620994567871;9.801156997680664;0.25372560409711314;0.9995725154886069;0.800000011920929;0.800000011920929;0.800000011920929
lidar;18.0;35.0;24.97579002380371;25.187557220458984;9.76965618133545;0.29803019762039185;24.980886459350586;25.1480712890625;9.818148612976074;0.23528823110400976;0.9998136162685186;0.800000011920929;0.800000011920929;0.800000011920929
lidar;18.0;35.0;24.976133346557617;25.19158172607422;9.772932052612305;0.29804906249046326;24.980016708374023;25.16042137145996;9.809865951538086;0.2495701570229547;0.9997501373200411;0.800000011920929;0.800000011920929;0.800000011920929
lidar;18.0;35.0;24.976478576660156;25.19561004638672;9.776209831237793;0.2981588542461395;24.97539710998535;25.204607009887695;9.765915870666504;0.3118727229900418;0.9993821979124826;0.800000011920929;0.800000011920929;0.800000011920929
lidar;18.0;35.0;24.976823806762695;25.199642181396484;9.77949047088623;0.2983594238758087;24.97426414489746;25.22168731689453;9.755139350891113;0.3313070007787064;0.9987097978361101;0.800000011920929;0.800000011920929;0.800000011920929
lidar;18.0;35.0;24.977169036865234;25.20368003845215;9.782776832580566;0.29865148663520813;24.975793838500977;25.21595001220703;9.769689559936523;0.31664407973813685;0.9977331758438753;0.800000011920929;0.800000011920929;0.800000011920929
lidar;18.0;35.0;24.977514266967773;25.207727432250977;9.786070823669434;0.2990351915359497;24.97994613647461;25.18526840209961;9.809199333190918;0.26670533969205207;0.9964526296251056;0.800000011920929;0.800000011920929;0.800000011920929
lidar;18.0;35.0;24.977895736694336;25.211458206176758;9.789700508117676;0.2990473210811615;24.986587524414062;25.128320693969727;9.872382164001465;0.18147312227756535;0.995473861356712;0.800000011920929;0.800000011920929;0.800000011920929
lidar;18.0;35.0;24.974231719970703;24.788551330566406;9.790127754211426;0.29903316497802734;24.970170974731445;24.755229949951172;9.757054328918457;0.3461576948568344;0.995520890017529;0.800000011920929;0.800000011920929;0.800000011920929
lidar;18.0;35.0;24.97377586364746;24.792205810546875;9.78642749786377;0.29913079738616943;24.980052947998047;24.84194564819336;9.837550163269043;0.22752813862253288;0.9961340424325466;0.800000011920929;0.800000011920929;0.800000011920929
lidar;18.0;35.0;24.973371505737305;24.796253204345703;9.783138275146484;0.2987484633922577;24.96582794189453;24.738529205322266;9.721696853637695;0.38338999636571003;0.9974092242882313;0.800000011920929;0.800000011920929;0.800000011920929
lidar;18.0;35.0;24.97296905517578;24.80029296875;9.779855728149414;0.2984578013420105;24.974958419799805;24.81498908996582;9.796055793762207;0.27649497012569446;0.9983806609389205;0.800000011920929;0.800000011920929;0.800000011920929
lidar;18.0;35.0;24.972566604614258;24.804325103759766;9.776578903198242;0.29825857281684875;24.97091293334961;24.79252052307129;9.763100624084473;0.3162515877891124;0.9990479349746926;0.800000011920929;0.800000011920929;0.800000011920929
lidar;18.0;35.0;24.972166061401367;24.808353424072266;9.773305892944336;0.29815027117729187;24.9810791015625;24.86972999572754;9.845909118652344;0.2026626775145774;0.9994108677073613;0.800000011920929;0.800000011920929;0.800000011920929
lidar;18.0;35.0;24.971763610839844;24.8123779296875;9.770033836364746;0.29813286662101746;24.975717544555664;24.838653564453125;9.802240371704102;0.2563806306882237;0.9994693994564072;0.800000011920929;0.800000011920929;0.800000011920929
lidar;18.0;35.0;24.97136116027832;24.81640625;9.766761779785156;0.29820629954338074;24.976585388183594;24.849891662597656;9.809301376342773;0.24381747305002843;0.9992234111331427;0.800000011920929;0.800000011920929;0.800000011920929
lidar;18.0;35.0;24.970958709716797;24.820436477661133;9.763486862182617;0.2983706593513489;24.969276428222656;24.81003189086914;9.749783515930176;0.31565760857777647;0.9986730814861178;0.800000011920929;0.800000011920929;0.800000011920929
lidar;18.0;35.0;24.970556259155273;24.824472427368164;9.760207176208496;0.29862624406814575;24.975324630737305;24.852895736694336;9.79903793334961;0.25026773077012104;0.9978186486687505;0.800000011920929;0.800000011920929;0.800000011920929
lidar;18.0;35.0;24.97015380859375;24.828516006469727;9.75692081451416;0.29897341132164;24.967519760131836;24.81338119506836;9.735467910766602;0.3253596086973679;0.9966601731055896;0.800000011920929;0.800000011920929;0.800000011920929
lidar;18.0;35.0;24.969749450683594;24.832571029663086;9.753625869750977;0.29941269755363464;24.970651626586914;24.837570190429688;9.760982513427734;0.2904717575999606;0.9951981309531729;0.800000011920929;0.800000011920929;0.800000011920929
lidar;18.0;35.0;24.969350814819336;24.83667755126953;9.750381469726562;0.2998711168766022;24.966007232666016;24.818859100341797;9.72314739227295;0.3325883055659361;0.9945432545946009;0.800000011920929;0.800000011920929;0.800000011920929
lidar;18.0;35.0;24.96904945373535;24.8413028717041;9.747925758361816;0.2994730770587921;24.962732315063477;24.808914184570312;9.696477890014648;0.36059487696079323;0.9958646895155685;0.800000011920929;0.800000011920929;0.800000011920929
lidar;18.0;35.0;24.968753814697266;24.845945358276367;9.745521545410156;0.2991121709346771;24.969013214111328;24.847217559814453;9.747623443603516;0.29664159834136106;0.997066021054961;0.800000011920929;0.800000011920929;0.800000011920929
lidar;18.0;35.0;24.96846580505371;24.85060691833496;9.743171691894531;0.29878702759742737;24.972265243530273;24.868608474731445;9.774120330810547;0.2627819037797515;0.9981507062963355;0.800000011920929;0.800000011920929;0.800000011920929
lidar;18.0;35.0;24.968177795410156;24.85525894165039;9.740825653076172;0.29855334758758545;24.966419219970703;24.847261428833008;9.726507186889648;0.3150472729470529;0.9989314079253676;0.800000011920929;0.800000011920929;0.800000011920929
lidar;18.0;35.0;24.9678897857666;24.859905242919922;9.738482475280762;0.29841095209121704;24.96295166015625;24.838363647460938;9.698271751403809;0.34429413105690565;0.9994078278814678;0.800000011920929;0.800000011920929;0.800000011920929
lidar;18.0;35.0;24.967601776123047;24.864547729492188;9.736141204833984;0.2983594834804535;24.982675552368164;24.92757225036621;9.858911514282227;0.1595365512865318;0.9995797872395183;0.800000011920929;0.800000011920929;0.800000011920929
lidar;18.0;35.0;24.967315673828125;24.869190216064453;9.733799934387207;0.2983989417552948;24.955320358276367;24.821191787719727;9.636119842529297;0.40789372552891406;0.9994472265668446;0.800000011920929;0.800000011920929;0.800000011920929
lidar;18.0;35.0;24.96702766418457;24.873836517333984;9.731457710266113;0.29852938652038574;24.96112632751465;24.851255416870117;9.683393478393555;0.3519596733489922;0.9990102648732598;0.800000011920929;0.800000011920929;0.800000011920929
lidar;18.0;35.0;24.966739654541016;24.87848663330078;9.729111671447754;0.2987509071826935;24.976844787597656;24.915407180786133;9.811419486999512;0.20797774682038683;0.9982689619506644;0.800000011920929;0.800000011920929;0.800000011920929
lidar;18.0;35.0;24.96645164489746;24.883146286010742;9.726761817932129;0.29906409978866577;24.965774536132812;24.880788803100586;9.721251487731934;0.3050953532213162;0.9972236754267948;0.800000011920929;0.800000011920929;0.800000011920929
lidar;18.0;35.0;24.966161727905273;24.8878173828125;9.724407196044922;0.29946911334991455;24.96693992614746;24.890399932861328;9.730751991271973;0.2925736901497675;0.9958745241106839;0.800000011920929;0.800000011920929;0.800000011920929
lidar;18.0;35.0;24.96590805053711;24.892620086669922;9.722349166870117;0.2996377944946289;24.96549415588379;24.891313552856445;9.718972206115723;0.3032818380314687;0.9959792494279901;0.800000011920929;0.800000011920929;0.800000011920929
lidar;18.0;35.0;24.965730667114258;24.89765167236328;9.72089672088623;0.299245685338974;24.954545974731445;24.864248275756836;9.629805564880371;0.39691073469633914;0.9972841142011637;0.800000011920929;0.800000011920929;0.800000011920929
lidar;18.0;35.0;24.965553283691406;24.902671813964844;9.71944808959961;0.2989456355571747;24.964984893798828;24.901071548461914;9.714832305908203;0.3038638471372294;0.9982849955941102;0.800000011920929;0.800000011920929;0.800000011920929
lidar;18.0;35.0;24.965375900268555;24.907684326171875;9.718002319335938;0.2987370491027832;24.963638305664062;24.90305519104004;9.703857421875;0.31372098409935534;0.9989820122055539;0.800000011920929;0.800000011920929;0.800000011920929
lidar;18.0;35.0;24.96519660949707;24.912691116333008;9.716557502746582;0.29861980676651;24.966014862060547;24.914745330810547;9.723220825195312;0.291598761499233;0.9993746280483726;0.800000011920929;0.800000011920929;0.800000011920929
lidar;18.0;35.0;24.96502685546875;24.917709350585938;9.715157508850098;0.29854652285575867;24.964035034179688;24.915376663208008;9.70708179473877;0.3070113577396829;0.9996199607907376;0.800000011920929;0.800000011920929;0.800000011920929
lidar;18.0;35.0;24.964862823486328;24.922744750976562;9.713828086853027;0.29849228262901306;24.965049743652344;24.923154830932617;9.715347290039062;0.2969068684724587;0.9998015761482014;0.800000011920929;0.800000011920929;0.800000011920929
lidar;18.0;35.0;24.964698791503906;24.927778244018555;9.71249771118164;0.2985289692878723;24.960308074951172;24.918794631958008;9.67673110961914;0.3356674290809762;0.9996787309608748;0.800000011920929;0.800000011920929;0.800000011920929
lidar;18.0;35.0;24.964536666870117;24.932817459106445;9.711167335510254;0.2986566722393036;24.9600887298584;24.924394607543945;9.674954414367676;0.33610039795869556;0.9992513059858857;0.800000011920929;0.800000011920929;0.800000011920929
lidar;18.0;35.0;24.964372634887695;24.9378604888916;9.709835052490234;0.298875629901886;24.960561752319336;24.93121337890625;9.678796768188477;0.3308447318268154;0.9985195397665825;0.800000011920929;0.800000011920929;0.800000011920929
lidar;18.0;35.0;24.964208602905273;24.942913055419922;9.708499908447266;0.2991861402988434;24.966861724853516;24.9471435546875;9.730104446411133;0.2770117620521866;0.9974836109687639;0.800000011920929;0.800000011920929;0.800000011920929
lidar;18.0;35.0;24.96405029296875;24.947986602783203;9.707218170166016;0.29953157901763916;24.969369888305664;24.9556827545166;9.750542640686035;0.2552081747018089;0.9963334202925711;0.800000011920929;0.800000011920929;0.800000011920929
lidar;18.0;35.0;24.96390724182129;24.953092575073242;9.706042289733887;0.29985663294792175;24.9558048248291;24.942562103271484;9.640057563781738;0.36716613183957914;0.9952535032260297;0.800000011920929;0.800000011920929;0.800000011920929
lidar;18.0;35.0;24.963834762573242;24.958293914794922;9.705461502075195;0.2996668517589569;24.964691162109375;24.95928192138672;9.712431907653809;0.2925749930056299;0.9962439539004754;0.800000011920929;0.800000011920929;0.800000011920929
lidar;18.0;35.0;24.963787078857422;24.96351432800293;9.70506477355957;0.2993813157081604;24.96607780456543;24.965822219848633;9.723724365234375;0.2804408144238038;0.9971941111461053;0.800000011920929;0.800000011920929;0.800000011920929
lidar;18.0;35.0;24.9637451171875;24.968732833862305;9.704736709594727;0.299119234085083;24.96968650817871;24.97385597229004;9.753111839294434;0.25011249118231405;0.998068034671001;0.800000011920929;0.800000011920929;0.800000011920929
lidar;18.0;35.0;24.963706970214844;24.97394561767578;9.704412460327148;0.2989448606967926;24.965587615966797;24.975296020507812;9.719741821289062;0.28344198420577676;0.9986503125165949;0.800000011920929;0.800000011920929;0.800000011920929
lidar;18.0;35.0;24.963672637939453;24.979156494140625;9.704143524169922;0.29880645871162415;24.96190643310547;24.97814178466797;9.689756393432617;0.3133369117544408;0.9991127252166124;0.800000011920929;0.800000011920929;0.800000011920929
lidar;18.0;35.0;24.96364402770996;24.984365463256836;9.703903198242188;0.29873016476631165;24.968040466308594;24.986255645751953;9.739713668823242;0.26260073618593877;0.9993676542993948;0.800000011920929;0.800000011920929;0.800000011920929
lidar;18.0;35.0;24.963624954223633;24.98957633972168;9.703744888305664;0.29866212606430054;24.964153289794922;24.989728927612305;9.708053588867188;0.2943178072324039;0.9995955228858315;0.800000011920929;0.800000011920929;0.800000011920929
lidar;18.0;35.0;24.963611602783203;24.994787216186523;9.703635215759277;0.2986363470554352;24.968774795532227;24.995527267456055;9.745688438415527;0.25626040099142283;0.9996817112099441;0.800000011920929;0.800000011920929;0.800000011920929
lidar;18.0;35.0;24.963603973388672;25.0;9.703584671020508;0.29864129424095154;24.959716796875;25.0;9.67192268371582;0.33054145094187387;0.999665439138244;0.800000011920929;0.800000011920929;0.800000011920929
lidar;18.0;35.0;24.963611602783203;25.005212783813477;9.703635215759277;0.2986363470554352;24.96269989013672;25.005342483520508;9.69621467590332;0.306113601491512;0.9996817112099441;0.800000011920929;0.800000011920929;0.800000011920929
lidar;18.0;35.0;24.963624954223633;25.01042366027832;9.703744888305664;0.29866212606430054;24.965059280395508;25.010011672973633;9.715435981750488;0.28687615494609714;0.9995955228858315;0.800000011920929;0.800000011920929;0.800000011920929
lidar;18.0;35.0;24.96364402770996;25.015634536743164;9.703903198242188;0.29873016476631165;24.95970344543457;25.0173282623291;9.671806335449219;0.3311119667973982;0.9993676542993948;0.800000011920929;0.800000011920929;0.800000011920929
lidar;18.0;35.0;24.963672637939453;25.020843505859375;9.704143524169922;0.29880645871162415;24.964492797851562;25.020374298095703;9.71081829071045;0.2920645091320499;0.9991127252166124;0.800000011920929;0.800000011920929;0.800000011920929
lidar;18.0;35.0;24.963706970214844;25.02605438232422;9.704412460327148;0.2989448606967926;24.9633731842041;25.026294708251953;9.701693534851074;0.3016950940435062;0.9986503125165949;0.800000011920929;0.800000011920929;0.800000011920929
lidar;18.0;35.0;24.9637451171875;25.031267166137695;9.704736709594727;0.299119234085083;24.963979721069336;25.031064987182617;9.706633567810059;0.2971974420342742;0.998068034671001;0.800000011920929;0.800000011920929;0.800000011920929
lidar;18.0;35.0;24.963787078857422;25.03648567199707;9.70506477355957;0.2993813455104828;24.95442008972168;25.045923233032227;9.628774642944336;0.3768221231280949;0.9971941111461053;0.800000011920929;0.800000011920929;0.800000011920929
lidar;18.0;35.0;24.963834762573242;25.041706085205078;9.705461502075195;0.2996668517589569;24.965829849243164;25.039405822753906;9.721708297729492;0.2831368241850965;0.9962439539004754;0.800000011920929;0.800000011920929;0.800000011920929
lidar;18.0;35.0;24.96390724182129;25.046907424926758;9.706042289733887;0.29985666275024414;24.965211868286133;25.045209884643555;9.716679573059082;0.2890063467204004;0.9952535032260297;0.800000011920929;0.800000011920929;0.800000011920929
lidar;18.0;35.0;24.96405029296875;25.052013397216797;9.707218170166016;0.29953160881996155;24.958009719848633;25.060752868652344;9.658020973205566;0.349862329542738;0.9963334202925711;0.800000011920929;0.800000011920929;0.800000011920929
lidar;18.0;35.0;24.964208602905273;25.057086944580078;9.708499908447266;0.29918619990348816;24.95811653137207;25.066802978515625;9.658886909484863;0.3501071272120101;0.9974836109687639;0.800000011920929;0.800000011920929;0.800000011920929
lidar;18.0;35.0;24.964372634887695;25.0621395111084;9.709834098815918;0.2988757789134979;24.967182159423828;25.057239532470703;9.732720375061035;0.2753031764817812;0.9985195397665825;0.800000011920929;0.800000011920929;0.800000011920929
lidar;18.0;35.0;24.964536666870117;25.067182540893555;9.711166381835938;0.2986568510532379;24.966625213623047;25.06322479248047;9.728184700012207;0.28105986350835716;0.9992513059858857;0.800000011920929;0.800000011920929;0.800000011920929
lidar;18.0;35.0;24.964698791503906;25.072221755981445;9.71249771118164;0.29852908849716187;24.96192169189453;25.07790184020996;9.689886093139648;0.32200818279152565;0.9996787309608748;0.800000011920929;0.800000011920929;0.800000011920929
lidar;18.0;35.0;24.964862823486328;25.077255249023438;9.713827133178711;0.2984923720359802;24.966533660888672;25.073583602905273;9.727429389953613;0.2843046504311101;0.9998015761482014;0.800000011920929;0.800000011920929;0.800000011920929
lidar;18.0;35.0;24.96502685546875;25.082290649414062;9.715157508850098;0.29854652285575867;24.966148376464844;25.07965087890625;9.724296569824219;0.2889681829977987;0.9996199607907376;0.800000011920929;0.800000011920929;0.800000011920929
lidar;18.0;35.0;24.96519660949707;25.087308883666992;9.716557502746582;0.29861974716186523;24.96868896484375;25.078548431396484;9.7449951171875;0.2686585568296299;0.9993746280483726;0.800000011920929;0.800000011920929;0.800000011920929
lidar;18.0;35.0;24.965375900268555;25.092315673828125;9.718001365661621;0.29873713850975037;24.95570182800293;25.118104934692383;9.63922119140625;0.3821942968919194;0.9989820122055539;0.800000011920929;0.800000011920929;0.800000011920929
lidar;18.0;35.0;24.965553283691406;25.097328186035156;9.71944808959961;0.29894569516181946;24.968074798583984;25.090200424194336;9.739990234375;0.27705682567102435;0.9982849955941102;0.800000011920929;0.800000011920929;0.800000011920929
lidar;18.0;35.0;24.965730667114258;25.10234832763672;9.72089672088623;0.2992457449436188;24.9741268157959;25.077272415161133;9.78927993774414;0.22592794901414903;0.9972841142011637;0.800000011920929;0.800000011920929;0.800000011920929
lidar;18.0;35.0;24.96590805053711;25.107379913330078;9.722349166870117;0.2996377944946289;24.9597110748291;25.126903533935547;9.671870231628418;0.3541141283722806;0.9959792494279901;0.800000011920929;0.800000011920929;0.800000011920929
lidar;18.0;35.0;24.966161727905273;25.1121826171875;9.724407196044922;0.2994691729545593;24.96080207824707;25.12994956970215;9.680763244628906;0.34689395786082455;0.9958745241106839;0.800000011920929;0.800000011920929;0.800000011920929
lidar;18.0;35.0;24.96645164489746;25.116853713989258;9.726761817932129;0.29906412959098816;24.97159194946289;25.09894371032715;9.768640518188477;0.25322695076437185;0.9972236155077773;0.800000011920929;0.800000011920929;0.800000011920929
lidar;18.0;35.0;24.966739654541016;25.12151336669922;9.729111671447754;0.2987510561943054;24.975950241088867;25.08786392211914;9.804126739501953;0.21601982772233008;0.9982689619506644;0.800000011920929;0.800000011920929;0.800000011920929
lidar;18.0;35.0;24.96702766418457;25.126163482666016;9.731456756591797;0.2985294461250305;24.97640037536621;25.090299606323242;9.807794570922852;0.21366753601453217;0.9990102648732598;0.800000011920929;0.800000011920929;0.800000011920929
lidar;18.0;35.0;24.967315673828125;25.130809783935547;9.733799934387207;0.29839906096458435;24.96726417541504;25.131013870239258;9.733384132385254;0.2988649037370044;0.9994472265668446;0.800000011920929;0.800000011920929;0.800000011920929
lidar;18.0;35.0;24.967601776123047;25.135452270507812;9.736141204833984;0.29835957288742065;24.955890655517578;25.18441390991211;9.640765190124512;0.40620693253463624;0.9995797872395183;0.800000011920929;0.800000011920929;0.800000011920929
lidar;18.0;35.0;24.9678897857666;25.140094757080078;9.738482475280762;0.2984110414981842;24.96494483947754;25.152942657470703;9.714500427246094;0.3257765967417848;0.9994078278814678;0.800000011920929;0.800000011920929;0.800000011920929
lidar;18.0;35.0;24.968177795410156;25.14474105834961;9.740825653076172;0.2985534369945526;24.963991165161133;25.16377830505371;9.706740379333496;0.33781815056084996;0.998931467496395;0.800000011920929;0.800000011920929;0.800000011920929
lidar;18.0;35.0;24.96846580505371;25.14939308166504;9.743171691894531;0.29878702759742737;24.966243743896484;25.159921646118164;9.72507095336914;0.3198447708912324;0.9981507658528732;0.800000011920929;0.800000011920929;0.800000011920929
lidar;18.0;35.0;24.968753814697266;25.154054641723633;9.745521545410156;0.29911211133003235;24.967973709106445;25.15790557861328;9.739160537719727;0.3065894034690411;0.9970660803674258;0.800000011920929;0.800000011920929;0.800000011920929
lidar;18.0;35.0;24.96904945373535;25.1586971282959;9.747925758361816;0.2994730770587921;24.9748592376709;25.128902435302734;9.79525089263916;0.24324932840356672;0.9958647490805261;0.800000011920929;0.800000011920929;0.800000011920929
lidar;18.0;35.0;24.969350814819336;25.16332244873047;9.750381469726562;0.2998711168766022;24.971267700195312;25.153104782104492;9.765996932983398;0.28111208846458996;0.9945432545946009;0.800000011920929;0.800000011920929;0.800000011920929
lidar;18.0;35.0;24.969749450683594;25.167428970336914;9.753625869750977;0.29941272735595703;24.977710723876953;25.12335968017578;9.818473815917969;0.220604469599104;0.9951982498234324;0.800000011920929;0.800000011920929;0.800000011920929
lidar;18.0;35.0;24.97015380859375;25.171483993530273;9.75692081451416;0.29897341132164;24.96969985961914;25.17409324645996;9.75322151184082;0.303523289506608;0.996660292355037;0.800000011920929;0.800000011920929;0.800000011920929
lidar;18.0;35.0;24.970556259155273;25.175527572631836;9.760207176208496;0.29862627387046814;24.960187911987305;25.237348556518555;9.675751686096191;0.40380257599443703;0.9978187081819596;0.800000011920929;0.800000011920929;0.800000011920929
lidar;18.0;35.0;24.970958709716797;25.179563522338867;9.763486862182617;0.29837071895599365;24.97998809814453;25.12373924255371;9.837016105651855;0.20561098388734883;0.998673200619916;0.800000011920929;0.800000011920929;0.800000011920929
lidar;18.0;35.0;24.97136116027832;25.18359375;9.766761779785156;0.2982063293457031;24.975675582885742;25.155941009521484;9.801891326904297;0.25329142786983594;0.9992235303192779;0.800000011920929;0.800000011920929;0.800000011920929
lidar;18.0;35.0;24.971763610839844;25.1876220703125;9.770033836364746;0.29813286662101746;24.97321319580078;25.177995681762695;9.781831741333008;0.2828381350257276;0.9994694590323127;0.800000011920929;0.800000011920929;0.800000011920929
lidar;18.0;35.0;24.972166061401367;25.191646575927734;9.773305892944336;0.2981502413749695;24.967670440673828;25.22259521484375;9.736700057983398;0.3462953845182131;0.9994109272862639;0.800000011920929;0.800000011920929;0.800000011920929
lidar;18.0;35.0;24.972566604614258;25.195674896240234;9.776578903198242;0.29825857281684875;24.966638565063477;25.23796272277832;9.72829532623291;0.36271524905084296;0.9990479946183541;0.800000011920929;0.800000011920929;0.800000011920929
lidar;18.0;35.0;24.97296905517578;25.19970703125;9.779855728149414;0.2984578013420105;24.97051239013672;25.21785545349121;9.759849548339844;0.32558121790832384;0.9983807206992841;0.800000011920929;0.800000011920929;0.800000011920929
lidar;18.0;35.0;24.973371505737305;25.203746795654297;9.783138275146484;0.2987484633922577;24.969161987304688;25.2359619140625;9.748847961425781;0.34598678109774306;0.9974092843162572;0.800000011920929;0.800000011920929;0.800000011920929
lidar;18.0;35.0;24.97377586364746;25.207794189453125;9.78642749786377;0.29913079738616943;24.975555419921875;25.193700790405273;9.800912857055664;0.2788427861994047;0.9961341026468474;0.800000011920929;0.800000011920929;0.800000011920929
lidar;18.0;35.0;24.974231719970703;25.211448669433594;9.790127754211426;0.29903316497802734;24.982698440551758;25.1419620513916;9.85909652709961;0.20076383295836553;0.9955210090589068;0.800000011920929;0.800000011920929;0.800000011920929
lidar;18.0;35.0;24.970569610595703;24.788532257080078;9.790590286254883;0.2990601658821106;24.96645736694336;24.75897979736328;9.761326789855957;0.3408529583174547;0.9954307675264664;0.800000011920929;0.800000011920929;0.800000011920929
lidar;18.0;35.0;24.97003936767578;24.792104721069336;9.786812782287598;0.2992774546146393;24.974201202392578;24.82098388671875;9.816426277160645;0.2577048191403133;0.9956459997496593;0.800000011920929;0.800000011920929;0.800000011920929
lidar;18.0;35.0;24.96957778930664;24.796152114868164;9.783528327941895;0.2988971769809723;24.969818115234375;24.797773361206055;9.785248756408691;0.2965214054770723;0.9969130752859875;0.800000011920929;0.800000011920929;0.800000011920929
lidar;18.0;35.0;24.9691162109375;24.80019187927246;9.780250549316406;0.298608660697937;24.961488723754883;24.7508487701416;9.725981712341309;0.37235195927088327;0.9978764059322078;0.800000011920929;0.800000011920929;0.800000011920929
lidar;18.0;35.0;24.968656539916992;24.804224014282227;9.7769775390625;0.2984115183353424;24.965534210205078;24.784719467163086;9.75475788116455;0.32814264171544255;0.9985358119562427;0.800000011920929;0.800000011920929;0.800000011920929
lidar;18.0;35.0;24.968196868896484;24.808252334594727;9.77370834350586;0.2983054220676422;24.965911865234375;24.794471740722656;9.757445335388184;0.3197441801831715;0.9988911152692452;0.800000011920929;0.800000011920929;0.800000011920929
lidar;18.0;35.0;24.967737197875977;24.812280654907227;9.770441055297852;0.2982902228832245;24.969871520996094;24.8247013092041;9.785630226135254;0.27855262611625287;0.998942077077997;0.800000011920929;0.800000011920929;0.800000011920929
lidar;18.0;35.0;24.96727752685547;24.816307067871094;9.767172813415527;0.2983660101890564;24.976072311401367;24.86567497253418;9.829745292663574;0.2181798573965376;0.9986887575038138;0.800000011920929;0.800000011920929;0.800000011920929
lidar;18.0;35.0;24.96681785583496;24.82033920288086;9.763901710510254;0.2985326647758484;24.972108840942383;24.84898567199707;9.80154800415039;0.25093019852638593;0.9981312750797399;0.800000011920929;0.800000011920929;0.800000011920929
lidar;18.0;35.0;24.966358184814453;24.82437515258789;9.760625839233398;0.2987906336784363;24.967803955078125;24.831924438476562;9.770914077758789;0.2859485382787829;0.9972698090202975;0.800000011920929;0.800000011920929;0.800000011920929
lidar;18.0;35.0;24.965896606445312;24.828420639038086;9.757343292236328;0.2991402745246887;24.97545623779297;24.87651252746582;9.825359344482422;0.21529253292707862;0.9961043595783033;0.800000011920929;0.800000011920929;0.800000011920929
lidar;18.0;35.0;24.965452194213867;24.832561492919922;9.754178047180176;0.2994292974472046;24.974864959716797;24.878185272216797;9.821159362792969;0.21784014612855315;0.9951431754595887;0.800000011920929;0.800000011920929;0.800000011920929
lidar;18.0;35.0;24.96500587463379;24.836713790893555;9.751008033752441;0.29980695247650146;24.96392059326172;24.83165168762207;9.743288040161133;0.3091020091814624;0.9938896299596468;0.800000011920929;0.800000011920929;0.800000011920929
lidar;18.0;35.0;24.964658737182617;24.841323852539062;9.748536109924316;0.299435019493103;24.958986282348633;24.815855026245117;9.708172798156738;0.34749779136061426;0.9959912299940687;0.800000011920929;0.800000011920929;0.800000011920929
lidar;18.0;35.0;24.96432876586914;24.84599494934082;9.746186256408691;0.299017071723938;24.966663360595703;24.8560733795166;9.762797355651855;0.27944840804154464;0.9973830580860732;0.800000011920929;0.800000011920929;0.800000011920929
lidar;18.0;35.0;24.963998794555664;24.85065460205078;9.743843078613281;0.29869112372398376;24.96072769165039;24.837085723876953;9.720568656921387;0.32583000545482277;0.9984710216912323;0.800000011920929;0.800000011920929;0.800000011920929
lidar;18.0;35.0;24.96367073059082;24.855304718017578;9.741504669189453;0.29845672845840454;24.958538055419922;24.834863662719727;9.704987525939941;0.3406191080293739;0.9992548227317614;0.800000011920929;0.800000011920929;0.800000011920929
lidar;18.0;35.0;24.963342666625977;24.85995101928711;9.739168167114258;0.2983134388923645;24.948436737060547;24.803001403808594;9.633103370666504;0.4196196091080803;0.9997343421165876;0.800000011920929;0.800000011920929;0.800000011920929
lidar;18.0;35.0;24.963014602661133;24.864591598510742;9.736833572387695;0.2982611358165741;24.964927673339844;24.871593475341797;9.750442504882812;0.28283785279952905;0.9999092817291726;0.800000011920929;0.800000011920929;0.800000011920929
lidar;18.0;35.0;24.96268653869629;24.869234085083008;9.734498977661133;0.29829972982406616;24.96255874633789;24.868783950805664;9.733585357666016;0.29932699639771604;0.9997795820259572;0.800000011920929;0.800000011920929;0.800000011920929
lidar;18.0;35.0;24.962358474731445;24.873878479003906;9.732163429260254;0.2984291911125183;24.966890335083008;24.88906478881836;9.764415740966797;0.2624929835380589;0.9993454218075838;0.800000011920929;0.800000011920929;0.800000011920929
lidar;18.0;35.0;24.9620304107666;24.878528594970703;9.729825019836426;0.29864993691444397;24.96597671508789;24.89115333557129;9.75790786743164;0.2676073849853819;0.9986068011287764;0.800000011920929;0.800000011920929;0.800000011920929
lidar;18.0;35.0;24.961700439453125;24.88318634033203;9.727481842041016;0.2989620268344879;24.975500106811523;24.92527198791504;9.825667381286621;0.1912495910939414;0.9975640773232373;0.800000011920929;0.800000011920929;0.800000011920929
lidar;18.0;35.0;24.96137046813965;24.887855529785156;9.725133895874023;0.2993660867214203;24.95946502685547;24.882326126098633;9.711580276489258;0.3141280581696434;0.9962174296224694;0.800000011920929;0.800000011920929;0.800000011920929
lidar;18.0;35.0;24.961042404174805;24.892547607421875;9.722801208496094;0.2998385727405548;24.963958740234375;24.900588989257812;9.743545532226562;0.2773995902204446;0.9953122142176383;0.800000011920929;0.800000011920929;0.800000011920929
lidar;18.0;35.0;24.960838317871094;24.8975830078125;9.721349716186523;0.29944735765457153;24.95623016357422;24.885528564453125;9.688552856445312;0.33469183709140704;0.9966126680669811;0.800000011920929;0.800000011920929;0.800000011920929
lidar;18.0;35.0;24.960634231567383;24.902606964111328;9.719902038574219;0.2991480529308319;24.95999526977539;24.901025772094727;9.715352058410645;0.3040076743924869;0.9976095558260798;0.800000011920929;0.800000011920929;0.800000011920929
lidar;18.0;35.0;24.96044158935547;24.907644271850586;9.718522071838379;0.29887154698371887;24.958776473999023;24.90376091003418;9.706686019897461;0.31143907028226425;0.9985327720896411;0.800000011920929;0.800000011920929;0.800000011920929
lidar;18.0;35.0;24.960254669189453;24.912687301635742;9.717193603515625;0.2986348271369934;24.946210861206055;24.881837844848633;9.61727237701416;0.40414814691465506;0.999324321767392;0.800000011920929;0.800000011920929;0.800000011920929
lidar;18.0;35.0;24.960067749023438;24.917724609375;9.715866088867188;0.2984893321990967;24.965129852294922;24.92815399169922;9.75188159942627;0.2606536841389925;0.999811470499133;0.800000011920929;0.800000011920929;0.800000011920929
lidar;18.0;35.0;24.959880828857422;24.922760009765625;9.714539527893066;0.2984348237514496;24.96467399597168;24.93198585510254;9.748638153076172;0.2627865009542816;0.9999940395358194;0.800000011920929;0.800000011920929;0.800000011920929
lidar;18.0;35.0;24.95969581604004;24.927793502807617;9.713212966918945;0.29847124218940735;24.964662551879883;24.93669319152832;9.748562812805176;0.2616815632895995;0.9998720288228753;0.800000011920929;0.800000011920929;0.800000011920929
lidar;18.0;35.0;24.959508895874023;24.932830810546875;9.711885452270508;0.2985987365245819;24.967716217041016;24.94644546508789;9.77028751373291;0.23807187248981398;0.9994454383696235;0.800000011920929;0.800000011920929;0.800000011920929
lidar;18.0;35.0;24.959321975708008;24.9378719329834;9.710556983947754;0.2988174259662628;24.954378128051758;24.930320739746094;9.675379753112793;0.33513380756554195;0.9987144469711314;0.800000011920929;0.800000011920929;0.800000011920929
lidar;18.0;35.0;24.959152221679688;24.942949295043945;9.709352493286133;0.29899758100509644;24.97041893005371;24.958683013916016;9.789515495300293;0.21653162360469702;0.9981126189271228;0.800000011920929;0.800000011920929;0.800000011920929
lidar;18.0;35.0;24.958988189697266;24.948040008544922;9.708184242248535;0.29922938346862793;24.96011734008789;24.9494686126709;9.716215133666992;0.2909946675263006;0.9973394277260917;0.800000011920929;0.800000011920929;0.800000011920929
lidar;18.0;35.0;24.958824157714844;24.953140258789062;9.707014083862305;0.29955291748046875;24.96831703186035;24.963943481445312;9.774568557739258;0.23048486104543764;0.9962624309116614;0.800000011920929;0.800000011920929;0.800000011920929
lidar;18.0;35.0;24.95865821838379;24.958251953125;9.705841064453125;0.2999686300754547;24.936691284179688;24.93606948852539;9.54953670501709;0.4593609221695365;0.994882046962244;0.800000011920929;0.800000011920929;0.800000011920929
lidar;18.0;35.0;24.95860481262207;24.96347999572754;9.705459594726562;0.2996683418750763;24.955535888671875;24.960771560668945;9.683627128601074;0.32188167465266115;0.9962390659292522;0.800000011920929;0.800000011920929;0.800000011920929
lidar;18.0;35.0;24.958559036254883;24.968704223632812;9.705135345458984;0.29940247535705566;24.953495025634766;24.964879989624023;9.669102668762207;0.3359898163789736;0.9971235992027804;0.800000011920929;0.800000011920929;0.800000011920929
lidar;18.0;35.0;24.95851707458496;24.973922729492188;9.704837799072266;0.2992017865180969;24.9696044921875;24.980892181396484;9.783721923828125;0.2192373514503845;0.9977923633959849;0.800000011920929;0.800000011920929;0.800000011920929
lidar;18.0;35.0;24.958484649658203;24.97913932800293;9.704597473144531;0.2990344762802124;24.94474220275879;24.97223663330078;9.606822967529297;0.3980109137671886;0.9983505606265274;0.800000011920929;0.800000011920929;0.800000011920929
lidar;18.0;35.0;24.958454132080078;24.984355926513672;9.704384803771973;0.29893043637275696;24.957839965820312;24.9841251373291;9.700019836425781;0.30334397033325033;0.9986979961651831;0.800000011920929;0.800000011920929;0.800000011920929
lidar;18.0;35.0;24.958433151245117;24.98957061767578;9.70423698425293;0.2988521456718445;24.952972412109375;24.988201141357422;9.665382385253906;0.33811172203742274;0.9989597201744381;0.800000011920929;0.800000011920929;0.800000011920929
lidar;18.0;35.0;24.958419799804688;24.99478530883789;9.704146385192871;0.29880693554878235;24.960615158081055;24.995059967041016;9.719767570495605;0.28302990023736885;0.9991107582395697;0.800000011920929;0.800000011920929;0.800000011920929
lidar;18.0;35.0;24.95841407775879;25.0;9.704095840454102;0.2988118827342987;24.962892532348633;25.0;9.735960960388184;0.2666336719335852;0.999094426615914;0.800000011920929;0.800000011920929;0.800000011920929
lidar;18.0;35.0;24.958419799804688;25.00521469116211;9.704146385192871;0.29880693554878235;24.955984115600586;25.00551986694336;9.686809539794922;0.31631647443441924;0.9991107582395697;0.800000011920929;0.800000011920929;0.800000011920929
lidar;18.0;35.0;24.958433151245117;25.01042938232422;9.70423698425293;0.2988521456718445;24.958280563354492;25.010467529296875;9.703143119812012;0.29995669857192914;0.9989597201744381;0.800000011920929;0.800000011920929;0.800000011920929
lidar;18.0;35.0;24.958454132080078;25.015644073486328;9.704384803771973;0.29893046617507935;24.97074317932129;25.011016845703125;9.791829109191895;0.21050500697723878;0.9986979961651831;0.800000011920929;0.800000011920929;0.800000011920929
lidar;18.0;35.0;24.958484649658203;25.02086067199707;9.704597473144531;0.2990344762802124;24.9582576751709;25.020973205566406;9.702983856201172;0.3006674850679117;0.9983505606265274;0.800000011920929;0.800000011920929;0.800000011920929
lidar;18.0;35.0;24.95851707458496;25.026077270507812;9.704837799072266;0.2992017865180969;24.958515167236328;25.026079177856445;9.704819679260254;0.29921981969088546;0.9977923633959849;0.800000011920929;0.800000011920929;0.800000011920929
lidar;18.0;35.0;24.958559036254883;25.031295776367188;9.705135345458984;0.29940247535705566;24.947799682617188;25.03942108154297;9.62857437133789;0.3771414838907883;0.9971235992027804;0.800000011920929;0.800000011920929;0.800000011920929
lidar;18.0;35.0;24.95860481262207;25.03652000427246;9.705459594726562;0.2996683418750763;24.949148178100586;25.044864654541016;9.638165473937988;0.36813486615244245;0.9962390659292522;0.800000011920929;0.800000011920929;0.800000011920929
lidar;18.0;35.0;24.95865821838379;25.041748046875;9.705841064453125;0.2999686300754547;24.95500373840332;25.045438766479492;9.679839134216309;0.32648435940575;0.994882046962244;0.800000011920929;0.800000011920929;0.800000011920929
lidar;18.0;35.0;24.958824157714844;25.046859741210938;9.707014083862305;0.29955294728279114;24.946372985839844;25.061031341552734;9.61841869354248;0.39013451188668347;0.9962624309116614;0.800000011920929;0.800000011920929;0.800000011920929
lidar;18.0;35.0;24.958988189697266;25.051959991455078;9.708184242248535;0.2992294430732727;24.953022003173828;25.059518814086914;9.66573429107666;0.3427582037070645;0.9973394277260917;0.800000011920929;0.800000011920929;0.800000011920929
lidar;18.0;35.0;24.959152221679688;25.057050704956055;9.709352493286133;0.2989976406097412;24.95576286315918;25.061784744262695;9.685235023498535;0.3238073956258191;0.9981126189271228;0.800000011920929;0.800000011920929;0.800000011920929
lidar;18.0;35.0;24.959321975708008;25.0621280670166;9.710556983947754;0.29881739616394043;24.96747589111328;25.04967498779297;9.768574714660645;0.23892109684142357;0.9987144469711314;0.800000011920929;0.800000011920929;0.800000011920929
lidar;18.0;35.0;24.959508895874023;25.067169189453125;9.711885452270508;0.2985988259315491;24.95915985107422;25.067747116088867;9.70941162109375;0.3011630101203;0.9994454383696235;0.800000011920929;0.800000011920929;0.800000011920929
lidar;18.0;35.0;24.95969581604004;25.072206497192383;9.713212966918945;0.2984714210033417;24.964099884033203;25.064313888549805;9.744558334350586;0.2658486693890453;0.9998720288228753;0.800000011920929;0.800000011920929;0.800000011920929
lidar;18.0;35.0;24.959880828857422;25.077239990234375;9.714539527893066;0.2984349727630615;24.961244583129883;25.074617385864258;9.724235534667969;0.2882978944326484;0.9999940395358194;0.800000011920929;0.800000011920929;0.800000011920929
lidar;18.0;35.0;24.960067749023438;25.082275390625;9.715866088867188;0.29848945140838623;24.968759536743164;25.064367294311523;9.777706146240234;0.2335246737758092;0.999811470499133;0.800000011920929;0.800000011920929;0.800000011920929
lidar;18.0;35.0;24.960254669189453;25.087312698364258;9.717193603515625;0.29863491654396057;24.95865249633789;25.090831756591797;9.705796241760254;0.31066947435147513;0.999324321767392;0.800000011920929;0.800000011920929;0.800000011920929
lidar;18.0;35.0;24.96044158935547;25.092355728149414;9.718522071838379;0.29887157678604126;24.951255798339844;25.113800048828125;9.653165817260742;0.3682670233540325;0.9985328315985741;0.800000011920929;0.800000011920929;0.800000011920929
lidar;18.0;35.0;24.960634231567383;25.097393035888672;9.719902038574219;0.2991481125354767;24.969989776611328;25.074249267578125;9.78646183013916;0.22806153127478962;0.9976095558260798;0.800000011920929;0.800000011920929;0.800000011920929
lidar;18.0;35.0;24.960838317871094;25.1024169921875;9.721349716186523;0.2994473874568939;24.95713996887207;25.112089157104492;9.695033073425293;0.32772862084726784;0.9966126680669811;0.800000011920929;0.800000011920929;0.800000011920929
lidar;18.0;35.0;24.961042404174805;25.107452392578125;9.722800254821777;0.2998386025428772;24.957529067993164;25.117141723632812;9.697805404663086;0.3268754175964277;0.9953122142176383;0.800000011920929;0.800000011920929;0.800000011920929
lidar;18.0;35.0;24.96137046813965;25.112144470214844;9.725133895874023;0.29936617612838745;24.96473503112793;25.102375030517578;9.749077796936035;0.273288346528204;0.9962174296224694;0.800000011920929;0.800000011920929;0.800000011920929
lidar;18.0;35.0;24.961700439453125;25.11681365966797;9.727481842041016;0.29896217584609985;24.948389053344727;25.157413482666016;9.632767677307129;0.4028674223690526;0.9975640175546863;0.800000011920929;0.800000011920929;0.800000011920929
lidar;18.0;35.0;24.9620304107666;25.121471405029297;9.729825019836426;0.2986500561237335;24.962385177612305;25.120332717895508;9.73236083984375;0.2958471785072858;0.9986068011287764;0.800000011920929;0.800000011920929;0.800000011920929
lidar;18.0;35.0;24.962358474731445;25.126121520996094;9.732163429260254;0.2984294295310974;24.962200164794922;25.12665367126465;9.731033325195312;0.2996889241048636;0.9993454218075838;0.800000011920929;0.800000011920929;0.800000011920929
lidar;18.0;35.0;24.96268653869629;25.130765914916992;9.734498977661133;0.2982999086380005;24.973644256591797;25.092365264892578;9.812467575073242;0.21069978046239585;0.9997795820259572;0.800000011920929;0.800000011920929;0.800000011920929
lidar;18.0;35.0;24.963014602661133;25.135408401489258;9.736833572387695;0.2982613146305084;24.962575912475586;25.137014389038086;9.733711242675781;0.3018001704291732;0.9999092817291726;0.800000011920929;0.800000011920929;0.800000011920929
lidar;18.0;35.0;24.963342666625977;25.14004898071289;9.739168167114258;0.29831361770629883;24.97745132446289;25.086149215698242;9.83955192565918;0.1835046478651866;0.9997343421165876;0.800000011920929;0.800000011920929;0.800000011920929
lidar;18.0;35.0;24.96367073059082;25.144695281982422;9.741503715515137;0.2984568476676941;24.968088150024414;25.127105712890625;9.772928237915039;0.2621748638932783;0.9992548824027733;0.800000011920929;0.800000011920929;0.800000011920929
lidar;18.0;35.0;24.963998794555664;25.14934539794922;9.743843078613281;0.2986912131309509;24.95311164855957;25.19451332092285;9.666372299194336;0.38902647809935004;0.9984710216912323;0.800000011920929;0.800000011920929;0.800000011920929
lidar;18.0;35.0;24.96432876586914;25.15400505065918;9.746186256408691;0.2990171015262604;24.978181838989258;25.094200134277344;9.844749450683594;0.18290013937761435;0.9973830580860732;0.800000011920929;0.800000011920929;0.800000011920929
lidar;18.0;35.0;24.964658737182617;25.158676147460938;9.748536109924316;0.299435019493103;24.96108055114746;25.174745559692383;9.723071098327637;0.32975741928273256;0.9959912893089145;0.800000011920929;0.800000011920929;0.800000011920929
lidar;18.0;35.0;24.96500587463379;25.163286209106445;9.751008033752441;0.2998069226741791;24.958370208740234;25.19424819946289;9.703794479370117;0.3566562066573716;0.9938896299596468;0.800000011920929;0.800000011920929;0.800000011920929
lidar;18.0;35.0;24.965452194213867;25.167438507080078;9.754178047180176;0.2994292974472046;24.96208381652832;25.183757781982422;9.730217933654785;0.3286143020827307;0.9951431153188787;0.800000011920929;0.800000011920929;0.800000011920929
lidar;18.0;35.0;24.965896606445312;25.171579360961914;9.757343292236328;0.2991402745246887;24.96797752380371;25.16110610961914;9.772154808044434;0.28088074813116104;0.9961044791529847;0.800000011920929;0.800000011920929;0.800000011920929
lidar;18.0;35.0;24.966358184814453;25.17562484741211;9.760625839233398;0.2987906336784363;24.971914291381836;25.146617889404297;9.800161361694336;0.24944224911286353;0.9972699284081091;0.800000011920929;0.800000011920929;0.800000011920929
lidar;18.0;35.0;24.96681785583496;25.17966079711914;9.763901710510254;0.2985326647758484;24.966482162475586;25.18148422241211;9.761506080627441;0.3015619661833245;0.998131394360166;0.800000011920929;0.800000011920929;0.800000011920929
lidar;18.0;35.0;24.96727752685547;25.183692932128906;9.767172813415527;0.2983660101890564;24.961837768554688;25.2142333984375;9.728461265563965;0.34797399394974277;0.9986888766950621;0.800000011920929;0.800000011920929;0.800000011920929
lidar;18.0;35.0;24.967737197875977;25.187719345092773;9.770441055297852;0.2982902228832245;24.973594665527344;25.153642654418945;9.812113761901855;0.24414081966094633;0.9989421963076415;0.800000011920929;0.800000011920929;0.800000011920929
lidar;18.0;35.0;24.968196868896484;25.191747665405273;9.77370834350586;0.2983054220676422;24.962478637695312;25.226224899291992;9.733020782470703;0.3519417572748967;0.9988911747247091;0.800000011920929;0.800000011920929;0.800000011920929
lidar;18.0;35.0;24.968656539916992;25.195775985717773;9.7769775390625;0.2984115183353424;24.959396362304688;25.253610610961914;9.71109390258789;0.38656604192080535;0.9985359310511451;0.800000011920929;0.800000011920929;0.800000011920929
lidar;18.0;35.0;24.9691162109375;25.19980812072754;9.780250549316406;0.298608660697937;24.97220802307129;25.1798038482666;9.802249908447266;0.2687140258294533;0.9978765248290142;0.800000011920929;0.800000011920929;0.800000011920929
lidar;18.0;35.0;24.96957778930664;25.203847885131836;9.783528327941895;0.2988971471786499;24.963123321533203;25.247089385986328;9.737608909606934;0.3623010426967038;0.9969131349525191;0.800000011920929;0.800000011920929;0.800000011920929
lidar;18.0;35.0;24.97003936767578;25.207895278930664;9.786812782287598;0.2992774248123169;24.97313117980957;25.186437606811523;9.808816909790039;0.26838706773442916;0.9956460594769837;0.800000011920929;0.800000011920929;0.800000011920929
lidar;18.0;35.0;24.970569610595703;25.211467742919922;9.790590286254883;0.29906022548675537;24.96864128112793;25.225318908691406;9.776873588562012;0.31864981409680115;0.995430946092793;0.800000011920929;0.800000011920929;0.800000011920929
lidar;18.0;35.0;24.96691131591797;24.788484573364258;9.791088104248047;0.2991285026073456;24.9659481048584;24.78232765197754;9.785008430480957;0.30783462833788006;0.9952034946967427;0.800000011920929;0.800000011920929;0.800000011920929
lidar;18.0;35.0;24.96630096435547;24.791967391967773;9.787227630615234;0.29947519302368164;24.97317123413086;24.834381103515625;9.830608367919922;0.23841747982076097;0.9949886199566895;0.800000011920929;0.800000011920929;0.800000011920929
lidar;18.0;35.0;24.96578025817871;24.7960147857666;9.783946990966797;0.2990976572036743;24.955286026000977;24.73345184326172;9.717681884765625;0.39083377333600455;0.9962446686954929;0.800000011920929;0.800000011920929;0.800000011920929
lidar;18.0;35.0;24.965261459350586;24.80005645751953;9.780673027038574;0.2988119423389435;24.960548400878906;24.772924423217773;9.750910758972168;0.33936045018477323;0.9971973300840905;0.800000011920929;0.800000011920929;0.800000011920929
lidar;18.0;35.0;24.964744567871094;24.804088592529297;9.77740478515625;0.29861778020858765;24.961200714111328;24.784400939941406;9.755034446716309;0.32862855034962984;0.9978461263234331;0.800000011920929;0.800000011920929;0.800000011920929
lidar;18.0;35.0;24.9642276763916;24.80811882019043;9.774140357971191;0.29851460456848145;24.967994689941406;24.82832145690918;9.797921180725098;0.2670837453363166;0.9981911181499425;0.800000011920929;0.800000011920929;0.800000011920929
lidar;18.0;35.0;24.96371078491211;24.81214714050293;9.770875930786133;0.29850247502326965;24.962871551513672;24.80780601501465;9.765581130981445;0.3054008493389131;0.9982318878449371;0.800000011920929;0.800000011920929;0.800000011920929
lidar;18.0;35.0;24.963197708129883;24.816192626953125;9.767634391784668;0.2985517084598541;24.95660972595215;24.783292770385742;9.726041793823242;0.3519913752578824;0.9980676770578496;0.800000011920929;0.800000011920929;0.800000011920929
lidar;18.0;35.0;24.96269989013672;24.820322036743164;9.764494895935059;0.29855984449386597;24.95359992980957;24.776487350463867;9.707039833068848;0.37139774011266885;0.9980406163989579;0.800000011920929;0.800000011920929;0.800000011920929
lidar;18.0;35.0;24.962202072143555;24.824453353881836;9.761354446411133;0.29865893721580505;24.969493865966797;24.858320236206055;9.807394027709961;0.24104118866582877;0.99770969138691;0.800000011920929;0.800000011920929;0.800000011920929
lidar;18.0;35.0;24.96170425415039;24.82858657836914;9.758211135864258;0.29884910583496094;24.958375930786133;24.81368637084961;9.737191200256348;0.3248289210745211;0.9970747233127447;0.800000011920929;0.800000011920929;0.800000011920929
lidar;18.0;35.0;24.961206436157227;24.832727432250977;9.755062103271484;0.29913073778152466;24.96559715270996;24.851667404174805;9.782794952392578;0.265262473133397;0.9961361287160844;0.800000011920929;0.800000011920929;0.800000011920929
lidar;18.0;35.0;24.96070671081543;24.836877822875977;9.751907348632812;0.29950419068336487;24.95734214782715;24.82291603088379;9.730672836303711;0.3251392364051349;0.9948940874278556;0.800000011920929;0.800000011920929;0.800000011920929
lidar;18.0;35.0;24.96027946472168;24.841337203979492;9.749212265014648;0.299409955739975;24.96936798095703;24.877641677856445;9.806594848632812;0.230901764193936;0.9960745574936157;0.800000011920929;0.800000011920929;0.800000011920929
lidar;18.0;35.0;24.95990753173828;24.84600830078125;9.746869087219238;0.2989918291568756;24.968835830688477;24.880300521850586;9.803238868713379;0.23240887297767038;0.9974672199238379;0.800000011920929;0.800000011920929;0.800000011920929
lidar;18.0;35.0;24.959537506103516;24.85066795349121;9.744532585144043;0.2986656725406647;24.960163116455078;24.852975845336914;9.748480796813965;0.294049655721612;0.9985560774150114;0.800000011920929;0.800000011920929;0.800000011920929
lidar;18.0;35.0;24.959169387817383;24.855318069458008;9.742199897766113;0.29843100905418396;24.956167221069336;24.84467887878418;9.723243713378906;0.32037421799181115;0.999340772599637;0.800000011920929;0.800000011920929;0.800000011920929
lidar;18.0;35.0;24.958799362182617;24.859962463378906;9.739870071411133;0.2982875108718872;24.969270706176758;24.895549774169922;9.805976867675781;0.22248367427532484;0.9998210668426264;0.800000011920929;0.800000011920929;0.800000011920929
lidar;18.0;35.0;24.958431243896484;24.86460304260254;9.737542152404785;0.2982349991798401;24.949081420898438;24.834152221679688;9.678512573242188;0.3653110454469451;0.9999967813493997;0.800000011920929;0.800000011920929;0.800000011920929
lidar;18.0;35.0;24.95806121826172;24.869245529174805;9.735214233398438;0.2982732951641083;24.971506118774414;24.91115951538086;9.820094108581543;0.20265875890567137;0.9998679161198909;0.800000011920929;0.800000011920929;0.800000011920929
lidar;18.0;35.0;24.957693099975586;24.873889923095703;9.732885360717773;0.2984026074409485;24.965484619140625;24.89711570739746;9.782079696655273;0.24344607495520457;0.9994344710703952;0.800000011920929;0.800000011920929;0.800000011920929
lidar;18.0;35.0;24.95732307434082;24.878538131713867;9.730552673339844;0.29862311482429504;24.960102081298828;24.88644790649414;9.748098373413086;0.27917816430678305;0.9986965655486907;0.800000011920929;0.800000011920929;0.800000011920929
lidar;18.0;35.0;24.956953048706055;24.883195877075195;9.728217124938965;0.2989349365234375;24.948915481567383;24.861387252807617;9.677468299865723;0.3547531794716857;0.9976544976585098;0.800000011920929;0.800000011920929;0.800000011920929
lidar;18.0;35.0;24.95658302307129;24.88786506652832;9.725874900817871;0.29933878779411316;24.94906997680664;24.86846351623535;9.678443908691406;0.35113231849168713;0.9963085053993097;0.800000011920929;0.800000011920929;0.800000011920929
lidar;18.0;35.0;24.95621109008789;24.892549514770508;9.723526000976562;0.2998351454734802;24.95088005065918;24.879467010498047;9.689868927001953;0.33633640661798947;0.9946589466488315;0.800000011920929;0.800000011920929;0.800000011920929
lidar;18.0;35.0;24.955951690673828;24.89751434326172;9.721890449523926;0.29964718222618103;24.959030151367188;24.904678344726562;9.74133014678955;0.27870153719498614;0.9959481952306017;0.800000011920929;0.800000011920929;0.800000011920929
lidar;18.0;35.0;24.95574188232422;24.90258026123047;9.720559120178223;0.29922690987586975;24.958181381225586;24.9079532623291;9.735970497131348;0.2827240149936605;0.997347116689293;0.800000011920929;0.800000011920929;0.800000011920929
lidar;18.0;35.0;24.955530166625977;24.907634735107422;9.719230651855469;0.2988986074924469;24.958553314208984;24.91391372680664;9.73831558227539;0.2785810626185712;0.9984422922739834;0.800000011920929;0.800000011920929;0.800000011920929
lidar;18.0;35.0;24.955320358276367;24.91267967224121;9.717904090881348;0.29866206645965576;24.946300506591797;24.895050048828125;9.660951614379883;0.3589599551041469;0.9992333650814155;0.800000011920929;0.800000011920929;0.800000011920929
lidar;18.0;35.0;24.955110549926758;24.91771697998047;9.716580390930176;0.2985166907310486;24.948469161987305;24.905542373657227;9.67464542388916;0.34268552645293315;0.9997200369802834;0.800000011920929;0.800000011920929;0.800000011920929
lidar;18.0;35.0;24.95490074157715;24.922752380371094;9.715256690979004;0.29846227169036865;24.96053123474121;24.932395935058594;9.750804901123047;0.2612017994448865;0.9999021291698919;0.800000011920929;0.800000011920929;0.800000011920929
lidar;18.0;35.0;24.95469093322754;24.927785873413086;9.713933944702148;0.29849889874458313;24.956653594970703;24.9309139251709;9.726325035095215;0.28556917417353606;0.9997797012443843;0.800000011920929;0.800000011920929;0.800000011920929
lidar;18.0;35.0;24.954486846923828;24.932830810546875;9.712638854980469;0.29859644174575806;24.944501876831055;24.918094635009766;9.649595260620117;0.36410505720157327;0.9994533657860517;0.800000011920929;0.800000011920929;0.800000011920929
lidar;18.0;35.0;24.954301834106445;24.937908172607422;9.711477279663086;0.29864493012428284;24.961259841918945;24.94736099243164;9.755400657653809;0.2531805031667459;0.999291121923787;0.800000011920929;0.800000011920929;0.800000011920929
lidar;18.0;35.0;24.954118728637695;24.942989349365234;9.710315704345703;0.29878443479537964;24.971433639526367;24.96450424194336;9.819642066955566;0.18602397065605913;0.9988245368851797;0.800000011920929;0.800000011920929;0.800000011920929
lidar;18.0;35.0;24.953933715820312;24.948076248168945;9.709153175354004;0.2990152835845947;24.958330154418945;24.953031539916992;9.736905097961426;0.2704835400998279;0.9980536699741747;0.800000011920929;0.800000011920929;0.800000011920929
lidar;18.0;35.0;24.953750610351562;24.95317268371582;9.707987785339355;0.2993377149105072;24.94793128967285;24.947280883789062;9.671249389648438;0.33699750266313694;0.996978759778691;0.800000011920929;0.800000011920929;0.800000011920929
lidar;18.0;35.0;24.953594207763672;24.958309173583984;9.707006454467773;0.2995607852935791;24.94346046447754;24.94920539855957;9.643022537231445;0.36497871750079985;0.9962363243347657;0.800000011920929;0.800000011920929;0.800000011920929
lidar;18.0;35.0;24.95344352722168;24.963457107543945;9.706047058105469;0.29985225200653076;24.96192741394043;24.970115661621094;9.75961685180664;0.24520709248882233;0.9952681657372109;0.800000011920929;0.800000011920929;0.800000011920929
lidar;18.0;35.0;24.95336151123047;24.968664169311523;9.705535888671875;0.2997770607471466;24.94162940979004;24.96078109741211;9.63145923614502;0.3751896339307329;0.9958775043803779;0.800000011920929;0.800000011920929;0.800000011920929
lidar;18.0;35.0;24.953323364257812;24.973894119262695;9.705292701721191;0.2995211184024811;24.95398712158203;24.974266052246094;9.709481239318848;0.29526332646816056;0.9967284799094036;0.800000011920929;0.800000011920929;0.800000011920929
lidar;18.0;35.0;24.953285217285156;24.97911834716797;9.70505142211914;0.2993538975715637;24.949356079101562;24.97736167907715;9.680248260498047;0.32452818508927045;0.9972852466804496;0.800000011920929;0.800000011920929;0.800000011920929
lidar;18.0;35.0;24.953256607055664;24.98434066772461;9.704876899719238;0.2992117404937744;24.949169158935547;24.98297119140625;9.679065704345703;0.3253809934783095;0.9977589843311169;0.800000011920929;0.800000011920929;0.800000011920929
lidar;18.0;35.0;24.95323371887207;24.989561080932617;9.704729080200195;0.2991334795951843;24.949186325073242;24.988656997680664;9.679180145263672;0.32501730277196283;0.9980198742546524;0.800000011920929;0.800000011920929;0.800000011920929
lidar;18.0;35.0;24.953222274780273;24.994781494140625;9.704658508300781;0.2990688979625702;24.958663940429688;24.99538803100586;9.739015579223633;0.26427740494381796;0.9982355833646166;0.800000011920929;0.800000011920929;0.800000011920929
lidar;18.0;35.0;24.953214645385742;25.0;9.704607963562012;0.29907387495040894;24.953617095947266;25.0;9.707151412963867;0.2964986495974314;0.9982190728949937;0.800000011920929;0.800000011920929;0.800000011920929
lidar;18.0;35.0;24.953222274780273;25.005218505859375;9.704658508300781;0.2990689277648926;24.96184539794922;25.004257202148438;9.759103775024414;0.24393628941679488;0.9982355833646166;0.800000011920929;0.800000011920929;0.800000011920929
lidar;18.0;35.0;24.95323371887207;25.010438919067383;9.704729080200195;0.2991334795951843;24.964982986450195;25.007816314697266;9.778916358947754;0.22397633509377324;0.9980198742546524;0.800000011920929;0.800000011920929;0.800000011920929
lidar;18.0;35.0;24.953256607055664;25.01565933227539;9.704876899719238;0.2992117404937744;24.958166122436523;25.014015197753906;9.735876083374023;0.26778317694546505;0.9977589843311169;0.800000011920929;0.800000011920929;0.800000011920929
lidar;18.0;35.0;24.953285217285156;25.02088165283203;9.70505142211914;0.2993538975715637;24.94940757751465;25.022615432739258;9.680574417114258;0.3241967701436193;0.9972852466804496;0.800000011920929;0.800000011920929;0.800000011920929
lidar;18.0;35.0;24.953323364257812;25.026105880737305;9.705292701721191;0.2995211184024811;24.955997467041016;25.024608612060547;9.722186088562012;0.28235163948701175;0.9967284799094036;0.800000011920929;0.800000011920929;0.800000011920929
lidar;18.0;35.0;24.95336151123047;25.031335830688477;9.705535888671875;0.2997770607471466;24.94835090637207;25.03470230102539;9.67389965057373;0.33198407838897825;0.9958775043803779;0.800000011920929;0.800000011920929;0.800000011920929
lidar;18.0;35.0;24.95344352722168;25.036542892456055;9.706047058105469;0.2998522222042084;24.963146209716797;25.028926849365234;9.767312049865723;0.2373573314164542;0.9952681657372109;0.800000011920929;0.800000011920929;0.800000011920929
lidar;18.0;35.0;24.953594207763672;25.041690826416016;9.707006454467773;0.2995607852935791;24.945358276367188;25.049091339111328;9.65500259399414;0.3527310465627115;0.9962363243347657;0.800000011920929;0.800000011920929;0.800000011920929
lidar;18.0;35.0;24.953750610351562;25.04682731628418;9.707987785339355;0.2993377447128296;24.958290100097656;25.04222869873047;9.73665714263916;0.2699485701607728;0.996978759778691;0.800000011920929;0.800000011920929;0.800000011920929
lidar;18.0;35.0;24.953933715820312;25.051923751831055;9.709153175354004;0.2990153431892395;24.96289825439453;25.041818618774414;9.765753746032715;0.24082502239637696;0.9980536699741747;0.800000011920929;0.800000011920929;0.800000011920929
lidar;18.0;35.0;24.954118728637695;25.057010650634766;9.710315704345703;0.2987845540046692;24.953262329101562;25.058073043823242;9.704915046691895;0.3043555214255229;0.9988245368851797;0.800000011920929;0.800000011920929;0.800000011920929
lidar;18.0;35.0;24.954301834106445;25.062091827392578;9.711477279663086;0.2986449897289276;24.946115493774414;25.073217391967773;9.659781455993652;0.35215503583388785;0.999291121923787;0.800000011920929;0.800000011920929;0.800000011920929
lidar;18.0;35.0;24.954486846923828;25.067169189453125;9.712638854980469;0.29859644174575806;24.950849533081055;25.072534561157227;9.68968391418457;0.3224489604297295;0.9994533657860517;0.800000011920929;0.800000011920929;0.800000011920929
lidar;18.0;35.0;24.95469093322754;25.072214126586914;9.713933944702148;0.2984989583492279;24.94905662536621;25.081193923950195;9.678357124328613;0.3356212150606472;0.9997797012443843;0.800000011920929;0.800000011920929;0.800000011920929
lidar;18.0;35.0;24.95490074157715;25.077247619628906;9.715256690979004;0.2984623908996582;24.949716567993164;25.086130142211914;9.682517051696777;0.3327794596664879;0.9999021291698919;0.800000011920929;0.800000011920929;0.800000011920929
lidar;18.0;35.0;24.955110549926758;25.08228302001953;9.716580390930176;0.29851675033569336;24.947879791259766;25.095535278320312;9.67093276977539;0.3465951798127516;0.9997200369802834;0.800000011920929;0.800000011920929;0.800000011920929
lidar;18.0;35.0;24.955320358276367;25.08732032775879;9.717904090881348;0.2986621558666229;24.95184326171875;25.094114303588867;9.695954322814941;0.32190159388888206;0.9992333650814155;0.800000011920929;0.800000011920929;0.800000011920929
lidar;18.0;35.0;24.955530166625977;25.092365264892578;9.719230651855469;0.29889872670173645;24.961925506591797;25.07908058166504;9.759611129760742;0.2559103916200705;0.9984422922739834;0.800000011920929;0.800000011920929;0.800000011920929
lidar;18.0;35.0;24.95574188232422;25.09741973876953;9.720559120178223;0.29922690987586975;24.95627784729004;25.09623908996582;9.723942756652832;0.2956033167670714;0.997347116689293;0.800000011920929;0.800000011920929;0.800000011920929
lidar;18.0;35.0;24.955951690673828;25.10248565673828;9.721890449523926;0.29964718222618103;24.95244598388672;25.110639572143555;9.699761390686035;0.32348992464663184;0.9959481952306017;0.800000011920929;0.800000011920929;0.800000011920929
lidar;18.0;35.0;24.95621109008789;25.107450485229492;9.723526000976562;0.2998351752758026;24.955350875854492;25.10956382751465;9.718091011047363;0.3057295092808905;0.9946589466488315;0.800000011920929;0.800000011920929;0.800000011920929
lidar;18.0;35.0;24.95658302307129;25.11213493347168;9.725874900817871;0.29933878779411316;24.95856285095215;25.107019424438477;9.738380432128906;0.28568302434594833;0.996308445916735;0.800000011920929;0.800000011920929;0.800000011920929
lidar;18.0;35.0;24.956953048706055;25.116804122924805;9.728217124938965;0.29893502593040466;24.95502471923828;25.122037887573242;9.716035842895508;0.31233270446815314;0.9976544976585098;0.800000011920929;0.800000011920929;0.800000011920929
lidar;18.0;35.0;24.95732307434082;25.121461868286133;9.730552673339844;0.2986232042312622;24.95920753479004;25.11610221862793;9.742441177368164;0.28544705940415216;0.9986965655486907;0.800000011920929;0.800000011920929;0.800000011920929
lidar;18.0;35.0;24.957693099975586;25.126110076904297;9.732885360717773;0.2984027862548828;24.950803756713867;25.146644592285156;9.689390182495117;0.34699186226870904;0.9994344710703952;0.800000011920929;0.800000011920929;0.800000011920929
lidar;18.0;35.0;24.95806121826172;25.130754470825195;9.735214233398438;0.2982735335826874;24.96685218811035;25.103347778320312;9.790714263916016;0.23575470320246572;0.9998679161198909;0.800000011920929;0.800000011920929;0.800000011920929
lidar;18.0;35.0;24.958431243896484;25.13539695739746;9.737542152404785;0.2982351779937744;24.953033447265625;25.15297508239746;9.703465461730957;0.33695727125030295;0.9999967813493997;0.800000011920929;0.800000011920929;0.800000011920929
lidar;18.0;35.0;24.958799362182617;25.140037536621094;9.739870071411133;0.29828765988349915;24.975866317749023;25.08203125;9.84762191772461;0.17473038409222602;0.9998210668426264;0.800000011920929;0.800000011920929;0.800000011920929
lidar;18.0;35.0;24.959169387817383;25.144681930541992;9.742199897766113;0.2984310984611511;24.950450897216797;25.17557144165039;9.687159538269043;0.3621458049091555;0.999340772599637;0.800000011920929;0.800000011920929;0.800000011920929
lidar;18.0;35.0;24.959537506103516;25.14933204650879;9.744532585144043;0.29866576194763184;24.954059600830078;25.169551849365234;9.709942817687988;0.3391040635094269;0.9985560774150114;0.800000011920929;0.800000011920929;0.800000011920929
lidar;18.0;35.0;24.95990753173828;25.15399169921875;9.746869087219238;0.2989918887615204;24.957561492919922;25.163007736206055;9.732050895690918;0.3164952397816912;0.9974672792770422;0.800000011920929;0.800000011920929;0.800000011920929
lidar;18.0;35.0;24.96027946472168;25.158662796020508;9.749212265014648;0.299409955739975;24.962858200073242;25.148357391357422;9.765501022338867;0.27996233089211;0.9960746168494861;0.800000011920929;0.800000011920929;0.800000011920929
lidar;18.0;35.0;24.96070671081543;25.163122177124023;9.751907348632812;0.2995041608810425;24.962690353393555;25.15488624572754;9.764431953430176;0.2843841646798451;0.9948940280239393;0.800000011920929;0.800000011920929;0.800000011920929
lidar;18.0;35.0;24.961206436157227;25.167272567749023;9.755062103271484;0.29913070797920227;24.955581665039062;25.19152069091797;9.719554901123047;0.3424951550534126;0.9961360691718683;0.800000011920929;0.800000011920929;0.800000011920929
lidar;18.0;35.0;24.96170425415039;25.17141342163086;9.758211135864258;0.29884907603263855;24.957426071166992;25.190563201904297;9.731197357177734;0.33223715812007254;0.9970747233127447;0.800000011920929;0.800000011920929;0.800000011920929
lidar;18.0;35.0;24.962202072143555;25.175546646118164;9.761354446411133;0.29865890741348267;24.954744338989258;25.210182189941406;9.71427059173584;0.3575830910768665;0.99770969138691;0.800000011920929;0.800000011920929;0.800000011920929
lidar;18.0;35.0;24.96269989013672;25.179677963256836;9.764494895935059;0.2985597848892212;24.96307945251465;25.177846908569336;9.76689338684082;0.2955189364808093;0.9980406163989579;0.800000011920929;0.800000011920929;0.800000011920929
lidar;18.0;35.0;24.963197708129883;25.183807373046875;9.767634391784668;0.29855167865753174;24.96385955810547;25.18049430847168;9.771822929382324;0.2931701818325231;0.9980676770578496;0.800000011920929;0.800000011920929;0.800000011920929
lidar;18.0;35.0;24.96371078491211;25.18785285949707;9.770875930786133;0.29850247502326965;24.955629348754883;25.229684829711914;9.719855308532715;0.3649720455365713;0.9982320665350569;0.800000011920929;0.800000011920929;0.800000011920929
lidar;18.0;35.0;24.9642276763916;25.19188117980957;9.774140357971191;0.29851460456848145;24.960107803344727;25.213979721069336;9.748127937316895;0.33289372242887744;0.9981912375223038;0.800000011920929;0.800000011920929;0.800000011920929
lidar;18.0;35.0;24.964744567871094;25.195911407470703;9.77740478515625;0.29861775040626526;24.968093872070312;25.17729949951172;9.798551559448242;0.27024896992587644;0.9978462455752681;0.800000011920929;0.800000011920929;0.800000011920929
lidar;18.0;35.0;24.965261459350586;25.19994354248047;9.780673027038574;0.29881200194358826;24.96673011779785;25.191495895385742;9.789939880371094;0.28618753830948473;0.9971974493718111;0.800000011920929;0.800000011920929;0.800000011920929
lidar;18.0;35.0;24.96578025817871;25.2039852142334;9.783946990966797;0.2990976870059967;24.967758178710938;25.19219970703125;9.796429634094238;0.28181725097278265;0.9962447880364221;0.800000011920929;0.800000011920929;0.800000011920929
lidar;18.0;35.0;24.96630096435547;25.208032608032227;9.787227630615234;0.29947519302368164;24.96306037902832;25.228031158447266;9.766773223876953;0.3282649163680015;0.9949887391512412;0.800000011920929;0.800000011920929;0.800000011920929
lidar;18.0;35.0;24.96691131591797;25.211515426635742;9.791088104248047;0.29912853240966797;24.977073669433594;25.14655303955078;9.85525131225586;0.20725788545058524;0.995203673995483;0.800000011920929;0.800000011920929;0.800000011920929
lidar;18.0;35.0;24.9632568359375;24.788406372070312;9.791621208190918;0.2992381155490875;24.9464168548584;24.691421508789062;9.6961088180542;0.4363967384398425;0.9948390724004341;0.800000011920929;0.800000011920929;0.800000011920929
lidar;18.0;35.0;24.962560653686523;24.791793823242188;9.78767204284668;0.29972416162490845;24.96034049987793;24.779447555541992;9.775081634521484;0.3174964002200372;0.9941621424714533;0.800000011920929;0.800000011920929;0.800000011920929
lidar;18.0;35.0;24.96198272705078;24.79584312438965;9.784395217895508;0.2993501126766205;24.961565017700195;24.79360008239746;9.782026290893555;0.30263893462932834;0.9954043626849005;0.800000011920929;0.800000011920929;0.800000011920929
lidar;18.0;35.0;24.961406707763672;24.799884796142578;9.781126022338867;0.29906806349754333;24.961463928222656;24.800180435180664;9.781448364257812;0.29862702316480916;0.996343493167865;0.800000011920929;0.800000011920929;0.800000011920929
lidar;18.0;35.0;24.960834503173828;24.803932189941406;9.777875900268555;0.298857182264328;24.962623596191406;24.812896728515625;9.788032531738281;0.28519217112618833;0.9970470068869504;0.800000011920929;0.800000011920929;0.800000011920929
lidar;18.0;35.0;24.960281372070312;24.80807113647461;9.77474308013916;0.29858899116516113;24.958984375;24.801809310913086;9.767394065856934;0.30832958311530334;0.9979425670665865;0.800000011920929;0.800000011920929;0.800000011920929
lidar;18.0;35.0;24.959728240966797;24.81220245361328;9.771613121032715;0.29841214418411255;24.955860137939453;24.794158935546875;9.749670028686523;0.3270832345382234;0.9985342025923721;0.800000011920929;0.800000011920929;0.800000011920929
lidar;18.0;35.0;24.959177017211914;24.81633186340332;9.768486976623535;0.298326313495636;24.94858741760254;24.7686824798584;9.708425521850586;0.3757217064304491;0.998821616117318;0.800000011920929;0.800000011920929;0.800000011920929
lidar;18.0;35.0;24.958627700805664;24.820459365844727;9.765361785888672;0.2983313798904419;24.959218978881836;24.82303237915039;9.768723487854004;0.2940569042592621;0.9988047480881423;0.800000011920929;0.800000011920929;0.800000011920929
lidar;18.0;35.0;24.95807647705078;24.824588775634766;9.762234687805176;0.29842737317085266;24.950164794921875;24.791488647460938;9.717369079589844;0.35474028864588014;0.9984836578419467;0.800000011920929;0.800000011920929;0.800000011920929
lidar;18.0;35.0;24.957523345947266;24.82872200012207;9.759105682373047;0.29861438274383545;24.96364974975586;24.85342025756836;9.793843269348145;0.2555529311999537;0.9978584645538473;0.800000011920929;0.800000011920929;0.800000011920929
lidar;18.0;35.0;24.95697021484375;24.832860946655273;9.75597095489502;0.29889270663261414;24.960468292236328;24.846446990966797;9.775806427001953;0.2745974866330243;0.996929288029881;0.800000011920929;0.800000011920929;0.800000011920929
lidar;18.0;35.0;24.956417083740234;24.83700942993164;9.752830505371094;0.29926273226737976;24.96015167236328;24.85097312927246;9.774005889892578;0.2736237253140946;0.9956964257638258;0.800000011920929;0.800000011920929;0.800000011920929
lidar;18.0;35.0;24.955902099609375;24.8413143157959;9.749906539916992;0.29945412278175354;24.967744827270508;24.88393211364746;9.817072868347168;0.21903082375564542;0.9959275128525177;0.800000011920929;0.800000011920929;0.800000011920929
lidar;18.0;35.0;24.955490112304688;24.845985412597656;9.747570037841797;0.29903629422187805;24.954273223876953;24.841777801513672;9.740675926208496;0.3072035379206798;0.9973186255995846;0.800000011920929;0.800000011920929;0.800000011920929
lidar;18.0;35.0;24.955078125;24.850645065307617;9.7452392578125;0.29871052503585815;24.960081100463867;24.867277145385742;9.77361011505127;0.2654448526543044;0.9984059333251551;0.800000011920929;0.800000011920929;0.800000011920929
lidar;18.0;35.0;24.954668045043945;24.855295181274414;9.742913246154785;0.29847630858421326;24.970914840698242;24.90715789794922;9.835051536560059;0.1915038814707588;0.9991891384071605;0.800000011920929;0.800000011920929;0.800000011920929
lidar;18.0;35.0;24.95425796508789;24.859941482543945;9.740589141845703;0.29833313822746277;24.959728240966797;24.876689910888672;9.771611213684082;0.2626564307045747;0.9996680021329075;0.800000011920929;0.800000011920929;0.800000011920929
lidar;18.0;35.0;24.95384979248047;24.86458396911621;9.738266944885254;0.2982810139656067;24.95679473876953;24.873226165771484;9.754972457885742;0.2792433027649856;0.9998422860962265;0.800000011920929;0.800000011920929;0.800000011920929
lidar;18.0;35.0;24.953439712524414;24.869224548339844;9.735945701599121;0.29831981658935547;24.970731735229492;24.91779136657715;9.834009170532227;0.18753102886052775;0.9997121095564419;0.800000011920929;0.800000011920929;0.800000011920929
lidar;18.0;35.0;24.95302963256836;24.873868942260742;9.733622550964355;0.2984496057033539;24.959712982177734;24.891815185546875;9.771519660949707;0.25598900960772963;0.9992773533440015;0.800000011920929;0.800000011920929;0.800000011920929
lidar;18.0;35.0;24.952619552612305;24.87851905822754;9.73129653930664;0.2986705005168915;24.949432373046875;24.87034797668457;9.713218688964844;0.31876392713078455;0.9985381365548531;0.800000011920929;0.800000011920929;0.800000011920929
lidar;18.0;35.0;24.95220947265625;24.8831787109375;9.728965759277344;0.29898279905319214;24.95082664489746;24.879796981811523;9.721123695373535;0.30763404346033896;0.9974949360787886;0.800000011920929;0.800000011920929;0.800000011920929
lidar;18.0;35.0;24.95182228088379;24.887903213500977;9.726767539978027;0.29923686385154724;24.950319290161133;24.8844051361084;9.718241691589355;0.30857410497306575;0.9966478942673883;0.800000011920929;0.800000011920929;0.800000011920929
lidar;18.0;35.0;24.951440811157227;24.892658233642578;9.72461223602295;0.2995310425758362;24.958702087402344;24.908708572387695;9.765790939331055;0.2547425126198999;0.9956689479285749;0.800000011920929;0.800000011920929;0.800000011920929
lidar;18.0;35.0;24.951086044311523;24.897476196289062;9.722599983215332;0.29975733160972595;24.944316864013672;24.883285522460938;9.684202194213867;0.3412491345393723;0.9955822231758514;0.800000011920929;0.800000011920929;0.800000011920929
lidar;18.0;35.0;24.950851440429688;24.902545928955078;9.721270561218262;0.2993374168872833;24.949033737182617;24.898941040039062;9.710960388183594;0.31040977706442285;0.9969788193866916;0.800000011920929;0.800000011920929;0.800000011920929
lidar;18.0;35.0;24.950618743896484;24.90760040283203;9.719944953918457;0.2990095913410187;24.955537796020508;24.916805267333984;9.747844696044922;0.26922175196229803;0.9980718492350823;0.800000011920929;0.800000011920929;0.800000011920929
lidar;18.0;35.0;24.95038604736328;24.912647247314453;9.718622207641602;0.2987734377384186;24.962451934814453;24.93389320373535;9.787060737609863;0.2261039089802581;0.9988608360598158;0.800000011920929;0.800000011920929;0.800000011920929
lidar;18.0;35.0;24.950153350830078;24.917686462402344;9.717301368713379;0.29862847924232483;24.95979881286621;24.933616638183594;9.772011756896973;0.24083494581053597;0.9993456006316939;0.800000011920929;0.800000011920929;0.800000011920929
lidar;18.0;35.0;24.949920654296875;24.9227237701416;9.715980529785156;0.2985747158527374;24.939529418945312;24.90669059753418;9.657055854797363;0.36051911937288605;0.999525964232883;0.800000011920929;0.800000011920929;0.800000011920929
lidar;18.0;35.0;24.949703216552734;24.92778205871582;9.714753150939941;0.298514723777771;24.966983795166016;24.952594757080078;9.812755584716797;0.19595375281707184;0.999727010718747;0.800000011920929;0.800000011920929;0.800000011920929
lidar;18.0;35.0;24.949499130249023;24.932859420776367;9.71359634399414;0.2984716594219208;24.943603515625;24.925020217895508;9.680159568786621;0.33331710273640164;0.9998709559410739;0.800000011920929;0.800000011920929;0.800000011920929
lidar;18.0;35.0;24.949295043945312;24.93793487548828;9.71243953704834;0.2985196113586426;24.961763381958008;24.953195571899414;9.78315258026123;0.22511225775077015;0.9997103810187736;0.800000011920929;0.800000011920929;0.800000011920929
lidar;18.0;35.0;24.9490909576416;24.943012237548828;9.711282730102539;0.2986586093902588;24.93535614013672;24.927637100219727;9.633383750915527;0.37923980044033;0.9992452263749169;0.800000011920929;0.800000011920929;0.800000011920929
lidar;18.0;35.0;24.94888687133789;24.94809913635254;9.710124015808105;0.2988888919353485;24.952314376831055;24.951580047607422;9.729565620422363;0.27884275883760296;0.9984757304576466;0.800000011920929;0.800000011920929;0.800000011920929
lidar;18.0;35.0;24.948713302612305;24.953222274780273;9.70914077758789;0.2990280091762543;24.9537296295166;24.957796096801758;9.737584114074707;0.2697857839857895;0.9980114100923013;0.800000011920929;0.800000011920929;0.800000011920929
lidar;18.0;35.0;24.948545455932617;24.958354949951172;9.708187103271484;0.29922640323638916;24.956573486328125;24.964853286743164;9.753717422485352;0.25254008198170635;0.9973496797374783;0.800000011920929;0.800000011920929;0.800000011920929
lidar;18.0;35.0;24.94837760925293;24.963497161865234;9.707232475280762;0.29951635003089905;24.948383331298828;24.9635009765625;9.70726203918457;0.29948656840800914;0.996384143940178;0.800000011920929;0.800000011920929;0.800000011920929
lidar;18.0;35.0;24.94823455810547;24.96866798400879;9.706428527832031;0.299742728471756;24.937278747558594;24.9620361328125;9.644291877746582;0.36318520013276334;0.9956313966726841;0.800000011920929;0.800000011920929;0.800000011920929
lidar;18.0;35.0;24.948116302490234;24.973859786987305;9.705748558044434;0.2999321520328522;24.940536499023438;24.970041275024414;9.662768363952637;0.3437420859512451;0.995362341382773;0.800000011920929;0.800000011920929;0.800000011920929
lidar;18.0;35.0;24.948074340820312;24.979089736938477;9.70551872253418;0.2997542917728424;24.95054054260254;24.98008155822754;9.719496726989746;0.28552566811779817;0.9959527253244388;0.800000011920929;0.800000011920929;0.800000011920929
lidar;18.0;35.0;24.948049545288086;24.98432159423828;9.705370903015137;0.2995847463607788;24.96097755432129;24.988224029541016;9.778697967529297;0.22502458496663014;0.996516346992393;0.800000011920929;0.800000011920929;0.800000011920929
lidar;18.0;35.0;24.948022842407227;24.989547729492188;9.705223083496094;0.2995065748691559;24.952795028686523;24.990507125854492;9.732285499572754;0.2720096581074846;0.9967764614988003;0.800000011920929;0.800000011920929;0.800000011920929
lidar;18.0;35.0;24.948013305664062;24.994773864746094;9.705171585083008;0.29942256212234497;24.9541015625;24.995386123657227;9.739694595336914;0.2643612445672787;0.9970562457227886;0.800000011920929;0.800000011920929;0.800000011920929
lidar;18.0;35.0;24.94800567626953;25.0;9.705121040344238;0.2994275987148285;24.949291229248047;25.0;9.71241283416748;0.29202385276804654;0.997039616296195;0.800000011920929;0.800000011920929;0.800000011920929
lidar;18.0;35.0;24.948013305664062;25.005226135253906;9.705171585083008;0.29942256212234497;24.96303939819336;25.00371551513672;9.790382385253906;0.21288374005881244;0.9970562457227886;0.800000011920929;0.800000011920929;0.800000011920929
lidar;18.0;35.0;24.948022842407227;25.010452270507812;9.705223083496094;0.29950660467147827;24.9498291015625;25.010089874267578;9.715468406677246;0.28909717802123663;0.9967764614988003;0.800000011920929;0.800000011920929;0.800000011920929
lidar;18.0;35.0;24.948049545288086;25.01567840576172;9.705370903015137;0.2995847463607788;24.95450782775879;25.013729095458984;9.74200439453125;0.26233504799769364;0.996516346992393;0.800000011920929;0.800000011920929;0.800000011920929
lidar;18.0;35.0;24.948074340820312;25.020910263061523;9.70551872253418;0.2997542917728424;24.948671340942383;25.02066993713379;9.708903312683105;0.2963090773457166;0.9959527253244388;0.800000011920929;0.800000011920929;0.800000011920929
lidar;18.0;35.0;24.948116302490234;25.026140213012695;9.705748558044434;0.29993218183517456;24.940664291381836;25.029895782470703;9.66348648071289;0.34301020137676375;0.995362341382773;0.800000011920929;0.800000011920929;0.800000011920929
lidar;18.0;35.0;24.94823455810547;25.03133201599121;9.706428527832031;0.2997426986694336;24.95867347717285;25.025014877319336;9.765620231628418;0.23930602816124025;0.9956313966726841;0.800000011920929;0.800000011920929;0.800000011920929
lidar;18.0;35.0;24.94837760925293;25.036502838134766;9.707232475280762;0.29951635003089905;24.952295303344727;25.03373146057129;9.729455947875977;0.276780628857791;0.996384143940178;0.800000011920929;0.800000011920929;0.800000011920929
lidar;18.0;35.0;24.948545455932617;25.041645050048828;9.708187103271484;0.2992263734340668;24.954679489135742;25.036680221557617;9.742974281311035;0.2635555560819346;0.9973496797374783;0.800000011920929;0.800000011920929;0.800000011920929
lidar;18.0;35.0;24.948713302612305;25.046777725219727;9.70914077758789;0.2990279495716095;24.95786476135254;25.03843116760254;9.761041641235352;0.24566966221497855;0.9980114100923013;0.800000011920929;0.800000011920929;0.800000011920929
lidar;18.0;35.0;24.94888687133789;25.05190086364746;9.710124015808105;0.2988888621330261;24.941089630126953;25.0598201751709;9.665903091430664;0.3444847868890758;0.9984757304576466;0.800000011920929;0.800000011920929;0.800000011920929
lidar;18.0;35.0;24.9490909576416;25.056987762451172;9.711282730102539;0.29865866899490356;24.949148178100586;25.056922912597656;9.711604118347168;0.2983259674866542;0.9992452263749169;0.800000011920929;0.800000011920929;0.800000011920929
lidar;18.0;35.0;24.949295043945312;25.06206512451172;9.71243953704834;0.29851973056793213;24.944679260253906;25.067716598510742;9.686257362365723;0.3256996970502105;0.9997103810187736;0.800000011920929;0.800000011920929;0.800000011920929
lidar;18.0;35.0;24.949499130249023;25.067140579223633;9.71359634399414;0.29847171902656555;24.950824737548828;25.065380096435547;9.721113204956055;0.29063785422949906;0.9998709559410739;0.800000011920929;0.800000011920929;0.800000011920929
lidar;18.0;35.0;24.949703216552734;25.07221794128418;9.714753150939941;0.2985147535800934;24.942426681518555;25.082666397094727;9.673479080200195;0.34170774901790046;0.999727010718747;0.800000011920929;0.800000011920929;0.800000011920929
lidar;18.0;35.0;24.949920654296875;25.0772762298584;9.715980529785156;0.2985747456550598;24.944046020507812;25.086339950561523;9.682668685913086;0.3335935356383259;0.999525964232883;0.800000011920929;0.800000011920929;0.800000011920929
lidar;18.0;35.0;24.950153350830078;25.082313537597656;9.717300415039062;0.298628568649292;24.954944610595703;25.074399948120117;9.744478225708008;0.2699197638035742;0.9993456006316939;0.800000011920929;0.800000011920929;0.800000011920929
lidar;18.0;35.0;24.95038604736328;25.087352752685547;9.718622207641602;0.29877346754074097;24.962383270263672;25.06622886657715;9.786664009094238;0.22652519845725289;0.9988608956100742;0.800000011920929;0.800000011920929;0.800000011920929
lidar;18.0;35.0;24.950618743896484;25.09239959716797;9.719944953918457;0.29900962114334106;24.960693359375;25.07354736328125;9.777083396911621;0.23800388410015685;0.9980718492350823;0.800000011920929;0.800000011920929;0.800000011920929
lidar;18.0;35.0;24.950851440429688;25.097454071044922;9.721270561218262;0.2993374466896057;24.953357696533203;25.09248924255371;9.735475540161133;0.2840828625240901;0.9969788193866916;0.800000011920929;0.800000011920929;0.800000011920929
lidar;18.0;35.0;24.951086044311523;25.102523803710938;9.722599983215332;0.29975736141204834;24.945878982543945;25.113441467285156;9.693058967590332;0.33167846155961295;0.9955822231758514;0.800000011920929;0.800000011920929;0.800000011920929
lidar;18.0;35.0;24.951440811157227;25.107341766357422;9.72461223602295;0.2995310425758362;24.93576431274414;25.142000198364258;9.635698318481445;0.3962398007394785;0.9956689479285749;0.800000011920929;0.800000011920929;0.800000011920929
lidar;18.0;35.0;24.95182228088379;25.112096786499023;9.726767539978027;0.29923689365386963;24.955602645874023;25.10329818725586;9.748213768005371;0.27574971333213083;0.9966478942673883;0.800000011920929;0.800000011920929;0.800000011920929
lidar;18.0;35.0;24.95220947265625;25.1168212890625;9.728965759277344;0.29898279905319214;24.961318969726562;25.094554901123047;9.780627250671387;0.24199430136051975;0.9974948765230811;0.800000011920929;0.800000011920929;0.800000011920929
lidar;18.0;35.0;24.952619552612305;25.12148094177246;9.73129653930664;0.29867056012153625;24.95706558227539;25.11008071899414;9.756509780883789;0.2706447510727025;0.9985381365548531;0.800000011920929;0.800000011920929;0.800000011920929
lidar;18.0;35.0;24.95302963256836;25.126131057739258;9.733622550964355;0.29844969511032104;24.955923080444336;25.118362426757812;9.75002670288086;0.2800697798619152;0.9992773533440015;0.800000011920929;0.800000011920929;0.800000011920929
lidar;18.0;35.0;24.953439712524414;25.130775451660156;9.735945701599121;0.2983199656009674;24.953428268432617;25.130809783935547;9.73587417602539;0.2983999849112558;0.99971204997924;0.800000011920929;0.800000011920929;0.800000011920929
lidar;18.0;35.0;24.95384979248047;25.13541603088379;9.738266944885254;0.2982812225818634;24.960664749145508;25.115421295166016;9.776915550231934;0.2542363837724191;0.9998422860962265;0.800000011920929;0.800000011920929;0.800000011920929
lidar;18.0;35.0;24.95425796508789;25.140058517456055;9.740589141845703;0.2983333468437195;24.96697998046875;25.10110855102539;9.812731742858887;0.21536680280576764;0.9996680021329075;0.800000011920929;0.800000011920929;0.800000011920929
lidar;18.0;35.0;24.954668045043945;25.144704818725586;9.742912292480469;0.2984763979911804;24.954051971435547;25.14667320251465;9.739413261413574;0.3025391570615802;0.9991891384071605;0.800000011920929;0.800000011920929;0.800000011920929
lidar;18.0;35.0;24.955078125;25.149354934692383;9.7452392578125;0.2987106144428253;24.959413528442383;25.13494110107422;9.76982593536377;0.26988256914109765;0.9984059930382381;0.800000011920929;0.800000011920929;0.800000011920929
lidar;18.0;35.0;24.955490112304688;25.154014587402344;9.747570037841797;0.29903632402420044;24.949562072753906;25.174530029296875;9.713947296142578;0.3388668068863834;0.9973186850310745;0.800000011920929;0.800000011920929;0.800000011920929
lidar;18.0;35.0;24.955902099609375;25.1586856842041;9.749906539916992;0.2994541525840759;24.953855514526367;25.166051864624023;9.738299369812012;0.3133524667111303;0.9959275719642191;0.800000011920929;0.800000011920929;0.800000011920929
lidar;18.0;35.0;24.956417083740234;25.16299057006836;9.752830505371094;0.29926276206970215;24.953842163085938;25.172618865966797;9.738226890563965;0.3169432534077159;0.9956963656917317;0.800000011920929;0.800000011920929;0.800000011920929
lidar;18.0;35.0;24.95697021484375;25.167139053344727;9.75597095489502;0.298892617225647;24.957212448120117;25.16620445251465;9.75733470916748;0.29722273102505903;0.9969292285194256;0.800000011920929;0.800000011920929;0.800000011920929
lidar;18.0;35.0;24.957523345947266;25.17127799987793;9.759105682373047;0.2986142635345459;24.960514068603516;25.15921974182129;9.7760648727417;0.27759167608979;0.9978584050975374;0.800000011920929;0.800000011920929;0.800000011920929
lidar;18.0;35.0;24.95807647705078;25.175411224365234;9.762235641479492;0.2984272837638855;24.942092895507812;25.242280960083008;9.671595573425293;0.4121922166140307;0.9984836578419467;0.800000011920929;0.800000011920929;0.800000011920929
lidar;18.0;35.0;24.958627700805664;25.179540634155273;9.765361785888672;0.2983313202857971;24.975481033325195;25.106399536132812;9.860947608947754;0.17679843456667088;0.9988047480881423;0.800000011920929;0.800000011920929;0.800000011920929
lidar;18.0;35.0;24.959177017211914;25.18366813659668;9.768486976623535;0.2983262538909912;24.96314811706543;25.165807723999023;9.791001319885254;0.26931494816594387;0.998821616117318;0.800000011920929;0.800000011920929;0.800000011920929
lidar;18.0;35.0;24.959728240966797;25.18779754638672;9.771613121032715;0.29841214418411255;24.95210075378418;25.223369598388672;9.728351593017578;0.35493892490239004;0.9985342622739343;0.800000011920929;0.800000011920929;0.800000011920929
lidar;18.0;35.0;24.960281372070312;25.19192886352539;9.77474308013916;0.29858899116516113;24.962539672851562;25.181013107299805;9.787553787231445;0.2816068456493386;0.9979426262994902;0.800000011920929;0.800000011920929;0.800000011920929
lidar;18.0;35.0;24.960834503173828;25.196067810058594;9.777875900268555;0.298857182264328;24.94873809814453;25.256620407104492;9.709277153015137;0.39115383394002967;0.9970470669631666;0.800000011920929;0.800000011920929;0.800000011920929
lidar;18.0;35.0;24.961406707763672;25.200115203857422;9.781126022338867;0.29906806349754333;24.966772079467773;25.17228889465332;9.811559677124023;0.2574828932815509;0.9963436720397008;0.800000011920929;0.800000011920929;0.800000011920929
lidar;18.0;35.0;24.96198272705078;25.20415687561035;9.784395217895508;0.29935014247894287;24.96755599975586;25.174226760864258;9.816003799438477;0.2554647604730313;0.9954044818343697;0.800000011920929;0.800000011920929;0.800000011920929
lidar;18.0;35.0;24.962560653686523;25.208206176757812;9.78767204284668;0.29972416162490845;24.95228385925293;25.26535987854004;9.729386329650879;0.3820001254186699;0.9941622614466977;0.800000011920929;0.800000011920929;0.800000011920929
lidar;18.0;35.0;24.9632568359375;25.211593627929688;9.791621208190918;0.2992381751537323;24.964475631713867;25.204572677612305;9.79853630065918;0.28930857064860177;0.9948393105300932;0.800000011920929;0.800000011920929;0.800000011920929
lidar;18.0;35.0;24.959606170654297;24.788299560546875;9.792189598083496;0.2993890047073364;24.95388412475586;24.758316040039062;9.76275634765625;0.34179258773730775;0.99433767789987;0.800000011920929;0.800000011920929;0.800000011920929
lidar;18.0;35.0;24.958831787109375;24.791645050048828;9.788206100463867;0.2999385893344879;24.960956573486328;24.80240249633789;9.799141883850098;0.28445245703239463;0.992515742734536;0.800000011920929;0.800000011920929;0.800000011920929
lidar;18.0;35.0;24.95820426940918;24.795734405517578;9.7849760055542;0.29951152205467224;24.950105667114258;24.756155014038086;9.74331283569336;0.35754488806350726;0.9948683973713334;0.800000011920929;0.800000011920929;0.800000011920929
lidar;18.0;35.0;24.95759391784668;24.79989242553711;9.781840324401855;0.2990573048591614;24.962453842163086;24.822826385498047;9.806844711303711;0.26478131319636833;0.9963794948132878;0.800000011920929;0.800000011920929;0.800000011920929
lidar;18.0;35.0;24.956987380981445;24.804039001464844;9.77871322631836;0.2986953556537628;24.95452308654785;24.792818069458008;9.766042709350586;0.31579842948760095;0.9975870250043067;0.800000011920929;0.800000011920929;0.800000011920929
lidar;18.0;35.0;24.95638084411621;24.808176040649414;9.775593757629395;0.2984250783920288;24.959152221679688;24.82036590576172;9.7898530960083;0.27946155446671267;0.9984906912735625;0.800000011920929;0.800000011920929;0.800000011920929
lidar;18.0;35.0;24.955774307250977;24.812307357788086;9.772478103637695;0.29824602603912354;24.966611862182617;24.85830307006836;9.82823371887207;0.22515812673966062;0.9990902542931883;0.800000011920929;0.800000011920929;0.800000011920929
lidar;18.0;35.0;24.955169677734375;24.816434860229492;9.769365310668945;0.2981579303741455;24.94603729248047;24.779041290283203;9.722382545471191;0.3588961607158219;0.9993854760509725;0.800000011920929;0.800000011920929;0.800000011920929
lidar;18.0;35.0;24.95456314086914;24.8205623626709;9.766253471374512;0.29816073179244995;24.956541061401367;24.8283748626709;9.776429176330566;0.28518087099183836;0.9993762373805362;0.800000011920929;0.800000011920929;0.800000011920929
lidar;18.0;35.0;24.95395851135254;24.824689865112305;9.763140678405762;0.2982544004917145;24.963415145874023;24.860692977905273;9.811784744262695;0.2370018168272669;0.9990625381394189;0.800000011920929;0.800000011920929;0.800000011920929
lidar;18.0;35.0;24.953353881835938;24.82882308959961;9.760024070739746;0.29843902587890625;24.95958709716797;24.851696014404297;9.79209041595459;0.2585614387956917;0.9984445572177415;0.800000011920929;0.800000011920929;0.800000011920929
lidar;18.0;35.0;24.952747344970703;24.83296012878418;9.756903648376465;0.29871490597724915;24.951337814331055;24.82798194885254;9.749656677246094;0.30762017207362746;0.9975224732088918;0.800000011920929;0.800000011920929;0.800000011920929
lidar;18.0;35.0;24.952138900756836;24.837108612060547;9.753776550292969;0.2990824282169342;24.95216941833496;24.83721160888672;9.753933906555176;0.2988917683719009;0.9962965846309959;0.800000011920929;0.800000011920929;0.800000011920929
lidar;18.0;35.0;24.951528549194336;24.841266632080078;9.750640869140625;0.29954224824905396;24.929569244384766;24.76934814453125;9.637662887573242;0.4352573338050837;0.9947670694399726;0.800000011920929;0.800000011920929;0.800000011920929
lidar;18.0;35.0;24.951072692871094;24.84592628479004;9.748289108276367;0.29915061593055725;24.94815444946289;24.83673667907715;9.733275413513184;0.316994125969404;0.9969372747033801;0.800000011920929;0.800000011920929;0.800000011920929
lidar;18.0;35.0;24.950620651245117;24.850587844848633;9.745964050292969;0.29882580041885376;24.949798583984375;24.848100662231445;9.741737365722656;0.30379706859157957;0.9980206488356208;0.800000011920929;0.800000011920929;0.800000011920929
lidar;18.0;35.0;24.95016860961914;24.855239868164062;9.743642807006836;0.29859256744384766;24.93535614013672;24.812206268310547;9.667436599731445;0.38735465824593657;0.9988000392870423;0.800000011920929;0.800000011920929;0.800000011920929
lidar;18.0;35.0;24.949718475341797;24.859886169433594;9.741325378417969;0.29845044016838074;24.950773239135742;24.862821578979492;9.746746063232422;0.2921962329083289;0.999275207523015;0.800000011920929;0.800000011920929;0.800000011920929
lidar;18.0;35.0;24.949268341064453;24.86452865600586;9.739008903503418;0.2983993589878082;24.95660972595215;24.884132385253906;9.776775360107422;0.25522033889101325;0.9994459152317022;0.800000011920929;0.800000011920929;0.800000011920929
lidar;18.0;35.0;24.94881820678711;24.869173049926758;9.736692428588867;0.29843923449516296;24.937088012695312;24.839187622070312;9.676344871520996;0.3668392925225701;0.9993122220145263;0.800000011920929;0.800000011920929;0.800000011920929
lidar;18.0;35.0;24.948368072509766;24.87381935119629;9.734375;0.2985701262950897;24.954730987548828;24.88936996459961;9.767110824584961;0.26177415693582634;0.9988741278038342;0.800000011920929;0.800000011920929;0.800000011920929
lidar;18.0;35.0;24.94794273376465;24.878530502319336;9.732189178466797;0.29864245653152466;24.944021224975586;24.8693790435791;9.71200942993164;0.3211452309826185;0.9986319541210551;0.800000011920929;0.800000011920929;0.800000011920929
lidar;18.0;35.0;24.947526931762695;24.883268356323242;9.730050086975098;0.29875150322914124;24.953170776367188;24.89582061767578;9.759078979492188;0.26662590121232776;0.9982674717571504;0.800000011920929;0.800000011920929;0.800000011920929
lidar;18.0;35.0;24.947111129760742;24.888010025024414;9.727909088134766;0.298951655626297;24.956621170043945;24.908145904541016;9.776830673217773;0.2452010078928934;0.9975989463240047;0.800000011920929;0.800000011920929;0.800000011920929
lidar;18.0;35.0;24.946693420410156;24.89276123046875;9.725765228271484;0.29924333095550537;24.93038558959961;24.85995101928711;9.641862869262695;0.39079726985214674;0.9966264960299731;0.800000011920929;0.800000011920929;0.800000011920929
lidar;18.0;35.0;24.94627571105957;24.89752197265625;9.723615646362305;0.299626886844635;24.948671340942383;24.902090072631836;9.735934257507324;0.28627220918560026;0.9953504799700349;0.800000011920929;0.800000011920929;0.800000011920929
lidar;18.0;35.0;24.945960998535156;24.902481079101562;9.721990585327148;0.2995316684246063;24.932588577270508;24.87835121154785;9.653196334838867;0.3736516103117665;0.9963323474078883;0.800000011920929;0.800000011920929;0.800000011920929
lidar;18.0;35.0;24.945703506469727;24.907541275024414;9.720667839050293;0.2992045283317566;24.933902740478516;24.8874454498291;9.659955978393555;0.36423553107983525;0.9974216224490757;0.800000011920929;0.800000011920929;0.800000011920929
lidar;18.0;35.0;24.945446014404297;24.91259002685547;9.71934700012207;0.2989691495895386;24.95208740234375;24.92323112487793;9.753512382507324;0.26257440794653436;0.9982070325982401;0.800000011920929;0.800000011920929;0.800000011920929
lidar;18.0;35.0;24.9451904296875;24.917633056640625;9.71802806854248;0.29882514476776123;24.934101104736328;24.900970458984375;9.660985946655273;0.35927724881839884;0.9986883997068491;0.800000011920929;0.800000011920929;0.800000011920929
lidar;18.0;35.0;24.944963455200195;24.922714233398438;9.716863632202148;0.29861053824424744;24.93267250061035;24.905452728271484;9.6536283493042;0.3653016611604481;0.999405860929814;0.800000011920929;0.800000011920929;0.800000011920929
lidar;18.0;35.0;24.944740295410156;24.927791595458984;9.715710639953613;0.2984764575958252;24.949813842773438;24.93442153930664;9.741814613342285;0.2710695075495497;0.9998549223002473;0.800000011920929;0.800000011920929;0.800000011920929
lidar;18.0;35.0;24.944515228271484;24.9328670501709;9.714557647705078;0.2984332740306854;24.94877815246582;24.938024520874023;9.736483573913574;0.275510234269219;0.9999994635581729;0.800000011920929;0.800000011920929;0.800000011920929
lidar;18.0;35.0;24.944292068481445;24.937942504882812;9.71340560913086;0.2984810769557953;24.938013076782227;24.93094825744629;9.681106567382812;0.3321202143625868;0.999839365480749;0.800000011920929;0.800000011920929;0.800000011920929
lidar;18.0;35.0;24.944067001342773;24.94301986694336;9.712252616882324;0.2986198663711548;24.93450927734375;24.93328285217285;9.663078308105469;0.34965224222145747;0.9993746877195016;0.800000011920929;0.800000011920929;0.800000011920929
lidar;18.0;35.0;24.943876266479492;24.948135375976562;9.711264610290527;0.29867756366729736;24.932147979736328;24.937297821044922;9.650935173034668;0.36108373003362465;0.9991819859166187;0.800000011920929;0.800000011920929;0.800000011920929
lidar;18.0;35.0;24.94369125366211;24.95326042175293;9.71031665802002;0.2987838685512543;24.954374313354492;24.962127685546875;9.765279769897461;0.2420938385654826;0.9988266825533033;0.800000011920929;0.800000011920929;0.800000011920929
lidar;18.0;35.0;24.943506240844727;24.958389282226562;9.709367752075195;0.29898133873939514;24.93463897705078;24.951858520507812;9.663748741149902;0.34591155530006895;0.998167037875434;0.800000011920929;0.800000011920929;0.800000011920929
lidar;18.0;35.0;24.943334579467773;24.96353530883789;9.70848274230957;0.2992035746574402;24.943565368652344;24.96368408203125;9.70966625213623;0.29798900092758274;0.9974255562332667;0.800000011920929;0.800000011920929;0.800000011920929
lidar;18.0;35.0;24.94319725036621;24.968711853027344;9.707776069641113;0.29933294653892517;24.9377498626709;24.965709686279297;9.679746627807617;0.3280445562666027;0.9969943165938021;0.800000011920929;0.800000011920929;0.800000011920929
lidar;18.0;35.0;24.94305992126465;24.973892211914062;9.707069396972656;0.29955366253852844;24.940326690673828;24.972639083862305;9.69300365447998;0.31393676824362526;0.9962592722641618;0.800000011920929;0.800000011920929;0.800000011920929
lidar;18.0;35.0;24.942949295043945;24.97909164428711;9.706501960754395;0.2997215688228607;24.933839797973633;24.975753784179688;9.65963077545166;0.34758617410964976;0.9957006573765418;0.800000011920929;0.800000011920929;0.800000011920929
lidar;18.0;35.0;24.9428653717041;24.98430633544922;9.70606517791748;0.29984715580940247;24.942520141601562;24.98421287536621;9.704293251037598;0.3016551136307883;0.9952834250621645;0.800000011920929;0.800000011920929;0.800000011920929
lidar;18.0;35.0;24.942800521850586;24.989532470703125;9.705735206604004;0.29995477199554443;24.94524383544922;24.989978790283203;9.718304634094238;0.2871430875630991;0.9952870014209609;0.800000011920929;0.800000011920929;0.800000011920929
lidar;18.0;35.0;24.942790985107422;24.994766235351562;9.70568561553955;0.29986852407455444;24.954879760742188;24.995872497558594;9.76787281036377;0.23650760054240394;0.9955733419720596;0.800000011920929;0.800000011920929;0.800000011920929
lidar;18.0;35.0;24.942781448364258;25.0;9.705636024475098;0.29987362027168274;24.941984176635742;25.0;9.701530456542969;0.30405588222399516;0.9955565330441091;0.800000011920929;0.800000011920929;0.800000011920929
lidar;18.0;35.0;24.942790985107422;25.005233764648438;9.70568561553955;0.29986852407455444;24.9405460357666;25.00543785095215;9.694133758544922;0.3116389917462763;0.9955733419720596;0.800000011920929;0.800000011920929;0.800000011920929
lidar;18.0;35.0;24.942800521850586;25.010467529296875;9.705735206604004;0.29995477199554443;24.94243049621582;25.010536193847656;9.70383071899414;0.301896549547095;0.9952870014209609;0.800000011920929;0.800000011920929;0.800000011920929
lidar;18.0;35.0;24.9428653717041;25.01569366455078;9.70606517791748;0.29984715580940247;24.946453094482422;25.014707565307617;9.724526405334473;0.2810144510718934;0.9952834250621645;0.800000011920929;0.800000011920929;0.800000011920929
lidar;18.0;35.0;24.942949295043945;25.02090835571289;9.706501960754395;0.2997215688228607;24.935745239257812;25.023548126220703;9.66943645477295;0.33757287198007524;0.9957006573765418;0.800000011920929;0.800000011920929;0.800000011920929
lidar;18.0;35.0;24.94305992126465;25.026107788085938;9.707069396972656;0.29955360293388367;24.941064834594727;25.027023315429688;9.69680118560791;0.3100538231125726;0.9962592722641618;0.800000011920929;0.800000011920929;0.800000011920929
lidar;18.0;35.0;24.94319725036621;25.031288146972656;9.707776069641113;0.2993329167366028;24.9378604888916;25.03422737121582;9.68032455444336;0.327452674565667;0.9969943165938021;0.800000011920929;0.800000011920929;0.800000011920929
lidar;18.0;35.0;24.943334579467773;25.03646469116211;9.70848274230957;0.2992035448551178;24.94921112060547;25.032682418823242;9.738713264465332;0.2681756310378584;0.9974255562332667;0.800000011920929;0.800000011920929;0.800000011920929
lidar;18.0;35.0;24.943506240844727;25.041610717773438;9.709367752075195;0.29898127913475037;24.949752807617188;25.037010192871094;9.741497993469238;0.2659280553158684;0.998167037875434;0.800000011920929;0.800000011920929;0.800000011920929
lidar;18.0;35.0;24.94369125366211;25.04673957824707;9.71031665802002;0.2987837791442871;24.926414489746094;25.061080932617188;9.621438026428223;0.3904540868004813;0.9988266825533033;0.800000011920929;0.800000011920929;0.800000011920929
lidar;18.0;35.0;24.943876266479492;25.051864624023438;9.711264610290527;0.2986775040626526;24.94029998779297;25.05516815185547;9.692872047424316;0.31770294211352784;0.9991819859166187;0.800000011920929;0.800000011920929;0.800000011920929
lidar;18.0;35.0;24.944067001342773;25.05698013305664;9.712252616882324;0.29861992597579956;24.968069076538086;25.032527923583984;9.835732460021973;0.17047413042621246;0.9993746877195016;0.800000011920929;0.800000011920929;0.800000011920929
lidar;18.0;35.0;24.944292068481445;25.062057495117188;9.71340560913086;0.29848113656044006;24.936208724975586;25.071062088012695;9.671822547912598;0.34178928075361203;0.999839365480749;0.800000011920929;0.800000011920929;0.800000011920929
lidar;18.0;35.0;24.944515228271484;25.0671329498291;9.714557647705078;0.2984333634376526;24.937002182006836;25.076223373413086;9.675902366638184;0.3388484724114229;0.9999994635581729;0.800000011920929;0.800000011920929;0.800000011920929
lidar;18.0;35.0;24.944740295410156;25.072208404541016;9.715710639953613;0.29847654700279236;24.941457748413086;25.076496124267578;9.698824882507324;0.31620485964091694;0.9998549223002473;0.800000011920929;0.800000011920929;0.800000011920929
lidar;18.0;35.0;24.944963455200195;25.077285766601562;9.716863632202148;0.2986105680465698;24.949440002441406;25.071001052856445;9.73989200592041;0.27432352057009096;0.999405860929814;0.800000011920929;0.800000011920929;0.800000011920929
lidar;18.0;35.0;24.9451904296875;25.082366943359375;9.71802806854248;0.29882511496543884;24.932884216308594;25.100860595703125;9.654718399047852;0.3659188512687234;0.9986883997068491;0.800000011920929;0.800000011920929;0.800000011920929
lidar;18.0;35.0;24.945446014404297;25.08740997314453;9.71934700012207;0.29896917939186096;24.964689254760742;25.056577682495117;9.818340301513672;0.193515088369915;0.9982070325982401;0.800000011920929;0.800000011920929;0.800000011920929
lidar;18.0;35.0;24.945703506469727;25.092458724975586;9.720667839050293;0.299204558134079;24.94952392578125;25.085952758789062;9.740325927734375;0.2781477462475028;0.9974216224490757;0.800000011920929;0.800000011920929;0.800000011920929
lidar;18.0;35.0;24.945960998535156;25.097518920898438;9.721990585327148;0.2995316684246063;24.949901580810547;25.09040641784668;9.742264747619629;0.2776885846936182;0.9963323474078883;0.800000011920929;0.800000011920929;0.800000011920929
lidar;18.0;35.0;24.94627571105957;25.10247802734375;9.723615646362305;0.299626886844635;24.956859588623047;25.082292556762695;9.778058052062988;0.24060598259333957;0.9953504799700349;0.800000011920929;0.800000011920929;0.800000011920929
lidar;18.0;35.0;24.946693420410156;25.10723876953125;9.725765228271484;0.299243301153183;24.939411163330078;25.121889114379883;9.688300132751465;0.34012465502281597;0.9966264960299731;0.800000011920929;0.800000011920929;0.800000011920929
lidar;18.0;35.0;24.947111129760742;25.111989974975586;9.727909088134766;0.2989516258239746;24.94416046142578;25.118236541748047;9.712733268737793;0.31562592830613384;0.9975989463240047;0.800000011920929;0.800000011920929;0.800000011920929
lidar;18.0;35.0;24.947526931762695;25.116731643676758;9.730050086975098;0.29875147342681885;24.94339942932129;25.12591552734375;9.70881175994873;0.3222556306230006;0.9982674717571504;0.800000011920929;0.800000011920929;0.800000011920929
lidar;18.0;35.0;24.94794273376465;25.121469497680664;9.732189178466797;0.29864245653152466;24.954633712768555;25.105857849121094;9.766606330871582;0.2602624193644248;0.9986319541210551;0.800000011920929;0.800000011920929;0.800000011920929
lidar;18.0;35.0;24.948368072509766;25.12618064880371;9.734375;0.29857009649276733;24.949262619018555;25.12399673461914;9.738974571228027;0.2933999970992571;0.9988741278038342;0.800000011920929;0.800000011920929;0.800000011920929
lidar;18.0;35.0;24.94881820678711;25.130826950073242;9.736692428588867;0.29843926429748535;24.941251754760742;25.150169372558594;9.69776439666748;0.3425622848690141;0.9993122220145263;0.800000011920929;0.800000011920929;0.800000011920929
lidar;18.0;35.0;24.949268341064453;25.13547134399414;9.739008903503418;0.29839950799942017;24.941526412963867;25.156145095825195;9.699177742004395;0.34394030516962765;0.9994459152317022;0.800000011920929;0.800000011920929;0.800000011920929
lidar;18.0;35.0;24.949718475341797;25.140113830566406;9.741325378417969;0.2984505593776703;24.944652557373047;25.154233932495117;9.71525764465332;0.3285266666692732;0.999275207523015;0.800000011920929;0.800000011920929;0.800000011920929
lidar;18.0;35.0;24.95016860961914;25.144760131835938;9.743642807006836;0.29859259724617004;24.95546531677246;25.129377365112305;9.77088451385498;0.26686341422279974;0.9988000392870423;0.800000011920929;0.800000011920929;0.800000011920929
lidar;18.0;35.0;24.950620651245117;25.149412155151367;9.745964050292969;0.29882586002349854;24.95527458190918;25.13532829284668;9.76991081237793;0.2706571524629984;0.9980206488356208;0.800000011920929;0.800000011920929;0.800000011920929
lidar;18.0;35.0;24.951072692871094;25.15407371520996;9.748289108276367;0.299150675535202;24.93815040588379;25.194766998291016;9.681809425354004;0.3781591205901582;0.996937334718607;0.800000011920929;0.800000011920929;0.800000011920929
lidar;18.0;35.0;24.951528549194336;25.158733367919922;9.750640869140625;0.29954221844673157;24.95005226135254;25.1635684967041;9.743045806884766;0.3086659788846242;0.9947669506893887;0.800000011920929;0.800000011920929;0.800000011920929
lidar;18.0;35.0;24.952138900756836;25.162891387939453;9.753777503967285;0.29908236861228943;24.927165985107422;25.247886657714844;9.625301361083984;0.45513935707282693;0.9962965250526347;0.800000011920929;0.800000011920929;0.800000011920929
lidar;18.0;35.0;24.952747344970703;25.16703987121582;9.756904602050781;0.298714816570282;24.959697723388672;25.142471313476562;9.792658805847168;0.2547801070198482;0.9975224139810143;0.800000011920929;0.800000011920929;0.800000011920929
lidar;18.0;35.0;24.953353881835938;25.17117691040039;9.760025024414062;0.2984388768672943;24.96135139465332;25.141826629638672;9.801172256469727;0.24726722144395746;0.9984445572177415;0.800000011920929;0.800000011920929;0.800000011920929
lidar;18.0;35.0;24.95395851135254;25.175310134887695;9.763140678405762;0.29825425148010254;24.959558486938477;25.15398597717285;9.791949272155762;0.26197809295436186;0.9990625381394189;0.800000011920929;0.800000011920929;0.800000011920929
lidar;18.0;35.0;24.95456314086914;25.1794376373291;9.766253471374512;0.2981606125831604;24.9598445892334;25.158580780029297;9.79342269897461;0.2635038632295962;0.9993762373805362;0.800000011920929;0.800000011920929;0.800000011920929
lidar;18.0;35.0;24.955169677734375;25.183565139770508;9.769365310668945;0.29815784096717834;24.96394157409668;25.147642135620117;9.814498901367188;0.23981047940601205;0.9993854760509725;0.800000011920929;0.800000011920929;0.800000011920929
lidar;18.0;35.0;24.955774307250977;25.187692642211914;9.772478103637695;0.29824596643447876;24.959911346435547;25.170137405395508;9.793758392333984;0.2703500188650884;0.9990903138677;0.800000011920929;0.800000011920929;0.800000011920929
lidar;18.0;35.0;24.95638084411621;25.191823959350586;9.775593757629395;0.29842501878738403;24.950895309448242;25.215940475463867;9.747381210327148;0.33594255683063334;0.9984907508108353;0.800000011920929;0.800000011920929;0.800000011920929
lidar;18.0;35.0;24.956987380981445;25.195960998535156;9.77871322631836;0.29869532585144043;24.948453903198242;25.23483657836914;9.734814643859863;0.3579501007418839;0.997587085007543;0.800000011920929;0.800000011920929;0.800000011920929
lidar;18.0;35.0;24.95759391784668;25.20010757446289;9.781840324401855;0.299057275056839;24.96758460998535;25.1529598236084;9.83324146270752;0.22859618271710666;0.996379554355138;0.800000011920929;0.800000011920929;0.800000011920929
lidar;18.0;35.0;24.95820426940918;25.204265594482422;9.7849760055542;0.29951152205467224;24.949567794799805;25.246471405029297;9.740548133850098;0.3613951862263154;0.9948684576776031;0.800000011920929;0.800000011920929;0.800000011920929
lidar;18.0;35.0;24.958831787109375;25.208354949951172;9.788206100463867;0.2999386191368103;24.949674606323242;25.25469970703125;9.741096496582031;0.366654430528986;0.992516041159316;0.800000011920929;0.800000011920929;0.800000011920929
lidar;18.0;35.0;24.959606170654297;25.211700439453125;9.792189598083496;0.2993890941143036;24.954544067382812;25.23822784423828;9.766149520874023;0.336904960191531;0.9943379162133937;0.800000011920929;0.800000011920929;0.800000011920929
lidar;18.0;35.0;24.95599937438965;24.788366317749023;9.792990684509277;0.2992960810661316;24.95440673828125;24.78070831298828;9.785501480102539;0.31012468234661594;0.9946469663074459;0.800000011920929;0.800000011920929;0.800000011920929
lidar;18.0;35.0;24.955188751220703;24.7918643951416;9.789178848266602;0.2996230721473694;24.97025489807129;24.861845016479492;9.860062599182129;0.19888208167817256;0.9935613872047364;0.800000011920929;0.800000011920929;0.800000011920929
lidar;18.0;35.0;24.9544734954834;24.795804977416992;9.785812377929688;0.29940712451934814;24.941070556640625;24.73569107055664;9.722758293151855;0.38754938158265073;0.9952151181376012;0.800000011920929;0.800000011920929;0.800000011920929
lidar;18.0;35.0;24.95380973815918;24.799962997436523;9.782690048217773;0.2989515960216522;24.954492568969727;24.80292510986328;9.785908699035645;0.29452457303445456;0.9967318771152701;0.800000011920929;0.800000011920929;0.800000011920929
lidar;18.0;35.0;24.953147888183594;24.804107666015625;9.779577255249023;0.29858821630477905;24.944677352905273;24.768692016601562;9.739725112915039;0.3525718731418984;0.9979448913186605;0.800000011920929;0.800000011920929;0.800000011920929
lidar;18.0;35.0;24.95248794555664;24.808246612548828;9.776470184326172;0.29831650853157043;24.959949493408203;24.83836555480957;9.811580657958984;0.25145913885221244;0.9988539219524278;0.800000011920929;0.800000011920929;0.800000011920929
lidar;18.0;35.0;24.951828002929688;24.812376022338867;9.773367881774902;0.29813605546951294;24.957441329956055;24.834238052368164;9.799774169921875;0.26339776891013533;0.9994586705916111;0.800000011920929;0.800000011920929;0.800000011920929
lidar;18.0;35.0;24.951168060302734;24.816503524780273;9.770268440246582;0.2980464994907379;24.942228317260742;24.782907485961914;9.728206634521484;0.35261587245863796;0.9997590780262716;0.800000011920929;0.800000011920929;0.800000011920929
lidar;18.0;35.0;24.950510025024414;24.82063102722168;9.767169952392578;0.2980477809906006;24.949941635131836;24.818571090698242;9.764497756958008;0.30146903473523506;0.9997548461050311;0.800000011920929;0.800000011920929;0.800000011920929
lidar;18.0;35.0;24.949851989746094;24.824758529663086;9.764070510864258;0.29813989996910095;24.934528350830078;24.771207809448242;9.691975593566895;0.38924536263479825;0.9994461536478296;0.800000011920929;0.800000011920929;0.800000011920929
lidar;18.0;35.0;24.94919204711914;24.828889846801758;9.760968208312988;0.298322856426239;24.941085815429688;24.801586151123047;9.72282886505127;0.3459228952881922;0.9988329410180604;0.800000011920929;0.800000011920929;0.800000011920929
lidar;18.0;35.0;24.948532104492188;24.833026885986328;9.757861137390137;0.298597127199173;24.94702911376953;24.82815170288086;9.750792503356934;0.3073147010986835;0.9979155661970928;0.800000011920929;0.800000011920929;0.800000011920929
lidar;18.0;35.0;24.9478702545166;24.837173461914062;9.75474739074707;0.2989630401134491;24.967649459838867;24.898954391479492;9.847804069519043;0.18552753004481687;0.9966941476375966;0.800000011920929;0.800000011920929;0.800000011920929
lidar;18.0;35.0;24.947206497192383;24.841331481933594;9.751625061035156;0.29942113161087036;24.936382293701172;24.808799743652344;9.700700759887695;0.3608113529624571;0.9951691032189783;0.800000011920929;0.800000011920929;0.800000011920929
lidar;18.0;35.0;24.946653366088867;24.8458309173584;9.74902629852295;0.2993350028991699;24.93495750427246;24.812028884887695;9.693999290466309;0.3649661584352606;0.9963233469920838;0.800000011920929;0.800000011920929;0.800000011920929
lidar;18.0;35.0;24.9461612701416;24.850494384765625;9.74670696258545;0.2990116775035858;24.943073272705078;24.841920852661133;9.732181549072266;0.3161593523316152;0.9974002836257546;0.800000011920929;0.800000011920929;0.800000011920929
lidar;18.0;35.0;24.945669174194336;24.855148315429688;9.744391441345215;0.2987798750400543;24.96698760986328;24.911983489990234;9.844685554504395;0.18154662078335432;0.9981735944437581;0.800000011920929;0.800000011920929;0.800000011920929
lidar;18.0;35.0;24.94517707824707;24.85979652404785;9.74207878112793;0.2986394762992859;24.94930076599121;24.870344161987305;9.761481285095215;0.27617441542934046;0.9986427427116525;0.800000011920929;0.800000011920929;0.800000011920929
lidar;18.0;35.0;24.944684982299805;24.864442825317383;9.739768028259277;0.29859012365341187;24.93198585510254;24.833316802978516;9.680015563964844;0.36715018628334567;0.9988076687728423;0.800000011920929;0.800000011920929;0.800000011920929
lidar;18.0;35.0;24.9442195892334;24.86914825439453;9.737576484680176;0.29849615693092346;24.944854736328125;24.870637893676758;9.74056625366211;0.29509529590695593;0.9991217852325319;0.800000011920929;0.800000011920929;0.800000011920929
lidar;18.0;35.0;24.943767547607422;24.873882293701172;9.735448837280273;0.29842156171798706;24.94710350036621;24.88136100769043;9.751139640808105;0.28072199138599024;0.9993713498097749;0.800000011920929;0.800000011920929;0.800000011920929
lidar;18.0;35.0;24.943315505981445;24.87861442565918;9.733321189880371;0.2984379231929779;24.94213104248047;24.876079559326172;9.727751731872559;0.30467045996036013;0.9993165135780229;0.800000011920929;0.800000011920929;0.800000011920929
lidar;18.0;35.0;24.94286346435547;24.88334846496582;9.731192588806152;0.2985452711582184;24.941797256469727;24.88117218017578;9.726175308227539;0.3041180167001454;0.9989572764051534;0.800000011920929;0.800000011920929;0.800000011920929
lidar;18.0;35.0;24.942411422729492;24.88808822631836;9.729063034057617;0.2987436354160309;24.937143325805664;24.877851486206055;9.704278945922852;0.32607082514176955;0.998293697817372;0.800000011920929;0.800000011920929;0.800000011920929
lidar;18.0;35.0;24.941957473754883;24.89283561706543;9.7269287109375;0.2990334630012512;24.93214988708496;24.874731063842773;9.680794715881348;0.349554028403384;0.9973261354671629;0.800000011920929;0.800000011920929;0.800000011920929
lidar;18.0;35.0;24.94150161743164;24.897594451904297;9.724790573120117;0.29941511154174805;24.95594024658203;24.922868728637695;9.792712211608887;0.2255193386963898;0.9960546493931327;0.800000011920929;0.800000011920929;0.800000011920929
lidar;18.0;35.0;24.941062927246094;24.90239143371582;9.722719192504883;0.29980984330177307;24.927621841430664;24.8801326751709;9.659485816955566;0.3681805213230116;0.9954079386382182;0.800000011920929;0.800000011920929;0.800000011920929
lidar;18.0;35.0;24.94078254699707;24.907453536987305;9.72139835357666;0.2994837462902069;24.92908477783203;24.88917350769043;9.666365623474121;0.3586412870067524;0.9964918492446335;0.800000011920929;0.800000011920929;0.800000011920929
lidar;18.0;35.0;24.94051170349121;24.91252326965332;9.720126152038574;0.2991999685764313;24.95760154724121;24.937654495239258;9.800533294677734;0.2132407213184891;0.997437000022709;0.800000011920929;0.800000011920929;0.800000011920929
lidar;18.0;35.0;24.940265655517578;24.91761589050293;9.718973159790039;0.29888322949409485;24.937416076660156;24.913686752319336;9.705570220947266;0.3131382764853753;0.998493909921007;0.800000011920929;0.800000011920929;0.800000011920929
lidar;18.0;35.0;24.940021514892578;24.922700881958008;9.717822074890137;0.2986580729484558;24.929048538208008;24.908559799194336;9.666199684143066;0.35329634347753325;0.9992465973228074;0.800000011920929;0.800000011920929;0.800000011920929
lidar;18.0;35.0;24.939777374267578;24.927780151367188;9.716672897338867;0.2985241115093231;24.922876358032227;24.907514572143555;9.637166976928711;0.38229493681545956;0.9996949434364768;0.800000011920929;0.800000011920929;0.800000011920929
lidar;18.0;35.0;24.939533233642578;24.9328556060791;9.715524673461914;0.2984811067581177;24.931819915771484;24.924291610717773;9.679235458374023;0.33655669472164107;0.9998387694465161;0.800000011920929;0.800000011920929;0.800000011920929
lidar;18.0;35.0;24.939289093017578;24.93793296813965;9.714375495910645;0.2985292077064514;24.94608497619629;24.944881439208984;9.746352195739746;0.26510810548232827;0.9996780156918716;0.800000011920929;0.800000011920929;0.800000011920929
lidar;18.0;35.0;24.939077377319336;24.943042755126953;9.713379859924316;0.2985079288482666;24.938146591186523;24.94217300415039;9.709005355834961;0.303064232800274;0.9997496604858384;0.800000011920929;0.800000011920929;0.800000011920929
lidar;18.0;35.0;24.93887710571289;24.948162078857422;9.71243667602539;0.2985227108001709;24.952354431152344;24.959592819213867;9.77584457397461;0.2326986195431435;0.9997003674496222;0.800000011920929;0.800000011920929;0.800000011920929
lidar;18.0;35.0;24.938674926757812;24.953283309936523;9.711493492126465;0.29862844944000244;24.928882598876953;24.945823669433594;9.665419578552246;0.34631890933343557;0.999346554306892;0.800000011920929;0.800000011920929;0.800000011920929
lidar;18.0;35.0;24.938474655151367;24.958412170410156;9.710549354553223;0.2988252341747284;24.948566436767578;24.965232849121094;9.758026123046875;0.24981066241424435;0.9986882804939364;0.800000011920929;0.800000011920929;0.800000011920929
lidar;18.0;35.0;24.938322067260742;24.96357536315918;9.70982551574707;0.2988854646682739;24.93601417541504;24.96221160888672;9.698972702026367;0.310063909628247;0.99848705523257;0.800000011920929;0.800000011920929;0.800000011920929
lidar;18.0;35.0;24.93817138671875;24.9687442779541;9.709122657775879;0.2990139126777649;24.930870056152344;24.96505355834961;9.67477035522461;0.33432719835063784;0.9980577827465681;0.800000011920929;0.800000011920929;0.800000011920929
lidar;18.0;35.0;24.93802261352539;24.973920822143555;9.708418846130371;0.2992335855960846;24.935659408569336;24.972925186157227;9.697303771972656;0.3106408401455762;0.9973247049193381;0.800000011920929;0.800000011920929;0.800000011920929
lidar;18.0;35.0;24.937925338745117;24.979122161865234;9.707964897155762;0.29928871989250183;24.939990997314453;24.979816436767578;9.717682838439941;0.2893287190165;0.997140645898533;0.800000011920929;0.800000011920929;0.800000011920929
lidar;18.0;35.0;24.937833786010742;24.984329223632812;9.707530975341797;0.2994134724140167;24.936002731323242;24.983867645263672;9.698917388916016;0.3082317808611801;0.9967249038073261;0.800000011920929;0.800000011920929;0.800000011920929
lidar;18.0;35.0;24.937763214111328;24.989547729492188;9.707201957702637;0.2995212972164154;24.94525909423828;24.990806579589844;9.742465019226074;0.2634491105477681;0.9963661432193688;0.800000011920929;0.800000011920929;0.800000011920929
lidar;18.0;35.0;24.937732696533203;24.99477195739746;9.707056045532227;0.29953455924987793;24.927597045898438;24.993921279907227;9.659375190734863;0.3482875413156361;0.9963225720425709;0.800000011920929;0.800000011920929;0.800000011920929
lidar;18.0;35.0;24.937702178955078;25.0;9.7069091796875;0.299638956785202;24.955785751342773;25.0;9.791993141174316;0.21265419265648827;0.9959755542201812;0.800000011920929;0.800000011920929;0.800000011920929
lidar;18.0;35.0;24.937732696533203;25.00522804260254;9.707056045532227;0.29953455924987793;24.934324264526367;25.00551414489746;9.691020011901855;0.3159305006385366;0.9963225720425709;0.800000011920929;0.800000011920929;0.800000011920929
lidar;18.0;35.0;24.937763214111328;25.010452270507812;9.707201957702637;0.2995212972164154;24.949588775634766;25.008466720581055;9.762837409973145;0.24260892291751787;0.9963661432193688;0.800000011920929;0.800000011920929;0.800000011920929
lidar;18.0;35.0;24.937833786010742;25.015670776367188;9.707530975341797;0.29941341280937195;24.951221466064453;25.01229476928711;9.770511627197266;0.23493672250114372;0.9967249038073261;0.800000011920929;0.800000011920929;0.800000011920929
lidar;18.0;35.0;24.937925338745117;25.020877838134766;9.707964897155762;0.29928871989250183;24.932353973388672;25.02275276184082;9.681747436523438;0.3261570645830123;0.997140645898533;0.800000011920929;0.800000011920929;0.800000011920929
lidar;18.0;35.0;24.93802261352539;25.026079177856445;9.708418846130371;0.2992335855960846;24.936033248901367;25.02691650390625;9.69905948638916;0.30883904233179515;0.9973247049193381;0.800000011920929;0.800000011920929;0.800000011920929
lidar;18.0;35.0;24.93817138671875;25.0312557220459;9.709122657775879;0.2990138530731201;24.93463897705078;25.033042907714844;9.692496299743652;0.31610495601440225;0.9980577827465681;0.800000011920929;0.800000011920929;0.800000011920929
lidar;18.0;35.0;24.938322067260742;25.03642463684082;9.70982551574707;0.29888537526130676;24.934036254882812;25.038955688476562;9.689661026000977;0.3196544790752252;0.99848705523257;0.800000011920929;0.800000011920929;0.800000011920929
lidar;18.0;35.0;24.938474655151367;25.041587829589844;9.710549354553223;0.2988252639770508;24.95073890686035;25.03329849243164;9.768244743347168;0.239261148871316;0.9986882804939364;0.800000011920929;0.800000011920929;0.800000011920929
lidar;18.0;35.0;24.938674926757812;25.046716690063477;9.711493492126465;0.29862838983535767;24.932355880737305;25.051530838012695;9.681761741638184;0.329403873428324;0.999346554306892;0.800000011920929;0.800000011920929;0.800000011920929
lidar;18.0;35.0;24.93887710571289;25.051837921142578;9.71243667602539;0.29852256178855896;24.950387954711914;25.04207420349121;9.766595840454102;0.24229961689086404;0.9997003674496222;0.800000011920929;0.800000011920929;0.800000011920929
lidar;18.0;35.0;24.939077377319336;25.056957244873047;9.713379859924316;0.2985078990459442;24.956138610839844;25.041006088256836;9.793651580810547;0.2149063502700225;0.9997496604858384;0.800000011920929;0.800000011920929;0.800000011920929
lidar;18.0;35.0;24.939289093017578;25.06206703186035;9.714375495910645;0.2985292375087738;24.9328670501709;25.068632125854492;9.684167861938477;0.3301013526714236;0.9996780156918716;0.800000011920929;0.800000011920929;0.800000011920929
lidar;18.0;35.0;24.939533233642578;25.0671443939209;9.715524673461914;0.29848119616508484;24.91950035095215;25.089387893676758;9.6212797164917;0.39736581901235;0.9998387694465161;0.800000011920929;0.800000011920929;0.800000011920929
lidar;18.0;35.0;24.939777374267578;25.072219848632812;9.716672897338867;0.2985241711139679;24.93388557434082;25.07928466796875;9.688953399658203;0.3277302332636756;0.9996949434364768;0.800000011920929;0.800000011920929;0.800000011920929
lidar;18.0;35.0;24.940021514892578;25.077299118041992;9.717822074890137;0.29865819215774536;24.935922622680664;25.08258056640625;9.698541641235352;0.3190648531808038;0.9992465973228074;0.800000011920929;0.800000011920929;0.800000011920929
lidar;18.0;35.0;24.940265655517578;25.08238410949707;9.718973159790039;0.2988832890987396;24.9404239654541;25.082164764404297;9.719718933105469;0.2980902765648867;0.998493909921007;0.800000011920929;0.800000011920929;0.800000011920929
lidar;18.0;35.0;24.94051170349121;25.08747673034668;9.720126152038574;0.29919999837875366;24.94350814819336;25.083070755004883;9.734225273132324;0.2841277350450998;0.997437000022709;0.800000011920929;0.800000011920929;0.800000011920929
lidar;18.0;35.0;24.94078254699707;25.092546463012695;9.72139835357666;0.2994837462902069;24.936664581298828;25.098979949951172;9.702028274536133;0.32030577910505603;0.9964918492446335;0.800000011920929;0.800000011920929;0.800000011920929
lidar;18.0;35.0;24.941062927246094;25.09760856628418;9.722719192504883;0.29980984330177307;24.937976837158203;25.102718353271484;9.708205223083496;0.3155023421971303;0.9954079386382182;0.800000011920929;0.800000011920929;0.800000011920929
lidar;18.0;35.0;24.94150161743164;25.102405548095703;9.724790573120117;0.29941514134407043;24.943971633911133;25.098081588745117;9.736412048339844;0.2867715271801446;0.9960546493931327;0.800000011920929;0.800000011920929;0.800000011920929
lidar;18.0;35.0;24.941957473754883;25.10716438293457;9.7269287109375;0.29903343319892883;24.951555252075195;25.08944320678711;9.772086143493652;0.2495829711046733;0.997326076118189;0.800000011920929;0.800000011920929;0.800000011920929
lidar;18.0;35.0;24.942411422729492;25.11191177368164;9.729063034057617;0.2987435758113861;24.942920684814453;25.11092185974121;9.731459617614746;0.29610090059674476;0.998293697817372;0.800000011920929;0.800000011920929;0.800000011920929
lidar;18.0;35.0;24.94286346435547;25.11665153503418;9.731192588806152;0.298545241355896;24.937705993652344;25.127180099487305;9.706929206848145;0.32549365493221305;0.9989572764051534;0.800000011920929;0.800000011920929;0.800000011920929
lidar;18.0;35.0;24.943315505981445;25.12138557434082;9.733321189880371;0.2984378933906555;24.94472312927246;25.118371963500977;9.73994255065918;0.29102815648185376;0.9993165135780229;0.800000011920929;0.800000011920929;0.800000011920929
lidar;18.0;35.0;24.943767547607422;25.126117706298828;9.735448837280273;0.2984215319156647;24.94924545288086;25.113834381103516;9.761218070983887;0.2693530382164937;0.9993713498097749;0.800000011920929;0.800000011920929;0.800000011920929
lidar;18.0;35.0;24.9442195892334;25.13085174560547;9.737576484680176;0.29849615693092346;24.943370819091797;25.132843017578125;9.733585357666016;0.3030361515947129;0.9991217852325319;0.800000011920929;0.800000011920929;0.800000011920929
lidar;18.0;35.0;24.944684982299805;25.135557174682617;9.739768028259277;0.29859012365341187;24.960113525390625;25.097745895385742;9.81235408782959;0.2153053819462265;0.9988076687728423;0.800000011920929;0.800000011920929;0.800000011920929
lidar;18.0;35.0;24.94517707824707;25.14020347595215;9.74207878112793;0.2986395061016083;24.92459487915039;25.192840576171875;9.645243644714355;0.41076191067756684;0.9986427427116525;0.800000011920929;0.800000011920929;0.800000011920929
lidar;18.0;35.0;24.945669174194336;25.144851684570312;9.744391441345215;0.2987799644470215;24.96772003173828;25.0860595703125;9.848137855529785;0.17751133132522037;0.9981735944437581;0.800000011920929;0.800000011920929;0.800000011920929
lidar;18.0;35.0;24.9461612701416;25.149505615234375;9.74670696258545;0.2990117371082306;24.942623138427734;25.159332275390625;9.730059623718262;0.3186635455446279;0.9974002836257546;0.800000011920929;0.800000011920929;0.800000011920929
lidar;18.0;35.0;24.946653366088867;25.1541690826416;9.74902629852295;0.2993350028991699;24.94147300720215;25.16914176940918;9.724652290344238;0.3284061292045558;0.9963233469920838;0.800000011920929;0.800000011920929;0.800000011920929
lidar;18.0;35.0;24.947206497192383;25.158668518066406;9.751625061035156;0.299421101808548;24.949644088745117;25.151342391967773;9.763093948364258;0.28559530298277697;0.9951689839893667;0.800000011920929;0.800000011920929;0.800000011920929
lidar;18.0;35.0;24.9478702545166;25.162826538085938;9.75474739074707;0.29896292090415955;24.945810317993164;25.16925811767578;9.745060920715332;0.3107710859999279;0.9966940877102876;0.800000011920929;0.800000011920929;0.800000011920929
lidar;18.0;35.0;24.948532104492188;25.166973114013672;9.757861137390137;0.2985970377922058;24.94101905822754;25.191347122192383;9.722515106201172;0.3421848411827618;0.9979155065763305;0.800000011920929;0.800000011920929;0.800000011920929
lidar;18.0;35.0;24.94919204711914;25.171110153198242;9.760968208312988;0.29832273721694946;24.950481414794922;25.166772842407227;9.767029762268066;0.2907583874463623;0.9988329410180604;0.800000011920929;0.800000011920929;0.800000011920929
lidar;18.0;35.0;24.949851989746094;25.175241470336914;9.764070510864258;0.298139750957489;24.94202423095703;25.202592849731445;9.72724723815918;0.3446725323956618;0.9994460940176125;0.800000011920929;0.800000011920929;0.800000011920929
lidar;18.0;35.0;24.950510025024414;25.17936897277832;9.767169952392578;0.29804760217666626;24.95379638671875;25.167457580566406;9.782631874084473;0.27825464836829666;0.9997548461050311;0.800000011920929;0.800000011920929;0.800000011920929
lidar;18.0;35.0;24.951168060302734;25.183496475219727;9.770268440246582;0.29804638028144836;24.937519073486328;25.234790802001953;9.706047058105469;0.3813650988098747;0.9997590780262716;0.800000011920929;0.800000011920929;0.800000011920929
lidar;18.0;35.0;24.951828002929688;25.1876220703125;9.773367881774902;0.298135906457901;24.962419509887695;25.146371841430664;9.823195457458496;0.23258712471821275;0.9994587302764658;0.800000011920929;0.800000011920929;0.800000011920929
lidar;18.0;35.0;24.95248794555664;25.191753387451172;9.776470184326172;0.29831647872924805;24.956073760986328;25.177282333374023;9.793339729309082;0.2758025992378689;0.9988539219524278;0.800000011920929;0.800000011920929;0.800000011920929
lidar;18.0;35.0;24.953147888183594;25.195892333984375;9.779577255249023;0.2985881567001343;24.94673728942871;25.222692489624023;9.749419212341309;0.3394405404899503;0.9979449509955433;0.800000011920929;0.800000011920929;0.800000011920929
lidar;18.0;35.0;24.95380973815918;25.200037002563477;9.782690048217773;0.2989514470100403;24.95928955078125;25.176305770874023;9.808470726013184;0.2634853751217997;0.9967319366996468;0.800000011920929;0.800000011920929;0.800000011920929
lidar;18.0;35.0;24.9544734954834;25.204195022583008;9.785812377929688;0.29940709471702576;24.960647583007812;25.176502227783203;9.814860343933105;0.25880217598613037;0.9952152367979195;0.800000011920929;0.800000011920929;0.800000011920929
lidar;18.0;35.0;24.955188751220703;25.2081356048584;9.789178848266602;0.299623042345047;24.964733123779297;25.163806915283203;9.83407974243164;0.23580876829005873;0.9935615661556545;0.800000011920929;0.800000011920929;0.800000011920929
lidar;18.0;35.0;24.95599937438965;25.211633682250977;9.792990684509277;0.2992960512638092;24.960187911987305;25.191482543945312;9.812703132629395;0.2707961407790176;0.9946470856382069;0.800000011920929;0.800000011920929;0.800000011920929
lidar;18.0;35.0;24.95244026184082;24.78858184814453;9.794000625610352;0.29898974299430847;24.95652198791504;24.806720733642578;9.811674118041992;0.273339157395428;0.9956661462888906;0.800000011920929;0.800000011920929;0.800000011920929
lidar;18.0;35.0;24.951566696166992;24.792081832885742;9.790212631225586;0.29931068420410156;24.94328498840332;24.75653076171875;9.754342079162598;0.3504875666537026;0.9945982692174161;0.800000011920929;0.800000011920929;0.800000011920929
lidar;18.0;35.0;24.95075035095215;24.795839309692383;9.786676406860352;0.2993559241294861;24.953380584716797;24.80674171447754;9.798067092895508;0.2833714467769602;0.9953851702482344;0.800000011920929;0.800000011920929;0.800000011920929
lidar;18.0;35.0;24.95003318786621;24.799997329711914;9.783567428588867;0.29889971017837524;24.955705642700195;24.82270622253418;9.808141708374023;0.264962009265172;0.9969046711852727;0.800000011920929;0.800000011920929;0.800000011920929
lidar;18.0;35.0;24.949316024780273;24.80414390563965;9.78046703338623;0.29853567481040955;24.948755264282227;24.801971435546875;9.778032302856445;0.3018461105037394;0.9981203674272011;0.800000011920929;0.800000011920929;0.800000011920929
lidar;18.0;35.0;24.9486026763916;24.808279037475586;9.777373313903809;0.2982633113861084;24.94535255432129;24.796159744262695;9.763298034667969;0.31711993242611725;0.9990320204903358;0.800000011920929;0.800000011920929;0.800000011920929
lidar;18.0;35.0;24.94788932800293;24.812410354614258;9.774284362792969;0.29808205366134644;24.957374572753906;24.8465576171875;9.815370559692383;0.24382241365457022;0.9996394514829018;0.800000011920929;0.800000011920929;0.800000011920929
lidar;18.0;35.0;24.94717788696289;24.816537857055664;9.771197319030762;0.2979918122291565;24.964550018310547;24.876874923706055;9.846445083618164;0.1999895326637747;0.99994230270845;0.800000011920929;0.800000011920929;0.800000011920929
lidar;18.0;35.0;24.94646453857422;24.820663452148438;9.768112182617188;0.29799240827560425;24.951919555664062;24.838937759399414;9.791740417480469;0.26762835233315047;0.9999405741659602;0.800000011920929;0.800000011920929;0.800000011920929
lidar;18.0;35.0;24.945751190185547;24.824790954589844;9.765026092529297;0.29808372259140015;24.946779251098633;24.828107833862305;9.769474029541016;0.29244043665361563;0.9996342659222472;0.800000011920929;0.800000011920929;0.800000011920929
lidar;18.0;35.0;24.945039749145508;24.828922271728516;9.761937141418457;0.29826590418815613;24.953176498413086;24.8542537689209;9.797188758850098;0.25409950324692454;0.9990234374755878;0.800000011920929;0.800000011920929;0.800000011920929
lidar;18.0;35.0;24.944324493408203;24.833059310913086;9.758843421936035;0.2985393702983856;24.923845291137695;24.77165412902832;9.670140266418457;0.4083486060153107;0.9981083272756249;0.800000011920929;0.800000011920929;0.800000011920929
lidar;18.0;35.0;24.9436092376709;24.837203979492188;9.755743026733398;0.2989044785499573;24.95742416381836;24.87708854675293;9.815585136413574;0.22567339209994827;0.9968891742426974;0.800000011920929;0.800000011920929;0.800000011920929
lidar;18.0;35.0;24.942890167236328;24.84136199951172;9.752633094787598;0.2993617653846741;24.956283569335938;24.878564834594727;9.81064224243164;0.22915942521573157;0.9953662753507558;0.800000011920929;0.800000011920929;0.800000011920929
lidar;18.0;35.0;24.942232131958008;24.845699310302734;9.749783515930176;0.2995895445346832;24.937023162841797;24.831783294677734;9.727216720581055;0.32660894494524845;0.9954768418476737;0.800000011920929;0.800000011920929;0.800000011920929
lidar;18.0;35.0;24.94169807434082;24.850366592407227;9.747468948364258;0.2992681562900543;24.936016082763672;24.835779190063477;9.72285270690918;0.3284401555412624;0.9965451359203819;0.800000011920929;0.800000011920929;0.800000011920929
lidar;18.0;35.0;24.941165924072266;24.855022430419922;9.745158195495605;0.29903867840766907;24.93965721130371;24.851306915283203;9.738625526428223;0.30670387521805825;0.9973098634469384;0.800000011920929;0.800000011920929;0.800000011920929
lidar;18.0;35.0;24.94065284729004;24.859724044799805;9.742942810058594;0.298793762922287;24.91687774658203;24.803525924682617;9.639957427978516;0.41849970792711727;0.9981271623615985;0.800000011920929;0.800000011920929;0.800000011920929
lidar;18.0;35.0;24.94016456604004;24.86446762084961;9.740819931030273;0.29853594303131104;24.960405349731445;24.910316467285156;9.828498840332031;0.19754332691671825;0.9989890456418619;0.800000011920929;0.800000011920929;0.800000011920929
lidar;18.0;35.0;24.939674377441406;24.869203567504883;9.738700866699219;0.29836931824684143;24.923521041870117;24.83418083190918;9.668732643127441;0.3782637947059599;0.9995466470604133;0.800000011920929;0.800000011920929;0.800000011920929
lidar;18.0;35.0;24.939186096191406;24.87393569946289;9.73658275604248;0.298293799161911;24.937227249145508;24.8698787689209;9.728104591369629;0.3078949111829792;0.9997997879930698;0.800000011920929;0.800000011920929;0.800000011920929
lidar;18.0;35.0;24.938695907592773;24.878665924072266;9.734465599060059;0.2983090877532959;24.95943260192871;24.919710159301758;9.824287414550781;0.1974012679230409;0.9997483491986532;0.800000011920929;0.800000011920929;0.800000011920929
lidar;18.0;35.0;24.938207626342773;24.883399963378906;9.73234748840332;0.29841533303260803;24.94452476501465;24.895320892333984;9.759711265563965;0.267906579126425;0.9993924499108967;0.800000011920929;0.800000011920929;0.800000011920929
lidar;18.0;35.0;24.93771743774414;24.888137817382812;9.73022747039795;0.2986126244068146;24.938251495361328;24.889097213745117;9.732539176940918;0.29605318535231767;0.9987320303760352;0.800000011920929;0.800000011920929;0.800000011920929
lidar;18.0;35.0;24.937227249145508;24.89288330078125;9.728103637695312;0.2989012598991394;24.940784454345703;24.89895248413086;9.743511199951172;0.28196376487862734;0.9977673889994844;0.800000011920929;0.800000011920929;0.800000011920929
lidar;18.0;35.0;24.936737060546875;24.897640228271484;9.725975036621094;0.29928168654441833;24.938358306884766;24.9002628326416;9.732999801635742;0.29160940509785765;0.9964988829729592;0.800000011920929;0.800000011920929;0.800000011920929
lidar;18.0;35.0;24.936243057250977;24.902408599853516;9.723840713500977;0.2997545003890991;24.921472549438477;24.87980079650879;9.659862518310547;0.3691995221334383;0.99492687000443;0.800000011920929;0.800000011920929;0.800000011920929
lidar;18.0;35.0;24.93587303161621;24.90737533569336;9.722235679626465;0.2997407913208008;24.932437896728516;24.90241241455078;9.707356452941895;0.3157976137725231;0.9956372383280879;0.800000011920929;0.800000011920929;0.800000011920929
lidar;18.0;35.0;24.93560791015625;24.91248321533203;9.721083641052246;0.2993323802947998;24.954410552978516;24.938037872314453;9.802528381347656;0.21192633064889843;0.996995568479102;0.800000011920929;0.800000011920929;0.800000011920929
lidar;18.0;35.0;24.93534278869629;24.917579650878906;9.719934463500977;0.2990160584449768;24.947595596313477;24.933198928833008;9.7730073928833;0.24235171491774316;0.9980502127984883;0.800000011920929;0.800000011920929;0.800000011920929
lidar;18.0;35.0;24.935077667236328;24.922666549682617;9.71878719329834;0.2987913489341736;24.933006286621094;24.92020034790039;9.709816932678223;0.30832179600365356;0.9988007545413128;0.800000011920929;0.800000011920929;0.800000011920929
lidar;18.0;35.0;24.934812545776367;24.92774772644043;9.71764087677002;0.2986578643321991;24.93191146850586;24.92453384399414;9.705079078674316;0.3119447459946051;0.9992470145216527;0.800000011920929;0.800000011920929;0.800000011920929
lidar;18.0;35.0;24.934547424316406;24.93282699584961;9.716495513916016;0.2986155152320862;24.944833755493164;24.943382263183594;9.761049270629883;0.2516867645638296;0.9993889927586126;0.800000011920929;0.800000011920929;0.800000011920929
lidar;18.0;35.0;24.934314727783203;24.93793487548828;9.715489387512207;0.29851773381233215;24.923938751220703;24.928131103515625;9.670546531677246;0.3456732681198125;0.9997164607185905;0.800000011920929;0.800000011920929;0.800000011920929
lidar;18.0;35.0;24.934099197387695;24.94305419921875;9.714550018310547;0.29844141006469727;24.92689323425293;24.93682861328125;9.68333625793457;0.33107578735308646;0.9999725222578477;0.800000011920929;0.800000011920929;0.800000011920929
lidar;18.0;35.0;24.933881759643555;24.94817352294922;9.713611602783203;0.29845598340034485;24.934829711914062;24.948915481567383;9.717716217041016;0.29417772091796834;0.9999239444761834;0.800000011920929;0.800000011920929;0.800000011920929
lidar;18.0;35.0;24.933664321899414;24.95329475402832;9.712672233581543;0.2985613942146301;24.942819595336914;24.959739685058594;9.75232219696045;0.25736140824628273;0.9995707869475307;0.800000011920929;0.800000011920929;0.800000011920929
lidar;18.0;35.0;24.93347930908203;24.95844078063965;9.711864471435547;0.2986205518245697;24.90928077697754;24.943323135375977;9.607054710388184;0.4072450226752551;0.999372720763519;0.800000011920929;0.800000011920929;0.800000011920929
lidar;18.0;35.0;24.933317184448242;24.96360206604004;9.711166381835938;0.29865744709968567;24.935550689697266;24.964820861816406;9.720836639404297;0.2886577589032553;0.999249458289854;0.800000011920929;0.800000011920929;0.800000011920929
lidar;18.0;35.0;24.933156967163086;24.968769073486328;9.710467338562012;0.29878517985343933;24.92911720275879;24.966880798339844;9.692972183227539;0.31683978232533394;0.9988217949184908;0.800000011920929;0.800000011920929;0.800000011920929
lidar;18.0;35.0;24.933015823364258;24.973947525024414;9.709855079650879;0.29891452193260193;24.919652938842773;24.96875;9.65197467803955;0.35854381113326345;0.9983890652839797;0.800000011920929;0.800000011920929;0.800000011920929
lidar;18.0;35.0;24.93291473388672;24.97914695739746;9.709424018859863;0.2989475429058075;24.91788673400879;24.97447395324707;9.644325256347656;0.36592145509249685;0.9982787370289272;0.800000011920929;0.800000011920929;0.800000011920929
lidar;18.0;35.0;24.932815551757812;24.98434829711914;9.708992958068848;0.29907163977622986;24.936811447143555;24.985279083251953;9.726301193237305;0.28128380663224106;0.9978641271516618;0.800000011920929;0.800000011920929;0.800000011920929
lidar;18.0;35.0;24.93275260925293;24.989561080932617;9.708722114562988;0.29912203550338745;24.932252883911133;24.989482879638672;9.706551551818848;0.30135101407656345;0.9976961611006729;0.800000011920929;0.800000011920929;0.800000011920929
lidar;18.0;35.0;24.932720184326172;24.994779586791992;9.708576202392578;0.2991350293159485;24.921512603759766;24.99390983581543;9.660030364990234;0.34896487034360085;0.9976531862713165;0.800000011920929;0.800000011920929;0.800000011920929
lidar;18.0;35.0;24.93268585205078;25.0;9.708430290222168;0.2992391586303711;24.925922393798828;25.0;9.67913818359375;0.3293022695739917;0.9973062872611547;0.800000011920929;0.800000011920929;0.800000011920929
lidar;18.0;35.0;24.932720184326172;25.005220413208008;9.708576202392578;0.2991350293159485;24.936534881591797;25.004924774169922;9.725103378295898;0.2821708154423744;0.9976531862713165;0.800000011920929;0.800000011920929;0.800000011920929
lidar;18.0;35.0;24.93275260925293;25.010438919067383;9.708722114562988;0.29912206530570984;24.93412971496582;25.010225296020508;9.714680671691895;0.2930027010099584;0.9976961611006729;0.800000011920929;0.800000011920929;0.800000011920929
lidar;18.0;35.0;24.932815551757812;25.01565170288086;9.708992958068848;0.29907160997390747;24.918758392333984;25.0189266204834;9.648098945617676;0.36165263921800656;0.9978641271516618;0.800000011920929;0.800000011920929;0.800000011920929
lidar;18.0;35.0;24.93291473388672;25.02085304260254;9.709424018859863;0.29894745349884033;24.919231414794922;25.025108337402344;9.650152206420898;0.35992705357164084;0.9982787370289272;0.800000011920929;0.800000011920929;0.800000011920929
lidar;18.0;35.0;24.933015823364258;25.026052474975586;9.709855079650879;0.29891449213027954;24.944412231445312;25.02161979675293;9.759221076965332;0.24805587928014142;0.9983890652839797;0.800000011920929;0.800000011920929;0.800000011920929
lidar;18.0;35.0;24.933156967163086;25.031230926513672;9.710467338562012;0.29878512024879456;24.929155349731445;25.03310203552246;9.693134307861328;0.3166726979530368;0.9988217949184908;0.800000011920929;0.800000011920929;0.800000011920929
lidar;18.0;35.0;24.933317184448242;25.03639793395996;9.711166381835938;0.29865726828575134;24.93752098083496;25.034103393554688;9.7293701171875;0.27983482280552435;0.999249458289854;0.800000011920929;0.800000011920929;0.800000011920929
lidar;18.0;35.0;24.93347930908203;25.04155921936035;9.711864471435547;0.29862046241760254;24.92595100402832;25.046262741088867;9.67926025390625;0.3324110480973276;0.999372720763519;0.800000011920929;0.800000011920929;0.800000011920929
lidar;18.0;35.0;24.933664321899414;25.04670524597168;9.712672233581543;0.29856133460998535;24.93498420715332;25.0457763671875;9.71838665008545;0.29262339042852453;0.9995707869475307;0.800000011920929;0.800000011920929;0.800000011920929
lidar;18.0;35.0;24.933881759643555;25.05182647705078;9.713611602783203;0.2984558939933777;24.947898864746094;25.04084014892578;9.774321556091309;0.23518724338475314;0.9999239444761834;0.800000011920929;0.800000011920929;0.800000011920929
lidar;18.0;35.0;24.934099197387695;25.05694580078125;9.714550018310547;0.2984413206577301;24.914134979248047;25.074195861816406;9.62807559967041;0.38885218487718237;0.9999725222578477;0.800000011920929;0.800000011920929;0.800000011920929
lidar;18.0;35.0;24.934314727783203;25.06206512451172;9.715489387512207;0.2985176742076874;24.94705581665039;25.05002784729004;9.770673751831055;0.24061704675046308;0.9997164607185905;0.800000011920929;0.800000011920929;0.800000011920929
lidar;18.0;35.0;24.934547424316406;25.06717300415039;9.716495513916016;0.2986154854297638;24.926164627075195;25.075777053833008;9.680183410644531;0.3368626772526403;0.9993889927586126;0.800000011920929;0.800000011920929;0.800000011920929
lidar;18.0;35.0;24.934812545776367;25.07225227355957;9.71764087677002;0.29865795373916626;24.93510627746582;25.07192611694336;9.718915939331055;0.29730948315848543;0.9992470145216527;0.800000011920929;0.800000011920929;0.800000011920929
lidar;18.0;35.0;24.935077667236328;25.077333450317383;9.718786239624023;0.29879140853881836;24.960737228393555;25.046768188476562;9.829931259155273;0.1806992837310875;0.9988007545413128;0.800000011920929;0.800000011920929;0.800000011920929
lidar;18.0;35.0;24.93534278869629;25.082420349121094;9.719934463500977;0.2990160584449768;24.943431854248047;25.072107315063477;9.754974365234375;0.26160529204534017;0.9980502127984883;0.800000011920929;0.800000011920929;0.800000011920929
lidar;18.0;35.0;24.93560791015625;25.08751678466797;9.721083641052246;0.2993324100971222;24.924224853515625;25.10298728942871;9.67177963256836;0.35224576355775167;0.996995568479102;0.800000011920929;0.800000011920929;0.800000011920929
lidar;18.0;35.0;24.93587303161621;25.09262466430664;9.722235679626465;0.299740731716156;24.928815841674805;25.10281753540039;9.691667556762695;0.3327274372544812;0.9956372974201464;0.800000011920929;0.800000011920929;0.800000011920929
lidar;18.0;35.0;24.936243057250977;25.097591400146484;9.723840713500977;0.2997545003890991;24.944242477416992;25.085346221923828;9.758492469787598;0.26214252885467065;0.99492687000443;0.800000011920929;0.800000011920929;0.800000011920929
lidar;18.0;35.0;24.936737060546875;25.102359771728516;9.725975036621094;0.29928168654441833;24.938194274902344;25.100000381469727;9.732293128967285;0.29238192921868106;0.9964988231729774;0.800000011920929;0.800000011920929;0.800000011920929
lidar;18.0;35.0;24.937227249145508;25.10711669921875;9.728103637695312;0.29890120029449463;24.9503173828125;25.084779739379883;9.784804344177246;0.23656921032495745;0.9977673889994844;0.800000011920929;0.800000011920929;0.800000011920929
lidar;18.0;35.0;24.93771743774414;25.111862182617188;9.73022747039795;0.2986125349998474;24.91385269165039;25.154727935791016;9.626852035522461;0.4130386985081646;0.9987320303760352;0.800000011920929;0.800000011920929;0.800000011920929
lidar;18.0;35.0;24.938207626342773;25.116600036621094;9.73234748840332;0.29841530323028564;24.950490951538086;25.093421936035156;9.785552978515625;0.23909486734424606;0.9993923903140169;0.800000011920929;0.800000011920929;0.800000011920929
lidar;18.0;35.0;24.938695907592773;25.121334075927734;9.734465599060059;0.2983090579509735;24.932798385620117;25.13300895690918;9.708914756774902;0.3270134949149802;0.9997483491986532;0.800000011920929;0.800000011920929;0.800000011920929
lidar;18.0;35.0;24.939186096191406;25.12606430053711;9.73658275604248;0.29829370975494385;24.93841552734375;25.12765884399414;9.733250617980957;0.30206723597831875;0.9997997879930698;0.800000011920929;0.800000011920929;0.800000011920929
lidar;18.0;35.0;24.939674377441406;25.130796432495117;9.738700866699219;0.2983693480491638;24.937137603759766;25.13629722595215;9.72771167755127;0.3109171496422385;0.9995466470604133;0.800000011920929;0.800000011920929;0.800000011920929
lidar;18.0;35.0;24.94016456604004;25.13553237915039;9.740819931030273;0.29853591322898865;24.939144134521484;25.137842178344727;9.73640251159668;0.30362466781962816;0.9989890456418619;0.800000011920929;0.800000011920929;0.800000011920929
lidar;18.0;35.0;24.94065284729004;25.140275955200195;9.742942810058594;0.298793762922287;24.927953720092773;25.1702938079834;9.687933921813965;0.3627333061841226;0.998127222067819;0.800000011920929;0.800000011920929;0.800000011920929
lidar;18.0;35.0;24.941165924072266;25.144977569580078;9.745158195495605;0.29903870820999146;24.939428329467773;25.149253845214844;9.737639427185059;0.3078613847600951;0.9973098634469384;0.800000011920929;0.800000011920929;0.800000011920929
lidar;18.0;35.0;24.94169807434082;25.149633407592773;9.747468948364258;0.2992682158946991;24.931407928466797;25.17604637145996;9.70289421081543;0.352092259957299;0.9965451953242241;0.800000011920929;0.800000011920929;0.800000011920929
lidar;18.0;35.0;24.942232131958008;25.154300689697266;9.749783515930176;0.29958951473236084;24.92974853515625;25.18764305114746;9.69571304321289;0.3643294924648565;0.9954768418476737;0.800000011920929;0.800000011920929;0.800000011920929
lidar;18.0;35.0;24.942890167236328;25.15863800048828;9.752633094787598;0.2993617355823517;24.941852569580078;25.161523818969727;9.748132705688477;0.3048081010817403;0.9953662158878642;0.800000011920929;0.800000011920929;0.800000011920929
lidar;18.0;35.0;24.9436092376709;25.16279411315918;9.755743026733398;0.2989043593406677;24.95376205444336;25.133481979370117;9.799724578857422;0.24508304576890244;0.9968891143454036;0.800000011920929;0.800000011920929;0.800000011920929
lidar;18.0;35.0;24.944324493408203;25.166940689086914;9.758843421936035;0.29853925108909607;24.932357788085938;25.202821731567383;9.707011222839355;0.36270469256767457;0.9981082677273205;0.800000011920929;0.800000011920929;0.800000011920929
lidar;18.0;35.0;24.945039749145508;25.171077728271484;9.761937141418457;0.29826581478118896;24.953704833984375;25.144105911254883;9.799469947814941;0.2512411044865622;0.9990234374755878;0.800000011920929;0.800000011920929;0.800000011920929
lidar;18.0;35.0;24.945751190185547;25.175209045410156;9.765026092529297;0.29808348417282104;24.93743133544922;25.20208168029785;9.728986740112305;0.34380264143786277;0.9996342659222472;0.800000011920929;0.800000011920929;0.800000011920929
lidar;18.0;35.0;24.94646453857422;25.179336547851562;9.768112182617188;0.29799219965934753;24.935346603393555;25.216581344604492;9.719953536987305;0.3598791175039999;0.9999405741659602;0.800000011920929;0.800000011920929;0.800000011920929
lidar;18.0;35.0;24.94717788696289;25.183462142944336;9.771198272705078;0.29799166321754456;24.955408096313477;25.15487289428711;9.806853294372559;0.2515544528621176;0.99994230270845;0.800000011920929;0.800000011920929;0.800000011920929
lidar;18.0;35.0;24.94788932800293;25.187589645385742;9.774284362792969;0.2980819344520569;24.952625274658203;25.17053985595703;9.79479694366455;0.270992016180927;0.9996394514829018;0.800000011920929;0.800000011920929;0.800000011920929
lidar;18.0;35.0;24.9486026763916;25.19171905517578;9.777373313903809;0.29826316237449646;24.939207077026367;25.226762771606445;9.736681938171387;0.3527790738483537;0.9990320801385952;0.800000011920929;0.800000011920929;0.800000011920929
lidar;18.0;35.0;24.949316024780273;25.19585609436035;9.78046703338623;0.29853564500808716;24.94087791442871;25.228469848632812;9.743910789489746;0.34824697179378156;0.9981204272415343;0.800000011920929;0.800000011920929;0.800000011920929
lidar;18.0;35.0;24.95003318786621;25.200002670288086;9.783567428588867;0.2988996207714081;24.95547866821289;25.178199768066406;9.807160377502441;0.26631660463586815;0.9969047309328443;0.800000011920929;0.800000011920929;0.800000011920929
lidar;18.0;35.0;24.95075035095215;25.204160690307617;9.786676406860352;0.29935595393180847;24.935070037841797;25.269166946411133;9.71875286102295;0.39467228477222915;0.9953852889307194;0.800000011920929;0.800000011920929;0.800000011920929
lidar;18.0;35.0;24.951566696166992;25.207918167114258;9.790212631225586;0.29931068420410156;24.937076568603516;25.27012062072754;9.727450370788574;0.38885443384480556;0.9945983883149139;0.800000011920929;0.800000011920929;0.800000011920929
lidar;18.0;35.0;24.95244026184082;25.21141815185547;9.794001579284668;0.2989896535873413;24.964731216430664;25.156784057617188;9.847234725952148;0.2217260732634283;0.9956662654670445;0.800000011920929;0.800000011920929;0.800000011920929
lidar;18.0;35.0;24.948898315429688;24.788768768310547;9.795042991638184;0.29872700572013855;24.938983917236328;24.747787475585938;9.755278587341309;0.35668286080823297;0.9965416190473875;0.800000011920929;0.800000011920929;0.800000011920929
lidar;18.0;35.0;24.947959899902344;24.792266845703125;9.791275978088379;0.29904282093048096;24.959253311157227;24.837352752685547;9.836576461791992;0.23414059672637272;0.9954890608100924;0.800000011920929;0.800000011920929;0.800000011920929
lidar;18.0;35.0;24.94703483581543;24.79583740234375;9.787567138671875;0.29935789108276367;24.94220733642578;24.777233123779297;9.768208503723145;0.32663778674250804;0.9953784944109842;0.800000011920929;0.800000011920929;0.800000011920929
lidar;18.0;35.0;24.94626235961914;24.79999542236328;9.784470558166504;0.29890164732933044;24.945587158203125;24.7974853515625;9.781765937805176;0.3026533257373659;0.9968978761258794;0.800000011920929;0.800000011920929;0.800000011920929
lidar;18.0;35.0;24.945491790771484;24.804141998291016;9.781383514404297;0.2985377013683319;24.930105209350586;24.74884796142578;9.719664573669434;0.38282021548126416;0.9981134533895065;0.800000011920929;0.800000011920929;0.800000011920929
lidar;18.0;35.0;24.944725036621094;24.808279037475586;9.778302192687988;0.2982653081417084;24.956897735595703;24.850500106811523;9.82712459564209;0.23258130627648682;0.9990250468896553;0.800000011920929;0.800000011920929;0.800000011920929
lidar;18.0;35.0;24.943958282470703;24.812410354614258;9.775226593017578;0.2980841398239136;24.949142456054688;24.82976722717285;9.796024322509766;0.27050317251166667;0.9996323585290519;0.800000011920929;0.800000011920929;0.800000011920929
lidar;18.0;35.0;24.943191528320312;24.81653594970703;9.7721529006958;0.29799389839172363;24.957286834716797;24.8620548248291;9.828683853149414;0.2240586436608039;0.9999350905416204;0.800000011920929;0.800000011920929;0.800000011920929
lidar;18.0;35.0;24.942424774169922;24.820663452148438;9.76908016204834;0.2979945242404938;24.926918029785156;24.772357940673828;9.70688247680664;0.3782580668998085;0.9999333024072186;0.800000011920929;0.800000011920929;0.800000011920929
lidar;18.0;35.0;24.941659927368164;24.82478904724121;9.766007423400879;0.2980858385562897;24.956117630004883;24.868213653564453;9.824000358581543;0.2242074289194929;0.9996269345458831;0.800000011920929;0.800000011920929;0.800000011920929
lidar;18.0;35.0;24.94089126586914;24.828920364379883;9.762930870056152;0.29826804995536804;24.924957275390625;24.78280258178711;9.699024200439453;0.3786722333239822;0.9990159868814524;0.800000011920929;0.800000011920929;0.800000011920929
lidar;18.0;35.0;24.94012451171875;24.833057403564453;9.759849548339844;0.29854151606559753;24.94346046447754;24.842361450195312;9.773232460021973;0.2819046344983829;0.9981007576081133;0.800000011920929;0.800000011920929;0.800000011920929
lidar;18.0;35.0;24.939353942871094;24.837203979492188;9.756762504577637;0.2989066541194916;24.934175491333008;24.82330322265625;9.735993385314941;0.3244286745245187;0.9968815444536601;0.800000011920929;0.800000011920929;0.800000011920929
lidar;18.0;35.0;24.938581466674805;24.84136199951172;9.753665924072266;0.2993640601634979;24.940589904785156;24.84654998779297;9.761722564697266;0.28957335607601326;0.9953585864379264;0.800000011920929;0.800000011920929;0.800000011920929
lidar;18.0;35.0;24.937807083129883;24.84553337097168;9.75055980682373;0.2999142110347748;24.942049026489258;24.856069564819336;9.767573356628418;0.279457133373396;0.9935324786389257;0.800000011920929;0.800000011920929;0.800000011920929
lidar;18.0;35.0;24.937244415283203;24.85023307800293;9.74830150604248;0.29953381419181824;24.930742263793945;24.834716796875;9.722224235534668;0.33056750962194953;0.9956613181995437;0.800000011920929;0.800000011920929;0.800000011920929
lidar;18.0;35.0;24.936716079711914;24.854997634887695;9.74617862701416;0.29909181594848633;24.926450729370117;24.831478118896484;9.705008506774902;0.3476052160688411;0.9971325991166403;0.800000011920929;0.800000011920929;0.800000011920929
lidar;18.0;35.0;24.936187744140625;24.85974884033203;9.744061470031738;0.29874199628829956;24.949478149414062;24.888961791992188;9.797369003295898;0.23651953998488182;0.9983001946648717;0.800000011920929;0.800000011920929;0.800000011920929
lidar;18.0;35.0;24.93566131591797;24.864490509033203;9.741949081420898;0.29848378896713257;24.929306030273438;24.851106643676758;9.716460227966309;0.32796652114466485;0.9991636276804928;0.800000011920929;0.800000011920929;0.800000011920929
lidar;18.0;35.0;24.935134887695312;24.869226455688477;9.739839553833008;0.2983168661594391;24.91783905029297;24.83435821533203;9.6704740524292;0.37785562460703087;0.9997227787999813;0.800000011920929;0.800000011920929;0.800000011920929
lidar;18.0;35.0;24.934608459472656;24.873958587646484;9.737730979919434;0.29824092984199524;24.94041633605957;24.88515281677246;9.761024475097656;0.27175248290587534;0.9999774098409598;0.800000011920929;0.800000011920929;0.800000011920929
lidar;18.0;35.0;24.934083938598633;24.87868881225586;9.735623359680176;0.2982558012008667;24.93726348876953;24.884540557861328;9.748377799987793;0.2838673148508699;0.9999274015472301;0.800000011920929;0.800000011920929;0.800000011920929
lidar;18.0;35.0;24.933557510375977;24.883420944213867;9.733514785766602;0.29836151003837585;24.910722732543945;24.843353271484375;9.641925811767578;0.4009062286528966;0.9995728135378252;0.800000011920929;0.800000011920929;0.800000011920929
lidar;18.0;35.0;24.93303108215332;24.888158798217773;9.731404304504395;0.2985583245754242;24.931991577148438;24.88642120361328;9.727232933044434;0.30319529250076455;0.9989137054233463;0.800000011920929;0.800000011920929;0.800000011920929
lidar;18.0;35.0;24.932504653930664;24.892902374267578;9.729290008544922;0.2988464832305908;24.947708129882812;24.91702651977539;9.790266990661621;0.23153166970207878;0.9979503155097118;0.800000011920929;0.800000011920929;0.800000011920929
lidar;18.0;35.0;24.931976318359375;24.897659301757812;9.727170944213867;0.29922643303871155;24.921947479248047;24.882570266723633;9.686949729919434;0.3433394809861807;0.9966830015299433;0.800000011920929;0.800000011920929;0.800000011920929
lidar;18.0;35.0;24.93150520324707;24.90251350402832;9.725285530090332;0.2994386851787567;24.929105758666992;24.899097442626953;9.715660095214844;0.3099294949904389;0.9959762099343961;0.800000011920929;0.800000011920929;0.800000011920929
lidar;18.0;35.0;24.931041717529297;24.90738296508789;9.723421096801758;0.29971471428871155;24.906139373779297;24.873937606811523;9.623546600341797;0.4079445108632822;0.9950584172020197;0.800000011920929;0.800000011920929;0.800000011920929
lidar;18.0;35.0;24.93069839477539;24.91242027282715;9.722047805786133;0.2995501458644867;24.91590690612793;24.893728256225586;9.662724494934082;0.3634833788358295;0.9962704184585393;0.800000011920929;0.800000011920929;0.800000011920929
lidar;18.0;35.0;24.93041229248047;24.91752052307129;9.720901489257812;0.2992345094680786;24.93212890625;24.919553756713867;9.72778606414795;0.2918534127658895;0.997321367486822;0.800000011920929;0.800000011920929;0.800000011920929
lidar;18.0;35.0;24.93012809753418;24.922609329223633;9.719757080078125;0.2990105152130127;24.943832397460938;24.937789916992188;9.774723052978516;0.24036377986100013;0.9980683327724225;0.800000011920929;0.800000011920929;0.800000011920929
lidar;18.0;35.0;24.929841995239258;24.92769432067871;9.71861457824707;0.29887786507606506;24.9533634185791;24.951936721801758;9.81295394897461;0.19867324227037375;0.9985113739385871;0.800000011920929;0.800000011920929;0.800000011920929
lidar;18.0;35.0;24.929588317871094;24.93280601501465;9.717595100402832;0.29870617389678955;24.9062557220459;24.910539627075195;9.624011039733887;0.3976923009849183;0.999085545568135;0.800000011920929;0.800000011920929;0.800000011920929
lidar;18.0;35.0;24.92935562133789;24.937929153442383;9.716658592224121;0.29853886365890503;24.931970596313477;24.940227508544922;9.727147102355957;0.28748857645440057;0.9996457695852431;0.800000011920929;0.800000011920929;0.800000011920929
lidar;18.0;35.0;24.929122924804688;24.943050384521484;9.715723991394043;0.29846253991127014;24.931543350219727;24.944995880126953;9.725433349609375;0.288268148613099;0.9999015331251099;0.800000011920929;0.800000011920929;0.800000011920929
lidar;18.0;35.0;24.92888832092285;24.948169708251953;9.714788436889648;0.2984771728515625;24.903945922851562;24.929990768432617;9.614748001098633;0.403170815544733;0.999852716916195;0.800000011920929;0.800000011920929;0.800000011920929
lidar;18.0;35.0;24.928667068481445;24.953298568725586;9.713896751403809;0.298537015914917;24.952836990356445;24.9691219329834;9.810835838317871;0.19738487333391636;0.9996524453314113;0.800000011920929;0.800000011920929;0.800000011920929
lidar;18.0;35.0;24.92849349975586;24.958459854125977;9.713202476501465;0.2984825372695923;24.93425941467285;24.961809158325195;9.736328125;0.27441455231624556;0.9998347759193755;0.800000011920929;0.800000011920929;0.800000011920929
lidar;18.0;35.0;24.928319931030273;24.963619232177734;9.712507247924805;0.2985190451145172;24.915563583374023;24.95714569091797;9.661344528198242;0.35164405556509704;0.9997125863987341;0.800000011920929;0.800000011920929;0.800000011920929
lidar;18.0;35.0;24.928146362304688;24.968782424926758;9.711812019348145;0.29864636063575745;24.928773880004883;24.96905517578125;9.714327812194824;0.2960394616979323;0.9992858171322211;0.800000011920929;0.800000011920929;0.800000011920929
lidar;18.0;35.0;24.928020477294922;24.973970413208008;9.711309432983398;0.2986648380756378;24.932870864868164;24.975723266601562;9.730758666992188;0.2785434821537176;0.999223768664119;0.800000011920929;0.800000011920929;0.800000011920929
lidar;18.0;35.0;24.927913665771484;24.979164123535156;9.710881233215332;0.29869747161865234;24.935277938842773;24.981292724609375;9.740415573120117;0.2681843180606434;0.999114513383609;0.800000011920929;0.800000011920929;0.800000011920929
lidar;18.0;35.0;24.927806854248047;24.98436164855957;9.71045207977295;0.2988210916519165;24.93998908996582;24.98699951171875;9.759307861328125;0.2484013163819852;0.9987008571312146;0.800000011920929;0.800000011920929;0.800000011920929
lidar;18.0;35.0;24.927753448486328;24.989572525024414;9.710238456726074;0.2988146245479584;24.937225341796875;24.990938186645508;9.748229026794434;0.2596366186786881;0.9987226724242858;0.800000011920929;0.800000011920929;0.800000011920929
lidar;18.0;35.0;24.927719116210938;24.99478530883789;9.71009349822998;0.2988274097442627;24.929012298583984;24.9948787689209;9.715286254882812;0.29347486402545225;0.9986800551223872;0.800000011920929;0.800000011920929;0.800000011920929
lidar;18.0;35.0;24.92768096923828;25.0;9.709948539733887;0.2989313006401062;24.93350601196289;25.0;9.733308792114258;0.27485558582678615;0.9983333945197235;0.800000011920929;0.800000011920929;0.800000011920929
lidar;18.0;35.0;24.927719116210938;25.00521469116211;9.71009349822998;0.29882749915122986;24.910430908203125;25.00646209716797;9.640756607055664;0.3702976435456176;0.9986800551223872;0.800000011920929;0.800000011920929;0.800000011920929
lidar;18.0;35.0;24.927753448486328;25.010427474975586;9.710238456726074;0.2988146245479584;24.927227020263672;25.0105037689209;9.708123207092285;0.3009957295674527;0.9987226724242858;0.800000011920929;0.800000011920929;0.800000011920929
lidar;18.0;35.0;24.927806854248047;25.01563835144043;9.710453033447266;0.2988210618495941;24.93827247619629;25.01337242126465;9.752424240112305;0.2555053322244984;0.9987008571312146;0.800000011920929;0.800000011920929;0.800000011920929
lidar;18.0;35.0;24.927913665771484;25.020835876464844;9.710881233215332;0.2986973524093628;24.939821243286133;25.01739501953125;9.758636474609375;0.24936037875901645;0.999114513383609;0.800000011920929;0.800000011920929;0.800000011920929
lidar;18.0;35.0;24.928020477294922;25.026029586791992;9.711309432983398;0.29866480827331543;24.93482208251953;25.023571014404297;9.738581657409668;0.2704500940011787;0.999223768664119;0.800000011920929;0.800000011920929;0.800000011920929
lidar;18.0;35.0;24.928146362304688;25.031217575073242;9.711812019348145;0.29864633083343506;24.93391227722168;25.028711318969727;9.734936714172363;0.2746830002393765;0.9992858171322211;0.800000011920929;0.800000011920929;0.800000011920929
lidar;18.0;35.0;24.928319931030273;25.036380767822266;9.712507247924805;0.2985188961029053;24.918575286865234;25.04132652282715;9.673425674438477;0.33909911154135186;0.9997125863987341;0.800000011920929;0.800000011920929;0.800000011920929
lidar;18.0;35.0;24.92849349975586;25.041540145874023;9.713202476501465;0.29848238825798035;24.92486572265625;25.04364776611328;9.698649406433105;0.31362797569756795;0.9998347759193755;0.800000011920929;0.800000011920929;0.800000011920929
lidar;18.0;35.0;24.928667068481445;25.046701431274414;9.713896751403809;0.2985369563102722;24.906538009643555;25.061189651489258;9.625142097473145;0.39114901649415296;0.9996524453314113;0.800000011920929;0.800000011920929;0.800000011920929
lidar;18.0;35.0;24.92888832092285;25.051830291748047;9.714788436889648;0.2984771132469177;24.9245662689209;25.054981231689453;9.697453498840332;0.3166188594596372;0.999852716916195;0.800000011920929;0.800000011920929;0.800000011920929
lidar;18.0;35.0;24.929122924804688;25.056949615478516;9.715723991394043;0.29846248030662537;24.929052352905273;25.057004928588867;9.715444564819336;0.2987560661225465;0.9999015331251099;0.800000011920929;0.800000011920929;0.800000011920929
lidar;18.0;35.0;24.92935562133789;25.062070846557617;9.716659545898438;0.29853877425193787;24.91140365600586;25.077842712402344;9.644661903381348;0.37439761343436634;0.9996457695852431;0.800000011920929;0.800000011920929;0.800000011920929
lidar;18.0;35.0;24.929588317871094;25.06719398498535;9.717595100402832;0.29870617389678955;24.912309646606445;25.083683013916016;9.648294448852539;0.3720065973500594;0.999085545568135;0.800000011920929;0.800000011920929;0.800000011920929
lidar;18.0;35.0;24.929841995239258;25.07230567932129;9.71861457824707;0.29887789487838745;24.921497344970703;25.08090591430664;9.685142517089844;0.3344301948110705;0.9985113739385871;0.800000011920929;0.800000011920929;0.800000011920929
lidar;18.0;35.0;24.93012809753418;25.077390670776367;9.719757080078125;0.29901057481765747;24.95684242248535;25.047800064086914;9.826908111572266;0.18468382699474956;0.9980683327724225;0.800000011920929;0.800000011920929;0.800000011920929
lidar;18.0;35.0;24.93041229248047;25.08247947692871;9.720901489257812;0.2992345094680786;24.927841186523438;25.085527420043945;9.710587501525879;0.31029212429338776;0.997321367486822;0.800000011920929;0.800000011920929;0.800000011920929
lidar;18.0;35.0;24.93069839477539;25.08757972717285;9.722047805786133;0.2995501458644867;24.935157775878906;25.08194351196289;9.739933967590332;0.28027465019918263;0.9962704184585393;0.800000011920929;0.800000011920929;0.800000011920929
lidar;18.0;35.0;24.931041717529297;25.09261703491211;9.723421096801758;0.29971471428871155;24.9400634765625;25.08049964904785;9.75960922241211;0.26050024263952404;0.995058358019664;0.800000011920929;0.800000011920929;0.800000011920929
lidar;18.0;35.0;24.93150520324707;25.09748649597168;9.725285530090332;0.2994386553764343;24.926408767700195;25.1047420501709;9.704842567443848;0.3217215360889478;0.9959761498406079;0.800000011920929;0.800000011920929;0.800000011920929
lidar;18.0;35.0;24.931976318359375;25.102340698242188;9.727170944213867;0.29922646284103394;24.924264907836914;25.113943099975586;9.696240425109863;0.3331500844822085;0.9966830015299433;0.800000011920929;0.800000011920929;0.800000011920929
lidar;18.0;35.0;24.932504653930664;25.107097625732422;9.729290008544922;0.2988464832305908;24.9599552154541;25.063539505004883;9.839390754699707;0.17730198632023264;0.9979503155097118;0.800000011920929;0.800000011920929;0.800000011920929
lidar;18.0;35.0;24.93303108215332;25.111841201782227;9.731404304504395;0.2985582947731018;24.93598175048828;25.106914520263672;9.743239402770996;0.2854033500573913;0.9989137054233463;0.800000011920929;0.800000011920929;0.800000011920929
lidar;18.0;35.0;24.933557510375977;25.116579055786133;9.733514785766602;0.29836148023605347;24.939044952392578;25.106950759887695;9.755523681640625;0.27372004319834314;0.9995728135378252;0.800000011920929;0.800000011920929;0.800000011920929
lidar;18.0;35.0;24.934083938598633;25.12131118774414;9.735623359680176;0.2982557415962219;24.93842887878418;25.113313674926758;9.753052711486816;0.2785931910669466;0.9999273419348653;0.800000011920929;0.800000011920929;0.800000011920929
lidar;18.0;35.0;24.934608459472656;25.126041412353516;9.737730979919434;0.2982408404350281;24.948274612426758;25.099700927734375;9.792540550231934;0.23591335687318493;0.9999774098409598;0.800000011920929;0.800000011920929;0.800000011920929
lidar;18.0;35.0;24.935134887695312;25.130773544311523;9.739839553833008;0.2983168065547943;24.936874389648438;25.127267837524414;9.746814727783203;0.2903187002473885;0.9997227787999813;0.800000011920929;0.800000011920929;0.800000011920929
lidar;18.0;35.0;24.93566131591797;25.135509490966797;9.741949081420898;0.2984837591648102;24.93985939025879;25.126665115356445;9.758790969848633;0.27900247771285225;0.9991636872402813;0.800000011920929;0.800000011920929;0.800000011920929
lidar;18.0;35.0;24.936187744140625;25.14025115966797;9.744061470031738;0.2987419366836548;24.928285598754883;25.157617568969727;9.712368965148926;0.3357345064746954;0.9983002543710076;0.800000011920929;0.800000011920929;0.800000011920929
lidar;18.0;35.0;24.936716079711914;25.145002365112305;9.74617862701416;0.2990918457508087;24.926794052124023;25.167736053466797;9.706385612487793;0.3459819862241608;0.9971326588808774;0.800000011920929;0.800000011920929;0.800000011920929
lidar;18.0;35.0;24.937244415283203;25.14976692199707;9.74830150604248;0.29953381419181824;24.948373794555664;25.123205184936523;9.792940139770508;0.24641197115299557;0.9956613778219363;0.800000011920929;0.800000011920929;0.800000011920929
lidar;18.0;35.0;24.937807083129883;25.15446662902832;9.75055980682373;0.2999141812324524;24.92386817932129;25.189088821411133;9.694649696350098;0.36713687781007087;0.9935323593522819;0.800000011920929;0.800000011920929;0.800000011920929
lidar;18.0;35.0;24.938581466674805;25.15863800048828;9.753665924072266;0.29936397075653076;24.928054809570312;25.185829162597656;9.711443901062012;0.35067610803385146;0.995358467413364;0.800000011920929;0.800000011920929;0.800000011920929
lidar;18.0;35.0;24.939353942871094;25.162796020507812;9.756762504577637;0.2989065945148468;24.93939971923828;25.162675857543945;9.756942749023438;0.2986842474400216;0.9968814850710223;0.800000011920929;0.800000011920929;0.800000011920929
lidar;18.0;35.0;24.94012451171875;25.166942596435547;9.759849548339844;0.29854145646095276;24.942001342773438;25.161706924438477;9.76738166809082;0.2891780320359324;0.9981006979408984;0.800000011920929;0.800000011920929;0.800000011920929
lidar;18.0;35.0;24.94089126586914;25.171079635620117;9.762930870056152;0.2982679605484009;24.943998336791992;25.162084579467773;9.775394439697266;0.28258722854653934;0.9990159272352939;0.800000011920929;0.800000011920929;0.800000011920929
lidar;18.0;35.0;24.941659927368164;25.17521095275879;9.766007423400879;0.29808568954467773;24.929319381713867;25.212268829345703;9.716516494750977;0.36113215203780485;0.999626874919002;0.800000011920929;0.800000011920929;0.800000011920929
lidar;18.0;35.0;24.942424774169922;25.179336547851562;9.76908016204834;0.29799431562423706;24.93243408203125;25.210458755493164;9.729007720947266;0.3497065535301661;0.9999333024072186;0.800000011920929;0.800000011920929;0.800000011920929
lidar;18.0;35.0;24.943191528320312;25.18346405029297;9.7721529006958;0.2979937493801117;24.934608459472656;25.211183547973633;9.737726211547852;0.34301897298653805;0.999935150141322;0.800000011920929;0.800000011920929;0.800000011920929
lidar;18.0;35.0;24.943958282470703;25.187589645385742;9.775226593017578;0.298084020614624;24.950271606445312;25.166454315185547;9.800551414489746;0.2644995281268521;0.9996323585290519;0.800000011920929;0.800000011920929;0.800000011920929
lidar;18.0;35.0;24.944725036621094;25.191720962524414;9.778302192687988;0.2982652485370636;24.947336196899414;25.182661056518555;9.788778305053711;0.2841708643298941;0.999025106423379;0.800000011920929;0.800000011920929;0.800000011920929
lidar;18.0;35.0;24.945491790771484;25.195858001708984;9.781383514404297;0.29853764176368713;24.943941116333008;25.20143699645996;9.77515697479248;0.3070405818607575;0.9981135130849301;0.800000011920929;0.800000011920929;0.800000011920929
lidar;18.0;35.0;24.94626235961914;25.20000457763672;9.784470558166504;0.29890161752700806;24.949771881103516;25.186939239501953;9.79854965209961;0.27937720634403845;0.9968979359388944;0.800000011920929;0.800000011920929;0.800000011920929
lidar;18.0;35.0;24.94703483581543;25.20416259765625;9.787567138671875;0.2993578612804413;24.939556121826172;25.232986450195312;9.757575035095215;0.3416228974687553;0.9953786131790836;0.800000011920929;0.800000011920929;0.800000011920929
lidar;18.0;35.0;24.947959899902344;25.207733154296875;9.791275978088379;0.29904279112815857;24.937803268432617;25.248273849487305;9.750540733337402;0.35740554179069883;0.9954891802727343;0.800000011920929;0.800000011920929;0.800000011920929
lidar;18.0;35.0;24.948898315429688;25.211231231689453;9.795042991638184;0.2987269461154938;24.95005226135254;25.206464767456055;9.799668312072754;0.29198569061637797;0.9965417385340086;0.800000011920929;0.800000011920929;0.800000011920929
lidar;18.0;35.0;24.945369720458984;24.788923263549805;9.79611587524414;0.29850783944129944;24.93711280822754;24.757022857666016;9.765301704406738;0.3436225977553054;0.9972732663596383;0.800000011920929;0.800000011920929;0.800000011920929
lidar;18.0;35.0;24.944366455078125;24.792423248291016;9.79237174987793;0.2988193929195404;24.9510498046875;24.817359924316406;9.817314147949219;0.2629213658673314;0.996233343996436;0.800000011920929;0.800000011920929;0.800000011920929
lidar;18.0;35.0;24.943361282348633;24.795930862426758;9.788619041442871;0.29922279715538025;24.939172744750977;24.780841827392578;9.772989273071289;0.3213474622230346;0.9948900343882452;0.800000011920929;0.800000011920929;0.800000011920929
lidar;18.0;35.0;24.9424991607666;24.799959182739258;9.785401344299316;0.298957496881485;24.9541072845459;24.840347290039062;9.828729629516602;0.23859673151810712;0.9967115519747801;0.800000011920929;0.800000011920929;0.800000011920929
lidar;18.0;35.0;24.941675186157227;24.80410385131836;9.782326698303223;0.29859423637390137;24.94683837890625;24.821447372436523;9.80159854888916;0.2721584736505682;0.9979242684053835;0.800000011920929;0.800000011920929;0.800000011920929
lidar;18.0;35.0;24.940853118896484;24.808242797851562;9.779258728027344;0.2983226180076599;24.947425842285156;24.829551696777344;9.803788185119629;0.265171756479534;0.9988330005729233;0.800000011920929;0.800000011920929;0.800000011920929
lidar;18.0;35.0;24.940031051635742;24.8123722076416;9.77619457244873;0.2981421947479248;24.921035766601562;24.75293731689453;9.705299377441406;0.39258537208741245;0.999437510994619;0.800000011920929;0.800000011920929;0.800000011920929
lidar;18.0;35.0;24.939210891723633;24.816499710083008;9.773134231567383;0.2980527877807617;24.943889617919922;24.830623626708984;9.790596008300781;0.2751119273547447;0.999737501155198;0.800000011920929;0.800000011920929;0.800000011920929
lidar;18.0;35.0;24.938392639160156;24.820627212524414;9.770073890686035;0.2980540990829468;24.93935775756836;24.823440551757812;9.773680686950684;0.2933791536709768;0.9997330903901144;0.800000011920929;0.800000011920929;0.800000011920929
lidar;18.0;35.0;24.937572479248047;24.82475471496582;9.767013549804688;0.29814624786376953;24.952116012573242;24.865581512451172;9.821292877197266;0.22868665856098658;0.9994240403134422;0.800000011920929;0.800000011920929;0.800000011920929
lidar;18.0;35.0;24.936750411987305;24.828886032104492;9.763949394226074;0.29832929372787476;24.9401912689209;24.83819580078125;9.776792526245117;0.2820978132990059;0.9988105893380173;0.800000011920929;0.800000011920929;0.800000011920929
lidar;18.0;35.0;24.935928344726562;24.833023071289062;9.760881423950195;0.29860368371009827;24.9561824798584;24.885807037353516;9.836471557617188;0.20420896529640253;0.9978929161674365;0.800000011920929;0.800000011920929;0.800000011920929
lidar;18.0;35.0;24.935104370117188;24.837169647216797;9.757806777954102;0.2989695966243744;24.914953231811523;24.786605834960938;9.682599067687988;0.39180776865852945;0.9966712596784233;0.800000011920929;0.800000011920929;0.800000011920929
lidar;18.0;35.0;24.93427848815918;24.841327667236328;9.754722595214844;0.29942786693573;24.95729637145996;24.896902084350586;9.840629577636719;0.19455495528340294;0.9951459767248632;0.800000011920929;0.800000011920929;0.800000011920929
lidar;18.0;35.0;24.933515548706055;24.845651626586914;9.751873970031738;0.29968300461769104;24.922740936279297;24.820640563964844;9.711668014526367;0.34824413874381455;0.9942988160050892;0.800000011920929;0.800000011920929;0.800000011920929
lidar;18.0;35.0;24.932857513427734;24.850221633911133;9.749417304992676;0.2995549738407135;24.92677879333496;24.8366641998291;9.726734161376953;0.32667149129784867;0.9955912827741903;0.800000011920929;0.800000011920929;0.800000011920929
lidar;18.0;35.0;24.93229103088379;24.8549861907959;9.74730396270752;0.29911312460899353;24.92791748046875;24.84562110900879;9.730982780456543;0.31843210931643345;0.9970619082156226;0.800000011920929;0.800000011920929;0.800000011920929
lidar;18.0;35.0;24.931726455688477;24.859739303588867;9.745196342468262;0.2987633943557739;24.929859161376953;24.855905532836914;9.738231658935547;0.306929328233491;0.9982288480676851;0.800000011920929;0.800000011920929;0.800000011920929
lidar;18.0;35.0;24.931161880493164;24.86448097229004;9.74309253692627;0.29850539565086365;24.9423885345459;24.88658332824707;9.784992218017578;0.24982119487902027;0.999091625283645;0.800000011920929;0.800000011920929;0.800000011920929
lidar;18.0;35.0;24.930599212646484;24.869216918945312;9.740991592407227;0.2983386516571045;24.928457260131836;24.86518096923828;9.733000755310059;0.30754351796889884;0.9996501207428348;0.800000011920929;0.800000011920929;0.800000011920929
lidar;18.0;35.0;24.930036544799805;24.87394905090332;9.738892555236816;0.2982628047466278;24.938800811767578;24.889738082885742;9.771601676940918;0.26089965400903464;0.9999040961294245;0.800000011920929;0.800000011920929;0.800000011920929
lidar;18.0;35.0;24.929473876953125;24.878679275512695;9.736794471740723;0.2982778549194336;24.944602966308594;24.904705047607422;9.793255805969238;0.23429341950566945;0.9998534917720927;0.800000011920929;0.800000011920929;0.800000011920929
lidar;18.0;35.0;24.928911209106445;24.883411407470703;9.734695434570312;0.29838380217552185;24.940147399902344;24.901840209960938;9.776631355285645;0.25121934365662063;0.9994983673104825;0.800000011920929;0.800000011920929;0.800000011920929
lidar;18.0;35.0;24.928348541259766;24.88814926147461;9.732593536376953;0.2985807955265045;24.939666748046875;24.90581703186035;9.774832725524902;0.25141784903444203;0.9988387823806663;0.800000011920929;0.800000011920929;0.800000011920929
lidar;18.0;35.0;24.927797317504883;24.892913818359375;9.730534553527832;0.2988188862800598;24.943912506103516;24.91681480407715;9.790678977966309;0.23212251735976297;0.9980425836438053;0.800000011920929;0.800000011920929;0.800000011920929
lidar;18.0;35.0;24.92730140686035;24.89776611328125;9.728687286376953;0.2989097535610199;24.925554275512695;24.895309448242188;9.72216796875;0.30609293623161954;0.9977391363519736;0.800000011920929;0.800000011920929;0.800000011920929
lidar;18.0;35.0;24.926807403564453;24.902626037597656;9.726839065551758;0.29909172654151917;24.928253173828125;24.90454864501953;9.7322359085083;0.2931825327267973;0.9971318841528309;0.800000011920929;0.800000011920929;0.800000011920929
lidar;18.0;35.0;24.926311492919922;24.90749168395996;9.724987983703613;0.2993650436401367;24.894472122192383;24.86751937866211;9.606162071228027;0.42871361296738997;0.9962208867153521;0.800000011920929;0.800000011920929;0.800000011920929
lidar;18.0;35.0;24.925813674926758;24.91236686706543;9.723133087158203;0.2997303009033203;24.933731079101562;24.921720504760742;9.75268268585205;0.26774112337319717;0.995006322709752;0.800000011920929;0.800000011920929;0.800000011920929
lidar;18.0;35.0;24.92547607421875;24.917436599731445;9.72187614440918;0.29953891038894653;24.93867301940918;24.932056427001953;9.771124839782715;0.2464975675478375;0.9963076713203994;0.800000011920929;0.800000011920929;0.800000011920929
lidar;18.0;35.0;24.9251708984375;24.922531127929688;9.720734596252441;0.2993159592151642;24.9154109954834;24.912425994873047;9.684309959411621;0.3383559665544935;0.9970496891242908;0.800000011920929;0.800000011920929;0.800000011920929
lidar;18.0;35.0;24.924894332885742;24.92764663696289;9.719698905944824;0.29907292127609253;24.92339515686035;24.926204681396484;9.714107513427734;0.3050387811907898;0.9978603126489916;0.800000011920929;0.800000011920929;0.800000011920929
lidar;18.0;35.0;24.92464256286621;24.932781219482422;9.718765258789062;0.29881444573402405;24.923381805419922;24.931655883789062;9.714055061340332;0.3038193050688929;0.9987233877842397;0.800000011920929;0.800000011920929;0.800000011920929
lidar;18.0;35.0;24.924394607543945;24.937908172607422;9.717832565307617;0.2986474335193634;24.916778564453125;24.93165397644043;9.689412117004395;0.32872787264257275;0.9992823005265625;0.800000011920929;0.800000011920929;0.800000011920929
lidar;18.0;35.0;24.924142837524414;24.943029403686523;9.716900825500488;0.29857146739959717;24.916627883911133;24.93738555908203;9.688855171203613;0.32814993870999465;0.9995366930845339;0.800000011920929;0.800000011920929;0.800000011920929
lidar;18.0;35.0;24.92389488220215;24.948150634765625;9.71596908569336;0.2985864281654358;24.923789978027344;24.94808006286621;9.715578079223633;0.2989978021910628;0.9994867443730312;0.800000011920929;0.800000011920929;0.800000011920929
lidar;18.0;35.0;24.923696517944336;24.953306198120117;9.715231895446777;0.2984882891178131;24.906049728393555;24.942506790161133;9.649371147155762;0.3675226550259709;0.9998154044235459;0.800000011920929;0.800000011920929;0.800000011920929
lidar;18.0;35.0;24.923511505126953;24.958465576171875;9.714540481567383;0.29843375086784363;24.935239791870117;24.964834213256836;9.758309364318848;0.2526757205323706;0.9999981522559904;0.800000011920929;0.800000011920929;0.800000011920929
lidar;18.0;35.0;24.92332649230957;24.963624954223633;9.713849067687988;0.29847007989883423;24.931032180786133;24.967281341552734;9.742609977722168;0.26847074746398886;0.9998763203612225;0.800000011920929;0.800000011920929;0.800000011920929
lidar;18.0;35.0;24.92314910888672;24.968791961669922;9.713189125061035;0.2985643148422241;24.93955421447754;24.975454330444336;9.774413108825684;0.23483126371366825;0.999560236930582;0.800000011920929;0.800000011920929;0.800000011920929
lidar;18.0;35.0;24.92303466796875;24.973983764648438;9.712762832641602;0.2985057532787323;24.899158477783203;24.965911865234375;9.623656272888184;0.3911078299402683;0.9997562765885707;0.800000011920929;0.800000011920929;0.800000011920929
lidar;18.0;35.0;24.92292022705078;24.979175567626953;9.712336540222168;0.2985381782054901;24.926984786987305;24.98027229309082;9.72750473022461;0.28279670163656456;0.9996477365514673;0.800000011920929;0.800000011920929;0.800000011920929
lidar;18.0;35.0;24.922805786132812;24.9843692779541;9.711910247802734;0.298661470413208;24.944149017333984;24.988691329956055;9.7915620803833;0.2160865414650277;0.9992346763799445;0.800000011920929;0.800000011920929;0.800000011920929
lidar;18.0;35.0;24.92276382446289;24.989580154418945;9.711751937866211;0.29859864711761475;24.933996200561523;24.9910945892334;9.753673553466797;0.2551718186723943;0.999445140366286;0.800000011920929;0.800000011920929;0.800000011920929
lidar;18.0;35.0;24.922725677490234;24.994789123535156;9.711607933044434;0.29861128330230713;24.940202713012695;24.995967864990234;9.776830673217773;0.23107726679350907;0.9994029403004401;0.800000011920929;0.800000011920929;0.800000011920929
lidar;18.0;35.0;24.922687530517578;25.0;9.711463928222656;0.2987149655818939;24.911907196044922;25.0;9.671235084533691;0.34036208598945444;0.9990563392437225;0.800000011920929;0.800000011920929;0.800000011920929
lidar;18.0;35.0;24.922725677490234;25.005210876464844;9.711607933044434;0.2986113429069519;24.939537048339844;25.004077911376953;9.774351119995117;0.23364427208199645;0.9994029403004401;0.800000011920929;0.800000011920929;0.800000011920929
lidar;18.0;35.0;24.92276382446289;25.010419845581055;9.711751937866211;0.29859867691993713;24.916549682617188;25.011259078979492;9.688557624816895;0.32262498760448893;0.999445140366286;0.800000011920929;0.800000011920929;0.800000011920929
lidar;18.0;35.0;24.922805786132812;25.0156307220459;9.711910247802734;0.2986615002155304;24.89824676513672;25.02060317993164;9.620253562927246;0.393681842883661;0.9992346763799445;0.800000011920929;0.800000011920929;0.800000011920929
lidar;18.0;35.0;24.92292022705078;25.020824432373047;9.712336540222168;0.29853808879852295;24.919715881347656;25.021692276000977;9.700372695922852;0.3109543130439582;0.9996477365514673;0.800000011920929;0.800000011920929;0.800000011920929
lidar;18.0;35.0;24.92303466796875;25.026016235351562;9.712762832641602;0.29850566387176514;24.959362030029297;25.013736724853516;9.848339080810547;0.1576103984571735;0.9997562765885707;0.800000011920929;0.800000011920929;0.800000011920929
lidar;18.0;35.0;24.92314910888672;25.031208038330078;9.713189125061035;0.2985643446445465;24.911964416503906;25.035751342773438;9.671443939208984;0.34202026719956613;0.999560236930582;0.800000011920929;0.800000011920929;0.800000011920929
lidar;18.0;35.0;24.92332649230957;25.036375045776367;9.713849067687988;0.29846999049186707;24.9232120513916;25.036428451538086;9.713419914245605;0.2989176742881304;0.9998763203612225;0.800000011920929;0.800000011920929;0.800000011920929
lidar;18.0;35.0;24.923511505126953;25.041534423828125;9.714540481567383;0.2984336316585541;24.89807891845703;25.05534553527832;9.619622230529785;0.39766632690971637;0.9999981522559904;0.800000011920929;0.800000011920929;0.800000011920929
lidar;18.0;35.0;24.923696517944336;25.046693801879883;9.715231895446777;0.29848816990852356;24.91828155517578;25.050006866455078;9.695024490356445;0.31966968498286347;0.9998154044235459;0.800000011920929;0.800000011920929;0.800000011920929
lidar;18.0;35.0;24.92389488220215;25.051849365234375;9.71596908569336;0.2985864281654358;24.91921043395996;25.05504035949707;9.698492050170898;0.31695966309227025;0.9994867443730312;0.800000011920929;0.800000011920929;0.800000011920929
lidar;18.0;35.0;24.924142837524414;25.056970596313477;9.716900825500488;0.2985714077949524;24.91707992553711;25.062274932861328;9.690540313720703;0.32637318328917003;0.9995366930845339;0.800000011920929;0.800000011920929;0.800000011920929
lidar;18.0;35.0;24.924394607543945;25.062091827392578;9.717832565307617;0.298647403717041;24.92963981628418;25.057783126831055;9.737414360046387;0.27792173423457467;0.9992823005265625;0.800000011920929;0.800000011920929;0.800000011920929
lidar;18.0;35.0;24.92464256286621;25.067218780517578;9.718765258789062;0.29881444573402405;24.93977928161621;25.05371856689453;9.775250434875488;0.2387979642707942;0.9987234472474011;0.800000011920929;0.800000011920929;0.800000011920929
lidar;18.0;35.0;24.924894332885742;25.072351455688477;9.719698905944824;0.29907286167144775;24.922435760498047;25.07472038269043;9.710526466369629;0.3088595753069109;0.9978603126489916;0.800000011920929;0.800000011920929;0.800000011920929
lidar;18.0;35.0;24.9251708984375;25.077468872070312;9.720734596252441;0.29931601881980896;24.91021728515625;25.09295082092285;9.664923667907715;0.3591334598920477;0.9970496891242908;0.800000011920929;0.800000011920929;0.800000011920929
lidar;18.0;35.0;24.92547607421875;25.082563400268555;9.72187614440918;0.29953891038894653;24.937475204467773;25.069271087646484;9.766654014587402;0.25131324883512307;0.9963076713203994;0.800000011920929;0.800000011920929;0.800000011920929
lidar;18.0;35.0;24.925813674926758;25.08763313293457;9.723133087158203;0.2997302711009979;24.915754318237305;25.099515914916992;9.685590744018555;0.3403732900214591;0.995006322709752;0.800000011920929;0.800000011920929;0.800000011920929
lidar;18.0;35.0;24.926311492919922;25.09250831604004;9.724987983703613;0.29936498403549194;24.918821334838867;25.101911544799805;9.697035789489746;0.3297926245384433;0.9962208271794547;0.800000011920929;0.800000011920929;0.800000011920929
lidar;18.0;35.0;24.926807403564453;25.097373962402344;9.726839065551758;0.2990916073322296;24.91806983947754;25.108997344970703;9.694235801696777;0.33479037752648005;0.9971318841528309;0.800000011920929;0.800000011920929;0.800000011920929
lidar;18.0;35.0;24.92730140686035;25.10223388671875;9.728687286376953;0.29890966415405273;24.922496795654297;25.108991622924805;9.710750579833984;0.31867138022389035;0.9977391363519736;0.800000011920929;0.800000011920929;0.800000011920929
lidar;18.0;35.0;24.927797317504883;25.107086181640625;9.730534553527832;0.2988189458847046;24.927032470703125;25.10822296142578;9.727678298950195;0.301985963139152;0.9980425836438053;0.800000011920929;0.800000011920929;0.800000011920929
lidar;18.0;35.0;24.928348541259766;25.11185073852539;9.732593536376953;0.29858076572418213;24.94041633605957;25.0930118560791;9.777634620666504;0.24828955465105235;0.9988387227939483;0.800000011920929;0.800000011920929;0.800000011920929
lidar;18.0;35.0;24.928911209106445;25.116588592529297;9.734695434570312;0.29838377237319946;24.918413162231445;25.133806228637695;9.695515632629395;0.34244864059171753;0.9994983673104825;0.800000011920929;0.800000011920929;0.800000011920929
lidar;18.0;35.0;24.929473876953125;25.121320724487305;9.736794471740723;0.2982777953147888;24.94289779663086;25.098228454589844;9.78689193725586;0.2415050771273984;0.9998534917720927;0.800000011920929;0.800000011920929;0.800000011920929
lidar;18.0;35.0;24.930036544799805;25.12605094909668;9.738893508911133;0.29826274514198303;24.923303604125977;25.138181686401367;9.713767051696777;0.32696380550274734;0.9999040961294245;0.800000011920929;0.800000011920929;0.800000011920929
lidar;18.0;35.0;24.930599212646484;25.130783081054688;9.740991592407227;0.2983386218547821;24.940580368041992;25.111974716186523;9.778240203857422;0.2554336155600512;0.9996501207428348;0.800000011920929;0.800000011920929;0.800000011920929
lidar;18.0;35.0;24.931161880493164;25.13551902770996;9.74309253692627;0.29850536584854126;24.95110511779785;25.09625816345215;9.817521095275879;0.21202509752715396;0.999091625283645;0.800000011920929;0.800000011920929;0.800000011920929
lidar;18.0;35.0;24.931726455688477;25.140260696411133;9.745196342468262;0.2987633943557739;24.909446716308594;25.1860294342041;9.662052154541016;0.3962519263667098;0.9982288480676851;0.800000011920929;0.800000011920929;0.800000011920929
lidar;18.0;35.0;24.93229103088379;25.1450138092041;9.74730396270752;0.29911309480667114;24.93231201171875;25.14496421813965;9.747387886047363;0.2990138496378337;0.9970619082156226;0.800000011920929;0.800000011920929;0.800000011920929
lidar;18.0;35.0;24.932857513427734;25.149778366088867;9.749417304992676;0.2995549738407135;24.914600372314453;25.190502166748047;9.681282997131348;0.3810052092181665;0.9955913421759764;0.800000011920929;0.800000011920929;0.800000011920929
lidar;18.0;35.0;24.933515548706055;25.154348373413086;9.751873970031738;0.29968297481536865;24.93144416809082;25.15915298461914;9.744149208068848;0.30901315857548256;0.9942987564210204;0.800000011920929;0.800000011920929;0.800000011920929
lidar;18.0;35.0;24.93427848815918;25.158672332763672;9.754722595214844;0.2994278073310852;24.92617416381836;25.178241729736328;9.72447395324707;0.3363557077024026;0.9951458572108984;0.800000011920929;0.800000011920929;0.800000011920929
lidar;18.0;35.0;24.935104370117188;25.162830352783203;9.757806777954102;0.298969566822052;24.94731330871582;25.132198333740234;9.80336856842041;0.24272643961335966;0.9966711995443654;0.800000011920929;0.800000011920929;0.800000011920929
lidar;18.0;35.0;24.935928344726562;25.166976928710938;9.760881423950195;0.2986035943031311;24.936861038208008;25.164548873901367;9.764359474182129;0.2942608995815107;0.9978928567073824;0.800000011920929;0.800000011920929;0.800000011920929
lidar;18.0;35.0;24.936750411987305;25.171113967895508;9.763949394226074;0.29832923412323;24.94733428955078;25.142480850219727;9.803449630737305;0.24840743350104844;0.9988105893380173;0.800000011920929;0.800000011920929;0.800000011920929
lidar;18.0;35.0;24.937572479248047;25.17524528503418;9.767013549804688;0.29814612865448;24.94231414794922;25.16193389892578;9.784712791442871;0.2754973164030845;0.9994240403134422;0.800000011920929;0.800000011920929;0.800000011920929
lidar;18.0;35.0;24.938392639160156;25.179372787475586;9.770073890686035;0.2980539798736572;24.92641830444336;25.2142333984375;9.725388526916504;0.355979879350897;0.999733030786546;0.800000011920929;0.800000011920929;0.800000011920929
lidar;18.0;35.0;24.939210891723633;25.183500289916992;9.773134231567383;0.2980526387691498;24.937105178833008;25.189855575561523;9.765275955200195;0.30837646468111596;0.999737501155198;0.800000011920929;0.800000011920929;0.800000011920929
lidar;18.0;35.0;24.940031051635742;25.1876277923584;9.77619457244873;0.29814210534095764;24.947904586791992;25.162994384765625;9.80557632446289;0.259001695342744;0.999437510994619;0.800000011920929;0.800000011920929;0.800000011920929
lidar;18.0;35.0;24.940853118896484;25.191757202148438;9.779258728027344;0.29832252860069275;24.934417724609375;25.212621688842773;9.755241394042969;0.3307810729404423;0.9988330603061848;0.800000011920929;0.800000011920929;0.800000011920929
lidar;18.0;35.0;24.941675186157227;25.19589614868164;9.782326698303223;0.298594206571579;24.92177391052246;25.262733459472656;9.708059310913086;0.400470908876422;0.9979242684053835;0.800000011920929;0.800000011920929;0.800000011920929
lidar;18.0;35.0;24.9424991607666;25.200040817260742;9.785401344299316;0.298957496881485;24.940454483032227;25.207151412963867;9.7777738571167;0.3095831467708163;0.99671161174385;0.800000011920929;0.800000011920929;0.800000011920929
lidar;18.0;35.0;24.943361282348633;25.204069137573242;9.788619041442871;0.2992227375507355;24.952823638916016;25.169973373413086;9.82393741607666;0.24922803615678113;0.9948901532420678;0.800000011920929;0.800000011920929;0.800000011920929
lidar;18.0;35.0;24.944366455078125;25.207576751708984;9.79237174987793;0.29881933331489563;24.95263671875;25.176719665527344;9.823236465454102;0.25439885903489423;0.9962334034338447;0.800000011920929;0.800000011920929;0.800000011920929
lidar;18.0;35.0;24.945369720458984;25.211076736450195;9.79611587524414;0.2985077202320099;24.95166015625;25.1867733001709;9.819591522216797;0.26413651992601833;0.997273385671936;0.800000011920929;0.800000011920929;0.800000011920929
