sensor_id;categoryID;partID;X;Y;Z;distance;X_noise;Y_noise;Z_noise;distance_noise;intensity;red;green;blue
lidar;21.0;39.0;25.054630279541016;24.788923263549805;9.79611587524414;0.2985077202320099;25.057775497436523;24.776769638061523;9.78437614440918;0.31569528881417186;0.9972733257411999;0.800000011920929;0.800000011920929;0.800000011920929
lidar;21.0;39.0;25.055633544921875;24.792423248291016;9.79237174987793;0.29881933331489563;25.058509826660156;24.781692504882812;9.781639099121094;0.3142661728421886;0.996233343996436;0.800000011920929;0.800000011920929;0.800000011920929
lidar;21.0;39.0;25.056638717651367;24.795930862426758;9.788619041442871;0.2992227375507355;25.057910919189453;24.791351318359375;9.783876419067383;0.3059364048550881;0.9948900343882452;0.800000011920929;0.800000011920929;0.800000011920929
lidar;21.0;39.0;25.0575008392334;24.799959182739258;9.785401344299316;0.298957496881485;25.055341720581055;24.807472229003906;9.793462753295898;0.28772696130642134;0.9967115519747801;0.800000011920929;0.800000011920929;0.800000011920929
lidar;21.0;39.0;25.058324813842773;24.80410385131836;9.782326698303223;0.298594206571579;25.061931610107422;24.791996002197266;9.768871307373047;0.31705172524577213;0.9979242084292627;0.800000011920929;0.800000011920929;0.800000011920929
lidar;21.0;39.0;25.059146881103516;24.808242797851562;9.779258728027344;0.29832252860069275;25.05892562866211;24.808958053588867;9.780082702636719;0.29720833154217396;0.9988330005729233;0.800000011920929;0.800000011920929;0.800000011920929
lidar;21.0;39.0;25.059968948364258;24.8123722076416;9.77619457244873;0.29814210534095764;25.05746078491211;24.82021713256836;9.785552024841309;0.2856773121395672;0.999437510994619;0.800000011920929;0.800000011920929;0.800000011920929
lidar;21.0;39.0;25.060789108276367;24.816499710083008;9.773134231567383;0.2980526387691498;25.062076568603516;24.81261444091797;9.768328666687012;0.3043660808927046;0.999737501155198;0.800000011920929;0.800000011920929;0.800000011920929
lidar;21.0;39.0;25.061607360839844;24.820627212524414;9.770073890686035;0.2980539798736572;25.06081199645996;24.822946548461914;9.773048400878906;0.29419895197673335;0.9997330903901144;0.800000011920929;0.800000011920929;0.800000011920929
lidar;21.0;39.0;25.062427520751953;24.82475471496582;9.767013549804688;0.29814612865448;25.062978744506836;24.82320785522461;9.764958381652832;0.30077646579171874;0.9994240403134422;0.800000011920929;0.800000011920929;0.800000011920929
lidar;21.0;39.0;25.063249588012695;24.828886032104492;9.763949394226074;0.29832923412323;25.062990188598633;24.829586029052734;9.76491641998291;0.2971076494462039;0.9988106489152414;0.800000011920929;0.800000011920929;0.800000011920929
lidar;21.0;39.0;25.064071655273438;24.833023071289062;9.760881423950195;0.2986035943031311;25.0679874420166;24.822816848754883;9.746264457702637;0.3168569126677296;0.9978929161674365;0.800000011920929;0.800000011920929;0.800000011920929
lidar;21.0;39.0;25.064895629882812;24.837169647216797;9.757806777954102;0.298969566822052;25.066381454467773;24.83344078063965;9.752259254455566;0.3058170994073354;0.9966713192045324;0.800000011920929;0.800000011920929;0.800000011920929
lidar;21.0;39.0;25.06572151184082;24.841327667236328;9.754722595214844;0.2994278073310852;25.065275192260742;24.842405319213867;9.756388664245605;0.2973947369727002;0.9951459767248632;0.800000011920929;0.800000011920929;0.800000011920929
lidar;21.0;39.0;25.066484451293945;24.845651626586914;9.751873970031738;0.29968297481536865;25.068693161010742;24.840526580810547;9.743634223937988;0.3096357587702038;0.9942988755888474;0.800000011920929;0.800000011920929;0.800000011920929
lidar;21.0;39.0;25.067142486572266;24.850221633911133;9.749417304992676;0.2995549738407135;25.06850242614746;24.847192764282227;9.74434757232666;0.3056159481944756;0.9955913421759764;0.800000011920929;0.800000011920929;0.800000011920929
lidar;21.0;39.0;25.06770896911621;24.8549861907959;9.74730396270752;0.29911309480667114;25.070838928222656;24.848285675048828;9.735626220703125;0.3129353104456213;0.9970619082156226;0.800000011920929;0.800000011920929;0.800000011920929
lidar;21.0;39.0;25.068273544311523;24.859739303588867;9.745196342468262;0.2987633943557739;25.07231330871582;24.8514404296875;9.730121612548828;0.3164384440131967;0.9982288480676851;0.800000011920929;0.800000011920929;0.800000011920929
lidar;21.0;39.0;25.068838119506836;24.86448097229004;9.74309253692627;0.29850536584854126;25.070470809936523;24.86126708984375;9.73699951171875;0.3055846835012872;0.999091625283645;0.800000011920929;0.800000011920929;0.800000011920929
lidar;21.0;39.0;25.069400787353516;24.869216918945312;9.740991592407227;0.2983386218547821;25.06877326965332;24.870397567749023;9.743331909179688;0.29564281451443936;0.9996501207428348;0.800000011920929;0.800000011920929;0.800000011920929
lidar;21.0;39.0;25.069963455200195;24.87394905090332;9.738893508911133;0.29826274514198303;25.068904876708984;24.8758544921875;9.742842674255371;0.29375135433814153;0.9999040961294245;0.800000011920929;0.800000011920929;0.800000011920929
lidar;21.0;39.0;25.070526123046875;24.878679275512695;9.736794471740723;0.2982777953147888;25.07069206237793;24.878395080566406;9.736175537109375;0.29897932972992713;0.9998534917720927;0.800000011920929;0.800000011920929;0.800000011920929
lidar;21.0;39.0;25.071088790893555;24.883411407470703;9.734695434570312;0.29838377237319946;25.06987953186035;24.885393142700195;9.739204406738281;0.293312828517119;0.9994983673104825;0.800000011920929;0.800000011920929;0.800000011920929
lidar;21.0;39.0;25.071651458740234;24.88814926147461;9.732593536376953;0.29858076572418213;25.074085235595703;24.884349822998047;9.72350788116455;0.3087259784205628;0.9988387227939483;0.800000011920929;0.800000011920929;0.800000011920929
lidar;21.0;39.0;25.072202682495117;24.892913818359375;9.730534553527832;0.2988189458847046;25.069883346557617;24.89635467529297;9.739194869995117;0.28921515298685585;0.9980425836438053;0.800000011920929;0.800000011920929;0.800000011920929
lidar;21.0;39.0;25.07269859313965;24.89776611328125;9.728687286376953;0.29890966415405273;25.072351455688477;24.89825439453125;9.729982376098633;0.2974833400204199;0.9977391363519736;0.800000011920929;0.800000011920929;0.800000011920929
lidar;21.0;39.0;25.073192596435547;24.902626037597656;9.726839065551758;0.2990916073322296;25.072946548461914;24.9029541015625;9.727758407592773;0.29808530535840705;0.9971318841528309;0.800000011920929;0.800000011920929;0.800000011920929
lidar;21.0;39.0;25.073688507080078;24.90749168395996;9.724987983703613;0.29936498403549194;25.075159072875977;24.9056453704834;9.719504356384277;0.30533483089765107;0.9962208867153521;0.800000011920929;0.800000011920929;0.800000011920929
lidar;21.0;39.0;25.074186325073242;24.91236686706543;9.723133087158203;0.2997302711009979;25.072925567626953;24.913856506347656;9.727840423583984;0.29463422434256564;0.995006322709752;0.800000011920929;0.800000011920929;0.800000011920929
lidar;21.0;39.0;25.07452392578125;24.917436599731445;9.72187614440918;0.29953891038894653;25.07579803466797;24.916025161743164;9.717120170593262;0.30466106313327806;0.9963076713203994;0.800000011920929;0.800000011920929;0.800000011920929
lidar;21.0;39.0;25.0748291015625;24.922531127929688;9.720734596252441;0.29931601881980896;25.07748031616211;24.91978645324707;9.710837364196777;0.309923129198367;0.9970496891242908;0.800000011920929;0.800000011920929;0.800000011920929
lidar;21.0;39.0;25.075105667114258;24.927648544311523;9.719698905944824;0.29907286167144775;25.075889587402344;24.92689323425293;9.716778755187988;0.3021886042909297;0.9978603126489916;0.800000011920929;0.800000011920929;0.800000011920929
lidar;21.0;39.0;25.07535743713379;24.932781219482422;9.718765258789062;0.29881444573402405;25.073911666870117;24.934070587158203;9.724157333374023;0.29308531561715945;0.9987233877842397;0.800000011920929;0.800000011920929;0.800000011920929
lidar;21.0;39.0;25.075605392456055;24.937908172607422;9.717832565307617;0.298647403717041;25.07500457763672;24.93840217590332;9.720077514648438;0.2962710033494493;0.9992823005265625;0.800000011920929;0.800000011920929;0.800000011920929
lidar;21.0;39.0;25.075857162475586;24.943029403686523;9.716900825500488;0.2985714077949524;25.075124740600586;24.943580627441406;9.719635009765625;0.29568827919636953;0.9995366930845339;0.800000011920929;0.800000011920929;0.800000011920929
lidar;21.0;39.0;25.07610511779785;24.948150634765625;9.71596908569336;0.2985864281654358;25.077207565307617;24.94740104675293;9.711858749389648;0.30290758596170014;0.9994867443730312;0.800000011920929;0.800000011920929;0.800000011920929
lidar;21.0;39.0;25.076303482055664;24.953306198120117;9.715231895446777;0.29848816990852356;25.074342727661133;24.954505920410156;9.722548484802246;0.2908191279512;0.9998154044235459;0.800000011920929;0.800000011920929;0.800000011920929
lidar;21.0;39.0;25.076488494873047;24.958465576171875;9.714540481567383;0.2984336316585541;25.078039169311523;24.957624435424805;9.708756446838379;0.30448108216239095;0.9999981522559904;0.800000011920929;0.800000011920929;0.800000011920929
lidar;21.0;39.0;25.07667350769043;24.963624954223633;9.713849067687988;0.29846999049186707;25.07530403137207;24.964275360107422;9.718963623046875;0.29313548120245864;0.9998763203612225;0.800000011920929;0.800000011920929;0.800000011920929
lidar;21.0;39.0;25.07685089111328;24.968791961669922;9.713189125061035;0.2985643446445465;25.079662322998047;24.967649459838867;9.702692985534668;0.30949012209650145;0.999560236930582;0.800000011920929;0.800000011920929;0.800000011920929
lidar;21.0;39.0;25.07696533203125;24.973983764648438;9.712762832641602;0.29850566387176514;25.076967239379883;24.973981857299805;9.71275520324707;0.29851318619199435;0.9997562765885707;0.800000011920929;0.800000011920929;0.800000011920929
lidar;21.0;39.0;25.07707977294922;24.979175567626953;9.712336540222168;0.29853808879852295;25.074357986450195;24.979909896850586;9.722494125366211;0.2879970881772517;0.9996477365514673;0.800000011920929;0.800000011920929;0.800000011920929
lidar;21.0;39.0;25.077194213867188;24.9843692779541;9.711910247802734;0.2986615002155304;25.077045440673828;24.984399795532227;9.712461471557617;0.2980901065425941;0.9992346763799445;0.800000011920929;0.800000011920929;0.800000011920929
lidar;21.0;39.0;25.07723617553711;24.989580154418945;9.711751937866211;0.29859867691993713;25.08088493347168;24.989086151123047;9.698129653930664;0.3127097304451404;0.999445140366286;0.800000011920929;0.800000011920929;0.800000011920929
lidar;21.0;39.0;25.077274322509766;24.994789123535156;9.711607933044434;0.2986113429069519;25.081573486328125;24.99449920654297;9.695562362670898;0.31522541324377235;0.9994029403004401;0.800000011920929;0.800000011920929;0.800000011920929
lidar;21.0;39.0;25.077312469482422;25.0;9.711463928222656;0.2987150251865387;25.07844352722168;25.0;9.70724868774414;0.3030789981715423;0.9990563392437225;0.800000011920929;0.800000011920929;0.800000011920929
lidar;21.0;39.0;25.077274322509766;25.005210876464844;9.711607933044434;0.29861128330230713;25.079221725463867;25.005342483520508;9.704340934753418;0.30613520201969696;0.9994029403004401;0.800000011920929;0.800000011920929;0.800000011920929
lidar;21.0;39.0;25.07723617553711;25.010419845581055;9.711751937866211;0.29859864711761475;25.076814651489258;25.010364532470703;9.713324546813965;0.2969692343475091;0.999445140366286;0.800000011920929;0.800000011920929;0.800000011920929
lidar;21.0;39.0;25.077194213867188;25.0156307220459;9.711910247802734;0.298661470413208;25.07859230041504;25.015913009643555;9.706689834594727;0.30407347540702095;0.9992346763799445;0.800000011920929;0.800000011920929;0.800000011920929
lidar;21.0;39.0;25.07707977294922;25.020824432373047;9.712336540222168;0.2985381782054901;25.077579498291016;25.020959854125977;9.710470199584961;0.30047520990141446;0.9996477365514673;0.800000011920929;0.800000011920929;0.800000011920929
lidar;21.0;39.0;25.07696533203125;25.026016235351562;9.712762832641602;0.2985057532787323;25.0749454498291;25.025333404541016;9.72030258178711;0.2906701782141514;0.9997562765885707;0.800000011920929;0.800000011920929;0.800000011920929
lidar;21.0;39.0;25.07685089111328;25.031208038330078;9.713189125061035;0.2985643148422241;25.078493118286133;25.031875610351562;9.707056999206543;0.30494721738442204;0.999560236930582;0.800000011920929;0.800000011920929;0.800000011920929
lidar;21.0;39.0;25.07667350769043;25.036375045776367;9.713849067687988;0.29847007989883423;25.076555252075195;25.036317825317383;9.71429443359375;0.2980057622221029;0.9998763203612225;0.800000011920929;0.800000011920929;0.800000011920929
lidar;21.0;39.0;25.076488494873047;25.041534423828125;9.714540481567383;0.29843375086784363;25.076364517211914;25.041467666625977;9.71500015258789;0.2979528840704979;0.9999981522559904;0.800000011920929;0.800000011920929;0.800000011920929
lidar;21.0;39.0;25.076303482055664;25.046693801879883;9.715231895446777;0.2984882891178131;25.070215225219727;25.04296875;9.737955093383789;0.27467084383995777;0.9998154044235459;0.800000011920929;0.800000011920929;0.800000011920929
lidar;21.0;39.0;25.07610511779785;25.051849365234375;9.71596908569336;0.2985864281654358;25.074628829956055;25.05084228515625;9.721484184265137;0.29278863860941395;0.9994867443730312;0.800000011920929;0.800000011920929;0.800000011920929
lidar;21.0;39.0;25.075857162475586;25.056970596313477;9.716900825500488;0.29857146739959717;25.07769775390625;25.058353424072266;9.710027694702148;0.3058201319456781;0.9995366930845339;0.800000011920929;0.800000011920929;0.800000011920929
lidar;21.0;39.0;25.075605392456055;25.062091827392578;9.717832565307617;0.2986474335193634;25.079586029052734;25.06536102294922;9.702981948852539;0.3143650545356898;0.9992823005265625;0.800000011920929;0.800000011920929;0.800000011920929
lidar;21.0;39.0;25.07535743713379;25.067218780517578;9.718765258789062;0.29881444573402405;25.074155807495117;25.066146850585938;9.723248481750488;0.29405047398916523;0.9987233877842397;0.800000011920929;0.800000011920929;0.800000011920929
lidar;21.0;39.0;25.075105667114258;25.07235336303711;9.719698905944824;0.29907292127609253;25.080585479736328;25.0776309967041;9.699250221252441;0.3208905632728468;0.9978603126489916;0.800000011920929;0.800000011920929;0.800000011920929
lidar;21.0;39.0;25.0748291015625;25.077468872070312;9.720734596252441;0.2993159592151642;25.073020935058594;25.07559585571289;9.727483749389648;0.2920816273601442;0.9970496891242908;0.800000011920929;0.800000011920929;0.800000011920929
lidar;21.0;39.0;25.07452392578125;25.082563400268555;9.72187614440918;0.29953891038894653;25.077062606811523;25.085378646850586;9.712395668029785;0.3097488232730317;0.9963076713203994;0.800000011920929;0.800000011920929;0.800000011920929
lidar;21.0;39.0;25.074186325073242;25.08763313293457;9.723133087158203;0.2997303009033203;25.07378387451172;25.087158203125;9.724630355834961;0.2981092673184948;0.995006322709752;0.800000011920929;0.800000011920929;0.800000011920929
lidar;21.0;39.0;25.073688507080078;25.09250831604004;9.724987983703613;0.2993650436401367;25.073392868041992;25.09213638305664;9.726094245910645;0.2981610087754876;0.9962208867153521;0.800000011920929;0.800000011920929;0.800000011920929
lidar;21.0;39.0;25.073192596435547;25.097373962402344;9.726839065551758;0.29909172654151917;25.078035354614258;25.103816986083984;9.708765029907227;0.31888160652976383;0.9971318841528309;0.800000011920929;0.800000011920929;0.800000011920929
lidar;21.0;39.0;25.07269859313965;25.10223388671875;9.728687286376953;0.2989097535610199;25.071857452392578;25.101051330566406;9.73182487487793;0.29545345681465895;0.9977391363519736;0.800000011920929;0.800000011920929;0.800000011920929
lidar;21.0;39.0;25.072202682495117;25.107086181640625;9.730534553527832;0.2988188862800598;25.07449722290039;25.110488891601562;9.72197437286377;0.3083111412864462;0.9980425836438053;0.800000011920929;0.800000011920929;0.800000011920929
lidar;21.0;39.0;25.071651458740234;25.11185073852539;9.732593536376953;0.2985807955265045;25.071086883544922;25.110971450805664;9.734697341918945;0.29623232817173956;0.9988387227939483;0.800000011920929;0.800000011920929;0.800000011920929
lidar;21.0;39.0;25.071088790893555;25.116588592529297;9.734695434570312;0.29838380217552185;25.073604583740234;25.120716094970703;9.725301742553711;0.3089480936700597;0.9994983673104825;0.800000011920929;0.800000011920929;0.800000011920929
lidar;21.0;39.0;25.070526123046875;25.121320724487305;9.736794471740723;0.2982778549194336;25.068693161010742;25.118165969848633;9.743637084960938;0.29052400623042113;0.9998534917720927;0.800000011920929;0.800000011920929;0.800000011920929
lidar;21.0;39.0;25.069963455200195;25.12605094909668;9.738892555236816;0.2982628047466278;25.068567276000977;25.12353515625;9.74410629272461;0.29230817940212545;0.9999040961294245;0.800000011920929;0.800000011920929;0.800000011920929
lidar;21.0;39.0;25.069400787353516;25.130783081054688;9.740991592407227;0.2983386516571045;25.07333755493164;25.13820457458496;9.726296424865723;0.3152657935540532;0.9996501207428348;0.800000011920929;0.800000011920929;0.800000011920929
lidar;21.0;39.0;25.068838119506836;25.13551902770996;9.74309253692627;0.29850539565086365;25.06982421875;25.137460708618164;9.739411354064941;0.3027824057376136;0.999091625283645;0.800000011920929;0.800000011920929;0.800000011920929
lidar;21.0;39.0;25.068273544311523;25.140260696411133;9.745196342468262;0.2987633943557739;25.070188522338867;25.144193649291992;9.738053321838379;0.30713872650576046;0.9982288480676851;0.800000011920929;0.800000011920929;0.800000011920929
lidar;21.0;39.0;25.06770896911621;25.1450138092041;9.74730396270752;0.29911312460899353;25.06869125366211;25.147117614746094;9.743638038635254;0.3034527328090032;0.9970619082156226;0.800000011920929;0.800000011920929;0.800000011920929
lidar;21.0;39.0;25.067142486572266;25.149778366088867;9.749417304992676;0.2995549738407135;25.06585121154785;25.146892547607422;9.754241943359375;0.2937869778371109;0.9955913421759764;0.800000011920929;0.800000011920929;0.800000011920929
lidar;21.0;39.0;25.066484451293945;25.154348373413086;9.751873970031738;0.29968300461769104;25.07135772705078;25.165660858154297;9.733686447143555;0.3216496146393607;0.9942988160050892;0.800000011920929;0.800000011920929;0.800000011920929
lidar;21.0;39.0;25.06572151184082;25.158672332763672;9.754722595214844;0.29942786693573;25.063156127929688;25.15247917175293;9.764296531677246;0.2877412811916922;0.9951459767248632;0.800000011920929;0.800000011920929;0.800000011920929
lidar;21.0;39.0;25.064895629882812;25.162830352783203;9.757806777954102;0.2989695966243744;25.063358306884766;25.158971786499023;9.763545989990234;0.29188546048531594;0.9966713192045324;0.800000011920929;0.800000011920929;0.800000011920929
lidar;21.0;39.0;25.064071655273438;25.166976928710938;9.760881423950195;0.29860368371009827;25.058921813964844;25.15355682373047;9.780099868774414;0.274604053567336;0.9978929161674365;0.800000011920929;0.800000011920929;0.800000011920929
lidar;21.0;39.0;25.063249588012695;25.171113967895508;9.763949394226074;0.29832929372787476;25.061941146850586;25.16757583618164;9.768831253051758;0.29216047360307995;0.9988106489152414;0.800000011920929;0.800000011920929;0.800000011920929
lidar;21.0;39.0;25.062427520751953;25.17524528503418;9.767013549804688;0.29814624786376953;25.062307357788086;25.17490577697754;9.767465591430664;0.2975679908013298;0.9994240403134422;0.800000011920929;0.800000011920929;0.800000011920929
lidar;21.0;39.0;25.061607360839844;25.179372787475586;9.770073890686035;0.2980540990829468;25.058349609375;25.169883728027344;9.782238006591797;0.28228635088524257;0.9997330903901144;0.800000011920929;0.800000011920929;0.800000011920929
lidar;21.0;39.0;25.060789108276367;25.183500289916992;9.773134231567383;0.2980527877807617;25.060256958007812;25.18189239501953;9.775121688842773;0.29544104887564226;0.999737501155198;0.800000011920929;0.800000011920929;0.800000011920929
lidar;21.0;39.0;25.059968948364258;25.1876277923584;9.77619457244873;0.2981421947479248;25.061532974243164;25.192522048950195;9.770356178283691;0.3059202652794336;0.999437510994619;0.800000011920929;0.800000011920929;0.800000011920929
lidar;21.0;39.0;25.059146881103516;25.191757202148438;9.779258728027344;0.2983226180076599;25.062345504760742;25.202123641967773;9.767326354980469;0.3144480354891336;0.9988330005729233;0.800000011920929;0.800000011920929;0.800000011920929
lidar;21.0;39.0;25.058324813842773;25.19589614868164;9.782326698303223;0.29859423637390137;25.057422637939453;25.19286346435547;9.785696029663086;0.2939726840962883;0.9979242084292627;0.800000011920929;0.800000011920929;0.800000011920929
lidar;21.0;39.0;25.0575008392334;25.200040817260742;9.785401344299316;0.298957496881485;25.05971908569336;25.207754135131836;9.777127265930176;0.3104836919596678;0.996711492808904;0.800000011920929;0.800000011920929;0.800000011920929
lidar;21.0;39.0;25.056638717651367;25.204069137573242;9.788619041442871;0.29922279715538025;25.0575008392334;25.207172393798828;9.785404205322266;0.3037736696074791;0.9948900938153288;0.800000011920929;0.800000011920929;0.800000011920929
lidar;21.0;39.0;25.055633544921875;25.207576751708984;9.79237174987793;0.2988193929195404;25.053380966186523;25.199172973632812;9.800777435302734;0.28672194909254;0.996233343996436;0.800000011920929;0.800000011920929;0.800000011920929
lidar;21.0;39.0;25.054630279541016;25.211076736450195;9.79611587524414;0.29850783944129944;25.05514907836914;25.21307945251465;9.794180870056152;0.3013405379364777;0.9972733257411999;0.800000011920929;0.800000011920929;0.800000011920929
lidar;21.0;39.0;25.051101684570312;24.788768768310547;9.795042991638184;0.2987269461154938;25.04912757873535;24.79693031311035;9.802962303161621;0.2871838725838835;0.9965416791005064;0.800000011920929;0.800000011920929;0.800000011920929
lidar;21.0;39.0;25.052040100097656;24.792266845703125;9.791275978088379;0.29904279112815857;25.049551010131836;24.802204132080078;9.801259994506836;0.2847385084892098;0.9954890608100924;0.800000011920929;0.800000011920929;0.800000011920929
lidar;21.0;39.0;25.05296516418457;24.79583740234375;9.787567138671875;0.2993578612804413;25.05470848083496;24.789121627807617;9.78057861328125;0.3092056338678837;0.9953784944109842;0.800000011920929;0.800000011920929;0.800000011920929
lidar;21.0;39.0;25.05373764038086;24.79999542236328;9.784470558166504;0.29890161752700806;25.05470848083496;24.796382904052734;9.780576705932617;0.30430226160809304;0.9968978761258794;0.800000011920929;0.800000011920929;0.800000011920929
lidar;21.0;39.0;25.054508209228516;24.804141998291016;9.781383514404297;0.29853764176368713;25.056365966796875;24.797460556030273;9.773926734924316;0.3087209436856607;0.9981134533895065;0.800000011920929;0.800000011920929;0.800000011920929
lidar;21.0;39.0;25.055274963378906;24.808279037475586;9.778302192687988;0.2982652485370636;25.057048797607422;24.802125930786133;9.771188735961914;0.30783646705977147;0.9990250468896553;0.800000011920929;0.800000011920929;0.800000011920929
lidar;21.0;39.0;25.056041717529297;24.812410354614258;9.775226593017578;0.298084020614624;25.058338165283203;24.804723739624023;9.766016006469727;0.31029827555580425;0.9996323585290519;0.800000011920929;0.800000011920929;0.800000011920929
lidar;21.0;39.0;25.056808471679688;24.81653594970703;9.7721529006958;0.2979937493801117;25.05226707458496;24.831205368041992;9.79037094116211;0.2741668695607008;0.9999350905416204;0.800000011920929;0.800000011920929;0.800000011920929
lidar;21.0;39.0;25.057575225830078;24.820663452148438;9.76908016204834;0.29799431562423706;25.057004928588867;24.822439193725586;9.771367073059082;0.29504380476118114;0.9999333024072186;0.800000011920929;0.800000011920929;0.800000011920929
lidar;21.0;39.0;25.058340072631836;24.82478904724121;9.766007423400879;0.29808568954467773;25.056163787841797;24.831327438354492;9.774739265441895;0.28696205239459704;0.9996269345458831;0.800000011920929;0.800000011920929;0.800000011920929
lidar;21.0;39.0;25.05910873413086;24.828920364379883;9.762930870056152;0.2982679605484009;25.05581283569336;24.838459014892578;9.776148796081543;0.28163768688981855;0.9990159868814524;0.800000011920929;0.800000011920929;0.800000011920929
lidar;21.0;39.0;25.05987548828125;24.833057403564453;9.759849548339844;0.29854145646095276;25.06492042541504;24.818992614746094;9.739617347717285;0.32369347267292703;0.9981008172743919;0.800000011920929;0.800000011920929;0.800000011920929
lidar;21.0;39.0;25.060646057128906;24.837203979492188;9.756762504577637;0.2989065945148468;25.059141159057617;24.84123992919922;9.76279354095459;0.29149447806825624;0.9968816044236719;0.800000011920929;0.800000011920929;0.800000011920929
lidar;21.0;39.0;25.061418533325195;24.84136199951172;9.753665924072266;0.29936397075653076;25.06079864501953;24.842960357666016;9.756147384643555;0.2963482973617793;0.9953585864379264;0.800000011920929;0.800000011920929;0.800000011920929
lidar;21.0;39.0;25.062192916870117;24.84553337097168;9.75055980682373;0.2999141812324524;25.06105613708496;24.848356246948242;9.755118370056152;0.29443313045464736;0.9935325387048348;0.800000011920929;0.800000011920929;0.800000011920929
lidar;21.0;39.0;25.062755584716797;24.85023307800293;9.74830150604248;0.29953381419181824;25.05954360961914;24.857898712158203;9.761183738708496;0.284203228514079;0.9956613181995437;0.800000011920929;0.800000011920929;0.800000011920929
lidar;21.0;39.0;25.063283920288086;24.854997634887695;9.74617862701416;0.2990918457508087;25.066410064697266;24.847835540771484;9.733641624450684;0.3138647791462826;0.9971325991166403;0.800000011920929;0.800000011920929;0.800000011920929
lidar;21.0;39.0;25.063812255859375;24.85974884033203;9.744061470031738;0.2987419366836548;25.06400489807129;24.85932731628418;9.743291854858398;0.29964061183558427;0.9983002543710076;0.800000011920929;0.800000011920929;0.800000011920929
lidar;21.0;39.0;25.06433868408203;24.864490509033203;9.741949081420898;0.2984837591648102;25.065845489501953;24.86132049560547;9.735909461975098;0.30546948998677026;0.9991636872402813;0.800000011920929;0.800000011920929;0.800000011920929
lidar;21.0;39.0;25.064865112304688;24.869226455688477;9.739839553833008;0.2983168065547943;25.069095611572266;24.860698699951172;9.722872734069824;0.3177711457828566;0.9997227787999813;0.800000011920929;0.800000011920929;0.800000011920929
lidar;21.0;39.0;25.065391540527344;24.873958587646484;9.737730979919434;0.2982408404350281;25.068248748779297;24.868450164794922;9.726271629333496;0.31127215356571364;0.9999774098409598;0.800000011920929;0.800000011920929;0.800000011920929
lidar;21.0;39.0;25.065916061401367;24.87868881225586;9.735623359680176;0.2982557415962219;25.06624412536621;24.878084182739258;9.734305381774902;0.29974226456781383;0.9999274015472301;0.800000011920929;0.800000011920929;0.800000011920929
lidar;21.0;39.0;25.066442489624023;24.883420944213867;9.733514785766602;0.29836148023605347;25.066816329956055;24.88276481628418;9.732015609741211;0.3000401023760942;0.9995728135378252;0.800000011920929;0.800000011920929;0.800000011920929
lidar;21.0;39.0;25.06696891784668;24.888158798217773;9.731404304504395;0.2985582947731018;25.064937591552734;24.89154815673828;9.739547729492188;0.28950646262248486;0.9989137054233463;0.800000011920929;0.800000011920929;0.800000011920929
lidar;21.0;39.0;25.067495346069336;24.892902374267578;9.729290008544922;0.2988464832305908;25.065380096435547;24.896259307861328;9.737774848937988;0.28947944253470215;0.9979503155097118;0.800000011920929;0.800000011920929;0.800000011920929
lidar;21.0;39.0;25.068023681640625;24.897659301757812;9.727170944213867;0.29922646284103394;25.067161560058594;24.898958206176758;9.730634689331055;0.29542855355915326;0.9966830015299433;0.800000011920929;0.800000011920929;0.800000011920929
lidar;21.0;39.0;25.06849479675293;24.90251350402832;9.725285530090332;0.2994386553764343;25.067171096801758;24.904396057128906;9.730592727661133;0.29365300813229245;0.9959762099343961;0.800000011920929;0.800000011920929;0.800000011920929
lidar;21.0;39.0;25.068958282470703;24.90738296508789;9.723421096801758;0.29971471428871155;25.068147659301758;24.908472061157227;9.726672172546387;0.2961916734057786;0.9950584172020197;0.800000011920929;0.800000011920929;0.800000011920929
lidar;21.0;39.0;25.06930160522461;24.91242027282715;9.722047805786133;0.2995501458644867;25.06806182861328;24.913986206054688;9.727020263671875;0.294191260682598;0.9962704184585393;0.800000011920929;0.800000011920929;0.800000011920929
lidar;21.0;39.0;25.06958770751953;24.91752052307129;9.720901489257812;0.2992345094680786;25.072418212890625;24.914165496826172;9.709548950195312;0.3114056086593288;0.997321367486822;0.800000011920929;0.800000011920929;0.800000011920929
lidar;21.0;39.0;25.06987190246582;24.922609329223633;9.719757080078125;0.29901057481765747;25.071887969970703;24.920377731323242;9.711673736572266;0.3076359757202019;0.9980683327724225;0.800000011920929;0.800000011920929;0.800000011920929
lidar;21.0;39.0;25.070158004760742;24.92769432067871;9.71861457824707;0.29887789487838745;25.071130752563477;24.92669105529785;9.71471118927002;0.3030238346887211;0.9985113739385871;0.800000011920929;0.800000011920929;0.800000011920929
lidar;21.0;39.0;25.070411682128906;24.93280601501465;9.717595100402832;0.29870617389678955;25.068870544433594;24.934276580810547;9.723775863647461;0.2921689935106137;0.999085545568135;0.800000011920929;0.800000011920929;0.800000011920929
lidar;21.0;39.0;25.07064437866211;24.937929153442383;9.716659545898438;0.29853877425193787;25.07086944580078;24.937732696533203;9.715758323669434;0.2994882011431851;0.9996457695852431;0.800000011920929;0.800000011920929;0.800000011920929
lidar;21.0;39.0;25.070877075195312;24.943050384521484;9.715723991394043;0.29846248030662537;25.069473266601562;24.94417953491211;9.721356391906738;0.2925484482593372;0.9999015331251099;0.800000011920929;0.800000011920929;0.800000011920929
lidar;21.0;39.0;25.07111167907715;24.948169708251953;9.714788436889648;0.2984771132469177;25.071712493896484;24.94773292541504;9.712380409240723;0.3009975393686468;0.999852716916195;0.800000011920929;0.800000011920929;0.800000011920929
lidar;21.0;39.0;25.071332931518555;24.953298568725586;9.713896751403809;0.2985369563102722;25.068347930908203;24.95525360107422;9.725873947143555;0.28604009503183975;0.9996525049413967;0.800000011920929;0.800000011920929;0.800000011920929
lidar;21.0;39.0;25.07150650024414;24.958459854125977;9.713202476501465;0.29848238825798035;25.069364547729492;24.95970344543457;9.721796035766602;0.2895384680649037;0.9998348355382857;0.800000011920929;0.800000011920929;0.800000011920929
lidar;21.0;39.0;25.071680068969727;24.963619232177734;9.712507247924805;0.2985188961029053;25.07305145263672;24.962923049926758;9.707009315490723;0.3042275437623938;0.9997125863987341;0.800000011920929;0.800000011920929;0.800000011920929
lidar;21.0;39.0;25.071853637695312;24.968782424926758;9.711812019348145;0.29864633083343506;25.066213607788086;24.971233367919922;9.734435081481934;0.27520280518812135;0.9992858171322211;0.800000011920929;0.800000011920929;0.800000011920929
lidar;21.0;39.0;25.071979522705078;24.973970413208008;9.711309432983398;0.29866480827331543;25.073360443115234;24.97347068786621;9.705770492553711;0.3043948737019388;0.999223768664119;0.800000011920929;0.800000011920929;0.800000011920929
lidar;21.0;39.0;25.072086334228516;24.979164123535156;9.710881233215332;0.2986973524093628;25.070659637451172;24.979576110839844;9.716602325439453;0.2927865746361258;0.999114513383609;0.800000011920929;0.800000011920929;0.800000011920929
lidar;21.0;39.0;25.072193145751953;24.98436164855957;9.710453033447266;0.2988210618495941;25.069631576538086;24.984914779663086;9.720722198486328;0.2882227106639484;0.9987008571312146;0.800000011920929;0.800000011920929;0.800000011920929
lidar;21.0;39.0;25.072246551513672;24.989572525024414;9.710238456726074;0.2988146245479584;25.073339462280273;24.98941421508789;9.705852508544922;0.30333768114395665;0.9987226724242858;0.800000011920929;0.800000011920929;0.800000011920929
lidar;21.0;39.0;25.072280883789062;24.99478530883789;9.71009349822998;0.29882749915122986;25.073081970214844;24.994726181030273;9.706886291503906;0.3021332812546436;0.9986800551223872;0.800000011920929;0.800000011920929;0.800000011920929
lidar;21.0;39.0;25.07231903076172;25.0;9.709948539733887;0.2989313006401062;25.072765350341797;25.0;9.708150863647461;0.30078372381936697;0.9983333945197235;0.800000011920929;0.800000011920929;0.800000011920929
lidar;21.0;39.0;25.072280883789062;25.00521469116211;9.71009349822998;0.2988274097442627;25.068519592285156;25.00494384765625;9.725183486938477;0.28327276524221284;0.9986800551223872;0.800000011920929;0.800000011920929;0.800000011920929
lidar;21.0;39.0;25.072246551513672;25.010427474975586;9.710238456726074;0.2988146245479584;25.073471069335938;25.010604858398438;9.705324172973633;0.3038817726282618;0.9987226724242858;0.800000011920929;0.800000011920929;0.800000011920929
lidar;21.0;39.0;25.072193145751953;25.01563835144043;9.71045207977295;0.2988210916519165;25.07349395751953;25.015920639038086;9.705231666564941;0.3042095335564636;0.9987008571312146;0.800000011920929;0.800000011920929;0.800000011920929
lidar;21.0;39.0;25.072086334228516;25.020835876464844;9.710881233215332;0.29869747161865234;25.071102142333984;25.020551681518555;9.714826583862305;0.29462106396393534;0.999114513383609;0.800000011920929;0.800000011920929;0.800000011920929
lidar;21.0;39.0;25.071979522705078;25.026029586791992;9.711309432983398;0.2986648380756378;25.072296142578125;25.026145935058594;9.710036277770996;0.2999817006861229;0.999223768664119;0.800000011920929;0.800000011920929;0.800000011920929
lidar;21.0;39.0;25.071853637695312;25.031217575073242;9.711812019348145;0.29864636063575745;25.069683074951172;25.0302734375;9.720515251159668;0.28962693122344163;0.9992858171322211;0.800000011920929;0.800000011920929;0.800000011920929
lidar;21.0;39.0;25.071680068969727;25.036380767822266;9.712507247924805;0.2985190451145172;25.07332992553711;25.03721809387207;9.705885887145996;0.3053942181423956;0.9997125863987341;0.800000011920929;0.800000011920929;0.800000011920929
lidar;21.0;39.0;25.07150650024414;25.041540145874023;9.713202476501465;0.2984825372695923;25.06983184814453;25.04056739807129;9.71992015838623;0.2914912935284276;0.9998347759193755;0.800000011920929;0.800000011920929;0.800000011920929
lidar;21.0;39.0;25.071332931518555;25.046701431274414;9.713896751403809;0.298537015914917;25.074420928955078;25.048723220825195;9.701517105102539;0.31145553034937584;0.9996524453314113;0.800000011920929;0.800000011920929;0.800000011920929
lidar;21.0;39.0;25.07111167907715;25.051830291748047;9.714788436889648;0.2984771728515625;25.06629753112793;25.048320770263672;9.734097480773926;0.278270382012596;0.999852716916195;0.800000011920929;0.800000011920929;0.800000011920929
lidar;21.0;39.0;25.070877075195312;25.056949615478516;9.715723991394043;0.29846253991127014;25.06645393371582;25.053394317626953;9.733469009399414;0.27983156539385845;0.9999015331251099;0.800000011920929;0.800000011920929;0.800000011920929
lidar;21.0;39.0;25.07064437866211;25.062070846557617;9.716658592224121;0.29853886365890503;25.06668472290039;25.058591842651367;9.732539176940918;0.2818071067801157;0.9996457695852431;0.800000011920929;0.800000011920929;0.800000011920929
lidar;21.0;39.0;25.070411682128906;25.06719398498535;9.717595100402832;0.29870617389678955;25.070180892944336;25.066974639892578;9.718517303466797;0.2977304893618661;0.999085485997049;0.800000011920929;0.800000011920929;0.800000011920929
lidar;21.0;39.0;25.070158004760742;25.07230567932129;9.71861457824707;0.29887786507606506;25.064138412475586;25.066102981567383;9.742753982543945;0.27323809747078465;0.9985113739385871;0.800000011920929;0.800000011920929;0.800000011920929
lidar;21.0;39.0;25.06987190246582;25.077390670776367;9.719757080078125;0.2990105152130127;25.069442749023438;25.076913833618164;9.721479415893555;0.29717327154715656;0.9980683327724225;0.800000011920929;0.800000011920929;0.800000011920929
lidar;21.0;39.0;25.06958770751953;25.08247947692871;9.720901489257812;0.2992345094680786;25.064180374145508;25.076072692871094;9.742584228515625;0.2759872956703329;0.997321367486822;0.800000011920929;0.800000011920929;0.800000011920929
lidar;21.0;39.0;25.06930160522461;25.08757972717285;9.722047805786133;0.2995501458644867;25.064167022705078;25.081090927124023;9.742643356323242;0.2773540297345708;0.9962704184585393;0.800000011920929;0.800000011920929;0.800000011920929
lidar;21.0;39.0;25.068958282470703;25.09261703491211;9.723421096801758;0.29971471428871155;25.070823669433594;25.095123291015625;9.715938568115234;0.3078237803905855;0.9950584172020197;0.800000011920929;0.800000011920929;0.800000011920929
lidar;21.0;39.0;25.06849479675293;25.09748649597168;9.725285530090332;0.2994386851787567;25.06800651550293;25.09679412841797;9.727238655090332;0.29730889204167177;0.9959762099343961;0.800000011920929;0.800000011920929;0.800000011920929
lidar;21.0;39.0;25.068023681640625;25.102340698242188;9.727170944213867;0.29922643303871155;25.06732940673828;25.10129737854004;9.72995662689209;0.2961716349728641;0.9966830015299433;0.800000011920929;0.800000011920929;0.800000011920929
lidar;21.0;39.0;25.067495346069336;25.107097625732422;9.729290008544922;0.2988464832305908;25.068038940429688;25.107961654663086;9.727106094360352;0.30125738247095146;0.9979503155097118;0.800000011920929;0.800000011920929;0.800000011920929
lidar;21.0;39.0;25.06696891784668;25.111841201782227;9.731404304504395;0.2985583245754242;25.069181442260742;25.115537643432617;9.722526550292969;0.3084258961295201;0.9989137054233463;0.800000011920929;0.800000011920929;0.800000011920929
lidar;21.0;39.0;25.066442489624023;25.116579055786133;9.733514785766602;0.29836151003837585;25.069665908813477;25.122236251831055;9.720582962036133;0.3128402207706548;0.9995728135378252;0.800000011920929;0.800000011920929;0.800000011920929
lidar;21.0;39.0;25.065916061401367;25.12131118774414;9.735623359680176;0.2982558012008667;25.064645767211914;25.118972778320312;9.740720748901367;0.2925056497243023;0.9999274015472301;0.800000011920929;0.800000011920929;0.800000011920929
lidar;21.0;39.0;25.065391540527344;25.126041412353516;9.737730979919434;0.29824092984199524;25.063926696777344;25.123220443725586;9.74360179901123;0.29156515026984337;0.9999774098409598;0.800000011920929;0.800000011920929;0.800000011920929
lidar;21.0;39.0;25.064865112304688;25.130773544311523;9.739839553833008;0.2983168661594391;25.064823150634766;25.13068962097168;9.740008354187012;0.2981231899361406;0.9997227787999813;0.800000011920929;0.800000011920929;0.800000011920929
lidar;21.0;39.0;25.06433868408203;25.135509490966797;9.741949081420898;0.29848378896713257;25.062891006469727;25.13245964050293;9.747756958007812;0.29176520896811264;0.9991636872402813;0.800000011920929;0.800000011920929;0.800000011920929
lidar;21.0;39.0;25.063812255859375;25.14025115966797;9.744061470031738;0.29874199628829956;25.062143325805664;25.136581420898438;9.75075912475586;0.2909240525056021;0.9983001946648717;0.800000011920929;0.800000011920929;0.800000011920929
lidar;21.0;39.0;25.063283920288086;25.145002365112305;9.74617862701416;0.29909181594848633;25.062963485717773;25.144268035888672;9.747464179992676;0.2975774388127787;0.9971325991166403;0.800000011920929;0.800000011920929;0.800000011920929
lidar;21.0;39.0;25.062755584716797;25.14976692199707;9.74830150604248;0.29953381419181824;25.06427764892578;25.153396606445312;9.74220085144043;0.30679433333019857;0.9956613181995437;0.800000011920929;0.800000011920929;0.800000011920929
lidar;21.0;39.0;25.062192916870117;25.15446662902832;9.75055980682373;0.2999142110347748;25.061765670776367;25.15340805053711;9.752269744873047;0.2978581983859826;0.9935325387048348;0.800000011920929;0.800000011920929;0.800000011920929
lidar;21.0;39.0;25.061418533325195;25.15863800048828;9.753665924072266;0.2993640601634979;25.058795928955078;25.151865005493164;9.764184951782227;0.28658065229932517;0.9953585864379264;0.800000011920929;0.800000011920929;0.800000011920929
lidar;21.0;39.0;25.060646057128906;25.162796020507812;9.756762504577637;0.2989066541194916;25.05695343017578;25.152883529663086;9.77157211303711;0.28070702981466106;0.9968816044236719;0.800000011920929;0.800000011920929;0.800000011920929
lidar;21.0;39.0;25.05987548828125;25.166942596435547;9.759849548339844;0.29854151606559753;25.061677932739258;25.171968460083008;9.752619743347168;0.30752968655196633;0.9981008172743919;0.800000011920929;0.800000011920929;0.800000011920929
lidar;21.0;39.0;25.05910873413086;25.171079635620117;9.762930870056152;0.29826804995536804;25.057668685913086;25.16691017150879;9.768708229064941;0.2909994062613935;0.9990159868814524;0.800000011920929;0.800000011920929;0.800000011920929
lidar;21.0;39.0;25.058340072631836;25.17521095275879;9.766007423400879;0.2980858385562897;25.059322357177734;25.178159713745117;9.762068748474121;0.30310336326063514;0.9996269345458831;0.800000011920929;0.800000011920929;0.800000011920929
lidar;21.0;39.0;25.057575225830078;25.179336547851562;9.76908016204834;0.2979945242404938;25.058176040649414;25.18121337890625;9.7666654586792;0.30111067167906846;0.9999333024072186;0.800000011920929;0.800000011920929;0.800000011920929
lidar;21.0;39.0;25.056808471679688;25.18346405029297;9.7721529006958;0.29799389839172363;25.05590057373047;25.180530548095703;9.775795936584473;0.29322928301273377;0.9999350905416204;0.800000011920929;0.800000011920929;0.800000011920929
lidar;21.0;39.0;25.056041717529297;25.187589645385742;9.775226593017578;0.2980841398239136;25.058841705322266;25.19696044921875;9.763998985290527;0.3129728143100209;0.9996323585290519;0.800000011920929;0.800000011920929;0.800000011920929
lidar;21.0;39.0;25.055274963378906;25.191720962524414;9.778302192687988;0.2982653081417084;25.056806564331055;25.197031021118164;9.772161483764648;0.3065271835814976;0.9990250468896553;0.800000011920929;0.800000011920929;0.800000011920929
lidar;21.0;39.0;25.054508209228516;25.195858001708984;9.781383514404297;0.2985377013683319;25.051410675048828;25.184734344482422;9.793801307678223;0.2815804849934895;0.9981134533895065;0.800000011920929;0.800000011920929;0.800000011920929
lidar;21.0;39.0;25.05373764038086;25.20000457763672;9.784470558166504;0.29890164732933044;25.052017211914062;25.193605422973633;9.791366577148438;0.2893378168541265;0.9968978761258794;0.800000011920929;0.800000011920929;0.800000011920929
lidar;21.0;39.0;25.05296516418457;25.20416259765625;9.787567138671875;0.29935789108276367;25.054943084716797;25.211782455444336;9.779638290405273;0.3105315326551819;0.9953784944109842;0.800000011920929;0.800000011920929;0.800000011920929
lidar;21.0;39.0;25.052040100097656;25.207733154296875;9.791275978088379;0.29904282093048096;25.049808502197266;25.19881820678711;9.800233840942383;0.2862099427084902;0.9954891201881708;0.800000011920929;0.800000011920929;0.800000011920929
lidar;21.0;39.0;25.051101684570312;25.211231231689453;9.795042991638184;0.29872700572013855;25.050642013549805;25.209335327148438;9.796882629394531;0.29604581343958775;0.9965416791005064;0.800000011920929;0.800000011920929;0.800000011920929
lidar;21.0;39.0;25.04755973815918;24.78858184814453;9.794001579284668;0.2989896535873413;25.049549102783203;24.779735565185547;9.785381317138672;0.31150072502748466;0.9956661462888906;0.800000011920929;0.800000011920929;0.800000011920929
lidar;21.0;39.0;25.048433303833008;24.792081832885742;9.790212631225586;0.29931068420410156;25.04994773864746;24.785581588745117;9.78365421295166;0.30866712869073915;0.9945983287663287;0.800000011920929;0.800000011920929;0.800000011920929
lidar;21.0;39.0;25.04924964904785;24.795839309692383;9.786676406860352;0.29935595393180847;25.05072021484375;24.78973960876465;9.780303001403809;0.30830004685935597;0.9953851702482344;0.800000011920929;0.800000011920929;0.800000011920929
lidar;21.0;39.0;25.04996681213379;24.799997329711914;9.783567428588867;0.2988996207714081;25.048364639282227;24.806415557861328;9.79051399230957;0.28930621129709466;0.9969046114371254;0.800000011920929;0.800000011920929;0.800000011920929
lidar;21.0;39.0;25.050683975219727;24.80414390563965;9.78046703338623;0.29853564500808716;25.04981803894043;24.80748748779297;9.784214973449707;0.2934388293965467;0.9981203674272011;0.800000011920929;0.800000011920929;0.800000011920929
lidar;21.0;39.0;25.0513973236084;24.80828094482422;9.777373313903809;0.29826316237449646;25.054094314575195;24.7982177734375;9.765689849853516;0.313915900620564;0.9990320204903358;0.800000011920929;0.800000011920929;0.800000011920929
lidar;21.0;39.0;25.05211067199707;24.812410354614258;9.774284362792969;0.2980819344520569;25.051862716674805;24.81330108642578;9.775355339050293;0.29666668266308127;0.9996393919142836;0.800000011920929;0.800000011920929;0.800000011920929
lidar;21.0;39.0;25.05282211303711;24.816537857055664;9.771198272705078;0.29799166321754456;25.0554256439209;24.8075008392334;9.759927749633789;0.31267016066300124;0.99994230270845;0.800000011920929;0.800000011920929;0.800000011920929
lidar;21.0;39.0;25.05353546142578;24.820663452148438;9.768112182617188;0.29799219965934753;25.055173873901367;24.815176010131836;9.761014938354492;0.30711239751927566;0.9999405741659602;0.800000011920929;0.800000011920929;0.800000011920929
lidar;21.0;39.0;25.054248809814453;24.824790954589844;9.765026092529297;0.29808348417282104;25.05529022216797;24.821426391601562;9.760514259338379;0.3038067925137186;0.9996342659222472;0.800000011920929;0.800000011920929;0.800000011920929
lidar;21.0;39.0;25.054960250854492;24.828922271728516;9.761937141418457;0.29826581478118896;25.056499481201172;24.82413101196289;9.755270957946777;0.3066176433463238;0.9990234374755878;0.800000011920929;0.800000011920929;0.800000011920929
lidar;21.0;39.0;25.055675506591797;24.833059310913086;9.758843421936035;0.29853925108909607;25.059892654418945;24.820417404174805;9.740580558776855;0.3211477934733332;0.9981083272756249;0.800000011920929;0.800000011920929;0.800000011920929
lidar;21.0;39.0;25.0563907623291;24.83720588684082;9.755743026733398;0.2989043593406677;25.054567337036133;24.84246826171875;9.763640403747559;0.28923929323904973;0.9968892335521954;0.800000011920929;0.800000011920929;0.800000011920929
lidar;21.0;39.0;25.057109832763672;24.84136199951172;9.752633094787598;0.2993617355823517;25.05905532836914;24.83595848083496;9.744206428527832;0.30956051855520483;0.9953663348132669;0.800000011920929;0.800000011920929;0.800000011920929
lidar;21.0;39.0;25.057767868041992;24.845699310302734;9.749783515930176;0.29958951473236084;25.054176330566406;24.85529327392578;9.765340805053711;0.2809618252639975;0.9954768418476737;0.800000011920929;0.800000011920929;0.800000011920929
lidar;21.0;39.0;25.05830192565918;24.850366592407227;9.747468948364258;0.2992682158946991;25.058521270751953;24.84980010986328;9.746514320373535;0.3003993165219581;0.9965451359203819;0.800000011920929;0.800000011920929;0.800000011920929
lidar;21.0;39.0;25.058834075927734;24.855022430419922;9.745158195495605;0.29903870820999146;25.058534622192383;24.85576057434082;9.746455192565918;0.2975172694163487;0.9973098634469384;0.800000011920929;0.800000011920929;0.800000011920929
lidar;21.0;39.0;25.05934715270996;24.859724044799805;9.742942810058594;0.298793762922287;25.058467864990234;24.86180305480957;9.746750831604004;0.29436751157641433;0.998127222067819;0.800000011920929;0.800000011920929;0.800000011920929
lidar;21.0;39.0;25.05983543395996;24.86446762084961;9.740819931030273;0.29853591322898865;25.05913734436035;24.86604881286621;9.743844985961914;0.2950516755987552;0.9989890456418619;0.800000011920929;0.800000011920929;0.800000011920929
lidar;21.0;39.0;25.060325622558594;24.869203567504883;9.738700866699219;0.2983693480491638;25.058544158935547;24.873065948486328;9.746417999267578;0.2895571750096367;0.9995466470604133;0.800000011920929;0.800000011920929;0.800000011920929
lidar;21.0;39.0;25.060813903808594;24.87393569946289;9.73658275604248;0.29829370975494385;25.06032943725586;24.874940872192383;9.738682746887207;0.29591622017708963;0.9997997879930698;0.800000011920929;0.800000011920929;0.800000011920929
lidar;21.0;39.0;25.061304092407227;24.878665924072266;9.734465599060059;0.2983090579509735;25.06116485595703;24.878942489624023;9.735067367553711;0.2976327252694046;0.9997483491986532;0.800000011920929;0.800000011920929;0.800000011920929
lidar;21.0;39.0;25.061792373657227;24.883399963378906;9.73234748840332;0.29841530323028564;25.063940048217773;24.87934684753418;9.723043441772461;0.30878884481096186;0.9993924499108967;0.800000011920929;0.800000011920929;0.800000011920929
lidar;21.0;39.0;25.06228256225586;24.888137817382812;9.73022747039795;0.2986125349998474;25.064443588256836;24.88425636291504;9.720865249633789;0.3089751781531767;0.9987320303760352;0.800000011920929;0.800000011920929;0.800000011920929
lidar;21.0;39.0;25.062772750854492;24.89288330078125;9.728103637695312;0.29890120029449463;25.066648483276367;24.88627052307129;9.711316108703613;0.31735567442519824;0.9977673889994844;0.800000011920929;0.800000011920929;0.800000011920929
lidar;21.0;39.0;25.063262939453125;24.897640228271484;9.725975036621094;0.29928168654441833;25.06222915649414;24.89931297302246;9.73045539855957;0.2943882070115307;0.9964988829729592;0.800000011920929;0.800000011920929;0.800000011920929
lidar;21.0;39.0;25.063756942749023;24.902408599853516;9.723840713500977;0.2997545003890991;25.063270568847656;24.903152465820312;9.725945472717285;0.2974703316029084;0.99492687000443;0.800000011920929;0.800000011920929;0.800000011920929
lidar;21.0;39.0;25.06412696838379;24.90737533569336;9.722235679626465;0.299740731716156;25.063100814819336;24.908857345581055;9.72668170928955;0.2949433947476842;0.9956372383280879;0.800000011920929;0.800000011920929;0.800000011920929
lidar;21.0;39.0;25.06439208984375;24.91248321533203;9.721083641052246;0.2993324100971222;25.06464195251465;24.912145614624023;9.720005989074707;0.30048935822488215;0.996995568479102;0.800000011920929;0.800000011920929;0.800000011920929
lidar;21.0;39.0;25.06465721130371;24.917579650878906;9.719934463500977;0.2990160584449768;25.06424331665039;24.918107986450195;9.721729278564453;0.29709898031020926;0.9980502127984883;0.800000011920929;0.800000011920929;0.800000011920929
lidar;21.0;39.0;25.064922332763672;24.922666549682617;9.718786239624023;0.29879140853881836;25.06614112854004;24.92121696472168;9.713510513305664;0.30439740198537285;0.9988007545413128;0.800000011920929;0.800000011920929;0.800000011920929
lidar;21.0;39.0;25.065187454223633;24.92774772644043;9.71764087677002;0.29865795373916626;25.067174911499023;24.92554473876953;9.709030151367188;0.30776524501866165;0.9992470145216527;0.800000011920929;0.800000011920929;0.800000011920929
lidar;21.0;39.0;25.065452575683594;24.93282699584961;9.716495513916016;0.2986154854297638;25.06169319152832;24.936683654785156;9.73277473449707;0.28146877615990196;0.9993889927586126;0.800000011920929;0.800000011920929;0.800000011920929
lidar;21.0;39.0;25.065685272216797;24.93793487548828;9.715489387512207;0.2985176742076874;25.064781188964844;24.93878746032715;9.719399452209473;0.2944152987405027;0.9997164607185905;0.800000011920929;0.800000011920929;0.800000011920929
lidar;21.0;39.0;25.065900802612305;24.94305419921875;9.714550018310547;0.2984413206577301;25.062681198120117;24.945837020874023;9.728498458862305;0.2838584706906627;0.9999725222578477;0.800000011920929;0.800000011920929;0.800000011920929
lidar;21.0;39.0;25.066118240356445;24.94817352294922;9.713611602783203;0.2984558939933777;25.06717300415039;24.94734764099121;9.709043502807617;0.303216793527888;0.9999239444761834;0.800000011920929;0.800000011920929;0.800000011920929
lidar;21.0;39.0;25.066335678100586;24.95329475402832;9.712672233581543;0.29856133460998535;25.066009521484375;24.953523635864258;9.714077949523926;0.2971006629037068;0.9995707869475307;0.800000011920929;0.800000011920929;0.800000011920929
lidar;21.0;39.0;25.06652069091797;24.95844078063965;9.711864471435547;0.29862046241760254;25.070037841796875;24.95624351501465;9.696634292602539;0.31440512623696987;0.999372720763519;0.800000011920929;0.800000011920929;0.800000011920929
lidar;21.0;39.0;25.066682815551758;24.96360206604004;9.711166381835938;0.29865726828575134;25.06781768798828;24.962982177734375;9.706247329711914;0.3037438209542694;0.999249458289854;0.800000011920929;0.800000011920929;0.800000011920929
lidar;21.0;39.0;25.066843032836914;24.968769073486328;9.710467338562012;0.29878512024879456;25.065967559814453;24.96917724609375;9.714259147644043;0.29487223322203737;0.9988217949184908;0.800000011920929;0.800000011920929;0.800000011920929
lidar;21.0;39.0;25.066984176635742;24.973947525024414;9.709855079650879;0.29891449213027954;25.06742286682129;24.973777770996094;9.707962036132812;0.30086434519188066;0.9983891248891877;0.800000011920929;0.800000011920929;0.800000011920929
lidar;21.0;39.0;25.06708526611328;24.97914695739746;9.709424018859863;0.29894745349884033;25.067115783691406;24.979137420654297;9.709290504455566;0.2990849588012052;0.9982787370289272;0.800000011920929;0.800000011920929;0.800000011920929
lidar;21.0;39.0;25.067184448242188;24.98434829711914;9.708992958068848;0.29907160997390747;25.069725036621094;24.983755111694336;9.697983741760254;0.31038582340328;0.9978641271516618;0.800000011920929;0.800000011920929;0.800000011920929
lidar;21.0;39.0;25.06724739074707;24.989561080932617;9.708722114562988;0.29912206530570984;25.06656837463379;24.989665985107422;9.71165657043457;0.29610802631022964;0.9976961611006729;0.800000011920929;0.800000011920929;0.800000011920929
lidar;21.0;39.0;25.067279815673828;24.994779586791992;9.708576202392578;0.2991350293159485;25.06865692138672;24.994672775268555;9.702615737915039;0.3052532906046552;0.9976531862713165;0.800000011920929;0.800000011920929;0.800000011920929
lidar;21.0;39.0;25.06731414794922;25.0;9.708430290222168;0.2992391884326935;25.066286087036133;25.0;9.712884902954102;0.2946677391001826;0.9973062872611547;0.800000011920929;0.800000011920929;0.800000011920929
lidar;21.0;39.0;25.067279815673828;25.005220413208008;9.708576202392578;0.2991350293159485;25.064918518066406;25.005037307739258;9.718805313110352;0.28863479035589745;0.9976531862713165;0.800000011920929;0.800000011920929;0.800000011920929
lidar;21.0;39.0;25.06724739074707;25.010438919067383;9.708722114562988;0.29912203550338745;25.0677490234375;25.010517120361328;9.706547737121582;0.3013549253425312;0.9976961611006729;0.800000011920929;0.800000011920929;0.800000011920929
lidar;21.0;39.0;25.067184448242188;25.01565170288086;9.708992958068848;0.29907163977622986;25.0650634765625;25.01515769958496;9.718178749084473;0.289631224797303;0.9978641271516618;0.800000011920929;0.800000011920929;0.800000011920929
lidar;21.0;39.0;25.06708526611328;25.02085304260254;9.709424018859863;0.2989475429058075;25.06488800048828;25.020170211791992;9.718939781188965;0.2891581199455125;0.9982787370289272;0.800000011920929;0.800000011920929;0.800000011920929
lidar;21.0;39.0;25.066984176635742;25.026052474975586;9.709855079650879;0.29891452193260193;25.063701629638672;25.024776458740234;9.724074363708496;0.284265648915434;0.9983890652839797;0.800000011920929;0.800000011920929;0.800000011920929
lidar;21.0;39.0;25.066843032836914;25.031230926513672;9.710467338562012;0.29878517985343933;25.065380096435547;25.030548095703125;9.716805458068848;0.29224422951912404;0.9988217949184908;0.800000011920929;0.800000011920929;0.800000011920929
lidar;21.0;39.0;25.066682815551758;25.03639793395996;9.711166381835938;0.29865744709968567;25.065311431884766;25.035648345947266;9.717107772827148;0.2925138001995952;0.999249458289854;0.800000011920929;0.800000011920929;0.800000011920929
lidar;21.0;39.0;25.06652069091797;25.04155921936035;9.711864471435547;0.2986205518245697;25.06756591796875;25.042213439941406;9.707340240478516;0.30330925085419413;0.999372720763519;0.800000011920929;0.800000011920929;0.800000011920929
lidar;21.0;39.0;25.066335678100586;25.04670524597168;9.712672233581543;0.2985613942146301;25.064027786254883;25.045080184936523;9.722667694091797;0.28817545977217884;0.9995707869475307;0.800000011920929;0.800000011920929;0.800000011920929
lidar;21.0;39.0;25.066118240356445;25.05182647705078;9.713611602783203;0.29845598340034485;25.068567276000977;25.053747177124023;9.702999114990234;0.30951562144896716;0.9999239444761834;0.800000011920929;0.800000011920929;0.800000011920929
lidar;21.0;39.0;25.065900802612305;25.05694580078125;9.714550018310547;0.29844141006469727;25.066757202148438;25.05768585205078;9.71083927154541;0.3023208647103345;0.9999725222578477;0.800000011920929;0.800000011920929;0.800000011920929
lidar;21.0;39.0;25.065685272216797;25.06206512451172;9.715489387512207;0.29851773381233215;25.065475463867188;25.06186866760254;9.716392517089844;0.2975702112712108;0.9997164607185905;0.800000011920929;0.800000011920929;0.800000011920929
lidar;21.0;39.0;25.065452575683594;25.06717300415039;9.716495513916016;0.2986155152320862;25.068565368652344;25.070369720458984;9.703009605407715;0.312819955013368;0.9993889927586126;0.800000011920929;0.800000011920929;0.800000011920929
lidar;21.0;39.0;25.065187454223633;25.07225227355957;9.71764087677002;0.2986578643321991;25.063648223876953;25.070545196533203;9.724311828613281;0.2916018225584306;0.9992470145216527;0.800000011920929;0.800000011920929;0.800000011920929
lidar;21.0;39.0;25.064922332763672;25.077333450317383;9.71878719329834;0.2987913489341736;25.064651489257812;25.077009201049805;9.719964027404785;0.29754093475634813;0.9988007545413128;0.800000011920929;0.800000011920929;0.800000011920929
lidar;21.0;39.0;25.06465721130371;25.082420349121094;9.719934463500977;0.2990160584449768;25.06316375732422;25.080514907836914;9.72640609741211;0.2921062464366174;0.9980502127984883;0.800000011920929;0.800000011920929;0.800000011920929
lidar;21.0;39.0;25.06439208984375;25.08751678466797;9.721083641052246;0.2993323802947998;25.063871383666992;25.086807250976562;9.723344802856445;0.296905567194841;0.996995568479102;0.800000011920929;0.800000011920929;0.800000011920929
lidar;21.0;39.0;25.06412696838379;25.09262466430664;9.722235679626465;0.2997407913208008;25.062299728393555;25.089984893798828;9.730154991149902;0.2911955489717954;0.9956372383280879;0.800000011920929;0.800000011920929;0.800000011920929
lidar;21.0;39.0;25.063756942749023;25.097591400146484;9.723840713500977;0.2997545003890991;25.064435958862305;25.0986328125;9.720893859863281;0.30295291555498244;0.99492687000443;0.800000011920929;0.800000011920929;0.800000011920929
lidar;21.0;39.0;25.063262939453125;25.102359771728516;9.725975036621094;0.29928168654441833;25.065399169921875;25.105815887451172;9.716723442077637;0.30938653692287316;0.9964988829729592;0.800000011920929;0.800000011920929;0.800000011920929
lidar;21.0;39.0;25.062772750854492;25.10711669921875;9.728103637695312;0.2989012598991394;25.063087463378906;25.107654571533203;9.726739883422852;0.30040081575290023;0.9977673889994844;0.800000011920929;0.800000011920929;0.800000011920929
lidar;21.0;39.0;25.06228256225586;25.111862182617188;9.73022747039795;0.2986126244068146;25.063302993774414;25.11369514465332;9.725807189941406;0.30350577892076575;0.9987320303760352;0.800000011920929;0.800000011920929;0.800000011920929
lidar;21.0;39.0;25.061792373657227;25.116600036621094;9.73234748840332;0.29841533303260803;25.06211280822754;25.117204666137695;9.730962753295898;0.2999597218058243;0.9993923903140169;0.800000011920929;0.800000011920929;0.800000011920929
lidar;21.0;39.0;25.061304092407227;25.121334075927734;9.734465599060059;0.2983090877532959;25.062484741210938;25.123672485351562;9.72934627532959;0.30406087346636385;0.9997483491986532;0.800000011920929;0.800000011920929;0.800000011920929
lidar;21.0;39.0;25.060813903808594;25.12606430053711;9.73658275604248;0.298293799161911;25.060997009277344;25.12644386291504;9.735788345336914;0.2991935995185402;0.9997997879930698;0.800000011920929;0.800000011920929;0.800000011920929
lidar;21.0;39.0;25.060325622558594;25.130796432495117;9.738700866699219;0.29836931824684143;25.057451248168945;25.12456512451172;9.751152038574219;0.2841520850802645;0.9995466470604133;0.800000011920929;0.800000011920929;0.800000011920929
lidar;21.0;39.0;25.05983543395996;25.13553237915039;9.740819931030273;0.29853594303131104;25.060853958129883;25.137836456298828;9.736413955688477;0.303610607292658;0.9989890456418619;0.800000011920929;0.800000011920929;0.800000011920929
lidar;21.0;39.0;25.05934715270996;25.140275955200195;9.742942810058594;0.298793762922287;25.05779266357422;25.1366024017334;9.749671936035156;0.29097173640523394;0.998127222067819;0.800000011920929;0.800000011920929;0.800000011920929
lidar;21.0;39.0;25.058834075927734;25.144977569580078;9.745158195495605;0.29903867840766907;25.054723739624023;25.13484764099121;9.76296329498291;0.2781452663226838;0.9973098634469384;0.800000011920929;0.800000011920929;0.800000011920929
lidar;21.0;39.0;25.05830192565918;25.149633407592773;9.747468948364258;0.2992681562900543;25.06124496459961;25.157188415527344;9.734720230102539;0.3143756509257446;0.9965451953242241;0.800000011920929;0.800000011920929;0.800000011920929
lidar;21.0;39.0;25.057767868041992;25.154300689697266;9.749783515930176;0.2995895445346832;25.060527801513672;25.16167640686035;9.737822532653809;0.3139107772268317;0.9954768418476737;0.800000011920929;0.800000011920929;0.800000011920929
lidar;21.0;39.0;25.057109832763672;25.15863800048828;9.752633094787598;0.2993617653846741;25.061071395874023;25.169645309448242;9.735469818115234;0.32013359807423736;0.9953663348132669;0.800000011920929;0.800000011920929;0.800000011920929
lidar;21.0;39.0;25.0563907623291;25.162796020507812;9.755743026733398;0.2989044785499573;25.0587158203125;25.16950798034668;9.745670318603516;0.3112301554284121;0.9968892335521954;0.800000011920929;0.800000011920929;0.800000011920929
lidar;21.0;39.0;25.055675506591797;25.166940689086914;9.758843421936035;0.2985393702983856;25.05644989013672;25.169265747070312;9.755484580993652;0.3026969447162728;0.9981083272756249;0.800000011920929;0.800000011920929;0.800000011920929
lidar;21.0;39.0;25.054960250854492;25.171077728271484;9.761937141418457;0.29826590418815613;25.05464744567871;25.170103073120117;9.76329517364502;0.29656409127355016;0.9990234374755878;0.800000011920929;0.800000011920929;0.800000011920929
lidar;21.0;39.0;25.054248809814453;25.175209045410156;9.765026092529297;0.29808372259140015;25.051944732666016;25.167770385742188;9.775001525878906;0.2854293545439029;0.9996342659222472;0.800000011920929;0.800000011920929;0.800000011920929
lidar;21.0;39.0;25.05353546142578;25.179336547851562;9.768112182617188;0.29799240827560425;25.054908752441406;25.18393898010254;9.762161254882812;0.3056393813037346;0.9999405741659602;0.800000011920929;0.800000011920929;0.800000011920929
lidar;21.0;39.0;25.05282211303711;25.183462142944336;9.771197319030762;0.2979918122291565;25.050792694091797;25.17641258239746;9.779990196228027;0.2865400946997204;0.99994230270845;0.800000011920929;0.800000011920929;0.800000011920929
lidar;21.0;39.0;25.05211067199707;25.187589645385742;9.774284362792969;0.29808205366134644;25.049697875976562;25.17890167236328;9.784737586975098;0.2842768781800604;0.9996393919142836;0.800000011920929;0.800000011920929;0.800000011920929
lidar;21.0;39.0;25.0513973236084;25.191720962524414;9.777373313903809;0.2982633113861084;25.049461364746094;25.184497833251953;9.785758972167969;0.287028876656029;0.9990320204903358;0.800000011920929;0.800000011920929;0.800000011920929
lidar;21.0;39.0;25.050683975219727;25.19585609436035;9.78046703338623;0.29853567481040955;25.050273895263672;25.194276809692383;9.782238006591797;0.29612732773117545;0.9981203674272011;0.800000011920929;0.800000011920929;0.800000011920929
lidar;21.0;39.0;25.04996681213379;25.200002670288086;9.783567428588867;0.29889971017837524;25.046785354614258;25.187267303466797;9.797348022460938;0.27986751343929617;0.9969046114371254;0.800000011920929;0.800000011920929;0.800000011920929
lidar;21.0;39.0;25.04924964904785;25.204160690307617;9.786676406860352;0.2993559241294861;25.049297332763672;25.20435905456543;9.786468505859375;0.2996475620520202;0.9953851702482344;0.800000011920929;0.800000011920929;0.800000011920929
lidar;21.0;39.0;25.048433303833008;25.207918167114258;9.790212631225586;0.29931068420410156;25.050222396850586;25.21559715270996;9.782464981079102;0.3103640528340758;0.9945983287663287;0.800000011920929;0.800000011920929;0.800000011920929
lidar;21.0;39.0;25.04755973815918;25.21141815185547;9.794000625610352;0.29898974299430847;25.049482345581055;25.2199649810791;9.785673141479492;0.3110765132191308;0.995666205878172;0.800000011920929;0.800000011920929;0.800000011920929
lidar;21.0;39.0;25.04400062561035;24.788366317749023;9.792990684509277;0.2992960512638092;25.04157829284668;24.800016403198242;9.804387092590332;0.28281904625590293;0.9946469663074459;0.800000011920929;0.800000011920929;0.800000011920929
lidar;21.0;39.0;25.044811248779297;24.7918643951416;9.789178848266602;0.299623042345047;25.04592514038086;24.78668975830078;9.783937454223633;0.3070724528159638;0.9935614462925778;0.800000011920929;0.800000011920929;0.800000011920929
lidar;21.0;39.0;25.0455265045166;24.795804977416992;9.785812377929688;0.29940709471702576;25.047321319580078;24.78775405883789;9.77736759185791;0.3112127547556956;0.9952151181376012;0.800000011920929;0.800000011920929;0.800000011920929
lidar;21.0;39.0;25.04619026184082;24.799962997436523;9.782690048217773;0.2989514470100403;25.044668197631836;24.80655288696289;9.789850234985352;0.2891023243330537;0.9967318175303512;0.800000011920929;0.800000011920929;0.800000011920929
lidar;21.0;39.0;25.046852111816406;24.804107666015625;9.779577255249023;0.2985881567001343;25.04791831970215;24.799654006958008;9.774564743041992;0.3053784846435829;0.9979448316409121;0.800000011920929;0.800000011920929;0.800000011920929
lidar;21.0;39.0;25.04751205444336;24.808246612548828;9.776470184326172;0.29831647872924805;25.046358108520508;24.812902450561523;9.781898498535156;0.2910715033213897;0.9988538622202693;0.800000011920929;0.800000011920929;0.800000011920929
lidar;21.0;39.0;25.048171997070312;24.8123779296875;9.773367881774902;0.298135906457901;25.05043601989746;24.803560256958008;9.76271915435791;0.3121449133551941;0.9994586705916111;0.800000011920929;0.800000011920929;0.800000011920929
lidar;21.0;39.0;25.048831939697266;24.816503524780273;9.770268440246582;0.29804638028144836;25.047374725341797;24.821977615356445;9.777122497558594;0.28915494750593257;0.9997590780262716;0.800000011920929;0.800000011920929;0.800000011920929
lidar;21.0;39.0;25.049489974975586;24.82063102722168;9.767169952392578;0.29804760217666626;25.047639846801758;24.82733154296875;9.775869369506836;0.2869117803190998;0.9997548461050311;0.800000011920929;0.800000011920929;0.800000011920929
lidar;21.0;39.0;25.050148010253906;24.824758529663086;9.764070510864258;0.298139750957489;25.051483154296875;24.82009506225586;9.757792472839355;0.30607328348359264;0.9994461536478296;0.800000011920929;0.800000011920929;0.800000011920929
lidar;21.0;39.0;25.05080795288086;24.828889846801758;9.760968208312988;0.29832273721694946;25.052417755126953;24.823469161987305;9.753396034240723;0.30777289549457787;0.9988330005729233;0.800000011920929;0.800000011920929;0.800000011920929
lidar;21.0;39.0;25.051467895507812;24.833026885986328;9.757861137390137;0.2985970377922058;25.048513412475586;24.842609405517578;9.771759033203125;0.2814587844049055;0.9979155661970928;0.800000011920929;0.800000011920929;0.800000011920929
lidar;21.0;39.0;25.0521297454834;24.837173461914062;9.75474739074707;0.29896292090415955;25.05116081237793;24.84020233154297;9.759310722351074;0.2934008383760134;0.9966942069590451;0.800000011920929;0.800000011920929;0.800000011920929
lidar;21.0;39.0;25.052793502807617;24.841331481933594;9.751625061035156;0.299421101808548;25.056406021118164;24.830474853515625;9.734630584716797;0.31990888540532897;0.9951691624675032;0.800000011920929;0.800000011920929;0.800000011920929
lidar;21.0;39.0;25.053346633911133;24.8458309173584;9.74902629852295;0.2993350028991699;25.04974937438965;24.856225967407227;9.765947341918945;0.279154002585445;0.9963233469920838;0.800000011920929;0.800000011920929;0.800000011920929
lidar;21.0;39.0;25.0538387298584;24.850494384765625;9.74670696258545;0.2990117371082306;25.05353355407715;24.851341247558594;9.748143196105957;0.2973167631428196;0.9974002836257546;0.800000011920929;0.800000011920929;0.800000011920929
lidar;21.0;39.0;25.054330825805664;24.855148315429688;9.744391441345215;0.2987799644470215;25.055103302001953;24.853090286254883;9.74075984954834;0.30302516200836477;0.9981735944437581;0.800000011920929;0.800000011920929;0.800000011920929
lidar;21.0;39.0;25.05482292175293;24.85979652404785;9.74207878112793;0.2986395061016083;25.056507110595703;24.85548973083496;9.73415470123291;0.30781517206784476;0.9986427427116525;0.800000011920929;0.800000011920929;0.800000011920929
lidar;21.0;39.0;25.055315017700195;24.864442825317383;9.739768028259277;0.29859012365341187;25.053972244262695;24.86773109436035;9.746078491210938;0.2913491975450512;0.9988076687728423;0.800000011920929;0.800000011920929;0.800000011920929
lidar;21.0;39.0;25.0557804107666;24.86914825439453;9.737576484680176;0.29849615693092346;25.055204391479492;24.870500564575195;9.740287780761719;0.29541238513966944;0.9991217852325319;0.800000011920929;0.800000011920929;0.800000011920929
lidar;21.0;39.0;25.056232452392578;24.873882293701172;9.735448837280273;0.2984215319156647;25.055557250976562;24.875396728515625;9.738627433776855;0.2948360833044062;0.9993713498097749;0.800000011920929;0.800000011920929;0.800000011920929
lidar;21.0;39.0;25.056684494018555;24.87861442565918;9.733321189880371;0.2984378933906555;25.05779266357422;24.87624168395996;9.728108406066895;0.30427180462836384;0.9993165135780229;0.800000011920929;0.800000011920929;0.800000011920929
lidar;21.0;39.0;25.05713653564453;24.88334846496582;9.731192588806152;0.298545241355896;25.058765411376953;24.880023956298828;9.723532676696777;0.3070535161744935;0.9989572764051534;0.800000011920929;0.800000011920929;0.800000011920929
lidar;21.0;39.0;25.057588577270508;24.88808822631836;9.729063034057617;0.2987435758113861;25.056068420410156;24.891042709350586;9.736215591430664;0.29085652231792664;0.998293697817372;0.800000011920929;0.800000011920929;0.800000011920929
lidar;21.0;39.0;25.058042526245117;24.89283561706543;9.7269287109375;0.29903343319892883;25.056062698364258;24.896493911743164;9.736249923706055;0.2888265435405238;0.997326076118189;0.800000011920929;0.800000011920929;0.800000011920929
lidar;21.0;39.0;25.05849838256836;24.897594451904297;9.724790573120117;0.29941514134407043;25.058761596679688;24.897130966186523;9.72354793548584;0.3007668968160342;0.9960546493931327;0.800000011920929;0.800000011920929;0.800000011920929
lidar;21.0;39.0;25.058937072753906;24.90239143371582;9.722719192504883;0.29980984330177307;25.062274932861328;24.89686393737793;9.70701789855957;0.3167870369795184;0.9954079386382182;0.800000011920929;0.800000011920929;0.800000011920929
lidar;21.0;39.0;25.05921745300293;24.907453536987305;9.72139835357666;0.2994837462902069;25.060611724853516;24.905277252197266;9.714845657348633;0.30652778225900623;0.9964918492446335;0.800000011920929;0.800000011920929;0.800000011920929
lidar;21.0;39.0;25.05948829650879;24.91252326965332;9.720126152038574;0.29919999837875366;25.05925750732422;24.912864685058594;9.721219062805176;0.2980313095275586;0.997437000022709;0.800000011920929;0.800000011920929;0.800000011920929
lidar;21.0;39.0;25.059734344482422;24.91761589050293;9.718973159790039;0.2988832890987396;25.060890197753906;24.9160213470459;9.713531494140625;0.3046711553096308;0.998493909921007;0.800000011920929;0.800000011920929;0.800000011920929
lidar;21.0;39.0;25.059978485107422;24.922700881958008;9.717822074890137;0.29865819215774536;25.061946868896484;24.920166015625;9.708563804626465;0.30845726492932374;0.9992465973228074;0.800000011920929;0.800000011920929;0.800000011920929
lidar;21.0;39.0;25.060222625732422;24.927780151367188;9.716672897338867;0.2985241711139679;25.06155776977539;24.926179885864258;9.710392951965332;0.30514097304595356;0.9996949434364768;0.800000011920929;0.800000011920929;0.800000011920929
lidar;21.0;39.0;25.060466766357422;24.9328556060791;9.715524673461914;0.29848119616508484;25.0607967376709;24.9324893951416;9.713970184326172;0.30011152179075246;0.9998387694465161;0.800000011920929;0.800000011920929;0.800000011920929
lidar;21.0;39.0;25.060710906982422;24.93793296813965;9.714375495910645;0.2985292375087738;25.06020164489746;24.938453674316406;9.716777801513672;0.29601799492956155;0.9996780156918716;0.800000011920929;0.800000011920929;0.800000011920929
lidar;21.0;39.0;25.060922622680664;24.943042755126953;9.713379859924316;0.2985078990459442;25.059188842773438;24.944664001464844;9.721537590026855;0.29001172287762855;0.9997496604858384;0.800000011920929;0.800000011920929;0.800000011920929
lidar;21.0;39.0;25.06112289428711;24.948162078857422;9.71243667602539;0.29852256178855896;25.061857223510742;24.947538375854492;9.70898151397705;0.30210945551473356;0.9997003674496222;0.800000011920929;0.800000011920929;0.800000011920929
lidar;21.0;39.0;25.061325073242188;24.953283309936523;9.711493492126465;0.29862838983535767;25.05797004699707;24.955839157104492;9.727272987365723;0.2822957713310867;0.999346554306892;0.800000011920929;0.800000011920929;0.800000011920929
lidar;21.0;39.0;25.061525344848633;24.958412170410156;9.710549354553223;0.2988252639770508;25.064834594726562;24.956172943115234;9.694973945617676;0.31490540657441723;0.9986882804939364;0.800000011920929;0.800000011920929;0.800000011920929
lidar;21.0;39.0;25.061677932739258;24.96357536315918;9.70982551574707;0.29888537526130676;25.061826705932617;24.96348762512207;9.70913028717041;0.29960129918197226;0.99848705523257;0.800000011920929;0.800000011920929;0.800000011920929
lidar;21.0;39.0;25.06182861328125;24.9687442779541;9.709122657775879;0.2990138530731201;25.0622501373291;24.968530654907227;9.707138061523438;0.3010533472875553;0.9980577827465681;0.800000011920929;0.800000011920929;0.800000011920929
lidar;21.0;39.0;25.06197738647461;24.973920822143555;9.708418846130371;0.2992335855960846;25.061567306518555;24.974092483520508;9.710350036621094;0.29725243450438504;0.9973247049193381;0.800000011920929;0.800000011920929;0.800000011920929
lidar;21.0;39.0;25.062074661254883;24.979122161865234;9.707964897155762;0.29928871989250183;25.064510345458984;24.978302001953125;9.696501731872559;0.3110358864046235;0.997140645898533;0.800000011920929;0.800000011920929;0.800000011920929
lidar;21.0;39.0;25.062166213989258;24.984329223632812;9.707530975341797;0.29941341280937195;25.06055450439453;24.9847354888916;9.71511459350586;0.2916499094025877;0.9967249038073261;0.800000011920929;0.800000011920929;0.800000011920929
lidar;21.0;39.0;25.062236785888672;24.989547729492188;9.707201957702637;0.2995212972164154;25.062152862548828;24.989561080932617;9.707597732543945;0.2991170789978302;0.9963661432193688;0.800000011920929;0.800000011920929;0.800000011920929
lidar;21.0;39.0;25.062267303466797;24.99477195739746;9.707056045532227;0.29953455924987793;25.06510353088379;24.99453353881836;9.693708419799805;0.3131818906864888;0.9963225720425709;0.800000011920929;0.800000011920929;0.800000011920929
lidar;21.0;39.0;25.062297821044922;25.0;9.7069091796875;0.299638956785202;25.061254501342773;25.0;9.71181869506836;0.294619026571416;0.9959755542201812;0.800000011920929;0.800000011920929;0.800000011920929
lidar;21.0;39.0;25.062267303466797;25.00522804260254;9.707056045532227;0.29953455924987793;25.064130783081055;25.00538444519043;9.698286056518555;0.30850186553096703;0.9963225720425709;0.800000011920929;0.800000011920929;0.800000011920929
lidar;21.0;39.0;25.062236785888672;25.010452270507812;9.707201957702637;0.2995212972164154;25.064558029174805;25.01084327697754;9.696279525756836;0.3106947603667995;0.9963661432193688;0.800000011920929;0.800000011920929;0.800000011920929
lidar;21.0;39.0;25.062166213989258;25.015670776367188;9.707530975341797;0.2994134724140167;25.05991554260254;25.01510238647461;9.718116760253906;0.2885761185062737;0.9967249038073261;0.800000011920929;0.800000011920929;0.800000011920929
lidar;21.0;39.0;25.062074661254883;25.020877838134766;9.707964897155762;0.29928871989250183;25.059219360351562;25.019916534423828;9.721397399902344;0.28552252283790985;0.997140645898533;0.800000011920929;0.800000011920929;0.800000011920929
lidar;21.0;39.0;25.06197738647461;25.026079177856445;9.708418846130371;0.2992335855960846;25.06337547302246;25.026668548583984;9.70184326171875;0.3059824569749254;0.9973247049193381;0.800000011920929;0.800000011920929;0.800000011920929
lidar;21.0;39.0;25.06182861328125;25.0312557220459;9.709122657775879;0.2990139126777649;25.06157684326172;25.031129837036133;9.710299491882324;0.2978043942840681;0.9980577827465681;0.800000011920929;0.800000011920929;0.800000011920929
lidar;21.0;39.0;25.061677932739258;25.03642463684082;9.70982551574707;0.2988854646682739;25.063444137573242;25.03746795654297;9.701518058776855;0.3074414388790565;0.99848705523257;0.800000011920929;0.800000011920929;0.800000011920929
lidar;21.0;39.0;25.061525344848633;25.041587829589844;9.710549354553223;0.2988252341747284;25.06283187866211;25.04247283935547;9.70439624786377;0.305178104365935;0.9986882804939364;0.800000011920929;0.800000011920929;0.800000011920929
lidar;21.0;39.0;25.061325073242188;25.046716690063477;9.711493492126465;0.29862844944000244;25.061634063720703;25.046951293945312;9.710037231445312;0.3001363142392388;0.999346554306892;0.800000011920929;0.800000011920929;0.800000011920929
lidar;21.0;39.0;25.06112289428711;25.051837921142578;9.71243667602539;0.2985227108001709;25.061233520507812;25.051931381225586;9.711918830871582;0.29906099681204507;0.9997003674496222;0.800000011920929;0.800000011920929;0.800000011920929
lidar;21.0;39.0;25.060922622680664;25.056957244873047;9.713379859924316;0.2985079288482666;25.064231872558594;25.06005096435547;9.697813987731934;0.3147189741966874;0.9997496604858384;0.800000011920929;0.800000011920929;0.800000011920929
lidar;21.0;39.0;25.060710906982422;25.06206703186035;9.714375495910645;0.2985292077064514;25.062503814697266;25.063899993896484;9.705941200256348;0.30734440657413764;0.9996780156918716;0.800000011920929;0.800000011920929;0.800000011920929
lidar;21.0;39.0;25.060466766357422;25.0671443939209;9.715524673461914;0.2984811067581177;25.062137603759766;25.068998336791992;9.707666397094727;0.3067259636508904;0.9998387694465161;0.800000011920929;0.800000011920929;0.800000011920929
lidar;21.0;39.0;25.060222625732422;25.072219848632812;9.716672897338867;0.2985241115093231;25.063705444335938;25.07639503479004;9.700292587280273;0.31578302075557907;0.9996949434364768;0.800000011920929;0.800000011920929;0.800000011920929
lidar;21.0;39.0;25.059978485107422;25.077299118041992;9.717822074890137;0.2986580729484558;25.06072425842285;25.078258514404297;9.714316368103027;0.302368513249957;0.9992465973228074;0.800000011920929;0.800000011920929;0.800000011920929
lidar;21.0;39.0;25.059734344482422;25.08238410949707;9.718973159790039;0.29888322949409485;25.056840896606445;25.078392028808594;9.732584953308105;0.28440655770594037;0.998493909921007;0.800000011920929;0.800000011920929;0.800000011920929
lidar;21.0;39.0;25.05948829650879;25.08747673034668;9.720126152038574;0.2991999685764313;25.06050682067871;25.088973999023438;9.715336799621582;0.30431996001771283;0.997437000022709;0.800000011920929;0.800000011920929;0.800000011920929
lidar;21.0;39.0;25.05921745300293;25.092546463012695;9.72139835357666;0.2994837462902069;25.058944702148438;25.092117309570312;9.722689628601074;0.29809560129799495;0.9964918492446335;0.800000011920929;0.800000011920929;0.800000011920929
lidar;21.0;39.0;25.058937072753906;25.09760856628418;9.722719192504883;0.29980984330177307;25.056509017944336;25.093585968017578;9.734147071838379;0.2874530659216711;0.9954079386382182;0.800000011920929;0.800000011920929;0.800000011920929
lidar;21.0;39.0;25.05849838256836;25.102405548095703;9.724790573120117;0.29941511154174805;25.05769157409668;25.100994110107422;9.728584289550781;0.29528756069621775;0.9960546493931327;0.800000011920929;0.800000011920929;0.800000011920929
lidar;21.0;39.0;25.058042526245117;25.10716438293457;9.7269287109375;0.2990334630012512;25.05805778503418;25.107189178466797;9.726862907409668;0.2991061450832907;0.997326076118189;0.800000011920929;0.800000011920929;0.800000011920929
lidar;21.0;39.0;25.057588577270508;25.11191177368164;9.729063034057617;0.2987436354160309;25.056438446044922;25.10967445373535;9.734479904174805;0.2927698895624897;0.998293697817372;0.800000011920929;0.800000011920929;0.800000011920929
lidar;21.0;39.0;25.05713653564453;25.11665153503418;9.731192588806152;0.2985452711582184;25.054954528808594;25.11219596862793;9.741460800170898;0.28714109073981003;0.9989572764051534;0.800000011920929;0.800000011920929;0.800000011920929
lidar;21.0;39.0;25.056684494018555;25.12138557434082;9.733321189880371;0.2984379231929779;25.057825088500977;25.123825073242188;9.727959632873535;0.30443808396057287;0.9993165135780229;0.800000011920929;0.800000011920929;0.800000011920929
lidar;21.0;39.0;25.056232452392578;25.126117706298828;9.735448837280273;0.29842156171798706;25.06040382385254;25.135473251342773;9.715826988220215;0.3205556126983365;0.9993713498097749;0.800000011920929;0.800000011920929;0.800000011920929
lidar;21.0;39.0;25.0557804107666;25.13085174560547;9.737576484680176;0.29849615693092346;25.054466247558594;25.127769470214844;9.743760108947754;0.29146235400781756;0.9991217852325319;0.800000011920929;0.800000011920929;0.800000011920929
lidar;21.0;39.0;25.055315017700195;25.135557174682617;9.739768028259277;0.29859012365341187;25.058616638183594;25.14365005493164;9.72423267364502;0.3164148871184541;0.9988076687728423;0.800000011920929;0.800000011920929;0.800000011920929
lidar;21.0;39.0;25.05482292175293;25.14020347595215;9.74207878112793;0.2986394762992859;25.053218841552734;25.13610076904297;9.749624252319336;0.2899031647323163;0.9986427427116525;0.800000011920929;0.800000011920929;0.800000011920929
lidar;21.0;39.0;25.054330825805664;25.144851684570312;9.744391441345215;0.2987798750400543;25.054067611694336;25.144147872924805;9.745633125305176;0.2973286150275684;0.9981735944437581;0.800000011920929;0.800000011920929;0.800000011920929
lidar;21.0;39.0;25.0538387298584;25.149505615234375;9.74670696258545;0.2990116775035858;25.060991287231445;25.16936683654785;9.713058471679688;0.33873329573373395;0.9974002836257546;0.800000011920929;0.800000011920929;0.800000011920929
lidar;21.0;39.0;25.053346633911133;25.1541690826416;9.74902629852295;0.2993350028991699;25.050561904907227;25.146120071411133;9.762128829956055;0.283708429047671;0.9963233469920838;0.800000011920929;0.800000011920929;0.800000011920929
lidar;21.0;39.0;25.052793502807617;25.158668518066406;9.751625061035156;0.29942113161087036;25.0474853515625;25.14271354675293;9.77660083770752;0.2693130271909653;0.9951691624675032;0.800000011920929;0.800000011920929;0.800000011920929
lidar;21.0;39.0;25.0521297454834;25.162826538085938;9.75474739074707;0.2989630401134491;25.046724319458008;25.145944595336914;9.78017520904541;0.26796643118942937;0.9966942069590451;0.800000011920929;0.800000011920929;0.800000011920929
lidar;21.0;39.0;25.051467895507812;25.166973114013672;9.757861137390137;0.298597127199173;25.054018020629883;25.17524528503418;9.745864868164062;0.31339044948825906;0.9979155661970928;0.800000011920929;0.800000011920929;0.800000011920929
lidar;21.0;39.0;25.05080795288086;25.171110153198242;9.760968208312988;0.298322856426239;25.0471248626709;25.15870475769043;9.778298377990723;0.27669430412238105;0.9988330005729233;0.800000011920929;0.800000011920929;0.800000011920929
lidar;21.0;39.0;25.050148010253906;25.175241470336914;9.764070510864258;0.29813989996910095;25.04966163635254;25.17354393005371;9.766356468200684;0.29525141241337477;0.9994461536478296;0.800000011920929;0.800000011920929;0.800000011920929
lidar;21.0;39.0;25.049489974975586;25.17936897277832;9.767169952392578;0.2980477809906006;25.049579620361328;25.17969512939453;9.766746520996094;0.2985894316842604;0.9997548461050311;0.800000011920929;0.800000011920929;0.800000011920929
lidar;21.0;39.0;25.048831939697266;25.183496475219727;9.770268440246582;0.2980464994907379;25.051158905029297;25.192241668701172;9.759318351745605;0.3122529957423835;0.9997590780262716;0.800000011920929;0.800000011920929;0.800000011920929
lidar;21.0;39.0;25.048171997070312;25.187623977661133;9.773367881774902;0.29813605546951294;25.05127716064453;25.199718475341797;9.758757591247559;0.31735562439336834;0.9994586705916111;0.800000011920929;0.800000011920929;0.800000011920929
lidar;21.0;39.0;25.04751205444336;25.191753387451172;9.776470184326172;0.29831650853157043;25.048280715942383;25.194856643676758;9.772852897644043;0.30314400231383665;0.9988538622202693;0.800000011920929;0.800000011920929;0.800000011920929
lidar;21.0;39.0;25.046852111816406;25.195892333984375;9.779577255249023;0.29858821630477905;25.047937393188477;25.20042610168457;9.774474143981934;0.3055000553911262;0.9979448316409121;0.800000011920929;0.800000011920929;0.800000011920929
lidar;21.0;39.0;25.04619026184082;25.200037002563477;9.782690048217773;0.2989515960216522;25.04851722717285;25.210111618041992;9.771746635437012;0.31400702619142173;0.9967318175303512;0.800000011920929;0.800000011920929;0.800000011920929
lidar;21.0;39.0;25.0455265045166;25.204195022583008;9.785812377929688;0.29940712451934814;25.04376220703125;25.196277618408203;9.794116973876953;0.2877990332161908;0.9952151181376012;0.800000011920929;0.800000011920929;0.800000011920929
lidar;21.0;39.0;25.044811248779297;25.2081356048584;9.789178848266602;0.2996230721473694;25.046531677246094;25.216127395629883;9.781085014343262;0.311126974226942;0.9935614462925778;0.800000011920929;0.800000011920929;0.800000011920929
lidar;21.0;39.0;25.04400062561035;25.211633682250977;9.792990684509277;0.2992960810661316;25.043413162231445;25.208805084228516;9.795758247375488;0.29529501781455514;0.9946470263579301;0.800000011920929;0.800000011920929;0.800000011920929
lidar;21.0;39.0;25.040393829345703;24.788299560546875;9.792189598083496;0.2993890941143036;25.039831161499023;24.791248321533203;9.795083045959473;0.2952201841595114;0.9943376185186455;0.800000011920929;0.800000011920929;0.800000011920929
lidar;21.0;39.0;25.041168212890625;24.791645050048828;9.788206100463867;0.2999386191368103;25.040225982666016;24.79641342163086;9.793052673339844;0.29307535339499224;0.9925156835947754;0.800000011920929;0.800000011920929;0.800000011920929
lidar;21.0;39.0;25.04179573059082;24.795734405517578;9.7849760055542;0.29951152205467224;25.041704177856445;24.79618263244629;9.785449028015137;0.2988524990375341;0.9948683378185451;0.800000011920929;0.800000011920929;0.800000011920929
lidar;21.0;39.0;25.04240608215332;24.79989242553711;9.781840324401855;0.299057275056839;25.040712356567383;24.80788230895996;9.79055118560791;0.28711634058478663;0.996379435270949;0.800000011920929;0.800000011920929;0.800000011920929
lidar;21.0;39.0;25.043012619018555;24.804039001464844;9.77871322631836;0.29869532585144043;25.04310417175293;24.80362892150879;9.778250694274902;0.2993202553621391;0.9975870250043067;0.800000011920929;0.800000011920929;0.800000011920929
lidar;21.0;39.0;25.04361915588379;24.808176040649414;9.775593757629395;0.29842501878738403;25.04448890686035;24.804353713989258;9.771121978759766;0.3043705828607804;0.9984906912735625;0.800000011920929;0.800000011920929;0.800000011920929
lidar;21.0;39.0;25.044225692749023;24.812307357788086;9.772478103637695;0.29824596643447876;25.04787254333496;24.79683494567871;9.7537202835083;0.32283376536411806;0.9990902542931883;0.800000011920929;0.800000011920929;0.800000011920929
lidar;21.0;39.0;25.044830322265625;24.816434860229492;9.769365310668945;0.29815784096717834;25.046358108520508;24.810178756713867;9.761505126953125;0.30831945851234244;0.9993854760509725;0.800000011920929;0.800000011920929;0.800000011920929
lidar;21.0;39.0;25.04543685913086;24.8205623626709;9.766253471374512;0.2981606125831604;25.04840850830078;24.80882453918457;9.750962257385254;0.31766479027869343;0.9993762373805362;0.800000011920929;0.800000011920929;0.800000011920929
lidar;21.0;39.0;25.04604148864746;24.824689865112305;9.763140678405762;0.29825425148010254;25.04435157775879;24.83112335205078;9.771830558776855;0.2873112023001927;0.9990625978078931;0.800000011920929;0.800000011920929;0.800000011920929
lidar;21.0;39.0;25.046646118164062;24.82882308959961;9.760025024414062;0.2984388768672943;25.04463005065918;24.836223602294922;9.770400047302246;0.28553580076775165;0.9984446168266176;0.800000011920929;0.800000011920929;0.800000011920929
lidar;21.0;39.0;25.047252655029297;24.83296012878418;9.756904602050781;0.298714816570282;25.050386428833008;24.82188606262207;9.7407865524292;0.31852028489428846;0.9975225329601933;0.800000011920929;0.800000011920929;0.800000011920929
lidar;21.0;39.0;25.047861099243164;24.837108612060547;9.753777503967285;0.29908236861228943;25.04716682434082;24.8394718170166;9.757349967956543;0.2947429502397787;0.9962966442088788;0.800000011920929;0.800000011920929;0.800000011920929
lidar;21.0;39.0;25.048471450805664;24.841266632080078;9.750640869140625;0.29954221844673157;25.046852111816406;24.84656524658203;9.758963584899902;0.28954406476080774;0.9947670694399726;0.800000011920929;0.800000011920929;0.800000011920929
lidar;21.0;39.0;25.048927307128906;24.84592628479004;9.748289108276367;0.299150675535202;25.051889419555664;24.83660125732422;9.733053207397461;0.3172574676543924;0.9969372747033801;0.800000011920929;0.800000011920929;0.800000011920929
lidar;21.0;39.0;25.049379348754883;24.850587844848633;9.745964050292969;0.29882586002349854;25.051729202270508;24.843475341796875;9.73387336730957;0.31304764388850614;0.9980206488356208;0.800000011920929;0.800000011920929;0.800000011920929
lidar;21.0;39.0;25.04983139038086;24.855239868164062;9.743642807006836;0.29859259724617004;25.05149269104004;24.850414276123047;9.735097885131836;0.3085461430329575;0.9988000392870423;0.800000011920929;0.800000011920929;0.800000011920929
lidar;21.0;39.0;25.050281524658203;24.859886169433594;9.741325378417969;0.2984505593776703;25.05339813232422;24.851198196411133;9.725287437438965;0.31695494380090483;0.999275207523015;0.800000011920929;0.800000011920929;0.800000011920929
lidar;21.0;39.0;25.050731658935547;24.86452865600586;9.739008903503418;0.29839950799942017;25.051984786987305;24.861183166503906;9.732563018798828;0.30576892670092165;0.9994459152317022;0.800000011920929;0.800000011920929;0.800000011920929
lidar;21.0;39.0;25.05118179321289;24.869173049926758;9.736692428588867;0.29843926429748535;25.04897689819336;24.87480926513672;9.748035430908203;0.28558308426517676;0.9993122220145263;0.800000011920929;0.800000011920929;0.800000011920929
lidar;21.0;39.0;25.051631927490234;24.87381935119629;9.734375;0.29857009649276733;25.053638458251953;24.868915557861328;9.724055290222168;0.3101698249919579;0.9988741278038342;0.800000011920929;0.800000011920929;0.800000011920929
lidar;21.0;39.0;25.05205726623535;24.878530502319336;9.732189178466797;0.29864245653152466;25.04966163635254;24.88412094116211;9.744511604309082;0.2849008252334985;0.9986319541210551;0.800000011920929;0.800000011920929;0.800000011920929
lidar;21.0;39.0;25.052473068237305;24.883268356323242;9.730050086975098;0.29875147342681885;25.05224609375;24.883773803710938;9.731219291687012;0.2974574085880665;0.9982674717571504;0.800000011920929;0.800000011920929;0.800000011920929
lidar;21.0;39.0;25.052888870239258;24.888010025024414;9.727909088134766;0.2989516258239746;25.053075790405273;24.887615203857422;9.726951599121094;0.30000462541056033;0.9975989463240047;0.800000011920929;0.800000011920929;0.800000011920929
lidar;21.0;39.0;25.053306579589844;24.89276123046875;9.725765228271484;0.299243301153183;25.05379295349121;24.89177894592285;9.72325325012207;0.30198364054111476;0.9966264960299731;0.800000011920929;0.800000011920929;0.800000011920929
lidar;21.0;39.0;25.05372428894043;24.89752197265625;9.723615646362305;0.299626886844635;25.05470848083496;24.895641326904297;9.718545913696289;0.30512363803099657;0.9953504799700349;0.800000011920929;0.800000011920929;0.800000011920929
lidar;21.0;39.0;25.054039001464844;24.902481079101562;9.721990585327148;0.2995316684246063;25.054813385009766;24.901084899902344;9.71800708770752;0.30382336107389935;0.9963323474078883;0.800000011920929;0.800000011920929;0.800000011920929
lidar;21.0;39.0;25.054296493530273;24.907541275024414;9.720667839050293;0.299204558134079;25.056415557861328;24.903932571411133;9.709770202636719;0.3108776905496676;0.9974216224490757;0.800000011920929;0.800000011920929;0.800000011920929
lidar;21.0;39.0;25.054553985595703;24.91259002685547;9.71934700012207;0.29896917939186096;25.054447174072266;24.912761688232422;9.71989631652832;0.29838433989659596;0.9982070325982401;0.800000011920929;0.800000011920929;0.800000011920929
lidar;21.0;39.0;25.0548095703125;24.917633056640625;9.71802806854248;0.29882511496543884;25.05478858947754;24.91766357421875;9.718135833740234;0.29871141763525993;0.9986883997068491;0.800000011920929;0.800000011920929;0.800000011920929
lidar;21.0;39.0;25.055036544799805;24.922714233398438;9.716863632202148;0.2986105680465698;25.051057815551758;24.928300857543945;9.737329483032227;0.2770258623733864;0.999405860929814;0.800000011920929;0.800000011920929;0.800000011920929
lidar;21.0;39.0;25.055259704589844;24.927791595458984;9.715710639953613;0.29847654700279236;25.055145263671875;24.927942276000977;9.71630573272705;0.29785123344006864;0.9998549223002473;0.800000011920929;0.800000011920929;0.800000011920929
lidar;21.0;39.0;25.055484771728516;24.9328670501709;9.714557647705078;0.2984333634376526;25.05402374267578;24.934633255004883;9.722068786621094;0.2905804363419855;0.9999994635581729;0.800000011920929;0.800000011920929;0.800000011920929
lidar;21.0;39.0;25.055707931518555;24.937942504882812;9.71340560913086;0.29848113656044006;25.05631446838379;24.937265396118164;9.710284233093262;0.3017315051231629;0.999839365480749;0.800000011920929;0.800000011920929;0.800000011920929
lidar;21.0;39.0;25.055932998657227;24.94301986694336;9.712252616882324;0.29861992597579956;25.05836296081543;24.94054412841797;9.699750900268555;0.31159395688374264;0.9993746877195016;0.800000011920929;0.800000011920929;0.800000011920929
lidar;21.0;39.0;25.056123733520508;24.948135375976562;9.711264610290527;0.2986775040626526;25.05534553527832;24.948854446411133;9.715267181396484;0.2945362804508111;0.9991819859166187;0.800000011920929;0.800000011920929;0.800000011920929
lidar;21.0;39.0;25.05630874633789;24.95326042175293;9.71031665802002;0.2987837791442871;25.055984497070312;24.953529357910156;9.711987495422363;0.2970601738679919;0.9988266825533033;0.800000011920929;0.800000011920929;0.800000011920929
lidar;21.0;39.0;25.056493759155273;24.958389282226562;9.709367752075195;0.29898127913475037;25.058183670043945;24.95714569091797;9.700674057006836;0.3079245595664498;0.998167037875434;0.800000011920929;0.800000011920929;0.800000011920929
lidar;21.0;39.0;25.056665420532227;24.96353530883789;9.70848274230957;0.2992035448551178;25.055278778076172;24.964427947998047;9.715615272521973;0.29188353022150126;0.9974255562332667;0.800000011920929;0.800000011920929;0.800000011920929
lidar;21.0;39.0;25.05680274963379;24.968711853027344;9.707776069641113;0.2993329167366028;25.055238723754883;24.969572067260742;9.715824127197266;0.2910891451397256;0.9969943165938021;0.800000011920929;0.800000011920929;0.800000011920929
lidar;21.0;39.0;25.05694007873535;24.973892211914062;9.707069396972656;0.29955360293388367;25.061185836791992;24.97194480895996;9.685226440429688;0.3218897513627204;0.9962592722641618;0.800000011920929;0.800000011920929;0.800000011920929
lidar;21.0;39.0;25.057050704956055;24.97909164428711;9.706501960754395;0.2997215688228607;25.05812644958496;24.97869873046875;9.700967788696289;0.30537264027511435;0.9957006573765418;0.800000011920929;0.800000011920929;0.800000011920929
lidar;21.0;39.0;25.0571346282959;24.98430633544922;9.70606517791748;0.29984715580940247;25.054704666137695;24.984975814819336;9.718572616577148;0.2870886927119493;0.9952834250621645;0.800000011920929;0.800000011920929;0.800000011920929
lidar;21.0;39.0;25.057199478149414;24.989532470703125;9.705735206604004;0.29995477199554443;25.06061553955078;24.988906860351562;9.688158988952637;0.31787136349938894;0.9952870014209609;0.800000011920929;0.800000011920929;0.800000011920929
lidar;21.0;39.0;25.057209014892578;24.994766235351562;9.70568561553955;0.29986852407455444;25.059192657470703;24.994585037231445;9.69548225402832;0.31026477690436566;0.9955733419720596;0.800000011920929;0.800000011920929;0.800000011920929
lidar;21.0;39.0;25.057218551635742;25.0;9.705636024475098;0.29987362027168274;25.06058692932129;25.0;9.688305854797363;0.317527871474257;0.9955565330441091;0.800000011920929;0.800000011920929;0.800000011920929
lidar;21.0;39.0;25.057209014892578;25.005233764648438;9.70568561553955;0.29986852407455444;25.056392669677734;25.005159378051758;9.70988655090332;0.2955889807318416;0.9955733419720596;0.800000011920929;0.800000011920929;0.800000011920929
lidar;21.0;39.0;25.057199478149414;25.010467529296875;9.705735206604004;0.29995477199554443;25.054317474365234;25.00994110107422;9.720561981201172;0.2848414751654775;0.9952870014209609;0.800000011920929;0.800000011920929;0.800000011920929
lidar;21.0;39.0;25.0571346282959;25.01569366455078;9.70606517791748;0.29984715580940247;25.055400848388672;25.015216827392578;9.714985847473145;0.2907470749853555;0.9952834250621645;0.800000011920929;0.800000011920929;0.800000011920929
lidar;21.0;39.0;25.057050704956055;25.02090835571289;9.706501960754395;0.2997215688228607;25.05751609802246;25.02107810974121;9.704107284545898;0.30216725815041157;0.9957006573765418;0.800000011920929;0.800000011920929;0.800000011920929
lidar;21.0;39.0;25.05694007873535;25.026107788085938;9.707069396972656;0.29955366253852844;25.0589542388916;25.02703094482422;9.696703910827637;0.3101527034635927;0.9962592722641618;0.800000011920929;0.800000011920929;0.800000011920929
lidar;21.0;39.0;25.05680274963379;25.031288146972656;9.707776069641113;0.29933294653892517;25.056737899780273;25.031253814697266;9.708108901977539;0.2989922529748508;0.9969943165938021;0.800000011920929;0.800000011920929;0.800000011920929
lidar;21.0;39.0;25.056665420532227;25.03646469116211;9.70848274230957;0.2992035746574402;25.056379318237305;25.036279678344727;9.70995044708252;0.2976974535887333;0.9974255562332667;0.800000011920929;0.800000011920929;0.800000011920929
lidar;21.0;39.0;25.056493759155273;25.041610717773438;9.709367752075195;0.29898133873939514;25.0561580657959;25.041364669799805;9.711088180541992;0.29721199339364673;0.998167037875434;0.800000011920929;0.800000011920929;0.800000011920929
lidar;21.0;39.0;25.05630874633789;25.04673957824707;9.71031665802002;0.2987838685512543;25.05891227722168;25.048900604248047;9.69692325592041;0.31259837240052546;0.9988266825533033;0.800000011920929;0.800000011920929;0.800000011920929
lidar;21.0;39.0;25.056123733520508;25.051864624023438;9.711264610290527;0.29867756366729736;25.05489730834961;25.050731658935547;9.717574119567871;0.29215004900049335;0.9991819859166187;0.800000011920929;0.800000011920929;0.800000011920929
lidar;21.0;39.0;25.055932998657227;25.05698013305664;9.712252616882324;0.2986198663711548;25.055883407592773;25.056928634643555;9.712509155273438;0.29835308917936076;0.9993746877195016;0.800000011920929;0.800000011920929;0.800000011920929
lidar;21.0;39.0;25.055707931518555;25.062057495117188;9.71340560913086;0.2984810769557953;25.05703353881836;25.063533782958984;9.706592559814453;0.3055763407903348;0.999839365480749;0.800000011920929;0.800000011920929;0.800000011920929
lidar;21.0;39.0;25.055484771728516;25.0671329498291;9.714557647705078;0.2984332740306854;25.055274963378906;25.066879272460938;9.7156343460083;0.2973080124559676;0.9999994635581729;0.800000011920929;0.800000011920929;0.800000011920929
lidar;21.0;39.0;25.055259704589844;25.072208404541016;9.715710639953613;0.2984764575958252;25.05272674560547;25.068897247314453;9.728747367858887;0.28478870684156277;0.9998549223002473;0.800000011920929;0.800000011920929;0.800000011920929
lidar;21.0;39.0;25.055036544799805;25.077285766601562;9.716863632202148;0.29861053824424744;25.054296493530273;25.076248168945312;9.72066879272461;0.29459745727830705;0.999405860929814;0.800000011920929;0.800000011920929;0.800000011920929
lidar;21.0;39.0;25.0548095703125;25.082366943359375;9.71802806854248;0.29882514476776123;25.055870056152344;25.083959579467773;9.712574005126953;0.30460576977882997;0.9986883997068491;0.800000011920929;0.800000011920929;0.800000011920929
lidar;21.0;39.0;25.054553985595703;25.08740997314453;9.71934700012207;0.2989691495895386;25.059385299682617;25.095151901245117;9.694490432739258;0.32544793366972485;0.9982070325982401;0.800000011920929;0.800000011920929;0.800000011920929
lidar;21.0;39.0;25.054296493530273;25.092458724975586;9.720667839050293;0.2992045283317566;25.05409049987793;25.09210777282715;9.721731185913086;0.2980656754683208;0.9974216224490757;0.800000011920929;0.800000011920929;0.800000011920929
lidar;21.0;39.0;25.054039001464844;25.097518920898438;9.721990585327148;0.2995316684246063;25.05426025390625;25.097917556762695;9.720852851867676;0.30075804780551774;0.9963322874798227;0.800000011920929;0.800000011920929;0.800000011920929
lidar;21.0;39.0;25.05372428894043;25.10247802734375;9.723615646362305;0.299626886844635;25.05524253845215;25.105377197265625;9.715798377990723;0.30810211290046075;0.9953504799700349;0.800000011920929;0.800000011920929;0.800000011920929
lidar;21.0;39.0;25.053306579589844;25.10723876953125;9.725765228271484;0.29924333095550537;25.055025100708008;25.11069679260254;9.716922760009766;0.3088921149120602;0.9966264960299731;0.800000011920929;0.800000011920929;0.800000011920929
lidar;21.0;39.0;25.052888870239258;25.111989974975586;9.727909088134766;0.298951655626297;25.054275512695312;25.114927291870117;9.720770835876465;0.30679504963766674;0.9975989463240047;0.800000011920929;0.800000011920929;0.800000011920929
lidar;21.0;39.0;25.052473068237305;25.116731643676758;9.730050086975098;0.29875150322914124;25.05116844177246;25.11383056640625;9.736757278442383;0.2913289146658651;0.9982674717571504;0.800000011920929;0.800000011920929;0.800000011920929
lidar;21.0;39.0;25.05205726623535;25.121469497680664;9.732189178466797;0.29864245653152466;25.052871704101562;25.123369216918945;9.727997779846191;0.3033161861523364;0.9986319541210551;0.800000011920929;0.800000011920929;0.800000011920929
lidar;21.0;39.0;25.051631927490234;25.12618064880371;9.734375;0.2985701262950897;25.05019187927246;25.122661590576172;9.741783142089844;0.29024338093822305;0.9988741278038342;0.800000011920929;0.800000011920929;0.800000011920929
lidar;21.0;39.0;25.05118179321289;25.130826950073242;9.736692428588867;0.29843923449516296;25.04787254333496;25.12236785888672;9.753718376159668;0.2791417188171514;0.9993122220145263;0.800000011920929;0.800000011920929;0.800000011920929
lidar;21.0;39.0;25.050731658935547;25.13547134399414;9.739008903503418;0.2983993589878082;25.049875259399414;25.1331844329834;9.743412971496582;0.2933644352996928;0.9994459152317022;0.800000011920929;0.800000011920929;0.800000011920929
lidar;21.0;39.0;25.050281524658203;25.140113830566406;9.741325378417969;0.29845044016838074;25.04897117614746;25.13646125793457;9.748068809509277;0.2906700870051347;0.999275207523015;0.800000011920929;0.800000011920929;0.800000011920929
lidar;21.0;39.0;25.04983139038086;25.144760131835938;9.743642807006836;0.29859256744384766;25.052095413208008;25.151342391967773;9.731987953186035;0.31216773281436294;0.9988000392870423;0.800000011920929;0.800000011920929;0.800000011920929
lidar;21.0;39.0;25.049379348754883;25.149412155151367;9.745964050292969;0.29882580041885376;25.048837661743164;25.147769927978516;9.748756408691406;0.2955414425928474;0.9980206488356208;0.800000011920929;0.800000011920929;0.800000011920929
lidar;21.0;39.0;25.048927307128906;25.15407371520996;9.748289108276367;0.29915061593055725;25.05105972290039;25.160789489746094;9.737317085266113;0.31219072948979076;0.9969372747033801;0.800000011920929;0.800000011920929;0.800000011920929
lidar;21.0;39.0;25.048471450805664;25.158733367919922;9.750640869140625;0.29954224824905396;25.046159744262695;25.151166915893555;9.762527465820312;0.28526372893992696;0.9947670694399726;0.800000011920929;0.800000011920929;0.800000011920929
lidar;21.0;39.0;25.047861099243164;25.162891387939453;9.753776550292969;0.2990824282169342;25.050413131713867;25.17157745361328;9.74064826965332;0.31502977181880787;0.9962966442088788;0.800000011920929;0.800000011920929;0.800000011920929
lidar;21.0;39.0;25.047252655029297;25.16703987121582;9.756903648376465;0.29871490597724915;25.04901885986328;25.173282623291016;9.747818946838379;0.30987824209302794;0.9975225329601933;0.800000011920929;0.800000011920929;0.800000011920929
lidar;21.0;39.0;25.046646118164062;25.17117691040039;9.760024070739746;0.29843902587890625;25.048484802246094;25.177921295166016;9.750571250915527;0.3101954960799973;0.9984446168266176;0.800000011920929;0.800000011920929;0.800000011920929
lidar;21.0;39.0;25.04604148864746;25.175310134887695;9.763140678405762;0.2982544004917145;25.04924201965332;25.187496185302734;9.746673583984375;0.31898895338498645;0.9990625978078931;0.800000011920929;0.800000011920929;0.800000011920929
lidar;21.0;39.0;25.04543685913086;25.1794376373291;9.766253471374512;0.29816073179244995;25.044174194335938;25.174455642700195;9.77274227142334;0.28988390066932246;0.9993762373805362;0.800000011920929;0.800000011920929;0.800000011920929
lidar;21.0;39.0;25.044830322265625;25.183565139770508;9.769365310668945;0.2981579303741455;25.046314239501953;25.189640045166016;9.76173210144043;0.3080257656265404;0.9993854760509725;0.800000011920929;0.800000011920929;0.800000011920929
lidar;21.0;39.0;25.044225692749023;25.187692642211914;9.772478103637695;0.29824602603912354;25.044477462768555;25.188762664794922;9.77117919921875;0.2999481580575038;0.9990902542931883;0.800000011920929;0.800000011920929;0.800000011920929
lidar;21.0;39.0;25.04361915588379;25.191823959350586;9.775593757629395;0.2984250783920288;25.04365348815918;25.191970825195312;9.775420188903809;0.2986547004076466;0.9984906912735625;0.800000011920929;0.800000011920929;0.800000011920929
lidar;21.0;39.0;25.043012619018555;25.195960998535156;9.77871322631836;0.2986953556537628;25.04515838623047;25.20573616027832;9.767675399780273;0.31359464880423527;0.9975870250043067;0.800000011920929;0.800000011920929;0.800000011920929
lidar;21.0;39.0;25.04240608215332;25.20010757446289;9.781840324401855;0.2990573048591614;25.044572830200195;25.210330963134766;9.770695686340332;0.31433454552389845;0.996379435270949;0.800000011920929;0.800000011920929;0.800000011920929
lidar;21.0;39.0;25.04179573059082;25.204265594482422;9.7849760055542;0.29951152205467224;25.04327392578125;25.211483001708984;9.777379035949707;0.31009355921203813;0.9948683378185451;0.800000011920929;0.800000011920929;0.800000011920929
lidar;21.0;39.0;25.041168212890625;25.208354949951172;9.788206100463867;0.2999385893344879;25.040403366088867;25.204486846923828;9.792139053344727;0.2943697289331254;0.9925158027839011;0.800000011920929;0.800000011920929;0.800000011920929
lidar;21.0;39.0;25.040393829345703;25.211700439453125;9.792189598083496;0.2993890047073364;25.039779663085938;25.20848274230957;9.79534912109375;0.2948375579051424;0.9943377372807839;0.800000011920929;0.800000011920929;0.800000011920929
lidar;21.0;39.0;25.0367431640625;24.788406372070312;9.791621208190918;0.2992381751537323;25.03815460205078;24.78028106689453;9.783618927001953;0.31072940990572717;0.9948390126781681;0.800000011920929;0.800000011920929;0.800000011920929
lidar;21.0;39.0;25.037439346313477;24.791793823242188;9.78767204284668;0.29972416162490845;25.037925720214844;24.789087295532227;9.784911155700684;0.30362191953043643;0.9941620829833778;0.800000011920929;0.800000011920929;0.800000011920929
lidar;21.0;39.0;25.03801727294922;24.79584312438965;9.784395217895508;0.29935014247894287;25.038373947143555;24.79392433166504;9.782367706298828;0.30216538158462386;0.9954043027528484;0.800000011920929;0.800000011920929;0.800000011920929
lidar;21.0;39.0;25.038593292236328;24.799884796142578;9.781126022338867;0.29906806349754333;25.040529251098633;24.78985023498535;9.770150184631348;0.31406452261785067;0.996343493167865;0.800000011920929;0.800000011920929;0.800000011920929
lidar;21.0;39.0;25.039165496826172;24.803932189941406;9.777875900268555;0.298857182264328;25.03931427001953;24.803192138671875;9.777036666870117;0.2999864321823776;0.9970470068869504;0.800000011920929;0.800000011920929;0.800000011920929
lidar;21.0;39.0;25.039718627929688;24.80807113647461;9.77474308013916;0.29858899116516113;25.039485931396484;24.8091983795166;9.776066780090332;0.29683357055489684;0.9979425670665865;0.800000011920929;0.800000011920929;0.800000011920929
lidar;21.0;39.0;25.040271759033203;24.81220245361328;9.771613121032715;0.29841214418411255;25.041257858276367;24.807598114013672;9.766014099121094;0.3057287831074276;0.9985342025923721;0.800000011920929;0.800000011920929;0.800000011920929
lidar;21.0;39.0;25.040822982788086;24.81633186340332;9.768486976623535;0.2983262538909912;25.041933059692383;24.81133460998535;9.762188911437988;0.30644210529894983;0.998821616117318;0.800000011920929;0.800000011920929;0.800000011920929
lidar;21.0;39.0;25.041372299194336;24.820459365844727;9.765361785888672;0.2983313202857971;25.03972816467285;24.82760238647461;9.774694442749023;0.28646469317258483;0.9988047480881423;0.800000011920929;0.800000011920929;0.800000011920929
lidar;21.0;39.0;25.04192352294922;24.824588775634766;9.762235641479492;0.2984272837638855;25.0416259765625;24.82583999633789;9.763931274414062;0.29629811014351093;0.9984837175176774;0.800000011920929;0.800000011920929;0.800000011920929
lidar;21.0;39.0;25.042476654052734;24.82872200012207;9.759105682373047;0.2986142635345459;25.044837951660156;24.819202423095703;9.745716094970703;0.31521179894888185;0.9978584645538473;0.800000011920929;0.800000011920929;0.800000011920929
lidar;21.0;39.0;25.04302978515625;24.832860946655273;9.75597095489502;0.298892617225647;25.04338264465332;24.831483840942383;9.753960609436035;0.301355023678323;0.9969293475397607;0.800000011920929;0.800000011920929;0.800000011920929
lidar;21.0;39.0;25.043582916259766;24.83700942993164;9.752830505371094;0.29926276206970215;25.042747497558594;24.84013557434082;9.757572174072266;0.29352174987582086;0.9956964851450247;0.800000011920929;0.800000011920929;0.800000011920929
lidar;21.0;39.0;25.044097900390625;24.8413143157959;9.749906539916992;0.2994541525840759;25.04244041442871;24.847280502319336;9.759310722351074;0.288193806005436;0.9959275128525177;0.800000011920929;0.800000011920929;0.800000011920929
lidar;21.0;39.0;25.044509887695312;24.845985412597656;9.747570037841797;0.29903632402420044;25.04261589050293;24.8525390625;9.75831127166748;0.2863120356496527;0.9973186850310745;0.800000011920929;0.800000011920929;0.800000011920929
lidar;21.0;39.0;25.044921875;24.850645065307617;9.7452392578125;0.2987106144428253;25.045330047607422;24.84928321838379;9.742918014526367;0.30143218762677937;0.9984059333251551;0.800000011920929;0.800000011920929;0.800000011920929
lidar;21.0;39.0;25.045331954956055;24.855295181274414;9.742912292480469;0.2984763979911804;25.049081802368164;24.843326568603516;9.721647262573242;0.32316528441722187;0.9991891384071605;0.800000011920929;0.800000011920929;0.800000011920929
lidar;21.0;39.0;25.04574203491211;24.859941482543945;9.740589141845703;0.2983333468437195;25.043752670288086;24.866029739379883;9.751867294311523;0.2853629225909788;0.9996680021329075;0.800000011920929;0.800000011920929;0.800000011920929
lidar;21.0;39.0;25.04615020751953;24.86458396911621;9.738266944885254;0.2982812225818634;25.043981552124023;24.87095069885254;9.75057315826416;0.2842572381861797;0.9998422860962265;0.800000011920929;0.800000011920929;0.800000011920929
lidar;21.0;39.0;25.046560287475586;24.869224548339844;9.735945701599121;0.2983199656009674;25.048112869262695;24.864866256713867;9.727143287658691;0.30826439584835663;0.9997121095564419;0.800000011920929;0.800000011920929;0.800000011920929
lidar;21.0;39.0;25.04697036743164;24.873868942260742;9.733622550964355;0.29844969511032104;25.04719352722168;24.873268127441406;9.732351303100586;0.2998731772644482;0.9992773533440015;0.800000011920929;0.800000011920929;0.800000011920929
lidar;21.0;39.0;25.047380447387695;24.87851905822754;9.73129653930664;0.29867056012153625;25.04820442199707;24.876407623291016;9.72662353515625;0.3038637102194247;0.9985381365548531;0.800000011920929;0.800000011920929;0.800000011920929
lidar;21.0;39.0;25.04779052734375;24.8831787109375;9.728965759277344;0.29898279905319214;25.04844856262207;24.881568908691406;9.725231170654297;0.3031024786174754;0.9974949360787886;0.800000011920929;0.800000011920929;0.800000011920929
lidar;21.0;39.0;25.04817771911621;24.887903213500977;9.726767539978027;0.29923689365386963;25.046798706054688;24.891115188598633;9.734594345092773;0.29066512012392676;0.9966478942673883;0.800000011920929;0.800000011920929;0.800000011920929
lidar;21.0;39.0;25.048559188842773;24.892658233642578;9.72461223602295;0.2995310425758362;25.046785354614258;24.896577835083008;9.734668731689453;0.28859236213133116;0.9956689479285749;0.800000011920929;0.800000011920929;0.800000011920929
lidar;21.0;39.0;25.048913955688477;24.897476196289062;9.722599983215332;0.29975736141204834;25.047290802001953;24.900875091552734;9.731796264648438;0.2898196091974963;0.9955822231758514;0.800000011920929;0.800000011920929;0.800000011920929
lidar;21.0;39.0;25.049148559570312;24.902545928955078;9.721270561218262;0.2993374466896057;25.052644729614258;24.895610809326172;9.701436042785645;0.32063860308790393;0.9969788193866916;0.800000011920929;0.800000011920929;0.800000011920929
lidar;21.0;39.0;25.049381256103516;24.90760040283203;9.719944953918457;0.29900962114334106;25.04850959777832;24.909231185913086;9.724888801574707;0.2937319761438263;0.9980718492350823;0.800000011920929;0.800000011920929;0.800000011920929
lidar;21.0;39.0;25.04961395263672;24.912647247314453;9.718622207641602;0.29877346754074097;25.05083656311035;24.91049575805664;9.711689949035645;0.30613482408794945;0.9988608360598158;0.800000011920929;0.800000011920929;0.800000011920929
lidar;21.0;39.0;25.049846649169922;24.917686462402344;9.717300415039062;0.298628568649292;25.051218032836914;24.915424346923828;9.7095308303833;0.3068362689550086;0.9993456006316939;0.800000011920929;0.800000011920929;0.800000011920929
lidar;21.0;39.0;25.050079345703125;24.9227237701416;9.715980529785156;0.2985747456550598;25.050094604492188;24.922700881958008;9.715897560119629;0.29866179441549157;0.999525964232883;0.800000011920929;0.800000011920929;0.800000011920929
lidar;21.0;39.0;25.050296783447266;24.92778205871582;9.714753150939941;0.2985147535800934;25.050554275512695;24.927412033081055;9.71329116821289;0.3000439368337744;0.999727010718747;0.800000011920929;0.800000011920929;0.800000011920929
lidar;21.0;39.0;25.050500869750977;24.932859420776367;9.71359634399414;0.29847171902656555;25.051374435424805;24.93169593811035;9.708637237548828;0.3036400762201724;0.9998709559410739;0.800000011920929;0.800000011920929;0.800000011920929
lidar;21.0;39.0;25.050704956054688;24.93793487548828;9.71243953704834;0.29851973056793213;25.052934646606445;24.935203552246094;9.69979190826416;0.31164926239054697;0.9997103810187736;0.800000011920929;0.800000011920929;0.800000011920929
lidar;21.0;39.0;25.0509090423584;24.943012237548828;9.711282730102539;0.29865866899490356;25.052289962768555;24.94146728515625;9.703450202941895;0.3067607138596364;0.9992452263749169;0.800000011920929;0.800000011920929;0.800000011920929
lidar;21.0;39.0;25.05111312866211;24.94809913635254;9.710124015808105;0.2988888621330261;25.048961639404297;24.95028305053711;9.722331047058105;0.28630239152102777;0.9984757304576466;0.800000011920929;0.800000011920929;0.800000011920929
lidar;21.0;39.0;25.051286697387695;24.953222274780273;9.70914077758789;0.2990279495716095;25.050539016723633;24.953903198242188;9.713375091552734;0.2946745886929357;0.9980114100923013;0.800000011920929;0.800000011920929;0.800000011920929
lidar;21.0;39.0;25.051454544067383;24.958354949951172;9.708187103271484;0.2992263734340668;25.05388832092285;24.95638656616211;9.694389343261719;0.31337484070684674;0.9973496797374783;0.800000011920929;0.800000011920929;0.800000011920929
lidar;21.0;39.0;25.05162239074707;24.963497161865234;9.707232475280762;0.29951635003089905;25.053756713867188;24.96198844909668;9.695125579833984;0.3119020818606206;0.996384143940178;0.800000011920929;0.800000011920929;0.800000011920929
lidar;21.0;39.0;25.05176544189453;24.96866798400879;9.706428527832031;0.2997426986694336;25.04929542541504;24.970163345336914;9.720434188842773;0.2854420778057009;0.9956313966726841;0.800000011920929;0.800000011920929;0.800000011920929
lidar;21.0;39.0;25.051883697509766;24.973859786987305;9.705748558044434;0.29993218183517456;25.05243492126465;24.973581314086914;9.702630996704102;0.30310981799784653;0.995362341382773;0.800000011920929;0.800000011920929;0.800000011920929
lidar;21.0;39.0;25.051925659179688;24.979089736938477;9.70551872253418;0.2997542917728424;25.049381256103516;24.980113983154297;9.71994686126709;0.285067851740373;0.9959527253244388;0.800000011920929;0.800000011920929;0.800000011920929
lidar;21.0;39.0;25.051950454711914;24.98432159423828;9.705370903015137;0.2995847463607788;25.05057144165039;24.984737396240234;9.713196754455566;0.29162780631766755;0.996516346992393;0.800000011920929;0.800000011920929;0.800000011920929
lidar;21.0;39.0;25.051977157592773;24.989547729492188;9.705223083496094;0.29950660467147827;25.0519962310791;24.989543914794922;9.705109596252441;0.299622500595024;0.9967764614988003;0.800000011920929;0.800000011920929;0.800000011920929
lidar;21.0;39.0;25.051986694335938;24.994773864746094;9.705171585083008;0.29942256212234497;25.054004669189453;24.994571685791016;9.69372844696045;0.3110433530561018;0.9970562457227886;0.800000011920929;0.800000011920929;0.800000011920929
lidar;21.0;39.0;25.05199432373047;25.0;9.705121040344238;0.2994275987148285;25.051420211791992;25.0;9.708381652832031;0.2961173109879463;0.997039616296195;0.800000011920929;0.800000011920929;0.800000011920929
lidar;21.0;39.0;25.051986694335938;25.005226135253906;9.705171585083008;0.29942256212234497;25.051677703857422;25.00519371032715;9.706926345825195;0.29763973023484275;0.9970562457227886;0.800000011920929;0.800000011920929;0.800000011920929
lidar;21.0;39.0;25.051977157592773;25.010452270507812;9.705223083496094;0.2995065748691559;25.050878524780273;25.010231018066406;9.711455345153809;0.2931747338422305;0.9967764614988003;0.800000011920929;0.800000011920929;0.800000011920929
lidar;21.0;39.0;25.051950454711914;25.01567840576172;9.705370903015137;0.2995847463607788;25.049762725830078;25.015018463134766;9.717779159545898;0.28696773960553434;0.996516346992393;0.800000011920929;0.800000011920929;0.800000011920929
lidar;21.0;39.0;25.051925659179688;25.020910263061523;9.70551872253418;0.2997542917728424;25.051380157470703;25.02069091796875;9.708614349365234;0.29660334648136916;0.9959527253244388;0.800000011920929;0.800000011920929;0.800000011920929
lidar;21.0;39.0;25.051883697509766;25.026140213012695;9.705748558044434;0.2999321520328522;25.050085067749023;25.02523422241211;9.715950965881348;0.2895325781736632;0.995362341382773;0.800000011920929;0.800000011920929;0.800000011920929
lidar;21.0;39.0;25.05176544189453;25.03133201599121;9.706428527832031;0.299742728471756;25.05116081237793;25.03096580505371;9.709851264953613;0.2962472052296606;0.9956313966726841;0.800000011920929;0.800000011920929;0.800000011920929
lidar;21.0;39.0;25.05162239074707;25.036502838134766;9.707232475280762;0.29951635003089905;25.04874610900879;25.034467697143555;9.723544120788574;0.28282862094043504;0.996384143940178;0.800000011920929;0.800000011920929;0.800000011920929
lidar;21.0;39.0;25.051454544067383;25.041645050048828;9.708187103271484;0.29922640323638916;25.05170249938965;25.041845321655273;9.706778526306152;0.30067138793133075;0.9973496797374783;0.800000011920929;0.800000011920929;0.800000011920929
lidar;21.0;39.0;25.051286697387695;25.046777725219727;9.70914077758789;0.2990280091762543;25.056499481201172;25.051532745361328;9.679577827453613;0.3294209754793826;0.9980114100923013;0.800000011920929;0.800000011920929;0.800000011920929
lidar;21.0;39.0;25.05111312866211;25.05190086364746;9.710124015808105;0.2988888919353485;25.051359176635742;25.05215072631836;9.708731651306152;0.3003241600305116;0.9984757304576466;0.800000011920929;0.800000011920929;0.800000011920929
lidar;21.0;39.0;25.0509090423584;25.056987762451172;9.711282730102539;0.2986586093902588;25.050146102905273;25.056133270263672;9.715608596801758;0.2941836109156248;0.9992452263749169;0.800000011920929;0.800000011920929;0.800000011920929
lidar;21.0;39.0;25.050704956054688;25.06206512451172;9.71243953704834;0.2985196113586426;25.05344009399414;25.065414428710938;9.696929931640625;0.31462050114614265;0.9997103810187736;0.800000011920929;0.800000011920929;0.800000011920929
lidar;21.0;39.0;25.050500869750977;25.067140579223633;9.71359634399414;0.2984716594219208;25.050539016723633;25.06719207763672;9.713380813598633;0.2986964164959891;0.9998709559410739;0.800000011920929;0.800000011920929;0.800000011920929
lidar;21.0;39.0;25.050296783447266;25.07221794128418;9.714753150939941;0.298514723777771;25.048843383789062;25.070131301879883;9.722991943359375;0.2898920107367176;0.999727010718747;0.800000011920929;0.800000011920929;0.800000011920929
lidar;21.0;39.0;25.050079345703125;25.0772762298584;9.715980529785156;0.2985747158527374;25.049646377563477;25.07660675048828;9.71844482421875;0.29598372698079084;0.999525964232883;0.800000011920929;0.800000011920929;0.800000011920929
lidar;21.0;39.0;25.049846649169922;25.082313537597656;9.717301368713379;0.29862847924232483;25.048982620239258;25.08088493347168;9.722208023071289;0.29344508625861526;0.9993456006316939;0.800000011920929;0.800000011920929;0.800000011920929
lidar;21.0;39.0;25.04961395263672;25.087352752685547;9.718622207641602;0.2987734377384186;25.050888061523438;25.0895938873291;9.71140193939209;0.3064400458294715;0.9988608360598158;0.800000011920929;0.800000011920929;0.800000011920929
lidar;21.0;39.0;25.049381256103516;25.09239959716797;9.719944953918457;0.2990095913410187;25.047029495239258;25.08799934387207;9.733281135559082;0.2847709992063915;0.9980718492350823;0.800000011920929;0.800000011920929;0.800000011920929
lidar;21.0;39.0;25.049148559570312;25.097454071044922;9.721270561218262;0.2993374168872833;25.05131721496582;25.101757049560547;9.708967208862305;0.31255029744535723;0.9969788193866916;0.800000011920929;0.800000011920929;0.800000011920929
lidar;21.0;39.0;25.048913955688477;25.102523803710938;9.722599983215332;0.29975733160972595;25.046173095703125;25.09678077697754;9.738134384155273;0.28297037141920645;0.9955822231758514;0.800000011920929;0.800000011920929;0.800000011920929
lidar;21.0;39.0;25.048559188842773;25.107341766357422;9.72461223602295;0.2995310425758362;25.052845001220703;25.116819381713867;9.700301170349121;0.32597369874046583;0.9956689479285749;0.800000011920929;0.800000011920929;0.800000011920929
lidar;21.0;39.0;25.04817771911621;25.112096786499023;9.726767539978027;0.29923686385154724;25.050119400024414;25.11661148071289;9.715760231018066;0.3112914729063396;0.9966478942673883;0.800000011920929;0.800000011920929;0.800000011920929
lidar;21.0;39.0;25.04779052734375;25.1168212890625;9.728965759277344;0.29898279905319214;25.051090240478516;25.124887466430664;9.710251808166504;0.3196267140302278;0.9974949360787886;0.800000011920929;0.800000011920929;0.800000011920929
lidar;21.0;39.0;25.047380447387695;25.12148094177246;9.73129653930664;0.2986705005168915;25.04640769958496;25.11898422241211;9.736814498901367;0.2925363056779226;0.9985381365548531;0.800000011920929;0.800000011920929;0.800000011920929
lidar;21.0;39.0;25.04697036743164;25.126131057739258;9.733622550964355;0.2984496057033539;25.048137664794922;25.1292667388916;9.726998329162598;0.3058707297005342;0.9992773533440015;0.800000011920929;0.800000011920929;0.800000011920929
lidar;21.0;39.0;25.046560287475586;25.130775451660156;9.735945701599121;0.29831981658935547;25.048690795898438;25.13675880432129;9.723864555358887;0.3119682822690571;0.9997121095564419;0.800000011920929;0.800000011920929;0.800000011920929
lidar;21.0;39.0;25.04615020751953;25.13541603088379;9.738266944885254;0.2982810139656067;25.04429817199707;25.129980087280273;9.748775482177734;0.28630548420015306;0.9998422860962265;0.800000011920929;0.800000011920929;0.800000011920929
lidar;21.0;39.0;25.04574203491211;25.140058517456055;9.740589141845703;0.29833313822746277;25.04534339904785;25.138839721679688;9.74284553527832;0.29573802063974236;0.9996680021329075;0.800000011920929;0.800000011920929;0.800000011920929
lidar;21.0;39.0;25.045331954956055;25.144704818725586;9.742913246154785;0.29847630858421326;25.04459571838379;25.142353057861328;9.747088432312012;0.2936283942474397;0.9991891384071605;0.800000011920929;0.800000011920929;0.800000011920929
lidar;21.0;39.0;25.044921875;25.149354934692383;9.7452392578125;0.29871052503585815;25.046308517456055;25.153966903686523;9.737373352050781;0.3079331910908347;0.9984059333251551;0.800000011920929;0.800000011920929;0.800000011920929
lidar;21.0;39.0;25.044509887695312;25.154014587402344;9.747570037841797;0.29903629422187805;25.04376983642578;25.15144920349121;9.751774787902832;0.29405556644513214;0.9973186850310745;0.800000011920929;0.800000011920929;0.800000011920929
lidar;21.0;39.0;25.044097900390625;25.1586856842041;9.749906539916992;0.29945412278175354;25.04553985595703;25.16387176513672;9.741734504699707;0.309238668693132;0.9959275719642191;0.800000011920929;0.800000011920929;0.800000011920929
lidar;21.0;39.0;25.043582916259766;25.16299057006836;9.752830505371094;0.29926273226737976;25.04265785217285;25.159534454345703;9.75806999206543;0.29291838857763147;0.9956964851450247;0.800000011920929;0.800000011920929;0.800000011920929
lidar;21.0;39.0;25.04302978515625;25.167139053344727;9.75597095489502;0.29889270663261414;25.044008255004883;25.170940399169922;9.750420570373535;0.30569159369110543;0.9969293475397607;0.800000011920929;0.800000011920929;0.800000011920929
lidar;21.0;39.0;25.042476654052734;25.17127799987793;9.759105682373047;0.29861438274383545;25.042606353759766;25.171804428100586;9.758365631103516;0.29953131488507895;0.9978584645538473;0.800000011920929;0.800000011920929;0.800000011920929
lidar;21.0;39.0;25.04192352294922;25.175411224365234;9.762234687805176;0.29842737317085266;25.0434627532959;25.18185043334961;9.753508567810059;0.3093807708196972;0.9984837175176774;0.800000011920929;0.800000011920929;0.800000011920929
lidar;21.0;39.0;25.041372299194336;25.179540634155273;9.765361785888672;0.2983313798904419;25.040891647338867;25.17745018005371;9.768092155456543;0.2948590952762948;0.9988047480881423;0.800000011920929;0.800000011920929;0.800000011920929
lidar;21.0;39.0;25.040822982788086;25.18366813659668;9.768486976623535;0.298326313495636;25.040590286254883;25.182626724243164;9.769800186157227;0.2966344849047793;0.998821616117318;0.800000011920929;0.800000011920929;0.800000011920929
lidar;21.0;39.0;25.040271759033203;25.18779754638672;9.771613121032715;0.29841214418411255;25.040489196777344;25.18881607055664;9.77037525177002;0.30003027695742635;0.9985342025923721;0.800000011920929;0.800000011920929;0.800000011920929
lidar;21.0;39.0;25.039718627929688;25.19192886352539;9.77474308013916;0.29858899116516113;25.041412353515625;25.20010757446289;9.765143394470215;0.3113126806865737;0.9979425670665865;0.800000011920929;0.800000011920929;0.800000011920929
lidar;21.0;39.0;25.039165496826172;25.196067810058594;9.777875900268555;0.298857182264328;25.04042625427246;25.202373504638672;9.770732879638672;0.30846763894872564;0.9970470068869504;0.800000011920929;0.800000011920929;0.800000011920929
lidar;21.0;39.0;25.038593292236328;25.200115203857422;9.781126022338867;0.29906806349754333;25.037519454956055;25.194547653198242;9.787215232849121;0.2907466275203709;0.996343493167865;0.800000011920929;0.800000011920929;0.800000011920929
lidar;21.0;39.0;25.03801727294922;25.20415687561035;9.784395217895508;0.2993501126766205;25.036205291748047;25.194427490234375;9.794671058654785;0.28508337791223454;0.9954043027528484;0.800000011920929;0.800000011920929;0.800000011920929
lidar;21.0;39.0;25.037439346313477;25.208206176757812;9.78767204284668;0.29972416162490845;25.038158416748047;25.21220588684082;9.78359317779541;0.3054820287811902;0.9941620829833778;0.800000011920929;0.800000011920929;0.800000011920929
lidar;21.0;39.0;25.0367431640625;25.211593627929688;9.791621208190918;0.2992381155490875;25.036577224731445;25.210634231567383;9.79256534576416;0.2978829728006878;0.9948391321223555;0.800000011920929;0.800000011920929;0.800000011920929
lidar;21.0;39.0;25.03308868408203;24.788484573364258;9.791088104248047;0.29912853240966797;25.03404426574707;24.78236961364746;9.785049438476562;0.30777551018306737;0.995203435658621;0.800000011920929;0.800000011920929;0.800000011920929
lidar;21.0;39.0;25.03369903564453;24.791967391967773;9.787227630615234;0.29947519302368164;25.03420066833496;24.78887176513672;9.784062385559082;0.30393043727067637;0.9949885603588834;0.800000011920929;0.800000011920929;0.800000011920929
lidar;21.0;39.0;25.03421974182129;24.7960147857666;9.783946990966797;0.2990976870059967;25.034879684448242;24.792076110839844;9.77977466583252;0.3048743430773757;0.9962446093468666;0.800000011920929;0.800000011920929;0.800000011920929
lidar;21.0;39.0;25.034738540649414;24.80005645751953;9.780673027038574;0.29881200194358826;25.032176971435547;24.814796447753906;9.796842575073242;0.2767822867550045;0.9971973300840905;0.800000011920929;0.800000011920929;0.800000011920929
lidar;21.0;39.0;25.035255432128906;24.804088592529297;9.77740478515625;0.29861775040626526;25.037208557128906;24.793235778808594;9.765074729919434;0.31515944841255716;0.9978461263234331;0.800000011920929;0.800000011920929;0.800000011920929
lidar;21.0;39.0;25.0357723236084;24.80811882019043;9.774140357971191;0.29851460456848145;25.03744125366211;24.799169540405273;9.763605117797852;0.31243791026866263;0.9981911181499425;0.800000011920929;0.800000011920929;0.800000011920929
lidar;21.0;39.0;25.03628921508789;24.81214714050293;9.770875930786133;0.29850247502326965;25.034605026245117;24.82086944580078;9.781515121459961;0.28464221039064486;0.9982318878449371;0.800000011920929;0.800000011920929;0.800000011920929
lidar;21.0;39.0;25.036802291870117;24.816192626953125;9.767634391784668;0.29855167865753174;25.036212921142578;24.819141387939453;9.771361351013184;0.2937639014562637;0.9980676770578496;0.800000011920929;0.800000011920929;0.800000011920929
lidar;21.0;39.0;25.03730010986328;24.820322036743164;9.764494895935059;0.2985597848892212;25.038179397583008;24.816089630126953;9.758946418762207;0.3055940787761759;0.9980406163989579;0.800000011920929;0.800000011920929;0.800000011920929
lidar;21.0;39.0;25.037797927856445;24.824453353881836;9.761354446411133;0.29865890741348267;25.03786849975586;24.824125289916992;9.760909080505371;0.2992160826157488;0.99770969138691;0.800000011920929;0.800000011920929;0.800000011920929
lidar;21.0;39.0;25.03829574584961;24.82858657836914;9.758211135864258;0.29884907603263855;25.039560317993164;24.82292366027832;9.750222206115723;0.3087228752428942;0.9970747831067758;0.800000011920929;0.800000011920929;0.800000011920929
lidar;21.0;39.0;25.038793563842773;24.832727432250977;9.755062103271484;0.29913070797920227;25.03872299194336;24.833032608032227;9.755509376525879;0.298584850116979;0.9961361882598425;0.800000011920929;0.800000011920929;0.800000011920929
lidar;21.0;39.0;25.03929328918457;24.836877822875977;9.751907348632812;0.2995041608810425;25.038806915283203;24.838897705078125;9.754980087280273;0.295794707277976;0.9948941468314272;0.800000011920929;0.800000011920929;0.800000011920929
lidar;21.0;39.0;25.03972053527832;24.841337203979492;9.749212265014648;0.299409955739975;25.037752151489258;24.84920310974121;9.76164436340332;0.2845668629565506;0.9960745574936157;0.800000011920929;0.800000011920929;0.800000011920929
lidar;21.0;39.0;25.04009246826172;24.84600830078125;9.746869087219238;0.2989918887615204;25.03985023498535;24.84693717956543;9.748394966125488;0.2971891217939356;0.9974672792770422;0.800000011920929;0.800000011920929;0.800000011920929
lidar;21.0;39.0;25.040462493896484;24.85066795349121;9.744532585144043;0.29866576194763184;25.04197883605957;24.845073699951172;9.734962463378906;0.3098533977315664;0.9985560774150114;0.800000011920929;0.800000011920929;0.800000011920929
lidar;21.0;39.0;25.040830612182617;24.855318069458008;9.742199897766113;0.2984310984611511;25.041608810424805;24.85256004333496;9.737286567687988;0.3041185584760447;0.999340772599637;0.800000011920929;0.800000011920929;0.800000011920929
lidar;21.0;39.0;25.041200637817383;24.859962463378906;9.739870071411133;0.29828765988349915;25.0413875579834;24.85932731628418;9.738691329956055;0.299639522928425;0.9998210668426264;0.800000011920929;0.800000011920929;0.800000011920929
lidar;21.0;39.0;25.041568756103516;24.86460304260254;9.737542152404785;0.2982351779937744;25.041330337524414;24.865379333496094;9.739046096801758;0.29652580070257223;0.9999967813493997;0.800000011920929;0.800000011920929;0.800000011920929
lidar;21.0;39.0;25.04193878173828;24.869245529174805;9.735214233398438;0.2982735335826874;25.040971755981445;24.872257232666016;9.741312980651855;0.29140286634150125;0.9998679161198909;0.800000011920929;0.800000011920929;0.800000011920929
lidar;21.0;39.0;25.042306900024414;24.873889923095703;9.732885360717773;0.2984027862548828;25.04270362854004;24.87270736694336;9.73038101196289;0.3012002728952678;0.9994344710703952;0.800000011920929;0.800000011920929;0.800000011920929
lidar;21.0;39.0;25.04267692565918;24.878538131713867;9.730552673339844;0.2986232042312622;25.042539596557617;24.878931045532227;9.731420516967773;0.29766113204644756;0.9986965655486907;0.800000011920929;0.800000011920929;0.800000011920929
lidar;21.0;39.0;25.043046951293945;24.883195877075195;9.728217124938965;0.29893502593040466;25.043424606323242;24.882171630859375;9.72583293914795;0.3015565261950974;0.9976544976585098;0.800000011920929;0.800000011920929;0.800000011920929
lidar;21.0;39.0;25.04341697692871;24.88786506652832;9.725874900817871;0.29933878779411316;25.045270919799805;24.88307762145996;9.714171409606934;0.3121188549006726;0.9963085053993097;0.800000011920929;0.800000011920929;0.800000011920929
lidar;21.0;39.0;25.04378890991211;24.892549514770508;9.723526000976562;0.2998351752758026;25.044647216796875;24.890443801879883;9.718111991882324;0.305706842439439;0.9946589466488315;0.800000011920929;0.800000011920929;0.800000011920929
lidar;21.0;39.0;25.044048309326172;24.89751434326172;9.721890449523926;0.29964718222618103;25.04186248779297;24.902599334716797;9.735687255859375;0.28478192113955336;0.9959481952306017;0.800000011920929;0.800000011920929;0.800000011920929
lidar;21.0;39.0;25.04425811767578;24.90258026123047;9.720559120178223;0.29922690987586975;25.041954040527344;24.907655715942383;9.735113143920898;0.28364224652777276;0.997347116689293;0.800000011920929;0.800000011920929;0.800000011920929
lidar;21.0;39.0;25.044469833374023;24.907634735107422;9.719230651855469;0.29889872670173645;25.045276641845703;24.90595817565918;9.714130401611328;0.3043274213756702;0.9984422922739834;0.800000011920929;0.800000011920929;0.800000011920929
lidar;21.0;39.0;25.044679641723633;24.91267967224121;9.717904090881348;0.2986621558666229;25.043746948242188;24.91450309753418;9.723797798156738;0.2924227012447838;0.9992333650814155;0.800000011920929;0.800000011920929;0.800000011920929
lidar;21.0;39.0;25.044889450073242;24.91771697998047;9.716580390930176;0.29851675033569336;25.04436492919922;24.91868019104004;9.719892501831055;0.29502746209246455;0.9997200369802834;0.800000011920929;0.800000011920929;0.800000011920929
lidar;21.0;39.0;25.04509925842285;24.922752380371094;9.715256690979004;0.2984623908996582;25.044626235961914;24.92356300354004;9.718246459960938;0.29532877180093897;0.9999021291698919;0.800000011920929;0.800000011920929;0.800000011920929
lidar;21.0;39.0;25.04530906677246;24.927785873413086;9.713933944702148;0.2984989583492279;25.041269302368164;24.934223175048828;9.739428520202637;0.2718957745443155;0.9997797012443843;0.800000011920929;0.800000011920929;0.800000011920929
lidar;21.0;39.0;25.045513153076172;24.932830810546875;9.712638854980469;0.29859644174575806;25.04806137084961;24.9290714263916;9.696553230285645;0.3153109088577745;0.9994533657860517;0.800000011920929;0.800000011920929;0.800000011920929
lidar;21.0;39.0;25.045698165893555;24.937908172607422;9.711477279663086;0.2986449897289276;25.045059204101562;24.93877410888672;9.71550178527832;0.2944792265548222;0.999291121923787;0.800000011920929;0.800000011920929;0.800000011920929
lidar;21.0;39.0;25.045881271362305;24.942989349365234;9.710315704345703;0.2987845540046692;25.044910430908203;24.944196701049805;9.716453552246094;0.2924545319537542;0.9988245368851797;0.800000011920929;0.800000011920929;0.800000011920929
lidar;21.0;39.0;25.046066284179688;24.948076248168945;9.709153175354004;0.2990153431892395;25.045747756958008;24.948434829711914;9.711160659790039;0.2969509656912696;0.9980536699741747;0.800000011920929;0.800000011920929;0.800000011920929
lidar;21.0;39.0;25.046249389648438;24.95317268371582;9.707987785339355;0.2993377447128296;25.04689598083496;24.9525203704834;9.703914642333984;0.3035125690844086;0.996978759778691;0.800000011920929;0.800000011920929;0.800000011920929
lidar;21.0;39.0;25.046405792236328;24.958309173583984;9.707006454467773;0.2995607852935791;25.049602508544922;24.95543670654297;9.686820030212402;0.32019981032139155;0.9962363243347657;0.800000011920929;0.800000011920929;0.800000011920929
lidar;21.0;39.0;25.04655647277832;24.963457107543945;9.706047058105469;0.2998522222042084;25.044893264770508;24.964763641357422;9.716557502746582;0.2891311973803266;0.9952681657372109;0.800000011920929;0.800000011920929;0.800000011920929
lidar;21.0;39.0;25.04663848876953;24.968664169311523;9.705535888671875;0.2997770607471466;25.046566009521484;24.968713760375977;9.705989837646484;0.2993149524597668;0.9958775043803779;0.800000011920929;0.800000011920929;0.800000011920929
lidar;21.0;39.0;25.046676635742188;24.973894119262695;9.705292701721191;0.2995211184024811;25.04903793334961;24.97257423400879;9.690388679504395;0.31466814575403357;0.9967284799094036;0.800000011920929;0.800000011920929;0.800000011920929
lidar;21.0;39.0;25.046714782714844;24.97911834716797;9.70505142211914;0.2993538975715637;25.04814910888672;24.978477478027344;9.696003913879395;0.30853724412658146;0.9972852466804496;0.800000011920929;0.800000011920929;0.800000011920929
lidar;21.0;39.0;25.046743392944336;24.98434066772461;9.704876899719238;0.2992117404937744;25.046632766723633;24.984376907348633;9.705573081970215;0.29850591005700744;0.9977589843311169;0.800000011920929;0.800000011920929;0.800000011920929
lidar;21.0;39.0;25.04676628112793;24.989561080932617;9.704729080200195;0.2991334795951843;25.04463005065918;24.99003791809082;9.718223571777344;0.28546246603195996;0.9980198742546524;0.800000011920929;0.800000011920929;0.800000011920929
lidar;21.0;39.0;25.046777725219727;24.994781494140625;9.704658508300781;0.2990689277648926;25.047197341918945;24.994733810424805;9.702003479003906;0.301756703732305;0.9982355833646166;0.800000011920929;0.800000011920929;0.800000011920929
lidar;21.0;39.0;25.046785354614258;25.0;9.704607963562012;0.29907387495040894;25.046829223632812;25.0;9.704330444335938;0.29935529132739735;0.9982190728949937;0.800000011920929;0.800000011920929;0.800000011920929
lidar;21.0;39.0;25.046777725219727;25.005218505859375;9.704658508300781;0.2990688979625702;25.045799255371094;25.005109786987305;9.710837364196777;0.29281130898623087;0.9982355833646166;0.800000011920929;0.800000011920929;0.800000011920929
lidar;21.0;39.0;25.04676628112793;25.010438919067383;9.704729080200195;0.2991334795951843;25.047754287719727;25.01066017150879;9.69848918914795;0.3054556664019927;0.9980198742546524;0.800000011920929;0.800000011920929;0.800000011920929
lidar;21.0;39.0;25.046743392944336;25.01565933227539;9.704876899719238;0.2992117404937744;25.049535751342773;25.0165958404541;9.687237739562988;0.31709538459522785;0.9977589250066365;0.800000011920929;0.800000011920929;0.800000011920929
lidar;21.0;39.0;25.046714782714844;25.02088165283203;9.70505142211914;0.2993538975715637;25.049236297607422;25.022008895874023;9.689136505126953;0.3155067191616033;0.9972852466804496;0.800000011920929;0.800000011920929;0.800000011920929
lidar;21.0;39.0;25.046676635742188;25.026105880737305;9.705292701721191;0.2995211184024811;25.047954559326172;25.026819229125977;9.697224617004395;0.3077204146346629;0.9967284799094036;0.800000011920929;0.800000011920929;0.800000011920929
lidar;21.0;39.0;25.04663848876953;25.031335830688477;9.705535888671875;0.2997770607471466;25.04895782470703;25.032894134521484;9.690895080566406;0.3146820663526175;0.9958774449071658;0.800000011920929;0.800000011920929;0.800000011920929
lidar;21.0;39.0;25.04655647277832;25.036542892456055;9.706047058105469;0.29985225200653076;25.04829216003418;25.037904739379883;9.695099830627441;0.3110192408720213;0.9952681657372109;0.800000011920929;0.800000011920929;0.800000011920929
lidar;21.0;39.0;25.046405792236328;25.041690826416016;9.707006454467773;0.2995607852935791;25.04810333251953;25.043214797973633;9.696294784545898;0.3105124151662325;0.9962363837486993;0.800000011920929;0.800000011920929;0.800000011920929
lidar;21.0;39.0;25.046249389648438;25.04682731628418;9.707987785339355;0.2993377149105072;25.04537010192871;25.045934677124023;9.713545799255371;0.29364025453237624;0.996978759778691;0.800000011920929;0.800000011920929;0.800000011920929
lidar;21.0;39.0;25.046066284179688;25.051923751831055;9.709153175354004;0.2990152835845947;25.04497718811035;25.050697326660156;9.716025352478027;0.29195019949823364;0.9980536699741747;0.800000011920929;0.800000011920929;0.800000011920929
lidar;21.0;39.0;25.045881271362305;25.057010650634766;9.710315704345703;0.29878443479537964;25.04541778564453;25.056434631347656;9.713240623474121;0.29576751138805263;0.9988245368851797;0.800000011920929;0.800000011920929;0.800000011920929
lidar;21.0;39.0;25.045698165893555;25.062091827392578;9.711477279663086;0.29864493012428284;25.04630470275879;25.062917709350586;9.707640647888184;0.3026168120538453;0.999291121923787;0.800000011920929;0.800000011920929;0.800000011920929
lidar;21.0;39.0;25.045513153076172;25.067169189453125;9.712638854980469;0.29859644174575806;25.045312881469727;25.066871643066406;9.713912963867188;0.2972724247765252;0.9994533657860517;0.800000011920929;0.800000011920929;0.800000011920929
lidar;21.0;39.0;25.04530906677246;25.072214126586914;9.713933944702148;0.29849889874458313;25.048234939575195;25.07687759399414;9.695455551147461;0.3177797671581451;0.9997797012443843;0.800000011920929;0.800000011920929;0.800000011920929
lidar;21.0;39.0;25.04509925842285;25.077247619628906;9.715256690979004;0.29846227169036865;25.044708251953125;25.076580047607422;9.717720985412598;0.2958792437586431;0.9999021291698919;0.800000011920929;0.800000011920929;0.800000011920929
lidar;21.0;39.0;25.044889450073242;25.08228302001953;9.716580390930176;0.2985166907310486;25.045957565307617;25.084239959716797;9.709835052490234;0.3056211622221355;0.9997200369802834;0.800000011920929;0.800000011920929;0.800000011920929
lidar;21.0;39.0;25.044679641723633;25.08732032775879;9.717904090881348;0.29866206645965576;25.043115615844727;25.08426284790039;9.727783203125;0.28820318165742104;0.9992333650814155;0.800000011920929;0.800000011920929;0.800000011920929
lidar;21.0;39.0;25.044469833374023;25.092365264892578;9.719230651855469;0.2988986074924469;25.044763565063477;25.092973709106445;9.717381477355957;0.3008673148739914;0.9984422922739834;0.800000011920929;0.800000011920929;0.800000011920929
lidar;21.0;39.0;25.04425811767578;25.09741973876953;9.720559120178223;0.29922690987586975;25.0429744720459;25.094593048095703;9.728663444519043;0.2905486240529843;0.9973470570309636;0.800000011920929;0.800000011920929;0.800000011920929
lidar;21.0;39.0;25.044048309326172;25.10248565673828;9.721890449523926;0.29964718222618103;25.045150756835938;25.105051040649414;9.714927673339844;0.3071493544388552;0.9959481952306017;0.800000011920929;0.800000011920929;0.800000011920929
lidar;21.0;39.0;25.04378890991211;25.107450485229492;9.723526000976562;0.2998351454734802;25.044269561767578;25.108631134033203;9.720492362976074;0.30312483778739396;0.9946589466488315;0.800000011920929;0.800000011920929;0.800000011920929
lidar;21.0;39.0;25.04341697692871;25.11213493347168;9.725874900817871;0.29933878779411316;25.04435920715332;25.11456871032715;9.719923973083496;0.305837154339273;0.9963085053993097;0.800000011920929;0.800000011920929;0.800000011920929
lidar;21.0;39.0;25.043046951293945;25.116804122924805;9.728217124938965;0.2989349365234375;25.04244613647461;25.115177154541016;9.732002258300781;0.29477131622298147;0.9976544976585098;0.800000011920929;0.800000011920929;0.800000011920929
lidar;21.0;39.0;25.04267692565918;25.121461868286133;9.730552673339844;0.29862311482429504;25.043087005615234;25.122631072998047;9.72795581817627;0.30150099908246697;0.9986965655486907;0.800000011920929;0.800000011920929;0.800000011920929
lidar;21.0;39.0;25.042306900024414;25.126110076904297;9.732885360717773;0.2984026074409485;25.04266929626465;25.12718963623047;9.73060131072998;0.30095415302957423;0.9994344710703952;0.800000011920929;0.800000011920929;0.800000011920929
lidar;21.0;39.0;25.04193878173828;25.130754470825195;9.735214233398438;0.2982732951641083;25.038524627685547;25.120113372802734;9.75676441192627;0.27399788080737686;0.9998679161198909;0.800000011920929;0.800000011920929;0.800000011920929
lidar;21.0;39.0;25.041568756103516;25.13539695739746;9.737542152404785;0.2982349991798401;25.037830352783203;25.12322235107422;9.761141777038574;0.2714184247064771;0.9999967813493997;0.800000011920929;0.800000011920929;0.800000011920929
lidar;21.0;39.0;25.041200637817383;25.140037536621094;9.739870071411133;0.2982875108718872;25.041553497314453;25.141239166259766;9.73763656616211;0.3008483545596275;0.9998210668426264;0.800000011920929;0.800000011920929;0.800000011920929
lidar;21.0;39.0;25.040830612182617;25.144681930541992;9.742199897766113;0.29843100905418396;25.042617797851562;25.15101432800293;9.730916023254395;0.31149301584287037;0.999340772599637;0.800000011920929;0.800000011920929;0.800000011920929
lidar;21.0;39.0;25.040462493896484;25.14933204650879;9.744532585144043;0.2986656725406647;25.03976058959961;25.14674186706543;9.748963356018066;0.29348556744019977;0.9985560774150114;0.800000011920929;0.800000011920929;0.800000011920929
lidar;21.0;39.0;25.04009246826172;25.15399169921875;9.746869087219238;0.2989918291568756;25.0407772064209;25.156627655029297;9.742537498474121;0.30410784083806724;0.9974672792770422;0.800000011920929;0.800000011920929;0.800000011920929
lidar;21.0;39.0;25.03972053527832;25.158662796020508;9.749212265014648;0.299409955739975;25.04032325744629;25.16107177734375;9.745404243469238;0.30395547699550074;0.9960745574936157;0.800000011920929;0.800000011920929;0.800000011920929
lidar;21.0;39.0;25.03929328918457;25.163122177124023;9.751907348632812;0.29950419068336487;25.04062843322754;25.168664932250977;9.743476867675781;0.30968208155832755;0.9948941468314272;0.800000011920929;0.800000011920929;0.800000011920929
lidar;21.0;39.0;25.038793563842773;25.167272567749023;9.755062103271484;0.29913073778152466;25.0405330657959;25.174768447875977;9.744084358215332;0.3125380667147064;0.9961361882598425;0.800000011920929;0.800000011920929;0.800000011920929
lidar;21.0;39.0;25.03829574584961;25.17141342163086;9.758211135864258;0.29884910583496094;25.0378475189209;25.169404983520508;9.7610445022583;0.29534709501523493;0.9970747831067758;0.800000011920929;0.800000011920929;0.800000011920929
lidar;21.0;39.0;25.037797927856445;25.175546646118164;9.761354446411133;0.29865893721580505;25.038536071777344;25.178977966308594;9.75669002532959;0.3044968345650938;0.99770969138691;0.800000011920929;0.800000011920929;0.800000011920929
lidar;21.0;39.0;25.03730010986328;25.179677963256836;9.764494895935059;0.29855984449386597;25.035669326782227;25.171825408935547;9.774786949157715;0.28551232366343604;0.9980406163989579;0.800000011920929;0.800000011920929;0.800000011920929
lidar;21.0;39.0;25.036802291870117;25.183807373046875;9.767634391784668;0.2985517084598541;25.036096572875977;25.180282592773438;9.772089958190918;0.29282720301559856;0.9980676770578496;0.800000011920929;0.800000011920929;0.800000011920929
lidar;21.0;39.0;25.03628921508789;25.18785285949707;9.770875930786133;0.29850247502326965;25.035303115844727;25.182743072509766;9.777108192443848;0.29038301538162115;0.9982318878449371;0.800000011920929;0.800000011920929;0.800000011920929
lidar;21.0;39.0;25.0357723236084;25.19188117980957;9.774140357971191;0.29851460456848145;25.036075592041016;25.19350242614746;9.772232055664062;0.30103618785358954;0.9981911181499425;0.800000011920929;0.800000011920929;0.800000011920929
lidar;21.0;39.0;25.035255432128906;25.195911407470703;9.77740478515625;0.29861778020858765;25.035572052001953;25.197669982910156;9.775405883789062;0.30129932141965127;0.9978461263234331;0.800000011920929;0.800000011920929;0.800000011920929
lidar;21.0;39.0;25.034738540649414;25.19994354248047;9.780673027038574;0.2988119423389435;25.034465789794922;25.198375701904297;9.782393455505371;0.29646886193284305;0.9971973300840905;0.800000011920929;0.800000011920929;0.800000011920929
lidar;21.0;39.0;25.03421974182129;25.2039852142334;9.783946990966797;0.2990976572036743;25.035030364990234;25.208818435668945;9.778826713562012;0.30618662951382997;0.9962446093468666;0.800000011920929;0.800000011920929;0.800000011920929
lidar;21.0;39.0;25.03369903564453;25.208032608032227;9.787227630615234;0.29947519302368164;25.034944534301758;25.215709686279297;9.779375076293945;0.3105276485528006;0.9949885603588834;0.800000011920929;0.800000011920929;0.800000011920929
lidar;21.0;39.0;25.03308868408203;25.211515426635742;9.791088104248047;0.2991285026073456;25.033641815185547;25.215051651000977;9.787595748901367;0.3041295268947316;0.995203554463361;0.800000011920929;0.800000011920929;0.800000011920929
lidar;21.0;39.0;25.029430389404297;24.788532257080078;9.790590286254883;0.29906022548675537;25.02986717224121;24.785388946533203;9.78747844696045;0.30350475350699174;0.9954307675264664;0.800000011920929;0.800000011920929;0.800000011920929
lidar;21.0;39.0;25.02996063232422;24.792104721069336;9.786812782287598;0.2992774248123169;25.027307510375977;24.81052017211914;9.805696487426758;0.27276766850622003;0.9956459400219262;0.800000011920929;0.800000011920929;0.800000011920929
lidar;21.0;39.0;25.03042221069336;24.796152114868164;9.783528327941895;0.2988971471786499;25.030628204345703;24.794776916503906;9.782066345214844;0.3009155430728554;0.9969130156188802;0.800000011920929;0.800000011920929;0.800000011920929
lidar;21.0;39.0;25.0308837890625;24.80019187927246;9.780250549316406;0.298608660697937;25.028301239013672;24.816905975341797;9.798632621765137;0.2736297019145994;0.9978764059322078;0.800000011920929;0.800000011920929;0.800000011920929
lidar;21.0;39.0;25.031343460083008;24.804224014282227;9.7769775390625;0.2984115183353424;25.032461166381836;24.797250747680664;9.769034385681152;0.3090400964730399;0.9985358119562427;0.800000011920929;0.800000011920929;0.800000011920929
lidar;21.0;39.0;25.031803131103516;24.808252334594727;9.77370834350586;0.2983054220676422;25.0322208404541;24.80573844909668;9.77074146270752;0.302217182801274;0.9988910556367964;0.800000011920929;0.800000011920929;0.800000011920929
lidar;21.0;39.0;25.032262802124023;24.812280654907227;9.770441055297852;0.2982902228832245;25.032873153686523;24.808725357055664;9.766095161437988;0.3039371055405758;0.998942077077997;0.800000011920929;0.800000011920929;0.800000011920929
lidar;21.0;39.0;25.03272247314453;24.816307067871094;9.767172813415527;0.2983660101890564;25.031190872192383;24.824901580810547;9.77806568145752;0.28440698039337486;0.9986887575038138;0.800000011920929;0.800000011920929;0.800000011920929
lidar;21.0;39.0;25.03318214416504;24.82033920288086;9.763901710510254;0.2985326647758484;25.030614852905273;24.8342342376709;9.782161712646484;0.2754433471783277;0.9981312750797399;0.800000011920929;0.800000011920929;0.800000011920929
lidar;21.0;39.0;25.033641815185547;24.82437515258789;9.760625839233398;0.2987906336784363;25.034271240234375;24.821086883544922;9.756143569946289;0.30438501791178796;0.9972698090202975;0.800000011920929;0.800000011920929;0.800000011920929
lidar;21.0;39.0;25.034103393554688;24.828420639038086;9.757343292236328;0.2991402745246887;25.03415870666504;24.82814598083496;9.756954193115234;0.29961976818964775;0.9961043595783033;0.800000011920929;0.800000011920929;0.800000011920929
lidar;21.0;39.0;25.034547805786133;24.832561492919922;9.754178047180176;0.2994292974472046;25.035587310791016;24.827524185180664;9.746783256530762;0.30843659528995826;0.9951432348665108;0.800000011920929;0.800000011920929;0.800000011920929
lidar;21.0;39.0;25.03499412536621;24.836713790893555;9.751008033752441;0.2998069226741791;25.033138275146484;24.84537124633789;9.764209747314453;0.28391071860437384;0.9938896891711215;0.800000011920929;0.800000011920929;0.800000011920929
lidar;21.0;39.0;25.035341262817383;24.841323852539062;9.748536109924316;0.299435019493103;25.03557586669922;24.84027099609375;9.746866226196289;0.3014229142995481;0.9959912893089145;0.800000011920929;0.800000011920929;0.800000011920929
lidar;21.0;39.0;25.03567123413086;24.84599494934082;9.746186256408691;0.2990171015262604;25.035390853881836;24.84720802307129;9.748185157775879;0.29666259373480314;0.9973830580860732;0.800000011920929;0.800000011920929;0.800000011920929
lidar;21.0;39.0;25.036001205444336;24.85065460205078;9.743843078613281;0.2986912131309509;25.03569221496582;24.8519344329834;9.746038436889648;0.2961319034237014;0.9984710216912323;0.800000011920929;0.800000011920929;0.800000011920929
lidar;21.0;39.0;25.03632926940918;24.855304718017578;9.741503715515137;0.2984568476676941;25.03771209716797;24.849796295166016;9.731660842895508;0.3098215802030272;0.9992548227317614;0.800000011920929;0.800000011920929;0.800000011920929
lidar;21.0;39.0;25.036657333374023;24.85995101928711;9.739168167114258;0.29831361770629883;25.0355167388916;24.864309310913086;9.747285842895508;0.28902960268571615;0.9997343421165876;0.800000011920929;0.800000011920929;0.800000011920929
lidar;21.0;39.0;25.036985397338867;24.864591598510742;9.736833572387695;0.2982613146305084;25.037477493286133;24.862789154052734;9.733330726623535;0.3022316354565989;0.9999092817291726;0.800000011920929;0.800000011920929;0.800000011920929
lidar;21.0;39.0;25.03731346130371;24.869234085083008;9.734498977661133;0.2982999086380005;25.03741455078125;24.868881225585938;9.733783721923828;0.2991033661852366;0.9997795820259572;0.800000011920929;0.800000011920929;0.800000011920929
lidar;21.0;39.0;25.037641525268555;24.873878479003906;9.732163429260254;0.2984294295310974;25.037580490112305;24.874086380004883;9.73260498046875;0.2979367693327286;0.9993454218075838;0.800000011920929;0.800000011920929;0.800000011920929
lidar;21.0;39.0;25.0379695892334;24.878528594970703;9.729825019836426;0.2986500561237335;25.03836441040039;24.877269744873047;9.72702693939209;0.30174239869453523;0.9986068011287764;0.800000011920929;0.800000011920929;0.800000011920929
lidar;21.0;39.0;25.038299560546875;24.88318634033203;9.727481842041016;0.29896217584609985;25.038673400878906;24.882047653198242;9.72482681274414;0.3018747312734122;0.9975640773232373;0.800000011920929;0.800000011920929;0.800000011920929
lidar;21.0;39.0;25.03862953186035;24.887855529785156;9.725133895874023;0.29936617612838745;25.038265228271484;24.888917922973633;9.727736473083496;0.29653117463854944;0.9962174296224694;0.800000011920929;0.800000011920929;0.800000011920929
lidar;21.0;39.0;25.038957595825195;24.892547607421875;9.722800254821777;0.2998386025428772;25.03920555114746;24.891862869262695;9.721033096313477;0.3017507529234928;0.9953122142176383;0.800000011920929;0.800000011920929;0.800000011920929
lidar;21.0;39.0;25.039161682128906;24.8975830078125;9.721349716186523;0.2994473874568939;25.039575576782227;24.896501541137695;9.718409538269043;0.30260726340060157;0.9966126680669811;0.800000011920929;0.800000011920929;0.800000011920929
lidar;21.0;39.0;25.039365768432617;24.902606964111328;9.719902038574219;0.2991481125354767;25.040098190307617;24.90079116821289;9.714678764343262;0.30472749722095843;0.9976095558260798;0.800000011920929;0.800000011920929;0.800000011920929
lidar;21.0;39.0;25.03955841064453;24.907644271850586;9.718522071838379;0.29887157678604126;25.039104461669922;24.90870475769043;9.721758842468262;0.29543507598497654;0.9985328315985741;0.800000011920929;0.800000011920929;0.800000011920929
lidar;21.0;39.0;25.039745330810547;24.912687301635742;9.717193603515625;0.29863491654396057;25.039974212646484;24.91218376159668;9.715561866760254;0.3003578170376809;0.999324321767392;0.800000011920929;0.800000011920929;0.800000011920929
lidar;21.0;39.0;25.039932250976562;24.917724609375;9.715866088867188;0.29848945140838623;25.042556762695312;24.91231918334961;9.697196006774902;0.3181021055108379;0.999811470499133;0.800000011920929;0.800000011920929;0.800000011920929
lidar;21.0;39.0;25.040119171142578;24.922760009765625;9.714539527893066;0.2984349727630615;25.040895462036133;24.921262741088867;9.709012031555176;0.3042133614918827;0.9999940395358194;0.800000011920929;0.800000011920929;0.800000011920929
lidar;21.0;39.0;25.04030418395996;24.927793502807617;9.713212966918945;0.2984714210033417;25.040327072143555;24.92775535583496;9.713061332702637;0.29862961736097915;0.9998720288228753;0.800000011920929;0.800000011920929;0.800000011920929
lidar;21.0;39.0;25.040491104125977;24.932830810546875;9.711885452270508;0.2985988259315491;25.041038513183594;24.93192481994629;9.708003044128418;0.30262277018554024;0.9994454383696235;0.800000011920929;0.800000011920929;0.800000011920929
lidar;21.0;39.0;25.040678024291992;24.9378719329834;9.710556983947754;0.29881739616394043;25.039283752441406;24.94000244140625;9.720483779907227;0.28856883883031526;0.9987144469711314;0.800000011920929;0.800000011920929;0.800000011920929
lidar;21.0;39.0;25.040847778320312;24.942949295043945;9.709352493286133;0.2989976406097412;25.039777755737305;24.94444465637207;9.716971397399902;0.291159421877405;0.9981126189271228;0.800000011920929;0.800000011920929;0.800000011920929
lidar;21.0;39.0;25.041011810302734;24.948040008544922;9.708184242248535;0.2992294430732727;25.04134750366211;24.947614669799805;9.70580005645752;0.3016747613363512;0.9973394277260917;0.800000011920929;0.800000011920929;0.800000011920929
lidar;21.0;39.0;25.041175842285156;24.953140258789062;9.707014083862305;0.29955294728279114;25.04105567932129;24.953275680541992;9.707871437072754;0.2986765911514985;0.9962624907631231;0.800000011920929;0.800000011920929;0.800000011920929
lidar;21.0;39.0;25.04134178161621;24.958251953125;9.705841064453125;0.2999686300754547;25.041587829589844;24.958003997802734;9.704089164733887;0.301755602128617;0.994882046962244;0.800000011920929;0.800000011920929;0.800000011920929
lidar;21.0;39.0;25.04139518737793;24.96347999572754;9.705459594726562;0.2996683418750763;25.042802810668945;24.962238311767578;9.695448875427246;0.3098537517293925;0.9962390659292522;0.800000011920929;0.800000011920929;0.800000011920929
lidar;21.0;39.0;25.041440963745117;24.968704223632812;9.705135345458984;0.29940247535705566;25.04030418395996;24.969562530517578;9.71322250366211;0.29119063432601955;0.9971235992027804;0.800000011920929;0.800000011920929;0.800000011920929
lidar;21.0;39.0;25.04148292541504;24.973922729492188;9.704837799072266;0.2992017865180969;25.041584014892578;24.973859786987305;9.704117774963379;0.29993139401160207;0.9977923633959849;0.800000011920929;0.800000011920929;0.800000011920929
lidar;21.0;39.0;25.041515350341797;24.97913932800293;9.704597473144531;0.2990344762802124;25.041717529296875;24.97903823852539;9.703161239624023;0.30048829044064806;0.9983505606265274;0.800000011920929;0.800000011920929;0.800000011920929
lidar;21.0;39.0;25.041545867919922;24.984355926513672;9.704384803771973;0.29893046617507935;25.042762756347656;24.983896255493164;9.695727348327637;0.3076845533209203;0.9986979961651831;0.800000011920929;0.800000011920929;0.800000011920929
lidar;21.0;39.0;25.041566848754883;24.98957061767578;9.70423698425293;0.2988521456718445;25.04295539855957;24.989221572875977;9.694358825683594;0.30883289648823575;0.9989597201744381;0.800000011920929;0.800000011920929;0.800000011920929
lidar;21.0;39.0;25.041580200195312;24.99478530883789;9.704146385192871;0.29880693554878235;25.042694091796875;24.994646072387695;9.696212768554688;0.3068198737500321;0.9991107582395697;0.800000011920929;0.800000011920929;0.800000011920929
lidar;21.0;39.0;25.04158592224121;25.0;9.704095840454102;0.2988118827342987;25.041221618652344;25.0;9.706693649291992;0.29618887767560087;0.999094426615914;0.800000011920929;0.800000011920929;0.800000011920929
lidar;21.0;39.0;25.041580200195312;25.00521469116211;9.704146385192871;0.29880693554878235;25.03997039794922;25.00501251220703;9.715595245361328;0.28724331157637534;0.9991107582395697;0.800000011920929;0.800000011920929;0.800000011920929
lidar;21.0;39.0;25.041566848754883;25.01042938232422;9.70423698425293;0.2988521456718445;25.0426082611084;25.010690689086914;9.696830749511719;0.3063355169675033;0.9989597201744381;0.800000011920929;0.800000011920929;0.800000011920929
lidar;21.0;39.0;25.041545867919922;25.015644073486328;9.704384803771973;0.29893043637275696;25.040830612182617;25.0153751373291;9.709482192993164;0.2937755086590266;0.9986979961651831;0.800000011920929;0.800000011920929;0.800000011920929
lidar;21.0;39.0;25.041515350341797;25.02086067199707;9.704597473144531;0.2990344762802124;25.044511795043945;25.02236557006836;9.68327808380127;0.32061547649327804;0.9983505606265274;0.800000011920929;0.800000011920929;0.800000011920929
lidar;21.0;39.0;25.04148292541504;25.026077270507812;9.704837799072266;0.2992017865180969;25.04290199279785;25.02696990966797;9.694742202758789;0.30943474053435743;0.9977923633959849;0.800000011920929;0.800000011920929;0.800000011920929
lidar;21.0;39.0;25.041440963745117;25.031295776367188;9.705135345458984;0.29940247535705566;25.041643142700195;25.031450271606445;9.70368766784668;0.30087284967199446;0.9971235992027804;0.800000011920929;0.800000011920929;0.800000011920929
lidar;21.0;39.0;25.04139518737793;25.03652000427246;9.705459594726562;0.2996683418750763;25.041336059570312;25.036468505859375;9.705879211425781;0.2992416019052236;0.9962390659292522;0.800000011920929;0.800000011920929;0.800000011920929
lidar;21.0;39.0;25.04134178161621;25.041748046875;9.705841064453125;0.2999686300754547;25.04265022277832;25.043067932128906;9.69653606414795;0.3094581356545754;0.9948821064356361;0.800000011920929;0.800000011920929;0.800000011920929
lidar;21.0;39.0;25.041175842285156;25.046859741210938;9.707014083862305;0.29955291748046875;25.04134750366211;25.047056198120117;9.705788612365723;0.30080575736521303;0.9962624907631231;0.800000011920929;0.800000011920929;0.800000011920929
lidar;21.0;39.0;25.041011810302734;25.051959991455078;9.708184242248535;0.29922938346862793;25.041440963745117;25.05250358581543;9.705133438110352;0.3023580587571172;0.9973394869269047;0.800000011920929;0.800000011920929;0.800000011920929
lidar;21.0;39.0;25.040847778320312;25.057050704956055;9.709352493286133;0.29899758100509644;25.041976928710938;25.05862808227539;9.701322555541992;0.30725779747493437;0.9981126189271228;0.800000011920929;0.800000011920929;0.800000011920929
lidar;21.0;39.0;25.040678024291992;25.0621280670166;9.710556983947754;0.2988174259662628;25.04120445251465;25.062931060791016;9.706814765930176;0.30268043520240706;0.9987144469711314;0.800000011920929;0.800000011920929;0.800000011920929
lidar;21.0;39.0;25.040491104125977;25.067169189453125;9.711885452270508;0.2985987365245819;25.039060592651367;25.064796447753906;9.722064018249512;0.2880499922997704;0.9994454383696235;0.800000011920929;0.800000011920929;0.800000011920929
lidar;21.0;39.0;25.04030418395996;25.072206497192383;9.713212966918945;0.29847124218940735;25.039627075195312;25.070993423461914;9.718034744262695;0.2934535231254118;0.9998720288228753;0.800000011920929;0.800000011920929;0.800000011920929
lidar;21.0;39.0;25.040119171142578;25.077239990234375;9.714539527893066;0.2984348237514496;25.040321350097656;25.0776309967041;9.71310043334961;0.29993912437305376;0.9999940395358194;0.800000011920929;0.800000011920929;0.800000011920929
lidar;21.0;39.0;25.039932250976562;25.082275390625;9.715866088867188;0.2984893321990967;25.04042625427246;25.08329200744629;9.712353706359863;0.3021786610628809;0.999811470499133;0.800000011920929;0.800000011920929;0.800000011920929
lidar;21.0;39.0;25.039745330810547;25.087312698364258;9.717193603515625;0.2986348271369934;25.038969039916992;25.085609436035156;9.722712516784668;0.29280680590622954;0.999324321767392;0.800000011920929;0.800000011920929;0.800000011920929
lidar;21.0;39.0;25.03955841064453;25.092355728149414;9.718522071838379;0.29887154698371887;25.037364959716797;25.087230682373047;9.73414134979248;0.28228737682816496;0.9985327720896411;0.800000011920929;0.800000011920929;0.800000011920929
lidar;21.0;39.0;25.039365768432617;25.097393035888672;9.719902038574219;0.2991480529308319;25.03775405883789;25.093406677246094;9.731365203857422;0.286906053367504;0.9976095558260798;0.800000011920929;0.800000011920929;0.800000011920929
lidar;21.0;39.0;25.039161682128906;25.1024169921875;9.721349716186523;0.29944735765457153;25.038761138916016;25.101367950439453;9.724203109741211;0.29638153812379026;0.9966126680669811;0.800000011920929;0.800000011920929;0.800000011920929
lidar;21.0;39.0;25.038957595825195;25.107452392578125;9.722801208496094;0.2998385727405548;25.039501190185547;25.108951568603516;9.718935012817383;0.30401954120490876;0.9953122142176383;0.800000011920929;0.800000011920929;0.800000011920929
lidar;21.0;39.0;25.03862953186035;25.112144470214844;9.725133895874023;0.2993660867214203;25.037595748901367;25.10914421081543;9.732488632202148;0.29135569044419807;0.9962174296224694;0.800000011920929;0.800000011920929;0.800000011920929
lidar;21.0;39.0;25.038299560546875;25.11681365966797;9.727481842041016;0.2989620268344879;25.035951614379883;25.10965347290039;9.744185447692871;0.28063812116880416;0.9975640773232373;0.800000011920929;0.800000011920929;0.800000011920929
lidar;21.0;39.0;25.0379695892334;25.121471405029297;9.729825019836426;0.29864993691444397;25.03870964050293;25.123836517333984;9.724567413330078;0.3044617641377219;0.9986068011287764;0.800000011920929;0.800000011920929;0.800000011920929
lidar;21.0;39.0;25.037641525268555;25.126121520996094;9.732163429260254;0.2984291911125183;25.036375045776367;25.12187957763672;9.741172790527344;0.2883911085300461;0.9993454218075838;0.800000011920929;0.800000011920929;0.800000011920929
lidar;21.0;39.0;25.03731346130371;25.130765914916992;9.734498977661133;0.29829972982406616;25.03801155090332;25.133214950561523;9.729527473449707;0.3038858883218903;0.9997795820259572;0.800000011920929;0.800000011920929;0.800000011920929
lidar;21.0;39.0;25.036985397338867;25.135408401489258;9.736833572387695;0.2982611358165741;25.034196853637695;25.125198364257812;9.756673812866211;0.27577497263629225;0.9999092817291726;0.800000011920929;0.800000011920929;0.800000011920929
lidar;21.0;39.0;25.036657333374023;25.14004898071289;9.739168167114258;0.2983134388923645;25.03512954711914;25.134214401245117;9.750036239624023;0.28588324133015414;0.9997343421165876;0.800000011920929;0.800000011920929;0.800000011920929
lidar;21.0;39.0;25.03632926940918;25.144695281982422;9.741504669189453;0.29845672845840454;25.03618621826172;25.144128799438477;9.742514610290527;0.29729014911259266;0.9992548227317614;0.800000011920929;0.800000011920929;0.800000011920929
lidar;21.0;39.0;25.036001205444336;25.14934539794922;9.743843078613281;0.29869112372398376;25.035003662109375;25.14521026611328;9.750937461853027;0.29041930218037415;0.9984710216912323;0.800000011920929;0.800000011920929;0.800000011920929
lidar;21.0;39.0;25.03567123413086;25.15400505065918;9.746186256408691;0.299017071723938;25.034212112426758;25.147706985473633;9.756566047668457;0.2867894745115992;0.9973830580860732;0.800000011920929;0.800000011920929;0.800000011920929
lidar;21.0;39.0;25.035341262817383;25.158676147460938;9.748536109924316;0.299435019493103;25.035144805908203;25.157798767089844;9.749926567077637;0.29777857206500574;0.9959912893089145;0.800000011920929;0.800000011920929;0.800000011920929
lidar;21.0;39.0;25.03499412536621;25.163286209106445;9.751008033752441;0.29980695247650146;25.035263061523438;25.16454315185547;9.749093055725098;0.30211283408987094;0.9938896891711215;0.800000011920929;0.800000011920929;0.800000011920929
lidar;21.0;39.0;25.034547805786133;25.167438507080078;9.754178047180176;0.2994292974472046;25.032678604125977;25.15838050842285;9.767477989196777;0.28322904053446574;0.9951432348665108;0.800000011920929;0.800000011920929;0.800000011920929
lidar;21.0;39.0;25.034103393554688;25.171579360961914;9.757343292236328;0.2991402745246887;25.034564971923828;25.173904418945312;9.754056930541992;0.3031920788056579;0.996104419365873;0.800000011920929;0.800000011920929;0.800000011920929
lidar;21.0;39.0;25.033641815185547;25.17562484741211;9.760625839233398;0.2987906336784363;25.033477783203125;25.174772262573242;9.761788368225098;0.2973399077229908;0.9972698090202975;0.800000011920929;0.800000011920929;0.800000011920929
lidar;21.0;39.0;25.03318214416504;25.17966079711914;9.763901710510254;0.2985326647758484;25.033294677734375;25.18027687072754;9.763092994689941;0.29955532157460407;0.9981312750797399;0.800000011920929;0.800000011920929;0.800000011920929
lidar;21.0;39.0;25.03272247314453;25.183692932128906;9.767172813415527;0.2983660101890564;25.03389549255371;25.190279006958008;9.758825302124023;0.3090628657288973;0.9986887575038138;0.800000011920929;0.800000011920929;0.800000011920929
lidar;21.0;39.0;25.032262802124023;25.187719345092773;9.770441055297852;0.2982902228832245;25.03219223022461;25.18731689453125;9.770934104919434;0.29764898473152257;0.998942077077997;0.800000011920929;0.800000011920929;0.800000011920929
lidar;21.0;39.0;25.031803131103516;25.191747665405273;9.77370834350586;0.2983054220676422;25.03152847290039;25.190088272094727;9.775665283203125;0.29572579554706413;0.9988910556367964;0.800000011920929;0.800000011920929;0.800000011920929
lidar;21.0;39.0;25.031343460083008;25.195775985717773;9.7769775390625;0.2984115183353424;25.03119468688965;25.19484519958496;9.778038024902344;0.2969922576644076;0.9985358119562427;0.800000011920929;0.800000011920929;0.800000011920929
lidar;21.0;39.0;25.0308837890625;25.19980812072754;9.780250549316406;0.298608660697937;25.028621673583984;25.185178756713867;9.796339988708496;0.27674450429969166;0.9978764059322078;0.800000011920929;0.800000011920929;0.800000011920929
lidar;21.0;39.0;25.03042221069336;25.203847885131836;9.783528327941895;0.2988971769809723;25.02989959716797;25.200345993041992;9.787246704101562;0.29376206624787815;0.9969130156188802;0.800000011920929;0.800000011920929;0.800000011920929
lidar;21.0;39.0;25.02996063232422;25.207895278930664;9.786812782287598;0.2992774546146393;25.02912139892578;25.202068328857422;9.7927885055542;0.2908885968267621;0.9956459400219262;0.800000011920929;0.800000011920929;0.800000011920929
lidar;21.0;39.0;25.029430389404297;25.211467742919922;9.790590286254883;0.2990601658821106;25.02910614013672;25.209136962890625;9.792898178100586;0.2957642015864874;0.9954308272861027;0.800000011920929;0.800000011920929;0.800000011920929
lidar;21.0;39.0;25.025768280029297;24.788551330566406;9.790127754211426;0.29903316497802734;25.024986267089844;24.79497528076172;9.796504020690918;0.2899486490789044;0.995520890017529;0.800000011920929;0.800000011920929;0.800000011920929
lidar;21.0;39.0;25.02622413635254;24.792205810546875;9.78642749786377;0.29913079738616943;25.02637481689453;24.7910099029541;9.785197257995605;0.30085332958183225;0.9961339828722884;0.800000011920929;0.800000011920929;0.800000011920929
lidar;21.0;39.0;25.026628494262695;24.796253204345703;9.783138275146484;0.2987484633922577;25.026508331298828;24.797163009643555;9.784106254577637;0.29741418708091566;0.9974091647954847;0.800000011920929;0.800000011920929;0.800000011920929
lidar;21.0;39.0;25.02703094482422;24.80029296875;9.779855728149414;0.2984578013420105;25.02692985534668;24.801040649414062;9.780678749084473;0.2973415708542242;0.9983806609389205;0.800000011920929;0.800000011920929;0.800000011920929
lidar;21.0;39.0;25.027433395385742;24.804325103759766;9.776578903198242;0.29825857281684875;25.029172897338867;24.791906356811523;9.762399673461914;0.3171875753785369;0.9990478753291637;0.800000011920929;0.800000011920929;0.800000011920929
lidar;21.0;39.0;25.027833938598633;24.808353424072266;9.773305892944336;0.2981502413749695;25.02783966064453;24.808320999145508;9.77326774597168;0.29820023305544485;0.9994108677073613;0.800000011920929;0.800000011920929;0.800000011920929
lidar;21.0;39.0;25.028236389160156;24.8123779296875;9.770033836364746;0.29813286662101746;25.02863883972168;24.8096981048584;9.76674747467041;0.3023936596997574;0.9994693994564072;0.800000011920929;0.800000011920929;0.800000011920929
lidar;21.0;39.0;25.02863883972168;24.81640625;9.766761779785156;0.2982063293457031;25.029193878173828;24.812841415405273;9.762232780456543;0.30399737461531356;0.9992234111331427;0.800000011920929;0.800000011920929;0.800000011920929
lidar;21.0;39.0;25.029041290283203;24.820436477661133;9.763486862182617;0.29837071895599365;25.029193878173828;24.81948471069336;9.762234687805176;0.2999506297108689;0.9986730814861178;0.800000011920929;0.800000011920929;0.800000011920929
lidar;21.0;39.0;25.029443740844727;24.824472427368164;9.760207176208496;0.29862627387046814;25.02911376953125;24.826438903808594;9.762894630432129;0.29527957075301176;0.9978186486687505;0.800000011920929;0.800000011920929;0.800000011920929
lidar;21.0;39.0;25.02984619140625;24.828516006469727;9.75692081451416;0.29897341132164;25.030794143676758;24.82306480407715;9.749195098876953;0.30847586710545405;0.9966601731055896;0.800000011920929;0.800000011920929;0.800000011920929
lidar;21.0;39.0;25.030250549316406;24.832571029663086;9.753625869750977;0.29941272735595703;25.030839920043945;24.829309463500977;9.74882698059082;0.3052448523646485;0.9951981309531729;0.800000011920929;0.800000011920929;0.800000011920929
lidar;21.0;39.0;25.030649185180664;24.83667755126953;9.750381469726562;0.2998711168766022;25.03204917907715;24.8292179107666;9.738978385925293;0.3135703025415409;0.9945432545946009;0.800000011920929;0.800000011920929;0.800000011920929
lidar;21.0;39.0;25.03095054626465;24.8413028717041;9.747925758361816;0.2994730770587921;25.031490325927734;24.83853530883789;9.743529319763184;0.3046954095615778;0.9958646895155685;0.800000011920929;0.800000011920929;0.800000011920929
lidar;21.0;39.0;25.031246185302734;24.845945358276367;9.745521545410156;0.29911211133003235;25.030269622802734;24.85076141357422;9.7534761428833;0.289762527387679;0.997066021054961;0.800000011920929;0.800000011920929;0.800000011920929
lidar;21.0;39.0;25.03153419494629;24.85060691833496;9.743171691894531;0.29878702759742737;25.032960891723633;24.843847274780273;9.731551170349121;0.3123058202265162;0.9981507658528732;0.800000011920929;0.800000011920929;0.800000011920929
lidar;21.0;39.0;25.031822204589844;24.85525894165039;9.740825653076172;0.2985534369945526;25.030803680419922;24.859895706176758;9.749130249023438;0.28898673696380267;0.998931467496395;0.800000011920929;0.800000011920929;0.800000011920929
lidar;21.0;39.0;25.0321102142334;24.859905242919922;9.738482475280762;0.2984110414981842;25.032724380493164;24.857223510742188;9.733476638793945;0.3041235551191589;0.9994078278814678;0.800000011920929;0.800000011920929;0.800000011920929
lidar;21.0;39.0;25.032398223876953;24.864547729492188;9.736141204833984;0.29835957288742065;25.03270149230957;24.863279342651367;9.733670234680176;0.30115366897339807;0.9995797872395183;0.800000011920929;0.800000011920929;0.800000011920929
lidar;21.0;39.0;25.032684326171875;24.869190216064453;9.733799934387207;0.29839906096458435;25.031272888183594;24.874845504760742;9.745306968688965;0.2854999407175243;0.9994472265668446;0.800000011920929;0.800000011920929;0.800000011920929
lidar;21.0;39.0;25.03297233581543;24.873836517333984;9.731456756591797;0.2985294461250305;25.03323745727539;24.872825622558594;9.7293062210083;0.3009203463906538;0.9990102648732598;0.800000011920929;0.800000011920929;0.800000011920929
lidar;21.0;39.0;25.033260345458984;24.87848663330078;9.729111671447754;0.2987510561943054;25.034059524536133;24.875572204589844;9.722611427307129;0.30591980460297374;0.9982689619506644;0.800000011920929;0.800000011920929;0.800000011920929
lidar;21.0;39.0;25.03354835510254;24.883146286010742;9.726761817932129;0.29906412959098816;25.03268814086914;24.88614273071289;9.733768463134766;0.2913958101096151;0.9972236155077773;0.800000011920929;0.800000011920929;0.800000011920929
lidar;21.0;39.0;25.033838272094727;24.8878173828125;9.724407196044922;0.2994691729545593;25.035396575927734;24.882654190063477;9.711722373962402;0.3132520748598173;0.9958745241106839;0.800000011920929;0.800000011920929;0.800000011920929
lidar;21.0;39.0;25.03409194946289;24.892620086669922;9.722349166870117;0.2996377944946289;25.031116485595703;24.901988983154297;9.746575355529785;0.2734926344101118;0.9959792494279901;0.800000011920929;0.800000011920929;0.800000011920929
lidar;21.0;39.0;25.034269332885742;24.89765167236328;9.72089672088623;0.2992457449436188;25.034814834594727;24.896024703979492;9.71645736694336;0.30400565476411084;0.9972841142011637;0.800000011920929;0.800000011920929;0.800000011920929
lidar;21.0;39.0;25.034446716308594;24.902671813964844;9.71944808959961;0.29894569516181946;25.033679962158203;24.904842376708984;9.725702285766602;0.29228124391109694;0.9982849955941102;0.800000011920929;0.800000011920929;0.800000011920929
lidar;21.0;39.0;25.034624099731445;24.907684326171875;9.718001365661621;0.29873713850975037;25.03254508972168;24.913227081298828;9.734932899475098;0.28080114468076406;0.9989820122055539;0.800000011920929;0.800000011920929;0.800000011920929
lidar;21.0;39.0;25.03480339050293;24.912691116333008;9.716557502746582;0.29861974716186523;25.033430099487305;24.9161319732666;9.727727890014648;0.28685118582783453;0.9993746280483726;0.800000011920929;0.800000011920929;0.800000011920929
lidar;21.0;39.0;25.03497314453125;24.917709350585938;9.715157508850098;0.29854652285575867;25.03608512878418;24.91509437561035;9.70610523223877;0.3080346964371243;0.9996199607907376;0.800000011920929;0.800000011920929;0.800000011920929
lidar;21.0;39.0;25.035137176513672;24.922744750976562;9.713827133178711;0.2984923720359802;25.03407096862793;24.925086975097656;9.722506523132324;0.2894398767637518;0.9998015761482014;0.800000011920929;0.800000011920929;0.800000011920929
lidar;21.0;39.0;25.035301208496094;24.927778244018555;9.71249771118164;0.29852908849716187;25.035648345947266;24.92707061767578;9.709674835205078;0.30146022470755746;0.9996787309608748;0.800000011920929;0.800000011920929;0.800000011920929
lidar;21.0;39.0;25.035463333129883;24.932817459106445;9.711166381835938;0.2986568510532379;25.036855697631836;24.930179595947266;9.6998291015625;0.3103802532615103;0.9992513059858857;0.800000011920929;0.800000011920929;0.800000011920929
lidar;21.0;39.0;25.035627365112305;24.9378604888916;9.709834098815918;0.2988757789134979;25.03661346435547;24.936140060424805;9.701798439025879;0.30715279125303413;0.9985195397665825;0.800000011920929;0.800000011920929;0.800000011920929
lidar;21.0;39.0;25.035791397094727;24.942913055419922;9.708499908447266;0.29918619990348816;25.03448486328125;24.944995880126953;9.71914005279541;0.28826576366864215;0.9974836109687639;0.800000011920929;0.800000011920929;0.800000011920929
lidar;21.0;39.0;25.03594970703125;24.947986602783203;9.707218170166016;0.29953160881996155;25.03521728515625;24.949045181274414;9.71317195892334;0.2934397577032619;0.9963334202925711;0.800000011920929;0.800000011920929;0.800000011920929
lidar;21.0;39.0;25.03609275817871;24.953092575073242;9.706042289733887;0.29985666275024414;25.03567886352539;24.953630447387695;9.70942211151123;0.2964090322199798;0.9952535032260297;0.800000011920929;0.800000011920929;0.800000011920929
lidar;21.0;39.0;25.036165237426758;24.958293914794922;9.705461502075195;0.2996668517589569;25.036922454833984;24.957420349121094;9.699291229248047;0.3059444915694136;0.9962439539004754;0.800000011920929;0.800000011920929;0.800000011920929
lidar;21.0;39.0;25.036212921142578;24.96351432800293;9.70506477355957;0.2993813455104828;25.03510284423828;24.96463394165039;9.714111328125;0.2901983973032337;0.9971941111461053;0.800000011920929;0.800000011920929;0.800000011920929
lidar;21.0;39.0;25.0362548828125;24.968732833862305;9.704736709594727;0.299119234085083;25.03699493408203;24.968093872070312;9.69869613647461;0.305238698793271;0.998068034671001;0.800000011920929;0.800000011920929;0.800000011920929
lidar;21.0;39.0;25.036293029785156;24.97394561767578;9.704412460327148;0.2989448606967926;25.037734985351562;24.972909927368164;9.692679405212402;0.31081155885896766;0.9986503125165949;0.800000011920929;0.800000011920929;0.800000011920929
lidar;21.0;39.0;25.036327362060547;24.979156494140625;9.704143524169922;0.29880645871162415;25.036264419555664;24.97919273376465;9.7046537399292;0.2982905756064838;0.9991127252166124;0.800000011920929;0.800000011920929;0.800000011920929
lidar;21.0;39.0;25.03635597229004;24.984365463256836;9.703903198242188;0.29873016476631165;25.036481857299805;24.984312057495117;9.702875137329102;0.29976701834493996;0.9993676542993948;0.800000011920929;0.800000011920929;0.800000011920929
lidar;21.0;39.0;25.036375045776367;24.98957633972168;9.703744888305664;0.29866212606430054;25.036558151245117;24.989524841308594;9.702262878417969;0.3001564193849546;0.9995955228858315;0.800000011920929;0.800000011920929;0.800000011920929
lidar;21.0;39.0;25.036388397216797;24.994787216186523;9.703635215759277;0.2986363470554352;25.036388397216797;24.994787216186523;9.703633308410645;0.2986380068202754;0.9996817112099441;0.800000011920929;0.800000011920929;0.800000011920929
lidar;21.0;39.0;25.036396026611328;25.0;9.703584671020508;0.29864129424095154;25.03461265563965;25.0;9.718111038208008;0.2840054780853045;0.999665439138244;0.800000011920929;0.800000011920929;0.800000011920929
lidar;21.0;39.0;25.036388397216797;25.005212783813477;9.703635215759277;0.2986363470554352;25.034631729125977;25.004961013793945;9.717942237854004;0.2842193662399137;0.9996817112099441;0.800000011920929;0.800000011920929;0.800000011920929
lidar;21.0;39.0;25.036375045776367;25.01042366027832;9.703744888305664;0.29866212606430054;25.035018920898438;25.010034561157227;9.714794158935547;0.28752251290231656;0.9995955228858315;0.800000011920929;0.800000011920929;0.800000011920929
lidar;21.0;39.0;25.03635597229004;25.015634536743164;9.703903198242188;0.29873016476631165;25.037946701049805;25.01631736755371;9.69095516204834;0.3117934417385203;0.9993676542993948;0.800000011920929;0.800000011920929;0.800000011920929
lidar;21.0;39.0;25.036327362060547;25.020843505859375;9.704143524169922;0.29880645871162415;25.037471771240234;25.021501541137695;9.694822311401367;0.30821986756046443;0.9991127252166124;0.800000011920929;0.800000011920929;0.800000011920929
lidar;21.0;39.0;25.036293029785156;25.02605438232422;9.704412460327148;0.2989448606967926;25.03679847717285;25.026416778564453;9.700299263000488;0.3031050376007869;0.9986503125165949;0.800000011920929;0.800000011920929;0.800000011920929
lidar;21.0;39.0;25.0362548828125;25.031267166137695;9.704736709594727;0.299119234085083;25.035608291625977;25.03070831298828;9.709999084472656;0.2937885192043851;0.998068034671001;0.800000011920929;0.800000011920929;0.800000011920929
lidar;21.0;39.0;25.036212921142578;25.03648567199707;9.70506477355957;0.2993813157081604;25.035354614257812;25.035619735717773;9.712059020996094;0.2922824820284658;0.9971940514671007;0.800000011920929;0.800000011920929;0.800000011920929
lidar;21.0;39.0;25.036165237426758;25.041706085205078;9.705461502075195;0.2996668517589569;25.035736083984375;25.04121208190918;9.708949089050293;0.29611855170457;0.9962439539004754;0.800000011920929;0.800000011920929;0.800000011920929
lidar;21.0;39.0;25.03609275817871;25.046907424926758;9.706042289733887;0.29985663294792175;25.036306381225586;25.04718589782715;9.704304695129395;0.3016299605626115;0.9952535032260297;0.800000011920929;0.800000011920929;0.800000011920929
lidar;21.0;39.0;25.03594970703125;25.052013397216797;9.707218170166016;0.29953157901763916;25.03508186340332;25.05076026916504;9.714274406433105;0.29231193062351596;0.9963334202925711;0.800000011920929;0.800000011920929;0.800000011920929
lidar;21.0;39.0;25.035791397094727;25.057086944580078;9.708499908447266;0.2991861402988434;25.0345401763916;25.055089950561523;9.718700408935547;0.28871703450510344;0.9974836109687639;0.800000011920929;0.800000011920929;0.800000011920929
lidar;21.0;39.0;25.035627365112305;25.0621395111084;9.709835052490234;0.298875629901886;25.035329818725586;25.061620712280273;9.712255477905273;0.2963819415801935;0.9985195397665825;0.800000011920929;0.800000011920929;0.800000011920929
lidar;21.0;39.0;25.035463333129883;25.067182540893555;9.711167335510254;0.2986566722393036;25.034523010253906;25.065399169921875;9.718832015991211;0.29073083599576155;0.9992513059858857;0.800000011920929;0.800000011920929;0.800000011920929
lidar;21.0;39.0;25.035301208496094;25.072221755981445;9.71249771118164;0.2985289692878723;25.035913467407227;25.073474884033203;9.707503318786621;0.3037152774921811;0.9996787309608748;0.800000011920929;0.800000011920929;0.800000011920929
lidar;21.0;39.0;25.035137176513672;25.077255249023438;9.713828086853027;0.29849228262901306;25.035978317260742;25.079105377197266;9.706976890563965;0.3056377739807021;0.9998015761482014;0.800000011920929;0.800000011920929;0.800000011920929
lidar;21.0;39.0;25.03497314453125;25.082290649414062;9.715157508850098;0.29854652285575867;25.03386688232422;25.079687118530273;9.724170684814453;0.2890998589702748;0.9996199607907376;0.800000011920929;0.800000011920929;0.800000011920929
lidar;21.0;39.0;25.03480339050293;25.087308883666992;9.716557502746582;0.29861980676651;25.03414535522461;25.08565902709961;9.72191047668457;0.2929800541366678;0.9993746280483726;0.800000011920929;0.800000011920929;0.800000011920929
lidar;21.0;39.0;25.034624099731445;25.092315673828125;9.718002319335938;0.2987370491027832;25.03398323059082;25.090606689453125;9.723219871520996;0.2932094280598422;0.9989820122055539;0.800000011920929;0.800000011920929;0.800000011920929
lidar;21.0;39.0;25.034446716308594;25.097328186035156;9.71944808959961;0.2989456355571747;25.0335750579834;25.09486198425293;9.726552963256836;0.2913749288756954;0.9982849955941102;0.800000011920929;0.800000011920929;0.800000011920929
lidar;21.0;39.0;25.034269332885742;25.10234832763672;9.72089672088623;0.299245685338974;25.035688400268555;25.10658836364746;9.709332466125488;0.3116443762654563;0.9972841142011637;0.800000011920929;0.800000011920929;0.800000011920929
lidar;21.0;39.0;25.03409194946289;25.107379913330078;9.722349166870117;0.2996377944946289;25.0342960357666;25.108022689819336;9.720686912536621;0.3014319750763298;0.9959792494279901;0.800000011920929;0.800000011920929;0.800000011920929
lidar;21.0;39.0;25.033838272094727;25.1121826171875;9.724407196044922;0.29946911334991455;25.034881591796875;25.11564064025879;9.71591567993164;0.30869610184727514;0.9958745241106839;0.800000011920929;0.800000011920929;0.800000011920929
lidar;21.0;39.0;25.03354835510254;25.116853713989258;9.726761817932129;0.29906409978866577;25.033464431762695;25.116561889648438;9.727445602416992;0.298315500541925;0.9972236155077773;0.800000011920929;0.800000011920929;0.800000011920929
lidar;21.0;39.0;25.033260345458984;25.12151336669922;9.729111671447754;0.2987509071826935;25.03497314453125;25.127769470214844;9.71516227722168;0.31413508207759944;0.9982689619506644;0.800000011920929;0.800000011920929;0.800000011920929
lidar;21.0;39.0;25.03297233581543;25.126163482666016;9.731457710266113;0.29852938652038574;25.03373146057129;25.12906837463379;9.725276947021484;0.3053997377411797;0.9990102648732598;0.800000011920929;0.800000011920929;0.800000011920929
lidar;21.0;39.0;25.032684326171875;25.130809783935547;9.733799934387207;0.2983989417552948;25.033201217651367;25.13287353515625;9.729598045349121;0.30310887842036494;0.9994472265668446;0.800000011920929;0.800000011920929;0.800000011920929
lidar;21.0;39.0;25.032398223876953;25.135452270507812;9.736141204833984;0.2983594834804535;25.032785415649414;25.13707160949707;9.732987403869629;0.301925350250505;0.9995797872395183;0.800000011920929;0.800000011920929;0.800000011920929
lidar;21.0;39.0;25.0321102142334;25.140094757080078;9.738482475280762;0.29841095209121704;25.031475067138672;25.13732147216797;9.743661880493164;0.2925012608160304;0.9994078278814678;0.800000011920929;0.800000011920929;0.800000011920929
lidar;21.0;39.0;25.031822204589844;25.14474105834961;9.740825653076172;0.29855334758758545;25.034177780151367;25.155452728271484;9.721644401550293;0.32064874689549805;0.998931467496395;0.800000011920929;0.800000011920929;0.800000011920929
lidar;21.0;39.0;25.03153419494629;25.14939308166504;9.743171691894531;0.29878702759742737;25.029714584350586;25.140775680541992;9.757987022399902;0.281551494954126;0.9981507658528732;0.800000011920929;0.800000011920929;0.800000011920929
lidar;21.0;39.0;25.031246185302734;25.154054641723633;9.745521545410156;0.2991121709346771;25.030588150024414;25.150815963745117;9.750870704650879;0.2928246484034663;0.997066021054961;0.800000011920929;0.800000011920929;0.800000011920929
lidar;21.0;39.0;25.03095054626465;25.1586971282959;9.747925758361816;0.2994730770587921;25.030784606933594;25.157848358154297;9.749273300170898;0.2978713393235455;0.9958646895155685;0.800000011920929;0.800000011920929;0.800000011920929
lidar;21.0;39.0;25.030649185180664;25.16332244873047;9.750381469726562;0.2998711168766022;25.03218650817871;25.171510696411133;9.73786735534668;0.3149052119050422;0.9945431947437119;0.800000011920929;0.800000011920929;0.800000011920929
lidar;21.0;39.0;25.030250549316406;25.167428970336914;9.753625869750977;0.29941269755363464;25.031177520751953;25.172561645507812;9.746073722839355;0.30859050032805113;0.9951981900238535;0.800000011920929;0.800000011920929;0.800000011920929
lidar;21.0;39.0;25.02984619140625;25.171483993530273;9.75692081451416;0.29897341132164;25.030628204345703;25.175975799560547;9.750553131103516;0.3068050156928695;0.9966602327305789;0.800000011920929;0.800000011920929;0.800000011920929
lidar;21.0;39.0;25.029443740844727;25.175527572631836;9.760207176208496;0.29862624406814575;25.02707290649414;25.161399841308594;9.779507637023926;0.27458977977550436;0.9978186486687505;0.800000011920929;0.800000011920929;0.800000011920929
lidar;21.0;39.0;25.029041290283203;25.179563522338867;9.763486862182617;0.2983706593513489;25.028417587280273;25.17571449279785;9.76855754852295;0.29197322610885235;0.9986730814861178;0.800000011920929;0.800000011920929;0.800000011920929
lidar;21.0;39.0;25.02863883972168;25.18359375;9.766761779785156;0.29820629954338074;25.029556274414062;25.189485549926758;9.759278297424316;0.3077745052733619;0.9992234111331427;0.800000011920929;0.800000011920929;0.800000011920929
lidar;21.0;39.0;25.028236389160156;25.1876220703125;9.770033836364746;0.29813286662101746;25.02927589416504;25.19452476501465;9.761571884155273;0.309103614316637;0.9994693994564072;0.800000011920929;0.800000011920929;0.800000011920929
lidar;21.0;39.0;25.027833938598633;25.191646575927734;9.773305892944336;0.29815027117729187;25.026458740234375;25.182180404663086;9.784504890441895;0.2834219026931398;0.9994108677073613;0.800000011920929;0.800000011920929;0.800000011920929
lidar;21.0;39.0;25.027433395385742;25.195674896240234;9.776578903198242;0.29825857281684875;25.025915145874023;25.18484878540039;9.788941383361816;0.2817553658951424;0.9990478753291637;0.800000011920929;0.800000011920929;0.800000011920929
lidar;21.0;39.0;25.02703094482422;25.19970703125;9.779855728149414;0.2984578013420105;25.027381896972656;25.20230484008789;9.776992797851562;0.30233955319781736;0.9983806609389205;0.800000011920929;0.800000011920929;0.800000011920929
lidar;21.0;39.0;25.026628494262695;25.203746795654297;9.783138275146484;0.2987484633922577;25.026365280151367;25.20174217224121;9.785271644592285;0.2958094082113939;0.9974091647954847;0.800000011920929;0.800000011920929;0.800000011920929
lidar;21.0;39.0;25.02622413635254;25.207794189453125;9.78642749786377;0.29913079738616943;25.026161193847656;25.207304000854492;9.786931037902832;0.2984249300160118;0.9961339828722884;0.800000011920929;0.800000011920929;0.800000011920929
lidar;21.0;39.0;25.025768280029297;25.211448669433594;9.790127754211426;0.29903316497802734;25.024768829345703;25.20323944091797;9.798274993896484;0.28742444332065303;0.9955209491862218;0.800000011920929;0.800000011920929;0.800000011920929
lidar;21.0;39.0;25.022104263305664;24.788541793823242;9.789700508117676;0.2990473210811615;25.022113800048828;24.788448333740234;9.789607048034668;0.29918016711452794;0.9954737423999336;0.800000011920929;0.800000011920929;0.800000011920929
lidar;21.0;39.0;25.022485733032227;24.792272567749023;9.786070823669434;0.2990351915359497;25.02277946472168;24.78955078125;9.783267974853516;0.302953098846376;0.9964526296251056;0.800000011920929;0.800000011920929;0.800000011920929
lidar;21.0;39.0;25.022830963134766;24.79631996154785;9.782776832580566;0.29865148663520813;25.02237892150879;24.80034637451172;9.787070274353027;0.2927490526910311;0.9977331161791577;0.800000011920929;0.800000011920929;0.800000011920929
lidar;21.0;39.0;25.023176193237305;24.800357818603516;9.77949047088623;0.2983594238758087;25.023801803588867;24.794971466064453;9.773539543151855;0.30641128454150024;0.9987097382452794;0.800000011920929;0.800000011920929;0.800000011920929
lidar;21.0;39.0;25.023521423339844;24.80438995361328;9.776209831237793;0.2981588542461395;25.022825241088867;24.810176849365234;9.782830238342285;0.2893381524077577;0.9993821382078474;0.800000011920929;0.800000011920929;0.800000011920929
lidar;21.0;39.0;25.023866653442383;24.80841827392578;9.772932052612305;0.29804906249046326;25.023971557617188;24.807575225830078;9.771934509277344;0.29935818535683584;0.9997501373200411;0.800000011920929;0.800000011920929;0.800000011920929
lidar;21.0;39.0;25.02420997619629;24.812442779541016;9.76965618133545;0.29803019762039185;25.02566146850586;24.80120277404785;9.755850791931152;0.3158917657349427;0.9998135566767737;0.800000011920929;0.800000011920929;0.800000011920929
lidar;21.0;39.0;25.024555206298828;24.816469192504883;9.766379356384277;0.2981022000312805;25.024255752563477;24.81870460510254;9.769224166870117;0.29447161621663176;0.9995724559098624;0.800000011920929;0.800000011920929;0.800000011920929
lidar;21.0;39.0;25.024898529052734;24.820499420166016;9.763099670410156;0.2982650399208069;25.02657127380371;24.808448791503906;9.74719524383545;0.3182893756720381;0.9990268349043095;0.800000011920929;0.800000011920929;0.800000011920929
lidar;21.0;39.0;25.025243759155273;24.824535369873047;9.75981616973877;0.2985190749168396;25.025327682495117;24.82396125793457;9.75903034210205;0.29949549039083323;0.9981769324072969;0.800000011920929;0.800000011920929;0.800000011920929
lidar;21.0;39.0;25.025590896606445;24.82857894897461;9.756525039672852;0.29886460304260254;25.025684356689453;24.82794952392578;9.755630493164062;0.2999627384460363;0.9970229866339207;0.800000011920929;0.800000011920929;0.800000011920929
lidar;21.0;39.0;25.025936126708984;24.832632064819336;9.753226280212402;0.2993023097515106;25.027128219604492;24.824941635131836;9.741886138916016;0.31305672776566085;0.9955652950914512;0.800000011920929;0.800000011920929;0.800000011920929
lidar;21.0;39.0;25.026268005371094;24.836807250976562;9.750082015991211;0.29963451623916626;25.027057647705078;24.8319034576416;9.742571830749512;0.3086382662004622;0.9953284858307543;0.800000011920929;0.800000011920929;0.800000011920929
lidar;21.0;39.0;25.026525497436523;24.8414306640625;9.747625350952148;0.29923442006111145;25.02490997314453;24.851091384887695;9.76300048828125;0.28100383296426157;0.9966587425549931;0.800000011920929;0.800000011920929;0.800000011920929
lidar;21.0;39.0;25.026782989501953;24.846040725708008;9.745173454284668;0.29892638325691223;25.02695655822754;24.845041275024414;9.74351692199707;0.3008695848181919;0.9976853727596549;0.800000011920929;0.800000011920929;0.800000011920929
lidar;21.0;39.0;25.027040481567383;24.850645065307617;9.74272632598877;0.2987099587917328;25.028318405151367;24.843591690063477;9.730576515197754;0.3128167147606123;0.9984079600012749;0.800000011920929;0.800000011920929;0.800000011920929
lidar;21.0;39.0;25.027297973632812;24.855243682861328;9.740283012390137;0.2985846698284149;25.026992797851562;24.856863021850586;9.74318790435791;0.29524426999391207;0.9988265037623075;0.800000011920929;0.800000011920929;0.800000011920929
lidar;21.0;39.0;25.02755355834961;24.859838485717773;9.737839698791504;0.29855042695999146;25.025508880615234;24.870237350463867;9.75728988647461;0.27640032625769234;0.9989408254469333;0.800000011920929;0.800000011920929;0.800000011920929
lidar;21.0;39.0;25.027803421020508;24.864469528198242;9.735465049743652;0.2985302209854126;25.028112411499023;24.862964630126953;9.732527732849121;0.3018450929162489;0.9990084171002367;0.800000011920929;0.800000011920929;0.800000011920929
lidar;21.0;39.0;25.028051376342773;24.869115829467773;9.733116149902344;0.2985711991786957;25.0289249420166;24.865039825439453;9.724804878234863;0.30786924904478297;0.9988709092943943;0.800000011920929;0.800000011920929;0.800000011920929
lidar;21.0;39.0;25.028297424316406;24.873762130737305;9.730766296386719;0.2987031638622284;25.02837371826172;24.873422622680664;9.730040550231934;0.29950837719004886;0.9984290600527788;0.800000011920929;0.800000011920929;0.800000011920929
lidar;21.0;39.0;25.028545379638672;24.878416061401367;9.728412628173828;0.298926442861557;25.02618980407715;24.888446807861328;9.750821113586426;0.27426280295240274;0.9976831673647262;0.800000011920929;0.800000011920929;0.800000011920929
lidar;21.0;39.0;25.028793334960938;24.88307762145996;9.726056098937988;0.29924118518829346;25.02947235107422;24.880321502685547;9.719599723815918;0.3062934823456179;0.9966334107242001;0.800000011920929;0.800000011920929;0.800000011920929
lidar;21.0;39.0;25.029041290283203;24.88775062561035;9.723692893981934;0.2996480464935303;25.02832794189453;24.890506744384766;9.730480194091797;0.292288203243738;0.9952800273886172;0.800000011920929;0.800000011920929;0.800000011920929
lidar;21.0;39.0;25.02922821044922;24.892662048339844;9.721906661987305;0.29951921105384827;25.0289306640625;24.893756866455078;9.724740982055664;0.2964663896232935;0.9963734151735835;0.800000011920929;0.800000011920929;0.800000011920929
lidar;21.0;39.0;25.029380798339844;24.89769172668457;9.720452308654785;0.2991268038749695;25.028112411499023;24.902111053466797;9.732527732849121;0.28620589901812626;0.9976807834269051;0.800000011920929;0.800000011920929;0.800000011920929
lidar;21.0;39.0;25.02953338623047;24.902711868286133;9.719001770019531;0.2988261580467224;25.029237747192383;24.9036865234375;9.72181510925293;0.29583407455404653;0.9986843466781486;0.800000011920929;0.800000011920929;0.800000011920929
lidar;21.0;39.0;25.029685974121094;24.90772247314453;9.717554092407227;0.29861709475517273;25.029314041137695;24.90888023376465;9.721097946166992;0.29487060704806867;0.99938350911536;0.800000011920929;0.800000011920929;0.800000011920929
lidar;21.0;39.0;25.02983856201172;24.91272735595703;9.716107368469238;0.29849913716316223;25.027753829956055;24.9188232421875;9.735937118530273;0.277649319620775;0.9997783899110958;0.800000011920929;0.800000011920929;0.800000011920929
lidar;21.0;39.0;25.029991149902344;24.9177303314209;9.714661598205566;0.29847219586372375;25.031829833984375;24.91268539428711;9.697166442871094;0.3167728401868315;0.9998686909684608;0.800000011920929;0.800000011920929;0.800000011920929
lidar;21.0;39.0;25.030141830444336;24.922733306884766;9.713215827941895;0.29853618144989014;25.031198501586914;24.920028686523438;9.70317554473877;0.3089879630316763;0.9996544122592912;0.800000011920929;0.800000011920929;0.800000011920929
lidar;21.0;39.0;25.030292510986328;24.927743911743164;9.711787223815918;0.29867202043533325;25.029773712158203;24.92898178100586;9.716719627380371;0.2935609602471247;0.9991998672810225;0.800000011920929;0.800000011920929;0.800000011920929
lidar;21.0;39.0;25.030431747436523;24.932785034179688;9.71045207977295;0.2988005578517914;25.02859878540039;24.936832427978516;9.72789192199707;0.28080383327478614;0.9987704156969563;0.800000011920929;0.800000011920929;0.800000011920929
lidar;21.0;39.0;25.03057289123535;24.937829971313477;9.70911693572998;0.2990201711654663;25.032007217407227;24.93491554260254;9.695480346679688;0.3130381799948637;0.9980368614023126;0.800000011920929;0.800000011920929;0.800000011920929
lidar;21.0;39.0;25.03071403503418;24.94288444519043;9.707777976989746;0.29933151602745056;25.030914306640625;24.9425106048584;9.705863952636719;0.3012919126153193;0.9969990849464598;0.800000011920929;0.800000011920929;0.800000011920929
lidar;21.0;39.0;25.030855178833008;24.947952270507812;9.706436157226562;0.29973477125167847;25.03167152404785;24.946575164794922;9.698670387268066;0.3076633145678824;0.9956577421886412;0.800000011920929;0.800000011920929;0.800000011920929
lidar;21.0;39.0;25.030948638916016;24.95310401916504;9.705536842346191;0.2997754216194153;25.031885147094727;24.951684951782227;9.696624755859375;0.30884858806103554;0.9958828687241958;0.800000011920929;0.800000011920929;0.800000011920929
lidar;21.0;39.0;25.03099250793457;24.958330154418945;9.705133438110352;0.29940420389175415;25.032060623168945;24.956893920898438;9.694966316223145;0.3097285101750823;0.9971180557082558;0.800000011920929;0.800000011920929;0.800000011920929
lidar;21.0;39.0;25.031034469604492;24.963546752929688;9.704737663269043;0.2991185784339905;25.031253814697266;24.963287353515625;9.70263671875;0.3012467180804799;0.9980701208984131;0.800000011920929;0.800000011920929;0.800000011920929
lidar;21.0;39.0;25.03107452392578;24.968753814697266;9.704341888427734;0.2989245355129242;25.031173706054688;24.96865463256836;9.703404426574707;0.29987204244143156;0.9987182617982966;0.800000011920929;0.800000011920929;0.800000011920929
lidar;21.0;39.0;25.031108856201172;24.973962783813477;9.704014778137207;0.2987523376941681;25.03240966796875;24.97287368774414;9.691636085510254;0.31124649660702336;0.9992938638408713;0.800000011920929;0.800000011920929;0.800000011920929
lidar;21.0;39.0;25.031143188476562;24.97916603088379;9.703690528869629;0.2986689805984497;25.0312442779541;24.979097366333008;9.70272445678711;0.2996424995634863;0.9995728730916511;0.800000011920929;0.800000011920929;0.800000011920929
lidar;21.0;39.0;25.03116798400879;24.984373092651367;9.703449249267578;0.29859307408332825;25.0290584564209;24.985431671142578;9.72353458404541;0.2783701891836607;0.9998269677157284;0.800000011920929;0.800000011920929;0.800000011920929
lidar;21.0;39.0;25.03118896484375;24.989580154418945;9.703253746032715;0.29856306314468384;25.029983520507812;24.9899845123291;9.71473217010498;0.28701400414953954;0.9999271035218951;0.800000011920929;0.800000011920929;0.800000011920929
lidar;21.0;39.0;25.03120231628418;24.994789123535156;9.703124046325684;0.2985568344593048;25.03059959411621;24.994890213012695;9.70885944366455;0.29278854170133806;0.9999481439634481;0.800000011920929;0.800000011920929;0.800000011920929
lidar;21.0;39.0;25.031208038330078;25.0;9.703073501586914;0.2985617220401764;25.029993057250977;25.0;9.714634895324707;0.28693664775286154;0.9999319911025861;0.800000011920929;0.800000011920929;0.800000011920929
lidar;21.0;39.0;25.03120231628418;25.005210876464844;9.703124046325684;0.2985568046569824;25.030046463012695;25.00501823425293;9.714127540588379;0.28749066244717;0.9999481439634481;0.800000011920929;0.800000011920929;0.800000011920929
lidar;21.0;39.0;25.03118896484375;25.010419845581055;9.703253746032715;0.29856306314468384;25.029691696166992;25.009918212890625;9.717509269714355;0.28421985747884243;0.9999271035218951;0.800000011920929;0.800000011920929;0.800000011920929
lidar;21.0;39.0;25.03116798400879;25.015626907348633;9.703449249267578;0.29859304428100586;25.030227661132812;25.015155792236328;9.712406158447266;0.28957501036280076;0.9998269677157284;0.800000011920929;0.800000011920929;0.800000011920929
lidar;21.0;39.0;25.031143188476562;25.02083396911621;9.703690528869629;0.2986689805984497;25.03183937072754;25.02130126953125;9.697062492370605;0.30535013725355664;0.9995728730916511;0.800000011920929;0.800000011920929;0.800000011920929
lidar;21.0;39.0;25.031108856201172;25.026037216186523;9.704014778137207;0.2987523376941681;25.03236961364746;25.02709197998047;9.692034721374512;0.31084481095288363;0.9992938638408713;0.800000011920929;0.800000011920929;0.800000011920929
lidar;21.0;39.0;25.03107452392578;25.031246185302734;9.704341888427734;0.2989245355129242;25.02977180480957;25.029935836791992;9.716748237609863;0.2863803875566818;0.9987182617982966;0.800000011920929;0.800000011920929;0.800000011920929
lidar;21.0;39.0;25.031034469604492;25.036453247070312;9.704737663269043;0.29911860823631287;25.031240463256836;25.03669548034668;9.702775955200195;0.3011055783475521;0.9980701208984131;0.800000011920929;0.800000011920929;0.800000011920929
lidar;21.0;39.0;25.03099250793457;25.041669845581055;9.705133438110352;0.29940420389175415;25.033334732055664;25.044818878173828;9.68285083770752;0.32202987437063946;0.9971180557082558;0.800000011920929;0.800000011920929;0.800000011920929
lidar;21.0;39.0;25.030948638916016;25.04689598083496;9.705536842346191;0.2997754216194153;25.03055191040039;25.046293258666992;9.709320068359375;0.29592390918757056;0.9958828687241958;0.800000011920929;0.800000011920929;0.800000011920929
lidar;21.0;39.0;25.030855178833008;25.052047729492188;9.706436157226562;0.29973477125167847;25.033252716064453;25.056095123291016;9.683612823486328;0.3230377450226293;0.9956577421886412;0.800000011920929;0.800000011920929;0.800000011920929
lidar;21.0;39.0;25.03071403503418;25.05711555480957;9.707777976989746;0.2993314564228058;25.02954864501953;25.054946899414062;9.718867301940918;0.2879718808767773;0.9969991443539191;0.800000011920929;0.800000011920929;0.800000011920929
lidar;21.0;39.0;25.03057289123535;25.062170028686523;9.70911693572998;0.29902008175849915;25.031343460083008;25.06373405456543;9.701798439025879;0.30654302606379785;0.9980368614023126;0.800000011920929;0.800000011920929;0.800000011920929
lidar;21.0;39.0;25.030431747436523;25.067214965820312;9.710453033447266;0.2988004982471466;25.031612396240234;25.069820404052734;9.699233055114746;0.3103782373621676;0.9987704156969563;0.800000011920929;0.800000011920929;0.800000011920929
lidar;21.0;39.0;25.030292510986328;25.072256088256836;9.711787223815918;0.298672080039978;25.02946662902832;25.07028579711914;9.719645500183105;0.29052893332382435;0.9991998672810225;0.800000011920929;0.800000011920929;0.800000011920929
lidar;21.0;39.0;25.030141830444336;25.077266693115234;9.713215827941895;0.29853615164756775;25.031972885131836;25.081960678100586;9.695796966552734;0.3166692749654881;0.9996544122592912;0.800000011920929;0.800000011920929;0.800000011920929
lidar;21.0;39.0;25.029991149902344;25.0822696685791;9.714661598205566;0.29847219586372375;25.030784606933594;25.084447860717773;9.70710563659668;0.30637578966390067;0.9998686909684608;0.800000011920929;0.800000011920929;0.800000011920929
lidar;21.0;39.0;25.02983856201172;25.08727264404297;9.716107368469238;0.29849910736083984;25.030546188354492;25.08934211730957;9.709378242492676;0.3055746249978339;0.9997783899110958;0.800000011920929;0.800000011920929;0.800000011920929
lidar;21.0;39.0;25.029685974121094;25.09227752685547;9.717554092407227;0.29861706495285034;25.0290470123291;25.090290069580078;9.723639488220215;0.29218372577649654;0.99938350911536;0.800000011920929;0.800000011920929;0.800000011920929
lidar;21.0;39.0;25.02953338623047;25.097288131713867;9.719001770019531;0.2988261282444;25.02892303466797;25.09527587890625;9.724812507629395;0.2926472304201015;0.9986843466781486;0.800000011920929;0.800000011920929;0.800000011920929
lidar;21.0;39.0;25.029380798339844;25.10230827331543;9.720452308654785;0.2991267144680023;25.02994155883789;25.10425567626953;9.715130805969238;0.30482166282785966;0.9976807834269051;0.800000011920929;0.800000011920929;0.800000011920929
lidar;21.0;39.0;25.02922821044922;25.107337951660156;9.721906661987305;0.29951921105384827;25.02853012084961;25.104768753051758;9.728562355041504;0.29235046136166887;0.9963734151735835;0.800000011920929;0.800000011920929;0.800000011920929
lidar;21.0;39.0;25.029041290283203;25.11224937438965;9.723692893981934;0.2996480464935303;25.028409957885742;25.109811782836914;9.729693412780762;0.2931412082119557;0.9952800273886172;0.800000011920929;0.800000011920929;0.800000011920929
lidar;21.0;39.0;25.028793334960938;25.11692237854004;9.726056098937988;0.2992411255836487;25.028818130493164;25.11702537536621;9.725814819335938;0.2995045484988554;0.9966334107242001;0.800000011920929;0.800000011920929;0.800000011920929
lidar;21.0;39.0;25.028545379638672;25.121583938598633;9.728412628173828;0.29892638325691223;25.028589248657227;25.12177085876465;9.727996826171875;0.29938502531020733;0.9976831673647262;0.800000011920929;0.800000011920929;0.800000011920929
lidar;21.0;39.0;25.028297424316406;25.126237869262695;9.730766296386719;0.298703134059906;25.028091430664062;25.125320434570312;9.732721328735352;0.2965342284672592;0.9984290600527788;0.800000011920929;0.800000011920929;0.800000011920929
lidar;21.0;39.0;25.028051376342773;25.130884170532227;9.733116149902344;0.2985711395740509;25.027183532714844;25.12683868408203;9.741368293762207;0.289339133600694;0.9988709092943943;0.800000011920929;0.800000011920929;0.800000011920929
lidar;21.0;39.0;25.027803421020508;25.135530471801758;9.735465049743652;0.2985301911830902;25.027196884155273;25.132572174072266;9.741236686706543;0.2920164699300598;0.9990084171002367;0.800000011920929;0.800000011920929;0.800000011920929
lidar;21.0;39.0;25.02755355834961;25.140161514282227;9.737839698791504;0.29855039715766907;25.02842903137207;25.144609451293945;9.72951889038086;0.30802641207923814;0.9989408254469333;0.800000011920929;0.800000011920929;0.800000011920929
lidar;21.0;39.0;25.027297973632812;25.144756317138672;9.740283012390137;0.2985846996307373;25.028989791870117;25.15373420715332;9.724174499511719;0.3171035048236082;0.9988265037623075;0.800000011920929;0.800000011920929;0.800000011920929
lidar;21.0;39.0;25.027040481567383;25.149354934692383;9.74272632598877;0.29871001839637756;25.02532958984375;25.13990592956543;9.759004592895508;0.27981009312800575;0.9984079600012749;0.800000011920929;0.800000011920929;0.800000011920929
lidar;21.0;39.0;25.026782989501953;25.153959274291992;9.745173454284668;0.2989265024662018;25.028291702270508;25.162626266479492;9.730825424194336;0.3157576416447674;0.9976853129764766;0.800000011920929;0.800000011920929;0.800000011920929
lidar;21.0;39.0;25.026525497436523;25.1585693359375;9.747624397277832;0.2992344796657562;25.02545166015625;25.15215301513672;9.757837295532227;0.28712539752505256;0.9966587425549931;0.800000011920929;0.800000011920929;0.800000011920929
lidar;21.0;39.0;25.026268005371094;25.163192749023438;9.750082015991211;0.29963451623916626;25.026334762573242;25.16361427307129;9.749435424804688;0.3004096438182674;0.9953284858307543;0.800000011920929;0.800000011920929;0.800000011920929
lidar;21.0;39.0;25.025936126708984;25.167367935180664;9.753226280212402;0.29930227994918823;25.024864196777344;25.16044807434082;9.763428688049316;0.2869284148478111;0.9955652950914512;0.800000011920929;0.800000011920929;0.800000011920929
lidar;21.0;39.0;25.025590896606445;25.17142105102539;9.756525039672852;0.2988646328449249;25.023408889770508;25.156810760498047;9.777276992797852;0.273391918906072;0.9970229866339207;0.800000011920929;0.800000011920929;0.800000011920929
lidar;21.0;39.0;25.025243759155273;25.175464630126953;9.75981616973877;0.2985190451145172;25.024887084960938;25.172985076904297;9.76321029663086;0.29430043048910276;0.9981769919900828;0.800000011920929;0.800000011920929;0.800000011920929
lidar;21.0;39.0;25.024898529052734;25.179500579833984;9.763099670410156;0.2982650101184845;25.023996353149414;25.17298698425293;9.771695137023926;0.28744295272120246;0.9990268349043095;0.800000011920929;0.800000011920929;0.800000011920929
lidar;21.0;39.0;25.024555206298828;25.183530807495117;9.766379356384277;0.2981022000312805;25.02588653564453;25.1934871673584;9.753705024719238;0.314274724970193;0.9995724559098624;0.800000011920929;0.800000011920929;0.800000011920929
lidar;21.0;39.0;25.02420997619629;25.187557220458984;9.76965618133545;0.2980302572250366;25.024198532104492;25.18745994567871;9.769774436950684;0.29787697254908446;0.9998135566767737;0.800000011920929;0.800000011920929;0.800000011920929
lidar;21.0;39.0;25.023866653442383;25.19158172607422;9.772932052612305;0.29804909229278564;25.023414611816406;25.187955856323242;9.777229309082031;0.29240794338036347;0.9997501373200411;0.800000011920929;0.800000011920929;0.800000011920929
lidar;21.0;39.0;25.023521423339844;25.19561004638672;9.776209831237793;0.29815879464149475;25.023719787597656;25.197269439697266;9.774312019348145;0.30068731237711704;0.9993821382078474;0.800000011920929;0.800000011920929;0.800000011920929
lidar;21.0;39.0;25.023176193237305;25.199642181396484;9.77949047088623;0.2983594536781311;25.023527145385742;25.202665328979492;9.776150703430176;0.30287843782212;0.9987097382452794;0.800000011920929;0.800000011920929;0.800000011920929
lidar;21.0;39.0;25.022830963134766;25.20368003845215;9.782776832580566;0.29865145683288574;25.023040771484375;25.205551147460938;9.780781745910645;0.3013937889376531;0.9977331161791577;0.800000011920929;0.800000011920929;0.800000011920929
lidar;21.0;39.0;25.022485733032227;25.207727432250977;9.786070823669434;0.2990351915359497;25.02283477783203;25.21095848083496;9.782742500305176;0.30368748122538414;0.9964525700591225;0.800000011920929;0.800000011920929;0.800000011920929
lidar;21.0;39.0;25.022104263305664;25.211458206176758;9.789700508117676;0.2990472912788391;25.021760940551758;25.20817756652832;9.792963981628418;0.2944060418145545;0.9954738018785178;0.800000011920929;0.800000011920929;0.800000011920929
lidar;21.0;39.0;25.0184326171875;24.788501739501953;9.789307594299316;0.29910269379615784;25.018592834472656;24.786664962768555;9.787476539611816;0.30170106523371004;0.9952893254368722;0.800000011920929;0.800000011920929;0.800000011920929
lidar;21.0;39.0;25.01874542236328;24.79230308532715;9.78574275970459;0.2989904582500458;25.019123077392578;24.78812026977539;9.781427383422852;0.30501224124557225;0.9966016410938746;0.800000011920929;0.800000011920929;0.800000011920929
lidar;21.0;39.0;25.019033432006836;24.796350479125977;9.78244400024414;0.29860612750053406;25.01869010925293;24.800018310546875;9.786361694335938;0.2932299634320704;0.9978846906490089;0.800000011920929;0.800000011920929;0.800000011920929
lidar;21.0;39.0;25.01932144165039;24.800390243530273;9.779153823852539;0.2983134388923645;25.01922607421875;24.80137825012207;9.78024673461914;0.29683666300412626;0.9988637566314297;0.800000011920929;0.800000011920929;0.800000011920929
lidar;21.0;39.0;25.019609451293945;24.804420471191406;9.77586841583252;0.2981121242046356;25.01901626586914;24.810335159301758;9.782645225524902;0.28909832135240077;0.9995385408470983;0.800000011920929;0.800000011920929;0.800000011920929
lidar;21.0;39.0;25.019895553588867;24.808448791503906;9.77258586883545;0.29800179600715637;25.019304275512695;24.814138412475586;9.779342651367188;0.28914827214480165;0.9999088644978509;0.800000011920929;0.800000011920929;0.800000011920929
lidar;21.0;39.0;25.020183563232422;24.81247329711914;9.769305229187012;0.29798224568367004;25.021282196044922;24.80225944519043;9.75674057006836;0.31421201538229615;0.999974608422259;0.800000011920929;0.800000011920929;0.800000011920929
lidar;21.0;39.0;25.020469665527344;24.816499710083008;9.766024589538574;0.2980535328388214;25.01906394958496;24.8291015625;9.782093048095703;0.2775840843003799;0.9997357726006396;0.800000011920929;0.800000011920929;0.800000011920929
lidar;21.0;39.0;25.0207576751709;24.82052993774414;9.762741088867188;0.2982156276702881;25.02140235900879;24.814945220947266;9.75535774230957;0.3074958820482809;0.9991923571291824;0.800000011920929;0.800000011920929;0.800000011920929
lidar;21.0;39.0;25.021045684814453;24.82456398010254;9.759452819824219;0.2984689772129059;25.02126693725586;24.822715759277344;9.756917953491211;0.30161365613600477;0.998344600278093;0.800000011920929;0.800000011920929;0.800000011920929
lidar;21.0;39.0;25.021333694458008;24.8286075592041;9.756157875061035;0.2988137900829315;25.020954132080078;24.831647872924805;9.760482788085938;0.2935128491999621;0.9971926809066224;0.800000011920929;0.800000011920929;0.800000011920929
lidar;21.0;39.0;25.021623611450195;24.832660675048828;9.752854347229004;0.29925069212913513;25.022375106811523;24.826841354370117;9.744257926940918;0.3096588966637953;0.99573707552525;0.800000011920929;0.800000011920929;0.800000011920929
lidar;21.0;39.0;25.021888732910156;24.836898803710938;9.749802589416504;0.2994658946990967;25.02240753173828;24.833032608032227;9.743871688842773;0.30656467627135253;0.9958887101343515;0.800000011920929;0.800000011920929;0.800000011920929
lidar;21.0;39.0;25.022104263305664;24.841520309448242;9.747344017028809;0.29906442761421204;25.021766662597656;24.843936920166016;9.75119686126709;0.2945042173239538;0.9972252846765737;0.800000011920929;0.800000011920929;0.800000011920929
lidar;21.0;39.0;25.022319793701172;24.84613037109375;9.744891166687012;0.2987549304962158;25.023984909057617;24.83465003967285;9.725857734680176;0.3210450185298122;0.9982579349548505;0.800000011920929;0.800000011920929;0.800000011920929
lidar;21.0;39.0;25.022533416748047;24.850730895996094;9.742443084716797;0.2985369563102722;25.022357940673828;24.85188865661621;9.744439125061035;0.29622299587177453;0.9989864826014905;0.800000011920929;0.800000011920929;0.800000011920929
lidar;21.0;39.0;25.022747039794922;24.855327606201172;9.739997863769531;0.2984101176261902;25.021820068359375;24.861228942871094;9.750603675842285;0.2862381048620014;0.9994107485405205;0.800000011920929;0.800000011920929;0.800000011920929
lidar;21.0;39.0;25.022960662841797;24.859922409057617;9.737553596496582;0.298374205827713;25.02349853515625;24.856639862060547;9.731404304504395;0.30536534718006697;0.9995306134192642;0.800000011920929;0.800000011920929;0.800000011920929
lidar;21.0;39.0;25.023174285888672;24.86451530456543;9.735109329223633;0.2984292209148407;25.02305030822754;24.865238189697266;9.736523628234863;0.29683627678566965;0.9993460178827808;0.800000011920929;0.800000011920929;0.800000011920929
lidar;21.0;39.0;25.023387908935547;24.86911392211914;9.73266315460205;0.2985752522945404;25.023283004760742;24.86970329284668;9.733869552612305;0.2972285629798951;0.9988570212513895;0.800000011920929;0.800000011920929;0.800000011920929
lidar;21.0;39.0;25.023603439331055;24.873716354370117;9.73021411895752;0.2988124489784241;25.023303985595703;24.875316619873047;9.733635902404785;0.29502344910377304;0.9980637432164519;0.800000011920929;0.800000011920929;0.800000011920929
lidar;21.0;39.0;25.02381706237793;24.878328323364258;9.727760314941406;0.2991413176059723;25.024988174438477;24.872350692749023;9.714384078979492;0.31383934375579536;0.9969663618904261;0.800000011920929;0.800000011920929;0.800000011920929
lidar;21.0;39.0;25.02402687072754;24.882978439331055;9.725363731384277;0.29949358105659485;25.024065017700195;24.882793426513672;9.724928855895996;0.29996829808107134;0.9957934021339699;0.800000011920929;0.800000011920929;0.800000011920929
lidar;21.0;39.0;25.024234771728516;24.887653350830078;9.722992897033691;0.29990291595458984;25.025283813476562;24.882787704467773;9.710994720458984;0.31289297798213;0.9944338799429383;0.800000011920929;0.800000011920929;0.800000011920929
lidar;21.0;39.0;25.024368286132812;24.892675399780273;9.72147274017334;0.2994828224182129;25.024812698364258;24.890716552734375;9.716388702392578;0.3049490535317647;0.9964945318170655;0.800000011920929;0.800000011920929;0.800000011920929
lidar;21.0;39.0;25.02449607849121;24.897705078125;9.720016479492188;0.2990902066230774;25.024520874023438;24.89759635925293;9.719720840454102;0.2994064588503017;0.9978027345636994;0.800000011920929;0.800000011920929;0.800000011920929
lidar;21.0;39.0;25.024621963500977;24.90272331237793;9.7185640335083;0.29878950119018555;25.023469924926758;24.90727424621582;9.731733322143555;0.28480843687941126;0.9988068939111642;0.800000011920929;0.800000011920929;0.800000011920929
lidar;21.0;39.0;25.024749755859375;24.907733917236328;9.717113494873047;0.29858022928237915;25.025108337402344;24.906394958496094;9.713010787963867;0.3029108472035643;0.9995068908246401;0.800000011920929;0.800000011920929;0.800000011920929
lidar;21.0;39.0;25.02487564086914;24.912738800048828;9.715665817260742;0.2984621226787567;25.024171829223633;24.915210723876953;9.723723411560059;0.29000404899753085;0.9999024271902672;0.800000011920929;0.800000011920929;0.800000011920929
lidar;21.0;39.0;25.02500343322754;24.917739868164062;9.714217185974121;0.2984349727630615;25.025117874145508;24.917360305786133;9.712897300720215;0.29981408281207317;0.9999933838845475;0.800000011920929;0.800000011920929;0.800000011920929
lidar;21.0;39.0;25.025129318237305;24.92274284362793;9.712769508361816;0.2984987497329712;25.02796173095703;24.914033889770508;9.680395126342773;0.3321433937880557;0.9997797012443843;0.800000011920929;0.800000011920929;0.800000011920929
lidar;21.0;39.0;25.02525520324707;24.927749633789062;9.711320877075195;0.29865357279777527;25.024473190307617;24.92998695373535;9.72026538848877;0.2893994409076189;0.9992614984827138;0.800000011920929;0.800000011920929;0.800000011920929
lidar;21.0;39.0;25.02538299560547;24.932762145996094;9.709869384765625;0.2988996207714081;25.02494239807129;24.933927536010742;9.714899063110352;0.29371759619836;0.9984388947881604;0.800000011920929;0.800000011920929;0.800000011920929
lidar;21.0;39.0;25.025510787963867;24.93778419494629;9.708415985107422;0.29923728108406067;25.025394439697266;24.938068389892578;9.709747314453125;0.2978702136132652;0.9973122478905522;0.800000011920929;0.800000011920929;0.800000011920929
lidar;21.0;39.0;25.0256290435791;24.942840576171875;9.707058906555176;0.2995636761188507;25.026124954223633;24.94173240661621;9.70137882232666;0.30537234761714255;0.9962258931734135;0.800000011920929;0.800000011920929;0.800000011920929
lidar;21.0;39.0;25.02574348449707;24.94791603088379;9.705747604370117;0.29993340373039246;25.025941848754883;24.9475154876709;9.703476905822754;0.3022478678287241;0.9953582286426331;0.800000011920929;0.800000011920929;0.800000011920929
lidar;21.0;39.0;25.02578353881836;24.953144073486328;9.705292701721191;0.2995205521583557;25.025333404541016;24.953962326049805;9.71043586730957;0.2942939160262575;0.9967303873296114;0.800000011920929;0.800000011920929;0.800000011920929
lidar;21.0;39.0;25.02582359313965;24.958358764648438;9.704839706420898;0.29919981956481934;25.02741050720215;24.955799102783203;9.686685562133789;0.3176021034098846;0.9977989793468328;0.800000011920929;0.800000011920929;0.800000011920929
lidar;21.0;39.0;25.025859832763672;24.96356773376465;9.704410552978516;0.2989463806152344;25.02589225769043;24.963523864746094;9.704059600830078;0.29930143110499535;0.9986450673057066;0.800000011920929;0.800000011920929;0.800000011920929
lidar;21.0;39.0;25.025894165039062;24.96877098083496;9.704014778137207;0.29875215888023376;25.026742935180664;24.967750549316406;9.694329261779785;0.3085288856483151;0.9992943406466299;0.800000011920929;0.800000011920929;0.800000011920929
lidar;21.0;39.0;25.025930404663086;24.973970413208008;9.703619003295898;0.29864922165870667;25.025794982910156;24.974105834960938;9.705159187316895;0.2970975431961934;0.9996391534905466;0.800000011920929;0.800000011920929;0.800000011920929
lidar;21.0;39.0;25.025959014892578;24.97917366027832;9.703293800354004;0.2985670864582062;25.026695251464844;24.978580474853516;9.694862365722656;0.30705157916780057;0.9999141097061532;0.800000011920929;0.800000011920929;0.800000011920929
lidar;21.0;39.0;25.025983810424805;24.984375;9.702997207641602;0.2985466420650482;25.024263381958008;24.985410690307617;9.722679138183594;0.2787626593982352;0.9999824762342119;0.800000011920929;0.800000011920929;0.800000011920929
lidar;21.0;39.0;25.026004791259766;24.989580154418945;9.702762603759766;0.29855504631996155;25.02496337890625;24.98999786376953;9.714673042297363;0.28659156842699973;0.9999544620480533;0.800000011920929;0.800000011920929;0.800000011920929
lidar;21.0;39.0;25.026018142700195;24.994789123535156;9.702613830566406;0.298567533493042;25.02737045288086;24.994518280029297;9.687154769897461;0.31408780599297675;0.9999123215623773;0.800000011920929;0.800000011920929;0.800000011920929
lidar;21.0;39.0;25.02602195739746;25.0;9.702563285827637;0.2985731065273285;25.025897979736328;25.0;9.703980445861816;0.29715022254570933;0.9998939037305891;0.800000011920929;0.800000011920929;0.800000011920929
lidar;21.0;39.0;25.026018142700195;25.005210876464844;9.702613830566406;0.2985675632953644;25.026559829711914;25.005319595336914;9.696422576904297;0.304783738652582;0.9999123215623773;0.800000011920929;0.800000011920929;0.800000011920929
lidar;21.0;39.0;25.026004791259766;25.010419845581055;9.702762603759766;0.29855501651763916;25.026151657104492;25.01047706604004;9.70108413696289;0.30024023795954535;0.9999544620480533;0.800000011920929;0.800000011920929;0.800000011920929
lidar;21.0;39.0;25.025983810424805;25.015625;9.702997207641602;0.29854661226272583;25.024635314941406;25.014812469482422;9.718426704406738;0.28303651600231877;0.9999824762342119;0.800000011920929;0.800000011920929;0.800000011920929
lidar;21.0;39.0;25.025959014892578;25.02082633972168;9.703293800354004;0.2985670864582062;25.026134490966797;25.020967483520508;9.70128345489502;0.30059011771832883;0.9999141097061532;0.800000011920929;0.800000011920929;0.800000011920929
lidar;21.0;39.0;25.025930404663086;25.026029586791992;9.703619003295898;0.29864922165870667;25.024736404418945;25.024831771850586;9.717257499694824;0.2849063671642917;0.9996391534905466;0.800000011920929;0.800000011920929;0.800000011920929
lidar;21.0;39.0;25.025894165039062;25.03122901916504;9.704014778137207;0.29875215888023376;25.024524688720703;25.02957534790039;9.719683647155762;0.2829366685053862;0.9992943406466299;0.800000011920929;0.800000011920929;0.800000011920929
lidar;21.0;39.0;25.025859832763672;25.03643226623535;9.704410552978516;0.2989463806152344;25.02652359008789;25.03736686706543;9.696834564208984;0.3066084583024619;0.9986450673057066;0.800000011920929;0.800000011920929;0.800000011920929
lidar;21.0;39.0;25.02582359313965;25.041641235351562;9.704839706420898;0.2991998493671417;25.026132583618164;25.04214096069336;9.701299667358398;0.3027883711650601;0.9977989793468328;0.800000011920929;0.800000011920929;0.800000011920929
lidar;21.0;39.0;25.02578353881836;25.046855926513672;9.705292701721191;0.2995205521583557;25.025625228881836;25.04656982421875;9.707090377807617;0.2976931977852138;0.9967303873296114;0.800000011920929;0.800000011920929;0.800000011920929
lidar;21.0;39.0;25.02574348449707;25.05208396911621;9.705747604370117;0.29993340373039246;25.025516510009766;25.051624298095703;9.708343505859375;0.2972869596415718;0.9953582286426331;0.800000011920929;0.800000011920929;0.800000011920929
lidar;21.0;39.0;25.0256290435791;25.057159423828125;9.707058906555176;0.2995636761188507;25.024255752563477;25.054096221923828;9.722755432128906;0.28351231370764063;0.9962258931734135;0.800000011920929;0.800000011920929;0.800000011920929
lidar;21.0;39.0;25.025510787963867;25.06221580505371;9.708415985107422;0.29923731088638306;25.024391174316406;25.05948829650879;9.721199035644531;0.2861180703901047;0.9973122478905522;0.800000011920929;0.800000011920929;0.800000011920929
lidar;21.0;39.0;25.02538299560547;25.067237854003906;9.709869384765625;0.2988995611667633;25.02586555480957;25.068513870239258;9.704362869262695;0.30457227913412555;0.9984388947881604;0.800000011920929;0.800000011920929;0.800000011920929
lidar;21.0;39.0;25.02525520324707;25.072250366210938;9.711320877075195;0.2986534833908081;25.025110244750977;25.071836471557617;9.712977409362793;0.2969391934524436;0.9992614984827138;0.800000011920929;0.800000011920929;0.800000011920929
lidar;21.0;39.0;25.025129318237305;25.07725715637207;9.712769508361816;0.29849863052368164;25.02558135986328;25.07864761352539;9.707601547241211;0.303869783404494;0.9997797012443843;0.800000011920929;0.800000011920929;0.800000011920929
lidar;21.0;39.0;25.02500343322754;25.082260131835938;9.714217185974121;0.2984348237514496;25.024782180786133;25.081533432006836;9.716741561889648;0.2957991789281955;0.9999933838845475;0.800000011920929;0.800000011920929;0.800000011920929
lidar;21.0;39.0;25.02487564086914;25.087261199951172;9.715665817260742;0.29846206307411194;25.024524688720703;25.086027145385742;9.719688415527344;0.29423898993130054;0.9999024271902672;0.800000011920929;0.800000011920929;0.800000011920929
lidar;21.0;39.0;25.024749755859375;25.092266082763672;9.717113494873047;0.298580139875412;25.024192810058594;25.090194702148438;9.723466873168945;0.2918750880285001;0.9995068908246401;0.800000011920929;0.800000011920929;0.800000011920929
lidar;21.0;39.0;25.024621963500977;25.09727668762207;9.7185640335083;0.29878947138786316;25.024677276611328;25.097496032714844;9.717931747436523;0.2994612495959528;0.9988068939111642;0.800000011920929;0.800000011920929;0.800000011920929
lidar;21.0;39.0;25.02449607849121;25.102294921875;9.720016479492188;0.299090176820755;25.024425506591797;25.102001190185547;9.720818519592285;0.2982333065025417;0.99780267483322;0.800000011920929;0.800000011920929;0.800000011920929
lidar;21.0;39.0;25.024368286132812;25.107324600219727;9.72147274017334;0.2994828224182129;25.024438858032227;25.107635498046875;9.720664978027344;0.30035137414812;0.9964945318170655;0.800000011920929;0.800000011920929;0.800000011920929
lidar;21.0;39.0;25.024234771728516;25.112346649169922;9.722992897033691;0.2999029755592346;25.022994995117188;25.10660171508789;9.737154960632324;0.2845703224880305;0.9944338799429383;0.800000011920929;0.800000011920929;0.800000011920929
lidar;21.0;39.0;25.02402687072754;25.117021560668945;9.725363731384277;0.29949361085891724;25.024822235107422;25.120887756347656;9.716288566589355;0.30939044741876953;0.9957934021339699;0.800000011920929;0.800000011920929;0.800000011920929
lidar;21.0;39.0;25.02381706237793;25.121671676635742;9.727760314941406;0.2991412281990051;25.022274017333984;25.11378288269043;9.745412826538086;0.27974441037134434;0.9969663618904261;0.800000011920929;0.800000011920929;0.800000011920929
lidar;21.0;39.0;25.023603439331055;25.126283645629883;9.73021411895752;0.2988124489784241;25.023765563964844;25.127151489257812;9.728360176086426;0.30086652401011016;0.9980637432164519;0.800000011920929;0.800000011920929;0.800000011920929
lidar;21.0;39.0;25.023387908935547;25.13088607788086;9.73266315460205;0.2985752820968628;25.024003982543945;25.13433265686035;9.725626945495605;0.3064344869620705;0.9988569617780704;0.800000011920929;0.800000011920929;0.800000011920929
lidar;21.0;39.0;25.023174285888672;25.13548469543457;9.735109329223633;0.29842931032180786;25.02351951599121;25.137495040893555;9.731178283691406;0.30285865993766886;0.9993460178827808;0.800000011920929;0.800000011920929;0.800000011920929
lidar;21.0;39.0;25.022960662841797;25.140077590942383;9.737553596496582;0.2983742952346802;25.022937774658203;25.139942169189453;9.737810134887695;0.29808307921795785;0.9995306134192642;0.800000011920929;0.800000011920929;0.800000011920929
lidar;21.0;39.0;25.022747039794922;25.144672393798828;9.739997863769531;0.29841023683547974;25.02170753479004;25.138057708740234;9.751885414123535;0.2847665441031453;0.9994107485405205;0.800000011920929;0.800000011920929;0.800000011920929
lidar;21.0;39.0;25.022533416748047;25.149269104003906;9.742443084716797;0.29853710532188416;25.022031784057617;25.145944595336914;9.748176574707031;0.2918909123342404;0.9989864230743006;0.800000011920929;0.800000011920929;0.800000011920929
lidar;21.0;39.0;25.022319793701172;25.15386962890625;9.744891166687012;0.29875504970550537;25.022762298583984;25.156919479370117;9.73983383178711;0.3046773056534151;0.9982578753898598;0.800000011920929;0.800000011920929;0.800000011920929
lidar;21.0;39.0;25.022104263305664;25.158479690551758;9.747344017028809;0.2990644574165344;25.021554946899414;25.1545467376709;9.753615379333496;0.2916409322048656;0.9972252247748999;0.800000011920929;0.800000011920929;0.800000011920929
lidar;21.0;39.0;25.021888732910156;25.163101196289062;9.749802589416504;0.29946592450141907;25.02082061767578;25.155132293701172;9.762024879455566;0.28483625801910284;0.9958887101343515;0.800000011920929;0.800000011920929;0.800000011920929
lidar;21.0;39.0;25.021623611450195;25.167339324951172;9.752854347229004;0.29925066232681274;25.020498275756836;25.158641815185547;9.76569938659668;0.28369674439699466;0.9957371353131546;0.800000011920929;0.800000011920929;0.800000011920929
lidar;21.0;39.0;25.021333694458008;25.1713924407959;9.756157875061035;0.29881376028060913;25.021068572998047;25.169267654418945;9.75917911529541;0.2951107395792294;0.9971926809066224;0.800000011920929;0.800000011920929;0.800000011920929
lidar;21.0;39.0;25.021045684814453;25.17543601989746;9.759452819824219;0.2984688878059387;25.02045440673828;25.170516967773438;9.766197204589844;0.2901007038333938;0.998344600278093;0.800000011920929;0.800000011920929;0.800000011920929
lidar;21.0;39.0;25.0207576751709;25.17947006225586;9.762741088867188;0.2982156276702881;25.02104377746582;25.181949615478516;9.759464263916016;0.30233386171008714;0.9991923571291824;0.800000011920929;0.800000011920929;0.800000011920929
lidar;21.0;39.0;25.020469665527344;25.183500289916992;9.766024589538574;0.29805347323417664;25.02012062072754;25.180362701416016;9.770026206970215;0.2929560253118948;0.9997357726006396;0.800000011920929;0.800000011920929;0.800000011920929
lidar;21.0;39.0;25.020183563232422;25.18752670288086;9.769305229187012;0.29798221588134766;25.01830291748047;25.17005729675293;9.79079532623291;0.2702238555690663;0.999974608422259;0.800000011920929;0.800000011920929;0.800000011920929
lidar;21.0;39.0;25.019895553588867;25.191551208496094;9.77258586883545;0.29800179600715637;25.020198822021484;25.194475173950195;9.769115447998047;0.3025502823179176;0.9999088644978509;0.800000011920929;0.800000011920929;0.800000011920929
lidar;21.0;39.0;25.019609451293945;25.195579528808594;9.77586841583252;0.2981121242046356;25.01941680908203;25.19366455078125;9.778061866760254;0.2951942631966145;0.9995385408470983;0.800000011920929;0.800000011920929;0.800000011920929
lidar;21.0;39.0;25.01932144165039;25.199609756469727;9.779153823852539;0.2983134388923645;25.019460678100586;25.201038360595703;9.77757453918457;0.3004460650373598;0.9988637566314297;0.800000011920929;0.800000011920929;0.800000011920929
lidar;21.0;39.0;25.019033432006836;25.203649520874023;9.78244400024414;0.29860609769821167;25.018985748291016;25.203134536743164;9.782994270324707;0.2978516239052137;0.9978846310731327;0.800000011920929;0.800000011920929;0.800000011920929
lidar;21.0;39.0;25.01874542236328;25.20769691467285;9.78574275970459;0.2989904284477234;25.018381118774414;25.203655242919922;9.789910316467285;0.29317419956171803;0.9966016410938746;0.800000011920929;0.800000011920929;0.800000011920929
lidar;21.0;39.0;25.0184326171875;25.211498260498047;9.789307594299316;0.2991027235984802;25.018198013305664;25.20879554748535;9.791999816894531;0.2952805873343041;0.9952894446202833;0.800000011920929;0.800000011920929;0.800000011920929
lidar;21.0;39.0;25.014759063720703;24.788433074951172;9.788949966430664;0.29919931292533875;25.0145206451416;24.791847229003906;9.792353630065918;0.2943735842268566;0.9949678779864253;0.800000011920929;0.800000011920929;0.800000011920929
lidar;21.0;39.0;25.015003204345703;24.792299270629883;9.785443305969238;0.2989966869354248;25.015111923217773;24.790790557861328;9.78388500213623;0.30116832919000813;0.9965811372183135;0.800000011920929;0.800000011920929;0.800000011920929
lidar;21.0;39.0;25.015233993530273;24.79634666442871;9.782140731811523;0.2986123263835907;25.016193389892578;24.783517837524414;9.768417358398438;0.3174228632054741;0.9978637694126586;0.800000011920929;0.800000011920929;0.800000011920929
lidar;21.0;39.0;25.015464782714844;24.800384521484375;9.778844833374023;0.29831981658935547;25.01578140258789;24.796310424804688;9.774330139160156;0.30441006365569684;0.9988425373849404;0.800000011920929;0.800000011920929;0.800000011920929
lidar;21.0;39.0;25.015695571899414;24.80441665649414;9.775554656982422;0.29811856150627136;25.014915466308594;24.814136505126953;9.786709785461426;0.28330285274837996;0.9995169639854075;0.800000011920929;0.800000011920929;0.800000011920929
lidar;21.0;39.0;25.01592445373535;24.808443069458008;9.772268295288086;0.2980083227157593;25.016199111938477;24.805147171020508;9.768349647521973;0.30313658744595134;0.9998869895985528;0.800000011920929;0.800000011920929;0.800000011920929
lidar;21.0;39.0;25.01615333557129;24.812469482421875;9.768982887268066;0.2979888617992401;25.015722274780273;24.81747817993164;9.775153160095215;0.29003012857292426;0.9999523758882767;0.800000011920929;0.800000011920929;0.800000011920929
lidar;21.0;39.0;25.01638412475586;24.816495895385742;9.765697479248047;0.29806023836135864;25.01630973815918;24.817325592041016;9.766756057739258;0.2967138056804402;0.9997132420472429;0.800000011920929;0.800000011920929;0.800000011920929
lidar;21.0;39.0;25.016613006591797;24.820526123046875;9.762409210205078;0.29822245240211487;25.01718521118164;24.814363479614258;9.754251480102539;0.30846158661954015;0.999169528539847;0.800000011920929;0.800000011920929;0.800000011920929
lidar;21.0;39.0;25.016843795776367;24.824560165405273;9.759116172790527;0.29847583174705505;25.01646614074707;24.82849884033203;9.764524459838867;0.2917744288187935;0.9983215331448297;0.800000011920929;0.800000011920929;0.800000011920929
lidar;21.0;39.0;25.017074584960938;24.828603744506836;9.755816459655762;0.29882076382637024;25.017200469970703;24.82733726501465;9.754013061523438;0.30102808409239756;0.9971693156854129;0.800000011920929;0.800000011920929;0.800000011920929
lidar;21.0;39.0;25.01730728149414;24.832656860351562;9.752508163452148;0.2992578148841858;25.0174560546875;24.83120346069336;9.750358581542969;0.3018567485386637;0.9957134127999029;0.800000011920929;0.800000011920929;0.800000011920929
lidar;21.0;39.0;25.017513275146484;24.83695411682129;9.749543190002441;0.29936516284942627;25.01735496520996;24.838428497314453;9.75180721282959;0.29665831766653783;0.9962237477692729;0.800000011920929;0.800000011920929;0.800000011920929
lidar;21.0;39.0;25.017684936523438;24.84157371520996;9.747082710266113;0.29896286129951477;25.01833152770996;24.835779190063477;9.737832069396973;0.30989707825624435;0.997563958305139;0.800000011920929;0.800000011920929;0.800000011920929
lidar;21.0;39.0;25.01785659790039;24.846181869506836;9.744627952575684;0.2986525297164917;25.01770782470703;24.84747314453125;9.746771812438965;0.2961452610521831;0.9986002445107118;0.800000011920929;0.800000011920929;0.800000011920929
lidar;21.0;39.0;25.018028259277344;24.85078239440918;9.742178916931152;0.2984336018562317;25.01742172241211;24.855804443359375;9.7508544921875;0.2883914465853887;0.9993323683772019;0.800000011920929;0.800000011920929;0.800000011920929
lidar;21.0;39.0;25.018199920654297;24.855379104614258;9.739731788635254;0.29830583930015564;25.01828956604004;24.854663848876953;9.738446235656738;0.2997789742744364;0.9997600912996375;0.800000011920929;0.800000011920929;0.800000011920929
lidar;21.0;39.0;25.01837158203125;24.85997200012207;9.737285614013672;0.2982689440250397;25.018739700317383;24.857162475585938;9.732015609741211;0.3042521315085589;0.9998832344966296;0.800000011920929;0.800000011920929;0.800000011920929
lidar;21.0;39.0;25.01854133605957;24.864564895629883;9.73483943939209;0.29832300543785095;25.018409729003906;24.86553192138672;9.736734390258789;0.29619196652490665;0.9997019171848849;0.800000011920929;0.800000011920929;0.800000011920929
lidar;21.0;39.0;25.018712997436523;24.869159698486328;9.732392311096191;0.2984679639339447;25.0185546875;24.87026023864746;9.734643936157227;0.2959563302560183;0.9992159605226549;0.800000011920929;0.800000011920929;0.800000011920929
lidar;21.0;39.0;25.018884658813477;24.873762130737305;9.729941368103027;0.2987041175365448;25.01887321472168;24.873830795288086;9.730088233947754;0.2985420692628872;0.9984257221559374;0.800000011920929;0.800000011920929;0.800000011920929
lidar;21.0;39.0;25.01905632019043;24.878372192382812;9.727486610412598;0.2990317642688751;25.018634796142578;24.881061553955078;9.733509063720703;0.2924234750912395;0.997331261496538;0.800000011920929;0.800000011920929;0.800000011920929
lidar;21.0;39.0;25.019227981567383;24.88299560546875;9.725025177001953;0.2994515001773834;25.02015495300293;24.877349853515625;9.711760520935059;0.3138966243108616;0.9959331158123279;0.800000011920929;0.800000011920929;0.800000011920929
lidar;21.0;39.0;25.019393920898438;24.88767433166504;9.722663879394531;0.29984724521636963;25.02034568786621;24.882156372070312;9.709039688110352;0.31457678582710347;0.9952833058028066;0.800000011920929;0.800000011920929;0.800000011920929
lidar;21.0;39.0;25.019498825073242;24.892696380615234;9.72114372253418;0.2994246780872345;25.019298553466797;24.893802642822266;9.724020957946777;0.2963355534137884;0.9966879486465876;0.800000011920929;0.800000011920929;0.800000011920929
lidar;21.0;39.0;25.01960563659668;24.897703170776367;9.71962833404541;0.2990942895412445;25.017868041992188;24.906770706176758;9.744479179382324;0.27258340488350796;0.9977889058716007;0.800000011920929;0.800000011920929;0.800000011920929
lidar;21.0;39.0;25.019710540771484;24.902708053588867;9.718133926391602;0.29883551597595215;25.020008087158203;24.9012393951416;9.713875770568848;0.3033494583783493;0.9986529350792697;0.800000011920929;0.800000011920929;0.800000011920929
lidar;21.0;39.0;25.019811630249023;24.907718658447266;9.716681480407715;0.29862648248672485;25.019529342651367;24.909034729003906;9.720717430114746;0.2943725268583463;0.9993520975231664;0.800000011920929;0.800000011920929;0.800000011920929
lidar;21.0;39.0;25.019912719726562;24.9127254486084;9.715229988098145;0.29850858449935913;25.019580841064453;24.914182662963867;9.719988822937012;0.2935203411701732;0.9997467398465154;0.800000011920929;0.800000011920929;0.800000011920929
lidar;21.0;39.0;25.0200138092041;24.917728424072266;9.71377944946289;0.29848164319992065;25.020353317260742;24.916336059570312;9.708940505981445;0.3035278918120583;0.999836862101933;0.800000011920929;0.800000011920929;0.800000011920929
lidar;21.0;39.0;25.02011489868164;24.922731399536133;9.712329864501953;0.2985456585884094;25.019193649291992;24.92626953125;9.725503921508789;0.2848731889110198;0.9996224642032228;0.800000011920929;0.800000011920929;0.800000011920929
lidar;21.0;39.0;25.020217895507812;24.927738189697266;9.710878372192383;0.2987006902694702;25.019041061401367;24.93194007873535;9.727692604064941;0.2813292082633607;0.9991035461853626;0.800000011920929;0.800000011920929;0.800000011920929
lidar;21.0;39.0;25.02031898498535;24.932750701904297;9.709424018859863;0.2989470660686493;25.020036697387695;24.933683395385742;9.713451385498047;0.29480371739175726;0.9982802867961199;0.800000011920929;0.800000011920929;0.800000011920929
lidar;21.0;39.0;25.02042007446289;24.937774658203125;9.707967758178711;0.29928508400917053;25.02117156982422;24.93548583984375;9.697220802307129;0.3102995007005447;0.9971529842419073;0.800000011920929;0.800000011920929;0.800000011920929
lidar;21.0;39.0;25.020523071289062;24.942811965942383;9.706507682800293;0.29971519112586975;25.020288467407227;24.943464279174805;9.709856986999512;0.2962952200594529;0.9957218765370155;0.800000011920929;0.800000011920929;0.800000011920929
lidar;21.0;39.0;25.020591735839844;24.947948455810547;9.705521583557129;0.2997514307498932;25.020143508911133;24.949081420898438;9.711929321289062;0.2932284898479902;0.9959622621952494;0.800000011920929;0.800000011920929;0.800000011920929
lidar;21.0;39.0;25.0206241607666;24.953170776367188;9.705049514770508;0.2993559241294861;25.020414352416992;24.953649520874023;9.708066940307617;0.29629384213175;0.9972784521123016;0.800000011920929;0.800000011920929;0.800000011920929
lidar;21.0;39.0;25.02065658569336;24.95838165283203;9.704596519470215;0.29903507232666016;25.020864486694336;24.957962036132812;9.701619148254395;0.30204860132686423;0.9983484744529626;0.800000011920929;0.800000011920929;0.800000011920929
lidar;21.0;39.0;25.020689010620117;24.963584899902344;9.704143524169922;0.2988060414791107;25.02096176147461;24.963102340698242;9.700226783752441;0.30276235544479;0.9991143942599158;0.800000011920929;0.800000011920929;0.800000011920929
lidar;21.0;39.0;25.020719528198242;24.968780517578125;9.703691482543945;0.2986680269241333;25.019689559936523;24.970335006713867;9.718435287475586;0.2838067376960864;0.9995759725778646;0.800000011920929;0.800000011920929;0.800000011920929
lidar;21.0;39.0;25.020748138427734;24.97397804260254;9.703293800354004;0.2985672056674957;25.020404815673828;24.974407196044922;9.708182334899902;0.29364808340518256;0.9999136924713492;0.800000011920929;0.800000011920929;0.800000011920929
lidar;21.0;39.0;25.020774841308594;24.97917366027832;9.702898025512695;0.2985551059246063;25.02078628540039;24.979162216186523;9.702729225158691;0.2987244500218772;0.9999544620480533;0.800000011920929;0.800000011920929;0.800000011920929
lidar;21.0;39.0;25.020797729492188;24.984375;9.702571868896484;0.29856327176094055;25.02024269104004;24.984790802001953;9.710514068603516;0.29059136584501977;0.999927043911073;0.800000011920929;0.800000011920929;0.800000011920929
lidar;21.0;39.0;25.020816802978516;24.989578247070312;9.702302932739258;0.29860565066337585;25.02008628845215;24.989944458007812;9.712743759155273;0.28813355266519747;0.999784946452409;0.800000011920929;0.800000011920929;0.800000011920929
lidar;21.0;39.0;25.020830154418945;24.994787216186523;9.702122688293457;0.2986503541469574;25.020448684692383;24.994882583618164;9.707572937011719;0.2931853381413589;0.9996352791551252;0.800000011920929;0.800000011920929;0.800000011920929
lidar;21.0;39.0;25.02083396911621;25.0;9.702052116394043;0.2986755073070526;25.020954132080078;25.0;9.700334548950195;0.3003970013550455;0.9995512962369434;0.800000011920929;0.800000011920929;0.800000011920929
lidar;21.0;39.0;25.020830154418945;25.005212783813477;9.702122688293457;0.298650324344635;25.021562576293945;25.005395889282227;9.691634178161621;0.3091662939809713;0.9996352791551252;0.800000011920929;0.800000011920929;0.800000011920929
lidar;21.0;39.0;25.020816802978516;25.010421752929688;9.702302932739258;0.29860565066337585;25.020645141601562;25.01033592224121;9.70474910736084;0.29615187781138774;0.999784946452409;0.800000011920929;0.800000011920929;0.800000011920929
lidar;21.0;39.0;25.020797729492188;25.015625;9.702571868896484;0.29856327176094055;25.021150588989258;25.01589012145996;9.697542190551758;0.3036129081678157;0.999927043911073;0.800000011920929;0.800000011920929;0.800000011920929
lidar;21.0;39.0;25.020774841308594;25.02082633972168;9.702898025512695;0.2985551059246063;25.021629333496094;25.021682739257812;9.690695762634277;0.3108169092467226;0.9999544620480533;0.800000011920929;0.800000011920929;0.800000011920929
lidar;21.0;39.0;25.020748138427734;25.02602195739746;9.703293800354004;0.29856717586517334;25.020828247070312;25.026123046875;9.702141761779785;0.2997259142772414;0.9999136924713492;0.800000011920929;0.800000011920929;0.800000011920929
lidar;21.0;39.0;25.020719528198242;25.031219482421875;9.703691482543945;0.2986680269241333;25.020299911499023;25.03058624267578;9.70970630645752;0.29260505229573325;0.9995759725778646;0.800000011920929;0.800000011920929;0.800000011920929
lidar;21.0;39.0;25.020689010620117;25.036415100097656;9.704143524169922;0.29880598187446594;25.020565032958984;25.03619956970215;9.70590591430664;0.29702654628964253;0.9991143942599158;0.800000011920929;0.800000011920929;0.800000011920929
lidar;21.0;39.0;25.02065658569336;25.04161834716797;9.704596519470215;0.29903507232666016;25.021005630493164;25.042320251464844;9.699614524841309;0.30407833284233476;0.9983484744529626;0.800000011920929;0.800000011920929;0.800000011920929
lidar;21.0;39.0;25.0206241607666;25.046829223632812;9.705049514770508;0.2993559241294861;25.020112991333008;25.045665740966797;9.712379455566406;0.2919168847320078;0.9972784521123016;0.800000011920929;0.800000011920929;0.800000011920929
lidar;21.0;39.0;25.020591735839844;25.052051544189453;9.705521583557129;0.2997514009475708;25.021425247192383;25.05415916442871;9.693601608276367;0.3118849585385861;0.9959622621952494;0.800000011920929;0.800000011920929;0.800000011920929
lidar;21.0;39.0;25.020523071289062;25.057188034057617;9.706507682800293;0.29971519112586975;25.020244598388672;25.05640983581543;9.710501670837402;0.29563675842324705;0.9957219364311811;0.800000011920929;0.800000011920929;0.800000011920929
lidar;21.0;39.0;25.02042007446289;25.062225341796875;9.707968711853027;0.29928499460220337;25.018888473510742;25.057554244995117;9.729889869689941;0.27681926843552557;0.9971529842419073;0.800000011920929;0.800000011920929;0.800000011920929
lidar;21.0;39.0;25.02031898498535;25.067249298095703;9.70942497253418;0.2989470064640045;25.020360946655273;25.067384719848633;9.708836555480957;0.2995518376000877;0.9982802867961199;0.800000011920929;0.800000011920929;0.800000011920929
lidar;21.0;39.0;25.020217895507812;25.072261810302734;9.710878372192383;0.2987006604671478;25.018232345581055;25.065168380737305;9.739263534545898;0.26937519214625805;0.9991035461853626;0.800000011920929;0.800000011920929;0.800000011920929
lidar;21.0;39.0;25.02011489868164;25.077268600463867;9.712329864501953;0.29854556918144226;25.019750595092773;25.075868606567383;9.717543601989746;0.2931344168653526;0.9996224642032228;0.800000011920929;0.800000011920929;0.800000011920929
lidar;21.0;39.0;25.0200138092041;25.082271575927734;9.71377944946289;0.29848161339759827;25.01972007751465;25.0810604095459;9.71799373626709;0.2940876974248743;0.999836862101933;0.800000011920929;0.800000011920929;0.800000011920929
lidar;21.0;39.0;25.019912719726562;25.0872745513916;9.715229988098145;0.29850858449935913;25.020219802856445;25.0886173248291;9.710848808288574;0.3031011426422234;0.9997467398465154;0.800000011920929;0.800000011920929;0.800000011920929
lidar;21.0;39.0;25.019811630249023;25.092281341552734;9.716681480407715;0.29862645268440247;25.0187931060791;25.08753204345703;9.731257438659668;0.2832622793311391;0.9993520975231664;0.800000011920929;0.800000011920929;0.800000011920929
lidar;21.0;39.0;25.019710540771484;25.097291946411133;9.718133926391602;0.29883551597595215;25.020225524902344;25.09983253479004;9.710772514343262;0.30664012025434134;0.9986529350792697;0.800000011920929;0.800000011920929;0.800000011920929
lidar;21.0;39.0;25.01960563659668;25.102296829223633;9.71962833404541;0.2990942597389221;25.019262313842773;25.100502014160156;9.724547386169434;0.2938465324387545;0.9977888464488582;0.800000011920929;0.800000011920929;0.800000011920929
lidar;21.0;39.0;25.019498825073242;25.107303619384766;9.72114372253418;0.2994247078895569;25.019615173339844;25.107938766479492;9.719494819641113;0.3011953655632691;0.9966878892691071;0.800000011920929;0.800000011920929;0.800000011920929
lidar;21.0;39.0;25.019393920898438;25.11232566833496;9.722663879394531;0.29984724521636963;25.019861221313477;25.11503791809082;9.715965270996094;0.30708968239483936;0.9952832458111669;0.800000011920929;0.800000011920929;0.800000011920929
lidar;21.0;39.0;25.019227981567383;25.11700439453125;9.725025177001953;0.2994515299797058;25.01932716369629;25.117610931396484;9.723603248596191;0.30099966874290796;0.9959331158123279;0.800000011920929;0.800000011920929;0.800000011920929
lidar;21.0;39.0;25.01905632019043;25.121627807617188;9.727486610412598;0.2990318834781647;25.02031135559082;25.129634857177734;9.709545135498047;0.31871875280598744;0.997331261496538;0.800000011920929;0.800000011920929;0.800000011920929
lidar;21.0;39.0;25.018884658813477;25.126237869262695;9.729941368103027;0.29870420694351196;25.019636154174805;25.131261825561523;9.719194412231445;0.3105915527305819;0.9984257221559374;0.800000011920929;0.800000011920929;0.800000011920929
lidar;21.0;39.0;25.018712997436523;25.130840301513672;9.732392311096191;0.29846811294555664;25.018503189086914;25.12937355041504;9.735389709472656;0.2951246352562032;0.9992159605226549;0.800000011920929;0.800000011920929;0.800000011920929
lidar;21.0;39.0;25.01854133605957;25.135435104370117;9.73483943939209;0.2983231842517853;25.018661499023438;25.13631820678711;9.733113288879395;0.30026563776420434;0.9997018575630098;0.800000011920929;0.800000011920929;0.800000011920929
lidar;21.0;39.0;25.01837158203125;25.14002799987793;9.737285614013672;0.2982691824436188;25.018144607543945;25.1382999420166;9.740527153015137;0.29458847773254054;0.9998832344966296;0.800000011920929;0.800000011920929;0.800000011920929
lidar;21.0;39.0;25.018199920654297;25.144620895385742;9.739730834960938;0.29830601811408997;25.018159866333008;25.144302368164062;9.74030590057373;0.29764705229178484;0.9997600912996375;0.800000011920929;0.800000011920929;0.800000011920929
lidar;21.0;39.0;25.018028259277344;25.14921760559082;9.742177963256836;0.29843372106552124;25.01809310913086;25.149749755859375;9.74125862121582;0.2994980882500681;0.9993323683772019;0.800000011920929;0.800000011920929;0.800000011920929
lidar;21.0;39.0;25.01785659790039;25.153818130493164;9.744627952575684;0.29865261912345886;25.017892837524414;25.15412139892578;9.744122505187988;0.29924381027005253;0.9986002445107118;0.800000011920929;0.800000011920929;0.800000011920929
lidar;21.0;39.0;25.017684936523438;25.15842628479004;9.747082710266113;0.29896292090415955;25.01752471923828;25.1569766998291;9.749394416809082;0.2962296306057467;0.997563958305139;0.800000011920929;0.800000011920929;0.800000011920929
lidar;21.0;39.0;25.017513275146484;25.16304588317871;9.749543190002441;0.29936519265174866;25.016878128051758;25.157127380371094;9.758635520935059;0.28849751908527926;0.9962237477692729;0.800000011920929;0.800000011920929;0.800000011920929
lidar;21.0;39.0;25.01730728149414;25.167343139648438;9.752508163452148;0.2992577850818634;25.018096923828125;25.174985885620117;9.741205215454102;0.3129256187522919;0.9957134720640434;0.800000011920929;0.800000011920929;0.800000011920929
lidar;21.0;39.0;25.017074584960938;25.171396255493164;9.755816459655762;0.29882076382637024;25.017004013061523;25.17069435119629;9.756815910339355;0.29759757308536605;0.9971693156854129;0.800000011920929;0.800000011920929;0.800000011920929
lidar;21.0;39.0;25.016843795776367;25.175439834594727;9.759116172790527;0.29847586154937744;25.016836166381836;25.17536163330078;9.759222984313965;0.29834369098700436;0.9983215331448297;0.800000011920929;0.800000011920929;0.800000011920929
lidar;21.0;39.0;25.016613006591797;25.179473876953125;9.762409210205078;0.29822248220443726;25.016904830932617;25.182621002197266;9.758243560791016;0.3034506512543114;0.999169528539847;0.800000011920929;0.800000011920929;0.800000011920929
lidar;21.0;39.0;25.01638412475586;25.183504104614258;9.765697479248047;0.29806020855903625;25.015727996826172;25.176149368286133;9.7750883102417;0.28611454082099;0.9997132420472429;0.800000011920929;0.800000011920929;0.800000011920929
lidar;21.0;39.0;25.01615333557129;25.187530517578125;9.768982887268066;0.2979888617992401;25.0168399810791;25.195497512817383;9.759169578552246;0.3106478145669691;0.9999523758882767;0.800000011920929;0.800000011920929;0.800000011920929
lidar;21.0;39.0;25.01592445373535;25.191556930541992;9.772268295288086;0.29800835251808167;25.016347885131836;25.1966609954834;9.766199111938477;0.3059501601419736;0.9998869895985528;0.800000011920929;0.800000011920929;0.800000011920929
lidar;21.0;39.0;25.015695571899414;25.19558334350586;9.775555610656738;0.2981185019016266;25.015625;25.1947078704834;9.77656078338623;0.29678299189533003;0.9995169639854075;0.800000011920929;0.800000011920929;0.800000011920929
lidar;21.0;39.0;25.015464782714844;25.199615478515625;9.778844833374023;0.29831981658935547;25.01510238647461;25.194931030273438;9.784034729003906;0.2913191752873729;0.9988425373849404;0.800000011920929;0.800000011920929;0.800000011920929
lidar;21.0;39.0;25.015233993530273;25.20365333557129;9.782140731811523;0.2986123561859131;25.015193939208984;25.2031192779541;9.782712936401367;0.297828033726125;0.9978637694126586;0.800000011920929;0.800000011920929;0.800000011920929
lidar;21.0;39.0;25.015003204345703;25.207700729370117;9.785443305969238;0.29899662733078003;25.014734268188477;25.203975677490234;9.789291381835938;0.29363539942596;0.9965811372183135;0.800000011920929;0.800000011920929;0.800000011920929
lidar;21.0;39.0;25.014759063720703;25.211566925048828;9.788949966430664;0.29919931292533875;25.01491355895996;25.21380615234375;9.786715507507324;0.3023666546589182;0.9949679377067765;0.800000011920929;0.800000011920929;0.800000011920929
lidar;21.0;39.0;25.011077880859375;24.7883358001709;9.788626670837402;0.29933732748031616;25.010984420776367;24.79010009765625;9.790389060974121;0.2968419399729914;0.9945092798722966;0.800000011920929;0.800000011920929;0.800000011920929
lidar;21.0;39.0;25.011259078979492;24.792259216308594;9.785173416137695;0.2990536689758301;25.011728286743164;24.783607482910156;9.776225090026855;0.3115100050561078;0.9963909982052515;0.800000011920929;0.800000011920929;0.800000011920929
lidar;21.0;39.0;25.011432647705078;24.796306610107422;9.781866073608398;0.2986702024936676;25.0117130279541;24.79131317138672;9.776516914367676;0.30599432198524934;0.9976704715788306;0.800000011920929;0.800000011920929;0.800000011920929
lidar;21.0;39.0;25.01160430908203;24.80034637451172;9.778565406799316;0.29837849736213684;25.011642456054688;24.799713134765625;9.777862548828125;0.29932511483625346;0.9986460804193642;0.800000011920929;0.800000011920929;0.800000011920929
lidar;21.0;39.0;25.011777877807617;24.804378509521484;9.775270462036133;0.298178106546402;25.012189865112305;24.79753875732422;9.767414093017578;0.3086023687866188;0.9993175267488552;0.800000011920929;0.800000011920929;0.800000011920929
lidar;21.0;39.0;25.01194953918457;24.80840492248535;9.771979331970215;0.298068642616272;25.01205062866211;24.806804656982422;9.770073890686035;0.3005592236695899;0.9996845126330647;0.800000011920929;0.800000011920929;0.800000011920929
lidar;21.0;39.0;25.012123107910156;24.81243133544922;9.768689155578613;0.29805007576942444;25.012117385864258;24.81250762939453;9.768783569335938;0.29792770464915624;0.9997469782621645;0.800000011920929;0.800000011920929;0.800000011920929
lidar;21.0;39.0;25.01229476928711;24.816457748413086;9.765398025512695;0.2981223464012146;25.012235641479492;24.817340850830078;9.766526222229004;0.29668852576276145;0.9995049238041015;0.800000011920929;0.800000011920929;0.800000011920929
lidar;21.0;39.0;25.012468338012695;24.82048797607422;9.762104988098145;0.29828551411628723;25.01322364807129;24.809612274169922;9.747693061828613;0.3163555071865771;0.9989584088128398;0.800000011920929;0.800000011920929;0.800000011920929
lidar;21.0;39.0;25.01263999938965;24.824522018432617;9.758807182312012;0.29853981733322144;25.01216697692871;24.831092834472656;9.767837524414062;0.2873629279242637;0.998107671734637;0.800000011920929;0.800000011920929;0.800000011920929
lidar;21.0;39.0;25.012813568115234;24.82856559753418;9.755502700805664;0.298885703086853;25.012914657592773;24.82722282409668;9.753585815429688;0.30122870927747164;0.9969527722957701;0.800000011920929;0.800000011920929;0.800000011920929
lidar;21.0;39.0;25.01298713684082;24.83262062072754;9.752189636230469;0.29932358860969543;25.013002395629883;24.832412719726562;9.751882553100586;0.2996945844775487;0.9954942464386108;0.800000011920929;0.800000011920929;0.800000011920929
lidar;21.0;39.0;25.013137817382812;24.836971282958984;9.749302864074707;0.2993322014808655;25.013341903686523;24.83444595336914;9.7454195022583;0.3039695090774315;0.9963333603732553;0.800000011920929;0.800000011920929;0.800000011920929
lidar;21.0;39.0;25.013267517089844;24.841590881347656;9.746840476989746;0.2989296615123749;25.012672424316406;24.848691940307617;9.75818920135498;0.2855293259706485;0.9976748227955133;0.800000011920929;0.800000011920929;0.800000011920929
lidar;21.0;39.0;25.013397216796875;24.84619903564453;9.744384765625;0.29861894249916077;25.01358985900879;24.843978881835938;9.740691184997559;0.3029332250778839;0.998712301299071;0.800000011920929;0.800000011920929;0.800000011920929
lidar;21.0;39.0;25.013525009155273;24.850799560546875;9.741931915283203;0.29839974641799927;25.01300048828125;24.85658836364746;9.751945495605469;0.28682166909250306;0.9994455575733585;0.800000011920929;0.800000011920929;0.800000011920929
lidar;21.0;39.0;25.013652801513672;24.85539436340332;9.739482879638672;0.29827168583869934;25.013717651367188;24.854711532592773;9.738251686096191;0.29968209736911045;0.9998744130168197;0.800000011920929;0.800000011920929;0.800000011920929
lidar;21.0;39.0;25.01378059387207;24.859987258911133;9.737035751342773;0.2982344925403595;25.013948440551758;24.85828399658203;9.73383617401123;0.3018625997502157;0.9999986886978423;0.800000011920929;0.800000011920929;0.800000011920929
lidar;21.0;39.0;25.0139102935791;24.864580154418945;9.734587669372559;0.2982882559299469;25.01376724243164;24.865964889526367;9.737302780151367;0.29523675981419945;0.9998183250581673;0.800000011920929;0.800000011920929;0.800000011920929
lidar;21.0;39.0;25.0140380859375;24.86917495727539;9.732137680053711;0.2984327971935272;25.013290405273438;24.876142501831055;9.746400833129883;0.2825418073803987;0.9993335008269008;0.800000011920929;0.800000011920929;0.800000011920929
lidar;21.0;39.0;25.0141658782959;24.873777389526367;9.729684829711914;0.29866868257522583;25.01339340209961;24.880661010742188;9.744427680969238;0.2823802600781894;0.9985442160816782;0.800000011920929;0.800000011920929;0.800000011920929
lidar;21.0;39.0;25.01429557800293;24.878387451171875;9.727228164672852;0.29899606108665466;25.014259338378906;24.87868881225586;9.727903366088867;0.2982551997650688;0.9974506497319963;0.800000011920929;0.800000011920929;0.800000011920929
lidar;21.0;39.0;25.01442527770996;24.88300895690918;9.724764823913574;0.2994154095649719;25.013620376586914;24.889524459838867;9.740093231201172;0.28274042662984467;0.996053457197301;0.800000011920929;0.800000011920929;0.800000011920929
lidar;21.0;39.0;25.014543533325195;24.88772964477539;9.722501754760742;0.2997017800807953;25.014972686767578;24.884410858154297;9.7142972946167;0.30856314625195663;0.9957666399302735;0.800000011920929;0.800000011920929;0.800000011920929
lidar;21.0;39.0;25.014623641967773;24.89274787902832;9.720982551574707;0.2992785573005676;25.015663146972656;24.885116577148438;9.701128005981445;0.3205747904029679;0.9971745612121963;0.800000011920929;0.800000011920929;0.800000011920929
lidar;21.0;39.0;25.01470184326172;24.897754669189453;9.719466209411621;0.2989475429058075;25.01384162902832;24.90373992919922;9.73588752746582;0.28144805079008867;0.9982787966734621;0.800000011920929;0.800000011920929;0.800000011920929
lidar;21.0;39.0;25.014781951904297;24.90275001525879;9.717952728271484;0.2987081706523895;25.014972686767578;24.901493072509766;9.714308738708496;0.30256800795934397;0.9990788102357544;0.800000011920929;0.800000011920929;0.800000011920929
lidar;21.0;39.0;25.014860153198242;24.907739639282227;9.716442108154297;0.2985599935054779;25.014671325683594;24.908916473388672;9.72005558013916;0.29475515040153827;0.999574601660903;0.800000011920929;0.800000011920929;0.800000011920929
lidar;21.0;39.0;25.01494026184082;24.9127254486084;9.71493148803711;0.2985028028488159;25.015073776245117;24.91193962097168;9.712359428405762;0.30119633341266605;0.9997658729435239;0.800000011920929;0.800000011920929;0.800000011920929
lidar;21.0;39.0;25.015018463134766;24.917713165283203;9.713421821594238;0.29853662848472595;25.015125274658203;24.917129516601562;9.711390495300293;0.300652238129378;0.999652624146033;0.800000011920929;0.800000011920929;0.800000011920929
lidar;21.0;39.0;25.015098571777344;24.922700881958008;9.711910247802734;0.2986614406108856;25.014463424682617;24.925949096679688;9.724016189575195;0.28611109751926095;0.9992348551660541;0.800000011920929;0.800000011920929;0.800000011920929
lidar;21.0;39.0;25.015174865722656;24.927705764770508;9.710441589355469;0.2988327741622925;25.015504837036133;24.926137924194336;9.70416259765625;0.3053129551851686;0.9986618160824443;0.800000011920929;0.800000011920929;0.800000011920929
lidar;21.0;39.0;25.01525115966797;24.932722091674805;9.708984375;0.29907989501953125;25.01552391052246;24.9315185546875;9.703781127929688;0.3044278105076911;0.9978367092119792;0.800000011920929;0.800000011920929;0.800000011920929
lidar;21.0;39.0;25.01532745361328;24.937747955322266;9.707525253295898;0.29941868782043457;25.015153884887695;24.93844985961914;9.710830688476562;0.2960355846029576;0.9967076779037783;0.800000011920929;0.800000011920929;0.800000011920929
lidar;21.0;39.0;25.015403747558594;24.942785263061523;9.706063270568848;0.29984962940216064;25.015377044677734;24.942886352539062;9.706578254699707;0.2993241168652816;0.9952750204649347;0.800000011920929;0.800000011920929;0.800000011920929
lidar;21.0;39.0;25.015439987182617;24.94797706604004;9.705370903015137;0.29958489537239075;25.01515007019043;24.948957443237305;9.710922241210938;0.29393984145537394;0.996516048732736;0.800000011920929;0.800000011920929;0.800000011920929
lidar;21.0;39.0;25.015466690063477;24.95319366455078;9.704877853393555;0.29921120405197144;25.015872955322266;24.951961517333984;9.697111129760742;0.30708498356235414;0.99776065356985;0.800000011920929;0.800000011920929;0.800000011920929
lidar;21.0;39.0;25.015493392944336;24.958396911621094;9.704385757446289;0.2989293932914734;25.015886306762695;24.95734214782715;9.696887969970703;0.306510668668603;0.9987013935325231;0.800000011920929;0.800000011920929;0.800000011920929
lidar;21.0;39.0;25.015518188476562;24.963594436645508;9.703901290893555;0.29873135685920715;25.015913009643555;24.962669372558594;9.696383476257324;0.3063166681665033;0.9993640185021619;0.800000011920929;0.800000011920929;0.800000011920929
lidar;21.0;39.0;25.015541076660156;24.968788146972656;9.703449249267578;0.29859328269958496;25.015779495239258;24.968311309814453;9.698908805847168;0.3031648472100641;0.9998261332666865;0.800000011920929;0.800000011920929;0.800000011920929
lidar;21.0;39.0;25.015565872192383;24.973979949951172;9.702997207641602;0.29854628443717957;25.015453338623047;24.974166870117188;9.705135345458984;0.29639742292829846;0.9999836087234456;0.800000011920929;0.800000011920929;0.800000011920929
lidar;21.0;39.0;25.015586853027344;24.97917366027832;9.702571868896484;0.2985634505748749;25.015480041503906;24.97931671142578;9.704622268676758;0.29650529538014303;0.9999263882678292;0.800000011920929;0.800000011920929;0.800000011920929
lidar;21.0;39.0;25.015607833862305;24.984371185302734;9.702176094055176;0.2986423075199127;25.016319274902344;24.983657836914062;9.68861198425293;0.3122434725492494;0.9996624589057953;0.800000011920929;0.800000011920929;0.800000011920929
lidar;21.0;39.0;25.015625;24.989574432373047;9.701849937438965;0.29874101281166077;25.015058517456055;24.989952087402344;9.712654113769531;0.28791594680377663;0.9993323683772019;0.800000011920929;0.800000011920929;0.800000011920929
lidar;21.0;39.0;25.015636444091797;24.99478530883789;9.701630592346191;0.2988242506980896;25.016185760498047;24.99460220336914;9.69117546081543;0.30929547646598665;0.9990538358228691;0.800000011920929;0.800000011920929;0.800000011920929
lidar;21.0;39.0;25.015642166137695;25.0;9.70154094696045;0.2988690435886383;25.01559066772461;25.0;9.702493667602539;0.2979149942196753;0.9989041089717636;0.800000011920929;0.800000011920929;0.800000011920929
lidar;21.0;39.0;25.015636444091797;25.00521469116211;9.701630592346191;0.2988242506980896;25.014963150024414;25.004989624023438;9.714492797851562;0.28594229603449456;0.9990538358228691;0.800000011920929;0.800000011920929;0.800000011920929
lidar;21.0;39.0;25.015625;25.010425567626953;9.701849937438965;0.29874101281166077;25.015047073364258;25.010040283203125;9.712874412536621;0.2876947256449686;0.9993323683772019;0.800000011920929;0.800000011920929;0.800000011920929
lidar;21.0;39.0;25.015607833862305;25.015628814697266;9.70217514038086;0.2986423373222351;25.015317916870117;25.015338897705078;9.70771598815918;0.2930868794936239;0.9996624589057953;0.800000011920929;0.800000011920929;0.800000011920929
lidar;21.0;39.0;25.015586853027344;25.02082633972168;9.702571868896484;0.2985634505748749;25.015457153320312;25.020654678344727;9.705042839050293;0.2960832496895625;0.9999263882678292;0.800000011920929;0.800000011920929;0.800000011920929
lidar;21.0;39.0;25.015565872192383;25.026020050048828;9.702997207641602;0.29854628443717957;25.015939712524414;25.026647567749023;9.695840835571289;0.30573965593069596;0.9999836087234456;0.800000011920929;0.800000011920929;0.800000011920929
lidar;21.0;39.0;25.015541076660156;25.031211853027344;9.703449249267578;0.29859328269958496;25.01656723022461;25.03327178955078;9.683870315551758;0.3183069475163231;0.9998261332666865;0.800000011920929;0.800000011920929;0.800000011920929
lidar;21.0;39.0;25.015518188476562;25.036405563354492;9.703901290893555;0.29873135685920715;25.014801025390625;25.034725189208984;9.717573165893555;0.28493817990296966;0.9993640185021619;0.800000011920929;0.800000011920929;0.800000011920929
lidar;21.0;39.0;25.015493392944336;25.041603088378906;9.704385757446289;0.2989293932914734;25.016050338745117;25.043100357055664;9.693748474121094;0.30968614503646774;0.9987013935325231;0.800000011920929;0.800000011920929;0.800000011920929
lidar;21.0;39.0;25.015466690063477;25.04680633544922;9.704877853393555;0.29921120405197144;25.014263153076172;25.043167114257812;9.727823257446289;0.27594812003091557;0.99776065356985;0.800000011920929;0.800000011920929;0.800000011920929
lidar;21.0;39.0;25.015439987182617;25.05202293395996;9.705370903015137;0.29958489537239075;25.015186309814453;25.05116844177246;9.71020793914795;0.29466627691701625;0.996516048732736;0.800000011920929;0.800000011920929;0.800000011920929
lidar;21.0;39.0;25.015403747558594;25.057214736938477;9.706063270568848;0.29984962940216064;25.015583038330078;25.05787467956543;9.702667236328125;0.3033134145535152;0.9952750204649347;0.800000011920929;0.800000011920929;0.800000011920929
lidar;21.0;39.0;25.01532745361328;25.062252044677734;9.707526206970215;0.2994186282157898;25.015466690063477;25.062820434570312;9.704856872558594;0.3021508138000202;0.9967076779037783;0.800000011920929;0.800000011920929;0.800000011920929
lidar;21.0;39.0;25.01525115966797;25.067277908325195;9.708985328674316;0.2990798354148865;25.015413284301758;25.067989349365234;9.705912590026855;0.30223751490118345;0.9978367092119792;0.800000011920929;0.800000011920929;0.800000011920929
lidar;21.0;39.0;25.015174865722656;25.072294235229492;9.710441589355469;0.2988327443599701;25.014814376831055;25.070575714111328;9.717325210571289;0.2917281968613072;0.9986618160824443;0.800000011920929;0.800000011920929;0.800000011920929
lidar;21.0;39.0;25.015098571777344;25.077299118041992;9.711910247802734;0.29866141080856323;25.014202117919922;25.072710037231445;9.72901725769043;0.2809265860734588;0.9992348551660541;0.800000011920929;0.800000011920929;0.800000011920929
lidar;21.0;39.0;25.015018463134766;25.082286834716797;9.713420867919922;0.29853665828704834;25.015625;25.08560562133789;9.701868057250977;0.3105723218535688;0.9996525645462706;0.800000011920929;0.800000011920929;0.800000011920929
lidar;21.0;39.0;25.01494026184082;25.0872745513916;9.71493148803711;0.2985028624534607;25.015531539916992;25.090728759765625;9.703645706176758;0.3103203424388011;0.9997658729435239;0.800000011920929;0.800000011920929;0.800000011920929
lidar;21.0;39.0;25.014860153198242;25.092260360717773;9.716442108154297;0.2985600233078003;25.0154972076416;25.096216201782227;9.704280853271484;0.3113644899721329;0.999574601660903;0.800000011920929;0.800000011920929;0.800000011920929
lidar;21.0;39.0;25.014781951904297;25.09724998474121;9.717952728271484;0.2987082004547119;25.014328002929688;25.09426498413086;9.72661304473877;0.2895368874772367;0.9990788102357544;0.800000011920929;0.800000011920929;0.800000011920929
lidar;21.0;39.0;25.01470184326172;25.102245330810547;9.719466209411621;0.29894760251045227;25.014862060546875;25.103355407714844;9.716421127319336;0.3021924411839081;0.9982787966734621;0.800000011920929;0.800000011920929;0.800000011920929
lidar;21.0;39.0;25.014623641967773;25.10725212097168;9.720982551574707;0.2992786169052124;25.01432991027832;25.105100631713867;9.726576805114746;0.2932775255772562;0.9971745612121963;0.800000011920929;0.800000011920929;0.800000011920929
lidar;21.0;39.0;25.014543533325195;25.11227035522461;9.722502708435059;0.2997017502784729;25.014522552490234;25.112110137939453;9.722896575927734;0.29927606714078075;0.9957666399302735;0.800000011920929;0.800000011920929;0.800000011920929
lidar;21.0;39.0;25.01442527770996;25.11699104309082;9.724764823913574;0.2994154393672943;25.015031814575195;25.12192153930664;9.713163375854492;0.31203540772040717;0.996053457197301;0.800000011920929;0.800000011920929;0.800000011920929
lidar;21.0;39.0;25.01429557800293;25.121612548828125;9.727228164672852;0.2989961504936218;25.01464080810547;25.124557495117188;9.720622062683105;0.3062366120781582;0.9974506497319963;0.800000011920929;0.800000011920929;0.800000011920929
lidar;21.0;39.0;25.0141658782959;25.126222610473633;9.729684829711914;0.2986688017845154;25.013669967651367;25.121801376342773;9.739156723022461;0.28820420090436494;0.9985442160816782;0.800000011920929;0.800000011920929;0.800000011920929
lidar;21.0;39.0;25.0140380859375;25.13082504272461;9.732137680053711;0.2984330356121063;25.014005661010742;25.130529403686523;9.732742309570312;0.29775977953287014;0.9993335008269008;0.800000011920929;0.800000011920929;0.800000011920929
lidar;21.0;39.0;25.0139102935791;25.135419845581055;9.734587669372559;0.2982884645462036;25.01426887512207;25.138912200927734;9.727745056152344;0.30597837819993184;0.9998183846638937;0.800000011920929;0.800000011920929;0.800000011920929
lidar;21.0;39.0;25.01378059387207;25.140012741088867;9.737034797668457;0.2982347011566162;25.01399040222168;25.142131805419922;9.733054161071777;0.3027495688104992;0.9999986886978423;0.800000011920929;0.800000011920929;0.800000011920929
lidar;21.0;39.0;25.013652801513672;25.14460563659668;9.739482879638672;0.29827189445495605;25.013593673706055;25.143972396850586;9.740622520446777;0.296967838932838;0.9998744130168197;0.800000011920929;0.800000011920929;0.800000011920929
lidar;21.0;39.0;25.013525009155273;25.149200439453125;9.741931915283203;0.298399955034256;25.0134220123291;25.1480655670166;9.74389362335205;0.2961316802045651;0.9994455575733585;0.800000011920929;0.800000011920929;0.800000011920929
lidar;21.0;39.0;25.013397216796875;25.15380096435547;9.744383811950684;0.2986190617084503;25.012746810913086;25.146345138549805;9.756775856018066;0.28414302973034783;0.998712301299071;0.800000011920929;0.800000011920929;0.800000011920929
lidar;21.0;39.0;25.013267517089844;25.158409118652344;9.746840476989746;0.29892969131469727;25.01345443725586;25.160646438598633;9.743263244628906;0.30315422834728467;0.9976748227955133;0.800000011920929;0.800000011920929;0.800000011920929
lidar;21.0;39.0;25.013137817382812;25.163028717041016;9.749302864074707;0.29933226108551025;25.013193130493164;25.1636962890625;9.748273849487305;0.30056079378919726;0.9963333603732553;0.800000011920929;0.800000011920929;0.800000011920929
lidar;21.0;39.0;25.01298713684082;25.16737937927246;9.752189636230469;0.29932358860969543;25.012039184570312;25.1551513671875;9.770294189453125;0.277455747710111;0.9954942464386108;0.800000011920929;0.800000011920929;0.800000011920929
lidar;21.0;39.0;25.012813568115234;25.17143440246582;9.755502700805664;0.29888564348220825;25.012298583984375;25.164533615112305;9.765342712402344;0.2868563776180987;0.9969528315779999;0.800000011920929;0.800000011920929;0.800000011920929
lidar;21.0;39.0;25.01263999938965;25.175477981567383;9.758807182312012;0.29853975772857666;25.012197494506836;25.16933250427246;9.767251968383789;0.28808701094673583;0.998107671734637;0.800000011920929;0.800000011920929;0.800000011920929
lidar;21.0;39.0;25.012468338012695;25.17951202392578;9.762104988098145;0.29828548431396484;25.012540817260742;25.180570602416992;9.760702133178711;0.300045026384825;0.9989584088128398;0.800000011920929;0.800000011920929;0.800000011920929
lidar;21.0;39.0;25.01229476928711;25.183542251586914;9.765398025512695;0.2981223464012146;25.01266860961914;25.189136505126953;9.758247375488281;0.3072096839188929;0.9995049238041015;0.800000011920929;0.800000011920929;0.800000011920929
lidar;21.0;39.0;25.012123107910156;25.18756866455078;9.768689155578613;0.29805007576942444;25.011930465698242;25.184614181518555;9.772334098815918;0.29335372428691675;0.9997469782621645;0.800000011920929;0.800000011920929;0.800000011920929
lidar;21.0;39.0;25.01194953918457;25.19159507751465;9.771979331970215;0.29806867241859436;25.012128829956055;25.194442749023438;9.76858901977539;0.30250015227239324;0.9996845126330647;0.800000011920929;0.800000011920929;0.800000011920929
lidar;21.0;39.0;25.011777877807617;25.195621490478516;9.775270462036133;0.2981780767440796;25.011226654052734;25.18646240234375;9.78579330444336;0.2842157720098746;0.9993175267488552;0.800000011920929;0.800000011920929;0.800000011920929
lidar;21.0;39.0;25.01160430908203;25.19965362548828;9.778565406799316;0.29837849736213684;25.01155662536621;25.198833465576172;9.779475212097168;0.29715286136615393;0.9986460804193642;0.800000011920929;0.800000011920929;0.800000011920929
lidar;21.0;39.0;25.011432647705078;25.203693389892578;9.781866073608398;0.2986701726913452;25.01127815246582;25.200956344604492;9.784795761108398;0.2946589741906891;0.9976704715788306;0.800000011920929;0.800000011920929;0.800000011920929
lidar;21.0;39.0;25.011259078979492;25.207740783691406;9.785173416137695;0.29905369877815247;25.01152992248535;25.212732315063477;9.780011177062988;0.30624057543785177;0.9963909982052515;0.800000011920929;0.800000011920929;0.800000011920929
lidar;21.0;39.0;25.011077880859375;25.2116641998291;9.788626670837402;0.29933735728263855;25.01082420349121;25.20682716369629;9.79345703125;0.2924970579826189;0.9945093391286914;0.800000011920929;0.800000011920929;0.800000011920929
lidar;21.0;39.0;25.00739097595215;24.788209915161133;9.788338661193848;0.29951658844947815;25.007080078125;24.797119140625;9.797242164611816;0.2869174051374687;0.9939138293342749;0.800000011920929;0.800000011920929;0.800000011920929
lidar;21.0;39.0;25.007511138916016;24.792184829711914;9.784932136535645;0.2991616129875183;25.008068084716797;24.776771545410156;9.768980979919434;0.3213492822882209;0.9960312846046772;0.800000011920929;0.800000011920929;0.800000011920929
lidar;21.0;39.0;25.007625579833984;24.796232223510742;9.78161907196045;0.29877975583076477;25.007627487182617;24.79621696472168;9.78160285949707;0.2988030335428728;0.997304797303573;0.800000011920929;0.800000011920929;0.800000011920929
lidar;21.0;39.0;25.007741928100586;24.80027198791504;9.778314590454102;0.298489511013031;25.007600784301758;24.803926467895508;9.782370567321777;0.2930275046406555;0.9982745648143008;0.800000011920929;0.800000011920929;0.800000011920929
lidar;21.0;39.0;25.007856369018555;24.804304122924805;9.77501392364502;0.2982907295227051;25.00750160217285;24.813125610351562;9.78515625;0.28484442990306025;0.9989401101910791;0.800000011920929;0.800000011920929;0.800000011920929
lidar;21.0;39.0;25.007972717285156;24.808332443237305;9.77171802520752;0.2981829047203064;25.00831413269043;24.80009651184082;9.761910438537598;0.31099297480220983;0.9993014931845924;0.800000011920929;0.800000011920929;0.800000011920929
lidar;21.0;39.0;25.008087158203125;24.812358856201172;9.768423080444336;0.2981659173965454;25.008081436157227;24.8124942779541;9.768590927124023;0.2979487992788149;0.9993584156561213;0.800000011920929;0.800000011920929;0.800000011920929
lidar;21.0;39.0;25.008201599121094;24.81638526916504;9.765127182006836;0.2982398569583893;25.008668899536133;24.805950164794922;9.751777648925781;0.3151901451955046;0.9991109371313411;0.800000011920929;0.800000011920929;0.800000011920929
lidar;21.0;39.0;25.008317947387695;24.820415496826172;9.761828422546387;0.298404723405838;25.008272171020508;24.821401596069336;9.76313591003418;0.296766099122972;0.9985591172366015;0.800000011920929;0.800000011920929;0.800000011920929
lidar;21.0;39.0;25.008432388305664;24.824451446533203;9.758525848388672;0.2986608147621155;25.008386611938477;24.825410842895508;9.759846687316895;0.29702725058378937;0.9977031351177339;0.800000011920929;0.800000011920929;0.800000011920929
lidar;21.0;39.0;25.008548736572266;24.828495025634766;9.755215644836426;0.2990085184574127;25.008493423461914;24.829572677612305;9.756752967834473;0.2971303763615229;0.9965431691178958;0.800000011920929;0.800000011920929;0.800000011920929
lidar;21.0;39.0;25.008663177490234;24.832550048828125;9.751896858215332;0.29944831132888794;25.008344650268555;24.838708877563477;9.76102066040039;0.2884364162401041;0.9950797559804574;0.800000011920929;0.800000011920929;0.800000011920929
lidar;21.0;39.0;25.00876235961914;24.836952209472656;9.749082565307617;0.2993669807910919;25.00834083557129;24.844797134399414;9.761155128479004;0.28496386168021565;0.9962176083088738;0.800000011920929;0.800000011920929;0.800000011920929
lidar;21.0;39.0;25.008848190307617;24.84157371520996;9.746618270874023;0.29896464943885803;25.008947372436523;24.839801788330078;9.743785858154297;0.3023060567760035;0.9975577591176189;0.800000011920929;0.800000011920929;0.800000011920929
lidar;21.0;39.0;25.008934020996094;24.846181869506836;9.744158744812012;0.29865434765815735;25.008995056152344;24.845134735107422;9.742416381835938;0.3006890962457156;0.9985940455628937;0.800000011920929;0.800000011920929;0.800000011920929
lidar;21.0;39.0;25.00901985168457;24.85078239440918;9.741704940795898;0.2984354496002197;25.009183883666992;24.84806251525879;9.736998558044434;0.3038730569587219;0.9993260502535521;0.800000011920929;0.800000011920929;0.800000011920929
lidar;21.0;39.0;25.009105682373047;24.855377197265625;9.739253044128418;0.2983076870441437;25.009418487548828;24.85040855407715;9.730295181274414;0.3085562486249895;0.9997537136194772;0.800000011920929;0.800000011920929;0.800000011920929
lidar;21.0;39.0;25.009191513061523;24.859970092773438;9.73680305480957;0.29827091097831726;25.00922966003418;24.85938262939453;9.735698699951172;0.29952197180067236;0.999876856798551;0.800000011920929;0.800000011920929;0.800000011920929
lidar;21.0;39.0;25.00927734375;24.86456298828125;9.734352111816406;0.29832494258880615;25.009275436401367;24.86457633972168;9.734379768371582;0.29829438049934637;0.9996954202727393;0.800000011920929;0.800000011920929;0.800000011920929
lidar;21.0;39.0;25.009363174438477;24.869159698486328;9.731900215148926;0.29846999049186707;25.009376525878906;24.86896324157715;9.731498718261719;0.29891748171408034;0.9992094636658608;0.800000011920929;0.800000011920929;0.800000011920929
lidar;21.0;39.0;25.00944709777832;24.873762130737305;9.729445457458496;0.29870617389678955;25.00945281982422;24.873689651489258;9.729293823242188;0.2988737928835076;0.9984191060991381;0.800000011920929;0.800000011920929;0.800000011920929
lidar;21.0;39.0;25.00953483581543;24.878372192382812;9.726984977722168;0.2990339696407318;25.009286880493164;24.88153648376465;9.734088897705078;0.2912529613539712;0.9973246455545115;0.800000011920929;0.800000011920929;0.800000011920929
lidar;21.0;39.0;25.009620666503906;24.882993698120117;9.724519729614258;0.2994536757469177;25.00933074951172;24.886510848999023;9.732800483703613;0.2904520585768468;0.9959264400350967;0.800000011920929;0.800000011920929;0.800000011920929
lidar;21.0;39.0;25.009695053100586;24.887754440307617;9.722350120544434;0.29963767528533936;25.00985336303711;24.885936737060547;9.717856407165527;0.30448687643470485;0.9959797860435742;0.800000011920929;0.800000011920929;0.800000011920929
lidar;21.0;39.0;25.009748458862305;24.892770767211914;9.720829963684082;0.299214243888855;25.009862899780273;24.891521453857422;9.717577934265137;0.30269942819264933;0.9973892571297972;0.800000011920929;0.800000011920929;0.800000011920929
lidar;21.0;39.0;25.009801864624023;24.897775650024414;9.71931266784668;0.29888293147087097;25.009662628173828;24.899229049682617;9.72330093383789;0.2946368548367493;0.9984948039480407;0.800000011920929;0.800000011920929;0.800000011920929
lidar;21.0;39.0;25.009855270385742;24.90277099609375;9.717799186706543;0.29864323139190674;25.009607315063477;24.90520477294922;9.72486400604248;0.2911670152706543;0.9992961884079233;0.800000011920929;0.800000011920929;0.800000011920929
lidar;21.0;39.0;25.009906768798828;24.907760620117188;9.716287612915039;0.29849472641944885;25.010034561157227;24.906578063964844;9.712654113769531;0.30231792077889214;0.9997932314683242;0.800000011920929;0.800000011920929;0.800000011920929
lidar;21.0;39.0;25.009960174560547;24.912744522094727;9.714776992797852;0.298437237739563;25.00969123840332;24.91510581970215;9.722493171691895;0.29036332318326136;0.999985754489485;0.800000011920929;0.800000011920929;0.800000011920929
lidar;21.0;39.0;25.010013580322266;24.9177303314209;9.713266372680664;0.29847073554992676;25.00945472717285;24.922319412231445;9.729262351989746;0.2818196038394343;0.999873578545956;0.800000011920929;0.800000011920929;0.800000011920929
lidar;21.0;39.0;25.01006507873535;24.922718048095703;9.71175479888916;0.2985951006412506;25.009920120239258;24.92383575439453;9.715927124023438;0.29427299524583106;0.9994568824446904;0.800000011920929;0.800000011920929;0.800000011920929
lidar;21.0;39.0;25.01011848449707;24.927711486816406;9.71024227142334;0.2988107204437256;25.00990104675293;24.92926025390625;9.716449737548828;0.2924085097292486;0.998735785501977;0.800000011920929;0.800000011920929;0.800000011920929
lidar;21.0;39.0;25.01017189025879;24.93271255493164;9.708725929260254;0.2991178035736084;25.00998878479004;24.933921813964844;9.713956832885742;0.2937463618859808;0.9977103470029306;0.800000011920929;0.800000011920929;0.800000011920929
lidar;21.0;39.0;25.010225296020508;24.937726974487305;9.707206726074219;0.2995167672634125;25.010360717773438;24.936893463134766;9.703291893005371;0.3035218150181127;0.9963811637001988;0.800000011920929;0.800000011920929;0.800000011920929
lidar;21.0;39.0;25.01027488708496;24.942766189575195;9.705737113952637;0.2999531924724579;25.010438919067383;24.941852569580078;9.701042175292969;0.3047386403866707;0.9952921868678076;0.800000011920929;0.800000011920929;0.800000011920929
lidar;21.0;39.0;25.01029396057129;24.94799041748047;9.705223083496094;0.299507200717926;25.00969123840332;24.951030731201172;9.722447395324707;0.2820062277332585;0.9967744348004859;0.800000011920929;0.800000011920929;0.800000011920929
lidar;21.0;39.0;25.010311126708984;24.953205108642578;9.704728126525879;0.2991344928741455;25.010784149169922;24.951059341430664;9.691192626953125;0.31284748202540386;0.9980165957227787;0.800000011920929;0.800000011920929;0.800000011920929
lidar;21.0;39.0;25.01032829284668;24.95840835571289;9.704236030578613;0.2988526225090027;25.01017189025879;24.95903778076172;9.708719253540039;0.29432289364784586;0.9989579916278593;0.800000011920929;0.800000011920929;0.800000011920929
lidar;21.0;39.0;25.010345458984375;24.96360206604004;9.703744888305664;0.2986622452735901;25.010082244873047;24.964527130126953;9.711268424987793;0.29107706459149746;0.9995950460483922;0.800000011920929;0.800000011920929;0.800000011920929
lidar;21.0;39.0;25.01036262512207;24.968791961669922;9.703253746032715;0.2985629141330719;25.010116577148438;24.969533920288086;9.710306167602539;0.2914667242670234;0.9999276995668701;0.800000011920929;0.800000011920929;0.800000011920929
lidar;21.0;39.0;25.010379791259766;24.973979949951172;9.702762603759766;0.29855459928512573;25.009958267211914;24.975034713745117;9.714822769165039;0.28644144493885865;0.9999556541452508;0.800000011920929;0.800000011920929;0.800000011920929
lidar;21.0;39.0;25.010395050048828;24.979169845581055;9.702302932739258;0.298605740070343;25.010501861572266;24.978958129882812;9.699278831481934;0.3016390749987743;0.9997847080168959;0.800000011920929;0.800000011920929;0.800000011920929
lidar;21.0;39.0;25.010412216186523;24.984365463256836;9.701849937438965;0.29874080419540405;25.010160446166992;24.9847412109375;9.709029197692871;0.29154760598386276;0.99933296437994;0.800000011920929;0.800000011920929;0.800000011920929
lidar;21.0;39.0;25.010425567626953;24.98956871032715;9.701452255249023;0.29891154170036316;25.01067543029785;24.989316940307617;9.694271087646484;0.30610127183716324;0.998762369172259;0.800000011920929;0.800000011920929;0.800000011920929
lidar;21.0;39.0;25.01043701171875;24.994779586791992;9.701154708862305;0.29907339811325073;25.010326385498047;24.994834899902344;9.7042818069458;0.29594325568200464;0.998221755102961;0.800000011920929;0.800000011920929;0.800000011920929
lidar;21.0;39.0;25.010440826416016;25.0;9.701027870178223;0.29915401339530945;25.01074981689453;25.0;9.692168235778809;0.3080191517777943;0.9979526997138365;0.800000011920929;0.800000011920929;0.800000011920929
lidar;21.0;39.0;25.01043701171875;25.005220413208008;9.701154708862305;0.29907339811325073;25.01006317138672;25.005033493041992;9.711821556091309;0.2883976947763242;0.998221755102961;0.800000011920929;0.800000011920929;0.800000011920929
lidar;21.0;39.0;25.010425567626953;25.01043128967285;9.701452255249023;0.29891151189804077;25.010358810424805;25.010366439819336;9.703341484069824;0.29702017773485184;0.998762369172259;0.800000011920929;0.800000011920929;0.800000011920929
lidar;21.0;39.0;25.010412216186523;25.015634536743164;9.701849937438965;0.29874080419540405;25.01034164428711;25.015531539916992;9.703836441040039;0.2967509691425139;0.99933296437994;0.800000011920929;0.800000011920929;0.800000011920929
lidar;21.0;39.0;25.010395050048828;25.020830154418945;9.702302932739258;0.298605740070343;25.010343551635742;25.02072525024414;9.703787803649902;0.29711661336984974;0.9997847080168959;0.800000011920929;0.800000011920929;0.800000011920929
lidar;21.0;39.0;25.010379791259766;25.026020050048828;9.702762603759766;0.2985546290874481;25.009769439697266;25.024490356445312;9.720254898071289;0.2809846532800571;0.9999556541452508;0.800000011920929;0.800000011920929;0.800000011920929
lidar;21.0;39.0;25.01036262512207;25.031208038330078;9.703253746032715;0.2985629141330719;25.010122299194336;25.030485153198242;9.710134506225586;0.2916397649079762;0.9999276995668701;0.800000011920929;0.800000011920929;0.800000011920929
lidar;21.0;39.0;25.010345458984375;25.03639793395996;9.703744888305664;0.2986622452735901;25.010465621948242;25.036819458007812;9.7003173828125;0.30211766783558486;0.9995950460483922;0.800000011920929;0.800000011920929;0.800000011920929
lidar;21.0;39.0;25.01032829284668;25.04159164428711;9.704236030578613;0.2988526225090027;25.010482788085938;25.042213439941406;9.699821472167969;0.3033138248385168;0.9989579916278593;0.800000011920929;0.800000011920929;0.800000011920929
lidar;21.0;39.0;25.010311126708984;25.046794891357422;9.704728126525879;0.2991344630718231;25.01017951965332;25.046199798583984;9.708489418029785;0.29532446671423757;0.9980165361562537;0.800000011920929;0.800000011920929;0.800000011920929
lidar;21.0;39.0;25.01029396057129;25.05200958251953;9.705223083496094;0.299507200717926;25.0103759765625;25.05242919921875;9.702838897705078;0.3019296275276353;0.9967744348004859;0.800000011920929;0.800000011920929;0.800000011920929
lidar;21.0;39.0;25.01027488708496;25.057233810424805;9.705737113952637;0.2999531924724579;25.01003074645996;25.055871963500977;9.712738990783691;0.292816166925648;0.9952921868678076;0.800000011920929;0.800000011920929;0.800000011920929
lidar;21.0;39.0;25.010225296020508;25.062273025512695;9.707206726074219;0.2995167672634125;25.010635375976562;25.064773559570312;9.695453643798828;0.3115399092713667;0.9963811637001988;0.800000011920929;0.800000011920929;0.800000011920929
lidar;21.0;39.0;25.01017189025879;25.06728744506836;9.708725929260254;0.2991178035736084;25.010583877563477;25.07001304626465;9.696921348571777;0.3112400063414629;0.9977103470029306;0.800000011920929;0.800000011920929;0.800000011920929
lidar;21.0;39.0;25.01011848449707;25.072288513183594;9.71024227142334;0.29881078004837036;25.00979232788086;25.0699520111084;9.71960735321045;0.28915230550783455;0.998735785501977;0.800000011920929;0.800000011920929;0.800000011920929
lidar;21.0;39.0;25.01006507873535;25.077281951904297;9.71175479888916;0.2985951602458954;25.009965896606445;25.076515197753906;9.714613914489746;0.2956332814019827;0.9994568824446904;0.800000011920929;0.800000011920929;0.800000011920929
lidar;21.0;39.0;25.010013580322266;25.0822696685791;9.713266372680664;0.29847076535224915;25.0103702545166;25.0852108001709;9.70301628112793;0.30913997413925043;0.999873578545956;0.800000011920929;0.800000011920929;0.800000011920929
lidar;21.0;39.0;25.009960174560547;25.087255477905273;9.714776992797852;0.298437237739563;25.010089874267578;25.088396072387695;9.711044311523438;0.3023428428534924;0.9999856948859072;0.800000011920929;0.800000011920929;0.800000011920929
lidar;21.0;39.0;25.009906768798828;25.092239379882812;9.716287612915039;0.29849475622177124;25.00928497314453;25.08644676208496;9.734106063842773;0.2797476141065356;0.9997932314683242;0.800000011920929;0.800000011920929;0.800000011920929
lidar;21.0;39.0;25.009855270385742;25.09722900390625;9.717799186706543;0.2986432611942291;25.009822845458984;25.096914291381836;9.718710899353027;0.2976789395835368;0.9992961884079233;0.800000011920929;0.800000011920929;0.800000011920929
lidar;21.0;39.0;25.009801864624023;25.102224349975586;9.71931266784668;0.29888296127319336;25.009475708007812;25.098825454711914;9.728644371032715;0.28894644355622034;0.9984948039480407;0.800000011920929;0.800000011920929;0.800000011920929
lidar;21.0;39.0;25.009748458862305;25.107229232788086;9.720829963684082;0.299214243888855;25.009765625;25.107410430908203;9.720356941223145;0.29972085238990603;0.9973892571297972;0.800000011920929;0.800000011920929;0.800000011920929
lidar;21.0;39.0;25.009695053100586;25.112245559692383;9.722350120544434;0.29963767528533936;25.009883880615234;25.11443328857422;9.716938972473145;0.3054771191810215;0.9959797860435742;0.800000011920929;0.800000011920929;0.800000011920929
lidar;21.0;39.0;25.009620666503906;25.117006301879883;9.724519729614258;0.2994537353515625;25.009660720825195;25.11750030517578;9.72335433959961;0.3007197535066585;0.9959264400350967;0.800000011920929;0.800000011920929;0.800000011920929
lidar;21.0;39.0;25.00953483581543;25.121627807617188;9.726984977722168;0.2990340292453766;25.009428024291992;25.120283126831055;9.730006217956543;0.29572539870586956;0.9973246455545115;0.800000011920929;0.800000011920929;0.800000011920929
lidar;21.0;39.0;25.00944709777832;25.126239776611328;9.729445457458496;0.2987063229084015;25.009347915649414;25.124906539916992;9.73230266571045;0.29555170815730164;0.9984191060991381;0.800000011920929;0.800000011920929;0.800000011920929
lidar;21.0;39.0;25.009363174438477;25.130840301513672;9.731900215148926;0.2984701693058014;25.008975982666016;25.125446319580078;9.742952346801758;0.2861657643507237;0.9992094636658608;0.800000011920929;0.800000011920929;0.800000011920929
lidar;21.0;39.0;25.00927734375;25.13543701171875;9.734352111816406;0.29832515120506287;25.009262084960938;25.135238647460938;9.7347412109375;0.29788807608475854;0.9996954202727393;0.800000011920929;0.800000011920929;0.800000011920929
lidar;21.0;39.0;25.009191513061523;25.140029907226562;9.73680305480957;0.2982710301876068;25.009328842163086;25.142126083374023;9.732861518859863;0.30273718824170187;0.999876856798551;0.800000011920929;0.800000011920929;0.800000011920929
lidar;21.0;39.0;25.009105682373047;25.144622802734375;9.739253044128418;0.298307865858078;25.009004592895508;25.14301109313965;9.742157936096191;0.29498483752074006;0.9997537136194772;0.800000011920929;0.800000011920929;0.800000011920929
lidar;21.0;39.0;25.00901985168457;25.14921760559082;9.741704940795898;0.29843559861183167;25.009672164916992;25.160011291503906;9.723020553588867;0.32002309309401816;0.9993260502535521;0.800000011920929;0.800000011920929;0.800000011920929
lidar;21.0;39.0;25.008934020996094;25.153818130493164;9.744158744812012;0.2986544668674469;25.00868797302246;25.149564743041992;9.75123405456543;0.29039553900081855;0.9985940455628937;0.800000011920929;0.800000011920929;0.800000011920929
lidar;21.0;39.0;25.008848190307617;25.15842628479004;9.746618270874023;0.2989647090435028;25.008380889892578;25.150062561035156;9.759995460510254;0.283180922585162;0.9975578189628049;0.800000011920929;0.800000011920929;0.800000011920929
lidar;21.0;39.0;25.00876235961914;25.163047790527344;9.749082565307617;0.2993669807910919;25.00913429260254;25.169965744018555;9.738434791564941;0.3120707131744903;0.9962176083088738;0.800000011920929;0.800000011920929;0.800000011920929
lidar;21.0;39.0;25.008663177490234;25.167449951171875;9.751896858215332;0.29944831132888794;25.00847625732422;25.163820266723633;9.75727367401123;0.29295965381102135;0.9950797559804574;0.800000011920929;0.800000011920929;0.800000011920929
lidar;21.0;39.0;25.008548736572266;25.171504974365234;9.755215644836426;0.2990085482597351;25.0086669921875;25.17391014099121;9.751781463623047;0.30320405391273664;0.9965431691178958;0.800000011920929;0.800000011920929;0.800000011920929
lidar;21.0;39.0;25.008432388305664;25.175548553466797;9.758525848388672;0.29866084456443787;25.008298873901367;25.172758102416992;9.762364387512207;0.2939126142688551;0.9977031351177339;0.800000011920929;0.800000011920929;0.800000011920929
lidar;21.0;39.0;25.008317947387695;25.179584503173828;9.761828422546387;0.2984047532081604;25.00798797607422;25.17246437072754;9.771269798278809;0.2865752323368775;0.9985591172366015;0.800000011920929;0.800000011920929;0.800000011920929
lidar;21.0;39.0;25.008201599121094;25.18361473083496;9.765127182006836;0.2982398569583893;25.008167266845703;25.18281364440918;9.766151428222656;0.29693895626864436;0.9991109371313411;0.800000011920929;0.800000011920929;0.800000011920929
lidar;21.0;39.0;25.008087158203125;25.187641143798828;9.768423080444336;0.2981659173965454;25.008304595947266;25.192703247070312;9.762175559997559;0.3062091382565319;0.9993584156561213;0.800000011920929;0.800000011920929;0.800000011920929
lidar;21.0;39.0;25.007972717285156;25.191667556762695;9.77171802520752;0.2981829047203064;25.007404327392578;25.178001403808594;9.787995338439941;0.276921717321308;0.9993014931845924;0.800000011920929;0.800000011920929;0.800000011920929
lidar;21.0;39.0;25.007856369018555;25.195695877075195;9.77501392364502;0.2982906699180603;25.00786018371582;25.195802688598633;9.774890899658203;0.298454132658899;0.9989401101910791;0.800000011920929;0.800000011920929;0.800000011920929
lidar;21.0;39.0;25.007741928100586;25.19972801208496;9.778314590454102;0.2984895408153534;25.00801658630371;25.206817626953125;9.77044677734375;0.3090829957849775;0.9982745050965519;0.800000011920929;0.800000011920929;0.800000011920929
lidar;21.0;39.0;25.007625579833984;25.203767776489258;9.781620025634766;0.29877969622612;25.00739860534668;25.197711944580078;9.788108825683594;0.2899008693916503;0.997304737718579;0.800000011920929;0.800000011920929;0.800000011920929
lidar;21.0;39.0;25.007511138916016;25.207815170288086;9.784932136535645;0.2991616129875183;25.00760841369629;25.210546493530273;9.782105445861816;0.30309417165503283;0.9960312846046772;0.800000011920929;0.800000011920929;0.800000011920929
lidar;21.0;39.0;25.00739097595215;25.211790084838867;9.788338661193848;0.29951658844947815;25.007009506225586;25.200843811035156;9.799278259277344;0.28403624637332453;0.9939138892494961;0.800000011920929;0.800000011920929;0.800000011920929
lidar;21.0;39.0;25.003698348999023;24.788053512573242;9.7880859375;0.29973742365837097;25.00383186340332;24.780485153198242;9.780519485473633;0.31043940057186803;0.9931816461002695;0.800000011920929;0.800000011920929;0.800000011920929
lidar;21.0;39.0;25.00375747680664;24.79207420349121;9.784719467163086;0.29932066798210144;25.003847122192383;24.787094116210938;9.779562950134277;0.3064897541699844;0.9955022331783427;0.800000011920929;0.800000011920929;0.800000011920929
lidar;21.0;39.0;25.003816604614258;24.796123504638672;9.781401634216309;0.2989409863948822;25.00383758544922;24.79498863220215;9.78018569946289;0.30060427353536956;0.9967668053720394;0.800000011920929;0.800000011920929;0.800000011920929
lidar;21.0;39.0;25.003873825073242;24.800161361694336;9.778091430664062;0.2986530363559723;25.003721237182617;24.808025360107422;9.786823272705078;0.28690143539847535;0.9977279303777487;0.800000011920929;0.800000011920929;0.800000011920929
lidar;21.0;39.0;25.003931045532227;24.804195404052734;9.774785995483398;0.2984565198421478;25.00374984741211;24.813278198242188;9.785234451293945;0.28461104282660155;0.9983850717646079;0.800000011920929;0.800000011920929;0.800000011920929
lidar;21.0;39.0;25.00398826599121;24.808223724365234;9.771484375;0.29835110902786255;25.00398063659668;24.808578491210938;9.771907806396484;0.29779816967783895;0.9987379908534413;0.800000011920929;0.800000011920929;0.800000011920929
lidar;21.0;39.0;25.004045486450195;24.8122501373291;9.768184661865234;0.29833659529685974;25.00408172607422;24.810606002807617;9.766153335571289;0.3009499987027722;0.9987868070767315;0.800000011920929;0.800000011920929;0.800000011920929
lidar;21.0;39.0;25.004104614257812;24.8162784576416;9.764883041381836;0.2984130084514618;25.004148483276367;24.81426429748535;9.76230525970459;0.30168480318274726;0.9985312819560879;0.800000011920929;0.800000011920929;0.800000011920929
lidar;21.0;39.0;25.004161834716797;24.820310592651367;9.761579513549805;0.2985803782939911;25.00419807434082;24.818771362304688;9.759538650512695;0.30113611375108573;0.9979717134887064;0.800000011920929;0.800000011920929;0.800000011920929
lidar;21.0;39.0;25.00421905517578;24.8243465423584;9.758271217346191;0.2988390624523163;25.004091262817383;24.829696655273438;9.765632629394531;0.28973812446875197;0.9971081016993021;0.800000011920929;0.800000011920929;0.800000011920929
lidar;21.0;39.0;25.004276275634766;24.828392028808594;9.754955291748047;0.29918938875198364;25.004343032836914;24.82575798034668;9.751195907592773;0.3037802703972248;0.9959406855057307;0.800000011920929;0.800000011920929;0.800000011920929
lidar;21.0;39.0;25.004335403442383;24.832448959350586;9.751631736755371;0.29963189363479614;25.004213333129883;24.837142944335938;9.758591651916504;0.29123501687789355;0.9944700001592297;0.800000011920929;0.800000011920929;0.800000011920929
lidar;21.0;39.0;25.004383087158203;24.836896896362305;9.748882293701172;0.2994694709777832;25.00436019897461;24.83776092529297;9.750212669372559;0.29788240938434746;0.9958765507298885;0.800000011920929;0.800000011920929;0.800000011920929
lidar;21.0;39.0;25.004426956176758;24.84151840209961;9.746414184570312;0.29906806349754333;25.0043888092041;24.84288215637207;9.74859619140625;0.29649453588785274;0.9972129463067638;0.800000011920929;0.800000011920929;0.800000011920929
lidar;21.0;39.0;25.00446891784668;24.846128463745117;9.743952751159668;0.2987586259841919;25.004432678222656;24.847400665283203;9.746070861816406;0.29628732663606344;0.9982454180968805;0.800000011920929;0.800000011920929;0.800000011920929
lidar;21.0;39.0;25.004512786865234;24.85072898864746;9.741495132446289;0.29854074120521545;25.004497528076172;24.851213455200195;9.74233341217041;0.29757352420450717;0.9989738463688566;0.800000011920929;0.800000011920929;0.800000011920929
lidar;21.0;39.0;25.004554748535156;24.85532569885254;9.739041328430176;0.2984139621257782;25.004615783691406;24.853429794311523;9.735621452331543;0.30232457933261253;0.9993980526700572;0.800000011920929;0.800000011920929;0.800000011920929
lidar;21.0;39.0;25.00459861755371;24.859920501708984;9.736587524414062;0.2983781397342682;25.004409790039062;24.865676879882812;9.747413635253906;0.2861153532943801;0.9995177388417793;0.800000011920929;0.800000011920929;0.800000011920929
lidar;21.0;39.0;25.004640579223633;24.864513397216797;9.734134674072266;0.29843321442604065;25.004549026489258;24.867202758789062;9.739411354064941;0.29251025104015593;0.9993330239655805;0.800000011920929;0.800000011920929;0.800000011920929
lidar;21.0;39.0;25.004684448242188;24.869112014770508;9.731679916381836;0.29857927560806274;25.004722595214844;24.868045806884766;9.729494094848633;0.30101154226408133;0.998843908285757;0.800000011920929;0.800000011920929;0.800000011920929
lidar;21.0;39.0;25.00472640991211;24.873714447021484;9.72922134399414;0.2988165616989136;25.005043029785156;24.86526870727539;9.711112022399902;0.31880152494883224;0.9980505703950785;0.800000011920929;0.800000011920929;0.800000011920929
lidar;21.0;39.0;25.004770278930664;24.878326416015625;9.72675895690918;0.2991454601287842;25.004568099975586;24.883451461791992;9.738266944885254;0.28654624958741004;0.99695307044468;0.800000011920929;0.800000011920929;0.800000011920929
lidar;21.0;39.0;25.004812240600586;24.882949829101562;9.724289894104004;0.2995662987232208;25.004549026489258;24.889366149902344;9.739401817321777;0.28314669744319587;0.99555206279744;0.800000011920929;0.800000011920929;0.800000011920929
lidar;21.0;39.0;25.00484848022461;24.887746810913086;9.722207069396973;0.29965490102767944;25.00493049621582;24.885862350463867;9.717540740966797;0.3046881122835443;0.9959226843998158;0.800000011920929;0.800000011920929;0.800000011920929
lidar;21.0;39.0;25.00487518310547;24.892765045166016;9.720685958862305;0.29923152923583984;25.004928588867188;24.891584396362305;9.717609405517578;0.3025273264690569;0.9973317385294991;0.800000011920929;0.800000011920929;0.800000011920929
lidar;21.0;39.0;25.004901885986328;24.897769927978516;9.719168663024902;0.298900306224823;25.00489616394043;24.897871017456055;9.719444274902344;0.2986069915754978;0.9984369278528317;0.800000011920929;0.800000011920929;0.800000011920929
lidar;21.0;39.0;25.004928588867188;24.90276527404785;9.717653274536133;0.29866066575050354;25.005125045776367;24.898906707763672;9.70644474029541;0.31051689032174673;0.9992380142040176;0.800000011920929;0.800000011920929;0.800000011920929
lidar;21.0;39.0;25.004955291748047;24.90775489807129;9.716141700744629;0.29851222038269043;25.004871368408203;24.909311294555664;9.72093391418457;0.29347205193939896;0.9997346401074688;0.800000011920929;0.800000011920929;0.800000011920929
lidar;21.0;39.0;25.004980087280273;24.91274070739746;9.714630126953125;0.2984548807144165;25.005126953125;24.910184860229492;9.70627212524414;0.3071953014893123;0.9999268054945926;0.800000011920929;0.800000011920929;0.800000011920929
lidar;21.0;39.0;25.005008697509766;24.917726516723633;9.713118553161621;0.29848840832710266;25.005149841308594;24.915382385253906;9.704947471618652;0.3069893863685017;0.9998143911352022;0.800000011920929;0.800000011920929;0.800000011920929
lidar;21.0;39.0;25.005033493041992;24.922712326049805;9.7116060256958;0.29861295223236084;25.0052547454834;24.919313430786133;9.698918342590332;0.3117501014470428;0.9993973969983787;0.800000011920929;0.800000011920929;0.800000011920929
lidar;21.0;39.0;25.00506019592285;24.927705764770508;9.710091590881348;0.29882869124412537;25.004926681518555;24.92960548400879;9.717705726623535;0.29098063566924626;0.9986760020791711;0.800000011920929;0.800000011920929;0.800000011920929
lidar;21.0;39.0;25.00508689880371;24.932708740234375;9.708575248718262;0.29913589358329773;25.0050048828125;24.933805465698242;9.713319778442383;0.29426587301560764;0.9976503250451642;0.800000011920929;0.800000011920929;0.800000011920929
lidar;21.0;39.0;25.00511360168457;24.93772315979004;9.70705509185791;0.29953500628471375;25.00496482849121;24.939542770385742;9.715611457824707;0.29078632946645216;0.9963209031348651;0.800000011920929;0.800000011920929;0.800000011920929
lidar;21.0;39.0;25.005136489868164;24.942781448364258;9.70568561553955;0.2998686134815216;25.005075454711914;24.943477630615234;9.709259986877441;0.2962266000072128;0.9955731627026028;0.800000011920929;0.800000011920929;0.800000011920929
lidar;21.0;39.0;25.005146026611328;24.94800567626953;9.705171585083008;0.29942259192466736;25.004756927490234;24.951934814453125;9.727449417114258;0.276797235080815;0.997056305133834;0.800000011920929;0.800000011920929;0.800000011920929
lidar;21.0;39.0;25.005155563354492;24.953214645385742;9.704658508300781;0.2990688383579254;25.005210876464844;24.952714920043945;9.701499938964844;0.3022673439030101;0.9982357620892478;0.800000011920929;0.800000011920929;0.800000011920929
lidar;21.0;39.0;25.005163192749023;24.95841407775879;9.704146385192871;0.2988068163394928;25.00537109375;24.956750869750977;9.692317962646484;0.31075354998950044;0.9991111755210341;0.800000011920929;0.800000011920929;0.800000011920929
lidar;21.0;39.0;25.005172729492188;24.963605880737305;9.703635215759277;0.29863622784614563;25.005258560180664;24.96299934387207;9.698701858520508;0.3036075818141073;0.9996822476290901;0.800000011920929;0.800000011920929;0.800000011920929
lidar;21.0;39.0;25.00518226623535;24.968791961669922;9.703124046325684;0.2985566556453705;25.005197525024414;24.968698501586914;9.702231407165527;0.2994543249159961;0.9999487996104504;0.800000011920929;0.800000011920929;0.800000011920929
lidar;21.0;39.0;25.005189895629883;24.97397804260254;9.702613830566406;0.2985677421092987;25.005420684814453;24.972822189331055;9.689395904541016;0.31183829806714053;0.9999116659158388;0.800000011920929;0.800000011920929;0.800000011920929
lidar;21.0;39.0;25.005199432373047;24.97916603088379;9.702122688293457;0.29865044355392456;25.00491714477539;24.980300903320312;9.71833610534668;0.28239436602039375;0.9996351003596832;0.800000011920929;0.800000011920929;0.800000011920929
lidar;21.0;39.0;25.005207061767578;24.98436164855957;9.701630592346191;0.2988242208957672;25.005239486694336;24.984268188476562;9.69985580444336;0.30060154386189303;0.9990538954435041;0.800000011920929;0.800000011920929;0.800000011920929
lidar;21.0;39.0;25.005216598510742;24.98956298828125;9.701154708862305;0.2990734279155731;25.00505256652832;24.98988914489746;9.710487365722656;0.289732987423293;0.9982216358527081;0.800000011920929;0.800000011920929;0.800000011920929
lidar;21.0;39.0;25.005224227905273;24.994775772094727;9.700727462768555;0.2993636429309845;25.005245208740234;24.994754791259766;9.699496269226074;0.3005953682283485;0.9972541930255857;0.800000011920929;0.800000011920929;0.800000011920929
lidar;21.0;39.0;25.00522804260254;25.0;9.700514793395996;0.29953089356422424;25.00514793395996;25.0;9.705044746398926;0.29500000592259695;0.9966973066730691;0.800000011920929;0.800000011920929;0.800000011920929
lidar;21.0;39.0;25.005224227905273;25.005224227905273;9.700727462768555;0.2993636131286621;25.005407333374023;25.005409240722656;9.69018840789795;0.3099056522491837;0.9972541930255857;0.800000011920929;0.800000011920929;0.800000011920929
lidar;21.0;39.0;25.005216598510742;25.01043701171875;9.701154708862305;0.2990734279155731;25.00522232055664;25.01045036315918;9.700777053833008;0.29945099847561285;0.9982216358527081;0.800000011920929;0.800000011920929;0.800000011920929
lidar;21.0;39.0;25.005207061767578;25.01563835144043;9.701630592346191;0.2988242506980896;25.00530433654785;25.015932083129883;9.696045875549316;0.30441716762765786;0.9990538954435041;0.800000011920929;0.800000011920929;0.800000011920929
lidar;21.0;39.0;25.005199432373047;25.02083396911621;9.702122688293457;0.29865044355392456;25.004961013793945;25.019878387451172;9.715766906738281;0.284970150699333;0.9996351003596832;0.800000011920929;0.800000011920929;0.800000011920929
lidar;21.0;39.0;25.005189895629883;25.02602195739746;9.702613830566406;0.2985677421092987;25.004894256591797;25.024532318115234;9.719632148742676;0.28148146598210605;0.9999116659158388;0.800000011920929;0.800000011920929;0.800000011920929
lidar;21.0;39.0;25.00518226623535;25.031208038330078;9.703124046325684;0.2985566258430481;25.00511360168457;25.03079605102539;9.70703411102295;0.29462450576651467;0.9999487996104504;0.800000011920929;0.800000011920929;0.800000011920929
lidar;21.0;39.0;25.005172729492188;25.036394119262695;9.703635215759277;0.29863622784614563;25.005273818969727;25.037107467651367;9.697831153869629;0.3044840235022891;0.9996822476290901;0.800000011920929;0.800000011920929;0.800000011920929
lidar;21.0;39.0;25.005163192749023;25.04158592224121;9.704146385192871;0.2988068163394928;25.005382537841797;25.04334831237793;9.691611289978027;0.3114664484455603;0.9991111755210341;0.800000011920929;0.800000011920929;0.800000011920929
lidar;21.0;39.0;25.005155563354492;25.046785354614258;9.704658508300781;0.2990688681602478;25.005176544189453;25.04697608947754;9.703451156616211;0.3002908157726968;0.9982357620892478;0.800000011920929;0.800000011920929;0.800000011920929
lidar;21.0;39.0;25.005146026611328;25.05199432373047;9.705171585083008;0.29942256212234497;25.004981994628906;25.050329208374023;9.714612007141113;0.28983497639567474;0.997056305133834;0.800000011920929;0.800000011920929;0.800000011920929
lidar;21.0;39.0;25.005136489868164;25.057218551635742;9.70568561553955;0.2998686134815216;25.005308151245117;25.059114456176758;9.695932388305664;0.30980639333660603;0.9955731627026028;0.800000011920929;0.800000011920929;0.800000011920929
lidar;21.0;39.0;25.00511360168457;25.06227684020996;9.70705509185791;0.29953503608703613;25.0051326751709;25.062522888183594;9.705900192260742;0.30071592551958043;0.9963209031348651;0.800000011920929;0.800000011920929;0.800000011920929
lidar;21.0;39.0;25.00508689880371;25.067291259765625;9.708575248718262;0.2991359233856201;25.005176544189453;25.068483352661133;9.703407287597656;0.30444075584418506;0.9976503250451642;0.800000011920929;0.800000011920929;0.800000011920929
lidar;21.0;39.0;25.00506019592285;25.072294235229492;9.710091590881348;0.29882872104644775;25.00505256652832;25.07219696044922;9.71047592163086;0.29843274796193753;0.9986760020791711;0.800000011920929;0.800000011920929;0.800000011920929
lidar;21.0;39.0;25.005033493041992;25.077287673950195;9.7116060256958;0.2986130118370056;25.005064010620117;25.0777587890625;9.709845542907715;0.30043547524769615;0.9993973969983787;0.800000011920929;0.800000011920929;0.800000011920929
lidar;21.0;39.0;25.005008697509766;25.082273483276367;9.713118553161621;0.29848846793174744;25.00503158569336;25.08266258239746;9.711766242980957;0.2998947157502078;0.9998143911352022;0.800000011920929;0.800000011920929;0.800000011920929
lidar;21.0;39.0;25.004980087280273;25.08725929260254;9.714629173278809;0.2984549105167389;25.005197525024414;25.091041564941406;9.702263832092285;0.31138761662070474;0.9999268054945926;0.800000011920929;0.800000011920929;0.800000011920929
lidar;21.0;39.0;25.004955291748047;25.09224510192871;9.716140747070312;0.2985122799873352;25.00525665283203;25.097875595092773;9.698817253112793;0.31673022434506;0.9997346401074688;0.800000011920929;0.800000011920929;0.800000011920929
lidar;21.0;39.0;25.004928588867188;25.09723472595215;9.717653274536133;0.2986606955528259;25.004955291748047;25.097749710083008;9.716157913208008;0.30024243915717136;0.9992380142040176;0.800000011920929;0.800000011920929;0.800000011920929
lidar;21.0;39.0;25.004901885986328;25.102230072021484;9.719168663024902;0.2989002764225006;25.00520896911621;25.108642578125;9.701554298400879;0.31764760696854444;0.9984369278528317;0.800000011920929;0.800000011920929;0.800000011920929
lidar;21.0;39.0;25.00487518310547;25.107234954833984;9.720685958862305;0.29923155903816223;25.004690170288086;25.103153228759766;9.731317520141602;0.28784209154955226;0.9973317385294991;0.800000011920929;0.800000011920929;0.800000011920929
lidar;21.0;39.0;25.00484848022461;25.112253189086914;9.722207069396973;0.29965487122535706;25.004566192626953;25.105690002441406;9.738449096679688;0.2821344709235266;0.9959227442185964;0.800000011920929;0.800000011920929;0.800000011920929
lidar;21.0;39.0;25.004812240600586;25.117050170898438;9.724289894104004;0.2995663583278656;25.004865646362305;25.11834144592285;9.7212495803833;0.3028700417534061;0.9955521224622751;0.800000011920929;0.800000011920929;0.800000011920929
lidar;21.0;39.0;25.004770278930664;25.121673583984375;9.72675895690918;0.29914551973342896;25.004568099975586;25.116527557373047;9.738314628601074;0.286493882955875;0.99695307044468;0.800000011920929;0.800000011920929;0.800000011920929
lidar;21.0;39.0;25.00472640991211;25.126285552978516;9.72922134399414;0.29881662130355835;25.004732131958008;25.12641716003418;9.728938102722168;0.2991288409937007;0.9980505703950785;0.800000011920929;0.800000011920929;0.800000011920929
lidar;21.0;39.0;25.004684448242188;25.130887985229492;9.731679916381836;0.2985793650150299;25.004669189453125;25.13046646118164;9.732544898986816;0.29761634164075096;0.998843908285757;0.800000011920929;0.800000011920929;0.800000011920929
lidar;21.0;39.0;25.004640579223633;25.135486602783203;9.734134674072266;0.2984332740306854;25.00468635559082;25.136829376220703;9.731497764587402;0.30139307406696925;0.9993330836845916;0.800000011920929;0.800000011920929;0.800000011920929
lidar;21.0;39.0;25.00459861755371;25.140079498291016;9.736587524414062;0.2983781695365906;25.00484275817871;25.147533416748047;9.72257137298584;0.3142555433404239;0.99951779841591;0.800000011920929;0.800000011920929;0.800000011920929
lidar;21.0;39.0;25.004554748535156;25.14467430114746;9.739041328430176;0.298414021730423;25.00452423095703;25.14370346069336;9.740792274475098;0.29641126094900666;0.9993980526700572;0.800000011920929;0.800000011920929;0.800000011920929
lidar;21.0;39.0;25.004512786865234;25.14927101135254;9.741495132446289;0.29854077100753784;25.00437355041504;25.14470672607422;9.749399185180664;0.2894135158177684;0.9989738463688566;0.800000011920929;0.800000011920929;0.800000011920929
lidar;21.0;39.0;25.00446891784668;25.153871536254883;9.743952751159668;0.29875868558883667;25.0044002532959;25.151493072509766;9.747912406921387;0.29413845990878756;0.9982454180968805;0.800000011920929;0.800000011920929;0.800000011920929
lidar;21.0;39.0;25.004426956176758;25.15848159790039;9.746414184570312;0.2990680932998657;25.004281997680664;25.153324127197266;9.754668235778809;0.28933353538720147;0.9972129463067638;0.800000011920929;0.800000011920929;0.800000011920929
lidar;21.0;39.0;25.004383087158203;25.163103103637695;9.748882293701172;0.299469530582428;25.004331588745117;25.161182403564453;9.751838684082031;0.29594313267108757;0.9958765507298885;0.800000011920929;0.800000011920929;0.800000011920929
lidar;21.0;39.0;25.004335403442383;25.167551040649414;9.751631736755371;0.29963189363479614;25.00395393371582;25.15281105041504;9.773484230041504;0.2732693359702475;0.9944700001592297;0.800000011920929;0.800000011920929;0.800000011920929
lidar;21.0;39.0;25.004276275634766;25.171607971191406;9.754955291748047;0.29918938875198364;25.004304885864258;25.17271614074707;9.753372192382812;0.3011230872526492;0.9959406855057307;0.800000011920929;0.800000011920929;0.800000011920929
lidar;21.0;39.0;25.00421905517578;25.1756534576416;9.758271217346191;0.2988390028476715;25.004215240478516;25.175487518310547;9.758498191833496;0.2985583713293483;0.9971081016993021;0.800000011920929;0.800000011920929;0.800000011920929
lidar;21.0;39.0;25.004161834716797;25.179689407348633;9.761579513549805;0.2985803782939911;25.004087448120117;25.176441192626953;9.765889167785645;0.2931825294416968;0.9979717134887064;0.800000011920929;0.800000011920929;0.800000011920929
lidar;21.0;39.0;25.004104614257812;25.1837215423584;9.764883041381836;0.2984130084514618;25.00408363342285;25.1828556060791;9.7659912109375;0.2970071899152122;0.9985312819560879;0.800000011920929;0.800000011920929;0.800000011920929
lidar;21.0;39.0;25.004045486450195;25.1877498626709;9.768184661865234;0.29833659529685974;25.004108428955078;25.190650939941406;9.764602661132812;0.3029460560018881;0.9987868070767315;0.800000011920929;0.800000011920929;0.800000011920929
lidar;21.0;39.0;25.00398826599121;25.191776275634766;9.771484375;0.29835107922554016;25.003551483154297;25.17073631286621;9.79655647277832;0.26561694245735623;0.9987379908534413;0.800000011920929;0.800000011920929;0.800000011920929
lidar;21.0;39.0;25.003931045532227;25.195804595947266;9.774785995483398;0.29845649003982544;25.003942489624023;25.19638442993164;9.774120330810547;0.2993393628717179;0.9983850120845217;0.800000011920929;0.800000011920929;0.800000011920929
lidar;21.0;39.0;25.003873825073242;25.199838638305664;9.778091430664062;0.2986530363559723;25.003828048706055;25.197450637817383;9.780741691589355;0.29508610352087244;0.9977279303777487;0.800000011920929;0.800000011920929;0.800000011920929
lidar;21.0;39.0;25.003816604614258;25.203876495361328;9.781401634216309;0.2989409267902374;25.003984451293945;25.21291160583496;9.77171516418457;0.312187620533904;0.9967668053720394;0.800000011920929;0.800000011920929;0.800000011920929
lidar;21.0;39.0;25.00375747680664;25.20792579650879;9.784719467163086;0.29932069778442383;25.003890991210938;25.215251922607422;9.77713394165039;0.3098678746437593;0.9955022331783427;0.800000011920929;0.800000011920929;0.800000011920929
lidar;21.0;39.0;25.003698348999023;25.211946487426758;9.7880859375;0.29973742365837097;25.00377082824707;25.216022491455078;9.784010887145996;0.3055013019675119;0.9931817051626982;0.800000011920929;0.800000011920929;0.800000011920929
lidar;21.0;39.0;25.0;24.78786849975586;9.78786849975586;0.29999983310699463;25.0;24.78360366821289;9.783604621887207;0.30602991273421326;0.9923129085801324;0.800000011920929;0.800000011920929;0.800000011920929
lidar;21.0;39.0;25.0;24.791929244995117;9.78453540802002;0.29953083395957947;25.0;24.78898048400879;9.781482696533203;0.30377537036453217;0.9948038461646302;0.800000011920929;0.800000011920929;0.800000011920929
lidar;21.0;39.0;25.0;24.795976638793945;9.78121280670166;0.29915404319763184;25.0;24.787982940673828;9.772639274597168;0.31087657544813274;0.9960567952892743;0.800000011920929;0.800000011920929;0.800000011920929
lidar;21.0;39.0;25.0;24.800018310546875;9.777896881103516;0.29886919260025024;25.0;24.809839248657227;9.78880500793457;0.2841902006923253;0.9970064164621479;0.800000011920929;0.800000011920929;0.800000011920929
lidar;21.0;39.0;25.0;24.80405044555664;9.77458667755127;0.2986757159233093;25.0;24.8011417388916;9.771239280700684;0.30311154072678476;0.9976522924208442;0.800000011920929;0.800000011920929;0.800000011920929
lidar;21.0;39.0;25.0;24.808080673217773;9.771279335021973;0.29857349395751953;25.0;24.815021514892578;9.779550552368164;0.28777616199805683;0.9979943036245876;0.800000011920929;0.800000011920929;0.800000011920929
lidar;21.0;39.0;25.0;24.812108993530273;9.767973899841309;0.29856210947036743;25.0;24.821426391601562;9.779480934143066;0.2837554281777611;0.9980323316059432;0.800000011920929;0.800000011920929;0.800000011920929
lidar;21.0;39.0;25.0;24.816137313842773;9.764667510986328;0.29864177107810974;25.0;24.818681716918945;9.767922401428223;0.29451111315078077;0.9977663160729817;0.800000011920929;0.800000011920929;0.800000011920929
lidar;21.0;39.0;25.0;24.82016944885254;9.761357307434082;0.2988125681877136;25.0;24.826711654663086;9.770039558410645;0.28794154114173937;0.9971963165936379;0.800000011920929;0.800000011920929;0.800000011920929
lidar;21.0;39.0;25.0;24.824209213256836;9.75804328918457;0.299074649810791;25.0;24.825550079345703;9.75989055633545;0.29679185886074905;0.9963226914181939;0.800000011920929;0.800000011920929;0.800000011920929
lidar;21.0;39.0;25.0;24.82825469970703;9.754722595214844;0.29942840337753296;25.0;24.813796997070312;9.734073638916016;0.3246358274656263;0.9951454400003393;0.800000011920929;0.800000011920929;0.800000011920929
lidar;21.0;39.0;25.0;24.832311630249023;9.751392364501953;0.29987460374832153;25.0;24.836017608642578;9.756885528564453;0.29324857854873737;0.993665099105453;0.800000011920929;0.800000011920929;0.800000011920929
lidar;21.0;39.0;25.0;24.836803436279297;9.748701095581055;0.29963988065719604;25.0;24.833694458007812;9.743912696838379;0.30534941697764323;0.9953102468409298;0.800000011920929;0.800000011920929;0.800000011920929
lidar;21.0;39.0;25.0;24.841426849365234;9.746230125427246;0.2992399334907532;25.0;24.842844009399414;9.748497009277344;0.2965666599908119;0.9966402652468809;0.800000011920929;0.800000011920929;0.800000011920929
lidar;21.0;39.0;25.0;24.846038818359375;9.743764877319336;0.2989319860935211;25.0;24.842092514038086;9.737196922302246;0.30659488095305;0.9976666570528429;0.800000011920929;0.800000011920929;0.800000011920929
lidar;21.0;39.0;25.0;24.85064125061035;9.741304397583008;0.29871559143066406;25.0;24.856273651123047;9.751057624816895;0.2874543216658913;0.9983890652839797;0.800000011920929;0.800000011920929;0.800000011920929
lidar;21.0;39.0;25.0;24.855239868164062;9.738846778869629;0.29859042167663574;25.0;24.854694366455078;9.737863540649414;0.2997150792437386;0.998807430338684;0.800000011920929;0.800000011920929;0.800000011920929
lidar;21.0;39.0;25.0;24.85983657836914;9.736390113830566;0.29855626821517944;25.0;24.865673065185547;9.747366905212402;0.2861246249699511;0.9989215731008487;0.800000011920929;0.800000011920929;0.800000011920929
lidar;21.0;39.0;25.0;24.86443328857422;9.733933448791504;0.298613041639328;25.0;24.855337142944336;9.716082572937012;0.3186484622363765;0.9987313746546346;0.800000011920929;0.800000011920929;0.800000011920929
lidar;21.0;39.0;25.0;24.86903190612793;9.731475830078125;0.29876089096069336;25.0;24.87216567993164;9.737900733947754;0.2916125219466213;0.9982370137928649;0.800000011920929;0.800000011920929;0.800000011920929
lidar;21.0;39.0;25.0;24.87363624572754;9.72901439666748;0.29899996519088745;25.0;24.87075424194336;9.722833633422852;0.30581920137292684;0.9974385500158426;0.800000011920929;0.800000011920929;0.800000011920929
lidar;21.0;39.0;25.0;24.878252029418945;9.726548194885254;0.2993307113647461;25.0;24.877357482910156;9.724540710449219;0.30152717731594647;0.9963362219309113;0.800000011920929;0.800000011920929;0.800000011920929
lidar;21.0;39.0;25.0;24.882877349853516;9.724075317382812;0.2997535467147827;25.0;24.883913040161133;9.726516723632812;0.29710167280001887;0.9949305060955091;0.800000011920929;0.800000011920929;0.800000011920929
lidar;21.0;39.0;25.0;24.887710571289062;9.722073554992676;0.29975348711013794;25.0;24.890670776367188;9.729398727416992;0.29185266135781185;0.9955953358551095;0.800000011920929;0.800000011920929;0.800000011920929
lidar;21.0;39.0;25.0;24.892728805541992;9.720550537109375;0.29933056235313416;25.0;24.89363670349121;9.722912788391113;0.29680037411362276;0.9970021249314476;0.800000011920929;0.800000011920929;0.800000011920929
lidar;21.0;39.0;25.0;24.897735595703125;9.719032287597656;0.29899969696998596;25.0;24.89571762084961;9.713488578796387;0.30489869594317814;0.9981051087226795;0.800000011920929;0.800000011920929;0.800000011920929
lidar;21.0;39.0;25.0;24.902732849121094;9.71751594543457;0.2987605631351471;25.0;24.9063663482666;9.728069305419922;0.2875998809116296;0.9989041686011019;0.800000011920929;0.800000011920929;0.800000011920929
lidar;21.0;39.0;25.0;24.907724380493164;9.716002464294434;0.29861265420913696;25.0;24.90676498413086;9.713051795959473;0.30171475459914576;0.9993988871266305;0.800000011920929;0.800000011920929;0.800000011920929
lidar;21.0;39.0;25.0;24.912710189819336;9.714489936828613;0.29855579137802124;25.0;24.909425735473633;9.703742980957031;0.30979352769492186;0.9995891452002079;0.800000011920929;0.800000011920929;0.800000011920929
lidar;21.0;39.0;25.0;24.91769790649414;9.712976455688477;0.29858991503715515;25.0;24.920358657836914;9.722259521484375;0.2889335796476395;0.9994749427297979;0.800000011920929;0.800000011920929;0.800000011920929
lidar;21.0;39.0;25.0;24.922687530517578;9.711463928222656;0.2987150251865387;25.0;24.919231414794922;9.698567390441895;0.31206568130842377;0.9990563392437225;0.800000011920929;0.800000011920929;0.800000011920929
lidar;21.0;39.0;25.0;24.92768096923828;9.709948539733887;0.2989313006401062;25.0;24.930896759033203;9.722838401794434;0.28564620086434916;0.9983333945197235;0.800000011920929;0.800000011920929;0.800000011920929
lidar;21.0;39.0;25.0;24.93268585205078;9.708430290222168;0.2992391884326935;25.0;24.931665420532227;9.704008102416992;0.3037773700506258;0.9973062872611547;0.800000011920929;0.800000011920929;0.800000011920929
lidar;21.0;39.0;25.0;24.937702178955078;9.7069091796875;0.299638956785202;25.0;24.937854766845703;9.707633018493652;0.2988991151824516;0.9959755542201812;0.800000011920929;0.800000011920929;0.800000011920929
lidar;21.0;39.0;25.0;24.942781448364258;9.705636024475098;0.29987362027168274;25.0;24.94097137451172;9.696321487426758;0.3093625731491444;0.9955565330441091;0.800000011920929;0.800000011920929;0.800000011920929
lidar;21.0;39.0;25.0;24.94800567626953;9.705121040344238;0.2994275987148285;25.0;24.94345474243164;9.679311752319336;0.3256351828703899;0.997039616296195;0.800000011920929;0.800000011920929;0.800000011920929
lidar;21.0;39.0;25.0;24.953214645385742;9.704607963562012;0.29907387495040894;25.0;24.95136070251465;9.692907333374023;0.3109204055723534;0.9982190728949937;0.800000011920929;0.800000011920929;0.800000011920929
lidar;21.0;39.0;25.0;24.95841407775879;9.704095840454102;0.2988118827342987;25.0;24.95806884765625;9.701647758483887;0.3012840147964975;0.999094426615914;0.800000011920929;0.800000011920929;0.800000011920929
lidar;21.0;39.0;25.0;24.963603973388672;9.703584671020508;0.29864129424095154;25.0;24.96453285217285;9.711141586303711;0.2910275329694697;0.999665439138244;0.800000011920929;0.800000011920929;0.800000011920929
lidar;21.0;39.0;25.0;24.968791961669922;9.703073501586914;0.2985617220401764;25.0;24.967723846435547;9.69291877746582;0.308772611150563;0.9999319911025861;0.800000011920929;0.800000011920929;0.800000011920929
lidar;21.0;39.0;25.0;24.97397804260254;9.702563285827637;0.2985731065273285;25.0;24.975297927856445;9.717652320861816;0.28342622950100477;0.9998939037305891;0.800000011920929;0.800000011920929;0.800000011920929
lidar;21.0;39.0;25.0;24.97916603088379;9.702052116394043;0.2986755073070526;25.0;24.978862762451172;9.697732925415039;0.30300525634289976;0.9995512962369434;0.800000011920929;0.800000011920929;0.800000011920929
lidar;21.0;39.0;25.0;24.984357833862305;9.70154094696045;0.2988690435886383;25.0;24.983259201049805;9.680547714233398;0.3198909187069419;0.9989041089717636;0.800000011920929;0.800000011920929;0.800000011920929
lidar;21.0;39.0;25.0;24.989559173583984;9.701027870178223;0.29915401339530945;25.0;24.98931884765625;9.69411849975586;0.3060684089257364;0.9979526997138365;0.800000011920929;0.800000011920929;0.800000011920929
lidar;21.0;39.0;25.0;24.99477195739746;9.700514793395996;0.29953089356422424;25.0;24.99464988708496;9.693437576293945;0.3066092817305288;0.9966973066730691;0.800000011920929;0.800000011920929;0.800000011920929
lidar;21.0;39.0;25.0;25.0;9.699999809265137;0.3000001907348633;25.0;25.0;9.693763732910156;0.3062360966598188;0.9951383468857753;0.800000011920929;0.800000011920929;0.800000011920929
lidar;21.0;39.0;25.0;25.00522804260254;9.700514793395996;0.29953089356422424;25.0;25.005220413208008;9.700870513916016;0.2991754960405257;0.9966973066730691;0.800000011920929;0.800000011920929;0.800000011920929
lidar;21.0;39.0;25.0;25.010440826416016;9.701027870178223;0.29915401339530945;25.0;25.010786056518555;9.691094398498535;0.30909391939964637;0.9979526997138365;0.800000011920929;0.800000011920929;0.800000011920929
lidar;21.0;39.0;25.0;25.015642166137695;9.70154094696045;0.2988690435886383;25.0;25.01531219482422;9.707840919494629;0.29256008542425577;0.9989041089717636;0.800000011920929;0.800000011920929;0.800000011920929
lidar;21.0;39.0;25.0;25.02083396911621;9.702052116394043;0.2986755073070526;25.0;25.02083969116211;9.701982498168945;0.29874533097307865;0.9995512962369434;0.800000011920929;0.800000011920929;0.800000011920929
lidar;21.0;39.0;25.0;25.02602195739746;9.702563285827637;0.2985731065273285;25.0;25.026334762573242;9.698986053466797;0.30216354088955605;0.9998939037305891;0.800000011920929;0.800000011920929;0.800000011920929
lidar;21.0;39.0;25.0;25.031208038330078;9.703073501586914;0.2985617220401764;25.0;25.03053855895996;9.709447860717773;0.29215281276466387;0.9999319911025861;0.800000011920929;0.800000011920929;0.800000011920929
lidar;21.0;39.0;25.0;25.036396026611328;9.703584671020508;0.29864129424095154;25.0;25.037954330444336;9.690896034240723;0.3114252235436023;0.999665439138244;0.800000011920929;0.800000011920929;0.800000011920929
lidar;21.0;39.0;25.0;25.04158592224121;9.704095840454102;0.2988118827342987;25.0;25.041549682617188;9.704363822937012;0.2985415923648262;0.999094426615914;0.800000011920929;0.800000011920929;0.800000011920929
lidar;21.0;39.0;25.0;25.046785354614258;9.704607963562012;0.29907387495040894;25.0;25.04603385925293;9.709357261657715;0.29426548291405985;0.9982190728949937;0.800000011920929;0.800000011920929;0.800000011920929
lidar;21.0;39.0;25.0;25.05199432373047;9.705121040344238;0.2994275987148285;25.0;25.052589416503906;9.701748847961426;0.30285219851938133;0.997039616296195;0.800000011920929;0.800000011920929;0.800000011920929
lidar;21.0;39.0;25.0;25.057218551635742;9.705636024475098;0.29987362027168274;25.0;25.055368423461914;9.71515941619873;0.29017233870510023;0.9955565330441091;0.800000011920929;0.800000011920929;0.800000011920929
lidar;21.0;39.0;25.0;25.062297821044922;9.7069091796875;0.299638956785202;25.0;25.061017990112305;9.712934494018555;0.293478740814334;0.9959755542201812;0.800000011920929;0.800000011920929;0.800000011920929
lidar;21.0;39.0;25.0;25.06731414794922;9.708430290222168;0.2992391586303711;25.0;25.063875198364258;9.72332763671875;0.2839501678539349;0.9973063468290412;0.800000011920929;0.800000011920929;0.800000011920929
lidar;21.0;39.0;25.0;25.07231903076172;9.709948539733887;0.2989313006401062;25.0;25.074552536010742;9.700986862182617;0.3081669424263498;0.9983334540703575;0.800000011920929;0.800000011920929;0.800000011920929
lidar;21.0;39.0;25.0;25.077312469482422;9.711463928222656;0.2987149655818939;25.0;25.081384658813477;9.696270942687988;0.31444398687970243;0.999056398947263;0.800000011920929;0.800000011920929;0.800000011920929
lidar;21.0;39.0;25.0;25.08230209350586;9.712976455688477;0.29858994483947754;25.0;25.08382797241211;9.707655906677246;0.30412543547452486;0.9994750022351542;0.800000011920929;0.800000011920929;0.800000011920929
lidar;21.0;39.0;25.0;25.087289810180664;9.714489936828613;0.29855579137802124;25.0;25.088132858276367;9.711732864379883;0.3014388080510173;0.9995892047791991;0.800000011920929;0.800000011920929;0.800000011920929
lidar;21.0;39.0;25.0;25.092275619506836;9.716002464294434;0.29861265420913696;25.0;25.093034744262695;9.713666915893555;0.3010681064279636;0.9993988871266305;0.800000011920929;0.800000011920929;0.800000011920929
lidar;21.0;39.0;25.0;25.097267150878906;9.71751594543457;0.2987605631351471;25.0;25.100143432617188;9.709163665771484;0.30759463700227957;0.9989041686011019;0.800000011920929;0.800000011920929;0.800000011920929
lidar;21.0;39.0;25.0;25.102264404296875;9.719032287597656;0.29899969696998596;25.0;25.10572052001953;9.70953369140625;0.309107807260992;0.9981051683206363;0.800000011920929;0.800000011920929;0.800000011920929
lidar;21.0;39.0;25.0;25.107271194458008;9.720550537109375;0.2993305027484894;25.0;25.10922622680664;9.715455055236816;0.30478849311279266;0.9970021249314476;0.800000011920929;0.800000011920929;0.800000011920929
lidar;21.0;39.0;25.0;25.112289428710938;9.722073554992676;0.29975348711013794;25.0;25.1171817779541;9.709964752197266;0.31281293022465473;0.9955953358551095;0.800000011920929;0.800000011920929;0.800000011920929
lidar;21.0;39.0;25.0;25.117122650146484;9.724075317382812;0.2997535765171051;25.0;25.1138973236084;9.731674194335938;0.2914990518494867;0.994930565287389;0.800000011920929;0.800000011920929;0.800000011920929
lidar;21.0;39.0;25.0;25.121747970581055;9.726548194885254;0.2993307113647461;25.0;25.117721557617188;9.735593795776367;0.28942899962674323;0.9963362219309113;0.800000011920929;0.800000011920929;0.800000011920929
lidar;21.0;39.0;25.0;25.12636375427246;9.72901439666748;0.29899993538856506;25.0;25.12318992614746;9.735816955566406;0.29149393282262354;0.9974385500158426;0.800000011920929;0.800000011920929;0.800000011920929
lidar;21.0;39.0;25.0;25.13096809387207;9.731475830078125;0.29876092076301575;25.0;25.128385543823242;9.73676872253418;0.29287125264771957;0.9982370137928649;0.800000011920929;0.800000011920929;0.800000011920929
lidar;21.0;39.0;25.0;25.13556671142578;9.733933448791504;0.2986130714416504;25.0;25.139909744262695;9.725411415100098;0.3081782033499259;0.998731434306777;0.800000011920929;0.800000011920929;0.800000011920929
lidar;21.0;39.0;25.0;25.14016342163086;9.736390113830566;0.29855626821517944;25.0;25.132137298583984;9.751483917236328;0.28146179738748534;0.9989215731008487;0.800000011920929;0.800000011920929;0.800000011920929
lidar;21.0;39.0;25.0;25.144760131835938;9.738846778869629;0.29859045147895813;25.0;25.14620590209961;9.736238479614258;0.3015733619384111;0.9988074898130497;0.800000011920929;0.800000011920929;0.800000011920929
lidar;21.0;39.0;25.0;25.14935874938965;9.741304397583008;0.29871559143066406;25.0;25.140352249145508;9.756902694702148;0.2807045829328317;0.9983891248891877;0.800000011920929;0.800000011920929;0.800000011920929
lidar;21.0;39.0;25.0;25.153961181640625;9.743764877319336;0.2989320158958435;25.0;25.15162467956543;9.747653007507324;0.29439585001998325;0.9976666570528429;0.800000011920929;0.800000011920929;0.800000011920929
lidar;21.0;39.0;25.0;25.158573150634766;9.746230125427246;0.2992399334907532;25.0;25.149211883544922;9.761210441589355;0.28157538188841896;0.9966403244387904;0.800000011920929;0.800000011920929;0.800000011920929
lidar;21.0;39.0;25.0;25.163196563720703;9.748701095581055;0.29963988065719604;25.0;25.16703987121582;9.742780685424805;0.30669916346183246;0.9953102468409298;0.800000011920929;0.800000011920929;0.800000011920929
lidar;21.0;39.0;25.0;25.167688369750977;9.751392364501953;0.29987457394599915;25.0;25.169527053833008;9.748665809631348;0.30316409810839345;0.993665099105453;0.800000011920929;0.800000011920929;0.800000011920929
lidar;21.0;39.0;25.0;25.17174530029297;9.754722595214844;0.29942843317985535;25.0;25.172321319580078;9.753900527954102;0.30043243010003157;0.9951454400003393;0.800000011920929;0.800000011920929;0.800000011920929
lidar;21.0;39.0;25.0;25.175790786743164;9.75804328918457;0.299074649810791;25.0;25.175289154052734;9.758735656738281;0.2982188272048546;0.9963226320498103;0.800000011920929;0.800000011920929;0.800000011920929
lidar;21.0;39.0;25.0;25.17983055114746;9.761357307434082;0.29881253838539124;25.0;25.175851821899414;9.76663589477539;0.29220361180948484;0.9971963165936379;0.800000011920929;0.800000011920929;0.800000011920929
lidar;21.0;39.0;25.0;25.183862686157227;9.764667510986328;0.29864177107810974;25.0;25.18703269958496;9.76060962677002;0.3037910370682701;0.9977663160729817;0.800000011920929;0.800000011920929;0.800000011920929
lidar;21.0;39.0;25.0;25.187891006469727;9.767973899841309;0.2985621392726898;25.0;25.18581771850586;9.770533561706543;0.29526857989705213;0.9980322718087783;0.800000011920929;0.800000011920929;0.800000011920929
lidar;21.0;39.0;25.0;25.191919326782227;9.771279335021973;0.29857346415519714;25.0;25.187679290771484;9.776331901550293;0.2919776158243376;0.9979943036245876;0.800000011920929;0.800000011920929;0.800000011920929
lidar;21.0;39.0;25.0;25.19594955444336;9.77458667755127;0.2986757457256317;25.0;25.201444625854492;9.768263816833496;0.3070532124765991;0.9976522924208442;0.800000011920929;0.800000011920929;0.800000011920929
lidar;21.0;39.0;25.0;25.199981689453125;9.777896881103516;0.29886916279792786;25.0;25.20573616027832;9.771506309509277;0.30746837602004995;0.9970064164621479;0.800000011920929;0.800000011920929;0.800000011920929
lidar;21.0;39.0;25.0;25.204023361206055;9.78121280670166;0.2991540729999542;25.0;25.207141876220703;9.777868270874023;0.30372702702971255;0.9960567952892743;0.800000011920929;0.800000011920929;0.800000011920929
lidar;21.0;39.0;25.0;25.208070755004883;9.78453540802002;0.29953083395957947;25.0;25.204801559448242;9.787921905517578;0.2948236285769953;0.9948037862394215;0.800000011920929;0.800000011920929;0.800000011920929
lidar;21.0;39.0;25.0;25.21213150024414;9.78786849975586;0.29999980330467224;25.0;25.212169647216797;9.787830352783203;0.30005371662383623;0.9923129675906004;0.800000011920929;0.800000011920929;0.800000011920929
lidar;21.0;39.0;24.996301651000977;24.788053512573242;9.7880859375;0.29973742365837097;24.9963321685791;24.789812088012695;9.789844512939453;0.2972499339128971;0.9931815861690151;0.800000011920929;0.800000011920929;0.800000011920929
lidar;21.0;39.0;24.99624252319336;24.79207420349121;9.784719467163086;0.29932069778442383;24.996288299560547;24.7946720123291;9.787409782409668;0.2955803429253394;0.9955022331783427;0.800000011920929;0.800000011920929;0.800000011920929
lidar;21.0;39.0;24.996183395385742;24.796123504638672;9.781401634216309;0.2989409267902374;24.996131896972656;24.793331146240234;9.778409957885742;0.3030326269548251;0.9967668053720394;0.800000011920929;0.800000011920929;0.800000011920929
lidar;21.0;39.0;24.996126174926758;24.800161361694336;9.778091430664062;0.2986530363559723;24.996116638183594;24.799646377563477;9.777517318725586;0.2994250372145047;0.9977279303777487;0.800000011920929;0.800000011920929;0.800000011920929
lidar;21.0;39.0;24.996068954467773;24.804195404052734;9.774785995483398;0.29845649003982544;24.995954513549805;24.79852294921875;9.768261909484863;0.30710226228138593;0.9983850120845217;0.800000011920929;0.800000011920929;0.800000011920929
lidar;21.0;39.0;24.99601173400879;24.808223724365234;9.771484375;0.29835107922554016;24.995929718017578;24.804332733154297;9.766847610473633;0.3044054937739985;0.998737931168452;0.800000011920929;0.800000011920929;0.800000011920929
lidar;21.0;39.0;24.995954513549805;24.8122501373291;9.768184661865234;0.29833659529685974;24.996015548706055;24.81514549255371;9.771759033203125;0.29373627450690215;0.9987867474560431;0.800000011920929;0.800000011920929;0.800000011920929
lidar;21.0;39.0;24.995895385742188;24.8162784576416;9.764883041381836;0.2984130084514618;24.995676040649414;24.806421279907227;9.752267837524414;0.3144242660230122;0.9985312819560879;0.800000011920929;0.800000011920929;0.800000011920929
lidar;21.0;39.0;24.995838165283203;24.820310592651367;9.761579513549805;0.2985803782939911;24.996118545532227;24.8324031829834;9.777626037597656;0.278484581264566;0.9979716537269743;0.800000011920929;0.800000011920929;0.800000011920929
lidar;21.0;39.0;24.99578094482422;24.8243465423584;9.758271217346191;0.2988390028476715;24.996013641357422;24.834095001220703;9.771685600280762;0.28225507907627423;0.9971081016993021;0.800000011920929;0.800000011920929;0.800000011920929
lidar;21.0;39.0;24.995723724365234;24.828392028808594;9.754955291748047;0.29918938875198364;24.99566650390625;24.826108932495117;9.75169563293457;0.3031693977856327;0.9959406258184377;0.800000011920929;0.800000011920929;0.800000011920929
lidar;21.0;39.0;24.995664596557617;24.832448959350586;9.751631736755371;0.29963189363479614;24.995685577392578;24.833267211914062;9.752846717834473;0.2981661969670463;0.9944699406915235;0.800000011920929;0.800000011920929;0.800000011920929
lidar;21.0;39.0;24.995616912841797;24.836896896362305;9.748882293701172;0.299469530582428;24.995941162109375;24.849000930786133;9.76751708984375;0.27724632378595504;0.9958765507298885;0.800000011920929;0.800000011920929;0.800000011920929
lidar;21.0;39.0;24.995573043823242;24.84151840209961;9.746414184570312;0.2990680932998657;24.9954833984375;24.838319778442383;9.74129581451416;0.3051047015333583;0.9972129463067638;0.800000011920929;0.800000011920929;0.800000011920929
lidar;21.0;39.0;24.99553108215332;24.846128463745117;9.743952751159668;0.29875868558883667;24.99545669555664;24.843551635742188;9.739665985107422;0.30375996696701835;0.9982454180968805;0.800000011920929;0.800000011920929;0.800000011920929
lidar;21.0;39.0;24.995487213134766;24.85072898864746;9.741495132446289;0.29854077100753784;24.995777130126953;24.860305786132812;9.758081436157227;0.2793864918422462;0.9989738463688566;0.800000011920929;0.800000011920929;0.800000011920929
lidar;21.0;39.0;24.995445251464844;24.85532569885254;9.739041328430176;0.298414021730423;24.995616912841797;24.860809326171875;9.748930931091309;0.2871045289944881;0.9993980526700572;0.800000011920929;0.800000011920929;0.800000011920929
lidar;21.0;39.0;24.99540138244629;24.859920501708984;9.736587524414062;0.2983781695365906;24.995397567749023;24.85977554321289;9.736315727233887;0.29868611241764337;0.9995177388417793;0.800000011920929;0.800000011920929;0.800000011920929
lidar;21.0;39.0;24.995359420776367;24.864513397216797;9.734134674072266;0.2984332740306854;24.99530601501465;24.862937927246094;9.73104190826416;0.3019044347254845;0.9993330239655805;0.800000011920929;0.800000011920929;0.800000011920929
lidar;21.0;39.0;24.995315551757812;24.869112014770508;9.731679916381836;0.2985793650150299;24.99557113647461;24.876230239868164;9.7462739944458;0.28233920262631046;0.998843908285757;0.800000011920929;0.800000011920929;0.800000011920929
lidar;21.0;39.0;24.99527359008789;24.873714447021484;9.72922134399414;0.29881662130355835;24.995628356933594;24.88321304321289;9.749589920043945;0.27633949386938494;0.9980505703950785;0.800000011920929;0.800000011920929;0.800000011920929
lidar;21.0;39.0;24.995229721069336;24.878326416015625;9.72675895690918;0.29914551973342896;24.995141983032227;24.876081466674805;9.721715927124023;0.30466584866355073;0.99695307044468;0.800000011920929;0.800000011920929;0.800000011920929
lidar;21.0;39.0;24.995187759399414;24.882949829101562;9.724289894104004;0.2995663583278656;24.99489402770996;24.875831604003906;9.707520484924316;0.3177861608247388;0.99555206279744;0.800000011920929;0.800000011920929;0.800000011920929
lidar;21.0;39.0;24.99515151977539;24.887746810913086;9.722207069396973;0.29965487122535706;24.99522590637207;24.889480590820312;9.726495742797852;0.2950289525267168;0.9959226843998158;0.800000011920929;0.800000011920929;0.800000011920929
lidar;21.0;39.0;24.99512481689453;24.892765045166016;9.720685958862305;0.29923155903816223;24.995027542114258;24.890642166137695;9.715155601501465;0.3051563530670825;0.9973317385294991;0.800000011920929;0.800000011920929;0.800000011920929
lidar;21.0;39.0;24.995098114013672;24.897769927978516;9.719168663024902;0.2989002764225006;24.995115280151367;24.898136138916016;9.720173835754395;0.29783053484375543;0.9984369278528317;0.800000011920929;0.800000011920929;0.800000011920929
lidar;21.0;39.0;24.995071411132812;24.90276527404785;9.717653274536133;0.2986606955528259;24.995128631591797;24.903892517089844;9.720925331115723;0.2951999999186552;0.9992380142040176;0.800000011920929;0.800000011920929;0.800000011920929
lidar;21.0;39.0;24.995044708251953;24.90775489807129;9.716140747070312;0.2985122799873352;24.995290756225586;24.912307739257812;9.730154991149902;0.2837749328525486;0.9997346401074688;0.800000011920929;0.800000011920929;0.800000011920929
lidar;21.0;39.0;24.995019912719727;24.91274070739746;9.714629173278809;0.2984549105167389;24.995100021362305;24.914152145385742;9.71924877166748;0.2936236949277518;0.9999268054945926;0.800000011920929;0.800000011920929;0.800000011920929
lidar;21.0;39.0;24.994991302490234;24.917726516723633;9.713118553161621;0.29848846793174744;24.994792938232422;24.91444206237793;9.701668739318848;0.31040144113965945;0.9998143911352022;0.800000011920929;0.800000011920929;0.800000011920929
lidar;21.0;39.0;24.994966506958008;24.922712326049805;9.7116060256958;0.2986130118370056;24.994966506958008;24.922704696655273;9.711575508117676;0.29864407539368537;0.9993973969983787;0.800000011920929;0.800000011920929;0.800000011920929
lidar;21.0;39.0;24.99493980407715;24.927705764770508;9.710091590881348;0.29882872104644775;24.99467658996582;24.9239444732666;9.695005416870117;0.31437921184101036;0.9986760020791711;0.800000011920929;0.800000011920929;0.800000011920929
lidar;21.0;39.0;24.99491310119629;24.932708740234375;9.708575248718262;0.2991359233856201;24.995086669921875;24.935014724731445;9.7185640335083;0.28888329242559707;0.9976503250451642;0.800000011920929;0.800000011920929;0.800000011920929
lidar;21.0;39.0;24.99488639831543;24.93772315979004;9.70705509185791;0.29953503608703613;24.99503517150879;24.939525604248047;9.715531349182129;0.29086861499034067;0.9963209031348651;0.800000011920929;0.800000011920929;0.800000011920929
lidar;21.0;39.0;24.994863510131836;24.942781448364258;9.70568561553955;0.2998686134815216;24.99488639831543;24.943037033081055;9.707000732421875;0.2985290191615728;0.9955731627026028;0.800000011920929;0.800000011920929;0.800000011920929
lidar;21.0;39.0;24.994853973388672;24.94800567626953;9.705171585083008;0.29942256212234497;24.994979858398438;24.94928741455078;9.712434768676758;0.2920457670967443;0.997056305133834;0.800000011920929;0.800000011920929;0.800000011920929
lidar;21.0;39.0;24.994844436645508;24.953214645385742;9.704658508300781;0.2990688681602478;24.99493980407715;24.954084396362305;9.7101411819458;0.2935168498801897;0.9982357620892478;0.800000011920929;0.800000011920929;0.800000011920929
lidar;21.0;39.0;24.994836807250977;24.95841407775879;9.704146385192871;0.2988068163394928;24.99492835998535;24.959165573120117;9.709493637084961;0.2934061712759455;0.9991111755210341;0.800000011920929;0.800000011920929;0.800000011920929
lidar;21.0;39.0;24.994827270507812;24.963605880737305;9.703635215759277;0.29863622784614563;24.99537467956543;24.967453002929688;9.734971046447754;0.2670602604568503;0.9996822476290901;0.800000011920929;0.800000011920929;0.800000011920929
lidar;21.0;39.0;24.99481773376465;24.968791961669922;9.703124046325684;0.2985566258430481;24.99492073059082;24.96940803527832;9.708986282348633;0.2926615488640785;0.9999487996104504;0.800000011920929;0.800000011920929;0.800000011920929
lidar;21.0;39.0;24.994810104370117;24.97397804260254;9.702613830566406;0.2985677421092987;24.994735717773438;24.973608016967773;9.698396682739258;0.3028019940949153;0.9999116659158388;0.800000011920929;0.800000011920929;0.800000011920929
lidar;21.0;39.0;24.994800567626953;24.97916603088379;9.702122688293457;0.29865044355392456;24.994842529296875;24.979337692260742;9.70457649230957;0.29618974434474704;0.9996351003596832;0.800000011920929;0.800000011920929;0.800000011920929
lidar;21.0;39.0;24.994792938232422;24.98436164855957;9.701630592346191;0.2988242506980896;24.994916915893555;24.98473358154297;9.708734512329102;0.2917097190826106;0.9990538954435041;0.800000011920929;0.800000011920929;0.800000011920929
lidar;21.0;39.0;24.994783401489258;24.98956298828125;9.701154708862305;0.2990734279155731;24.99496078491211;24.98991584777832;9.71126937866211;0.28895045365309946;0.9982216358527081;0.800000011920929;0.800000011920929;0.800000011920929
lidar;21.0;39.0;24.994775772094727;24.994775772094727;9.700727462768555;0.2993636131286621;24.994747161865234;24.994747161865234;9.699115753173828;0.3009762952093703;0.9972541930255857;0.800000011920929;0.800000011920929;0.800000011920929
lidar;21.0;39.0;24.99477195739746;25.0;9.700514793395996;0.29953089356422424;24.994815826416016;25.0;9.703032493591309;0.2970131674477013;0.9966973066730691;0.800000011920929;0.800000011920929;0.800000011920929
lidar;21.0;39.0;24.994775772094727;25.005224227905273;9.700727462768555;0.2993636429309845;24.994537353515625;25.005462646484375;9.687036514282227;0.3130585897769679;0.9972541930255857;0.800000011920929;0.800000011920929;0.800000011920929
lidar;21.0;39.0;24.994783401489258;25.01043701171875;9.701154708862305;0.2990734279155731;24.994863510131836;25.010278701782227;9.70569896697998;0.2945248356222968;0.9982216358527081;0.800000011920929;0.800000011920929;0.800000011920929
lidar;21.0;39.0;24.994792938232422;25.01563835144043;9.701630592346191;0.2988242208957672;24.994873046875;25.01539421081543;9.706296920776367;0.2941513608858122;0.9990538954435041;0.800000011920929;0.800000011920929;0.800000011920929
lidar;21.0;39.0;24.994800567626953;25.02083396911621;9.702122688293457;0.29865044355392456;24.994720458984375;25.02115249633789;9.697568893432617;0.3032162263911161;0.9996351003596832;0.800000011920929;0.800000011920929;0.800000011920929
lidar;21.0;39.0;24.994810104370117;25.02602195739746;9.702613830566406;0.2985677421092987;24.994670867919922;25.026716232299805;9.694671630859375;0.3065411424350222;0.9999116659158388;0.800000011920929;0.800000011920929;0.800000011920929
lidar;21.0;39.0;24.99481773376465;25.031208038330078;9.703124046325684;0.2985566556453705;24.994598388671875;25.03253173828125;9.690533638000488;0.3112180462692292;0.9999487996104504;0.800000011920929;0.800000011920929;0.800000011920929
lidar;21.0;39.0;24.994827270507812;25.036394119262695;9.703635215759277;0.29863622784614563;24.994707107543945;25.0372371673584;9.696770668029785;0.30555289660819746;0.9996822476290901;0.800000011920929;0.800000011920929;0.800000011920929
lidar;21.0;39.0;24.994836807250977;25.04158592224121;9.704146385192871;0.2988068163394928;24.99518585205078;25.03876495361328;9.724215507507324;0.27853767307595256;0.9991111755210341;0.800000011920929;0.800000011920929;0.800000011920929
lidar;21.0;39.0;24.994844436645508;25.046785354614258;9.704658508300781;0.2990688383579254;24.9946346282959;25.04869842529297;9.69257926940918;0.31130017275222965;0.9982357620892478;0.800000011920929;0.800000011920929;0.800000011920929
lidar;21.0;39.0;24.994853973388672;25.05199432373047;9.705171585083008;0.29942259192466736;24.994626998901367;25.054279327392578;9.692214012145996;0.31258204651620763;0.997056305133834;0.800000011920929;0.800000011920929;0.800000011920929
lidar;21.0;39.0;24.994863510131836;25.057218551635742;9.70568561553955;0.2998686134815216;24.995019912719727;25.055456161499023;9.714743614196777;0.2906396655716341;0.9955731627026028;0.800000011920929;0.800000011920929;0.800000011920929
lidar;21.0;39.0;24.99488639831543;25.06227684020996;9.70705509185791;0.29953500628471375;24.99489402770996;25.062183380126953;9.707494735717773;0.29908596664143755;0.9963209031348651;0.800000011920929;0.800000011920929;0.800000011920929
lidar;21.0;39.0;24.99491310119629;25.067291259765625;9.708575248718262;0.29913589358329773;24.994848251342773;25.068143844604492;9.704878807067871;0.30292975508285624;0.9976503250451642;0.800000011920929;0.800000011920929;0.800000011920929
lidar;21.0;39.0;24.99493980407715;25.072294235229492;9.710091590881348;0.29882869124412537;24.994918823242188;25.072587966918945;9.708910942077637;0.3000459508458669;0.9986760020791711;0.800000011920929;0.800000011920929;0.800000011920929
lidar;21.0;39.0;24.994966506958008;25.077287673950195;9.7116060256958;0.29861295223236084;24.99529266357422;25.072277069091797;9.730301856994629;0.2792544313801844;0.9993973969983787;0.800000011920929;0.800000011920929;0.800000011920929
lidar;21.0;39.0;24.994991302490234;25.082273483276367;9.713118553161621;0.29848840832710266;24.994901657104492;25.083770751953125;9.707901000976562;0.30391653957189296;0.9998143911352022;0.800000011920929;0.800000011920929;0.800000011920929
lidar;21.0;39.0;24.995019912719727;25.08725929260254;9.714630126953125;0.2984548807144165;24.99481773376465;25.090795516967773;9.70306396484375;0.31055107218769057;0.9999268054945926;0.800000011920929;0.800000011920929;0.800000011920929
lidar;21.0;39.0;24.995044708251953;25.09224510192871;9.716141700744629;0.29851222038269043;24.995018005371094;25.092763900756836;9.714543342590332;0.3001925890950811;0.9997346401074688;0.800000011920929;0.800000011920929;0.800000011920929
lidar;21.0;39.0;24.995071411132812;25.09723472595215;9.717653274536133;0.29866066575050354;24.995025634765625;25.098121643066406;9.715079307556152;0.3013839319969194;0.9992380142040176;0.800000011920929;0.800000011920929;0.800000011920929
lidar;21.0;39.0;24.995098114013672;25.102230072021484;9.719168663024902;0.298900306224823;24.994924545288086;25.10584831237793;9.709228515625;0.309479907520012;0.9984369278528317;0.800000011920929;0.800000011920929;0.800000011920929
lidar;21.0;39.0;24.99512481689453;25.107234954833984;9.720685958862305;0.29923152923583984;24.995153427124023;25.10661506652832;9.722301483154297;0.2975006560829007;0.9973317385294991;0.800000011920929;0.800000011920929;0.800000011920929
lidar;21.0;39.0;24.99515151977539;25.112253189086914;9.722207069396973;0.29965490102767944;24.994976043701172;25.116313934326172;9.71215534210205;0.3104976803465115;0.9959227442185964;0.800000011920929;0.800000011920929;0.800000011920929
lidar;21.0;39.0;24.995187759399414;25.117050170898438;9.724289894104004;0.2995662987232208;24.995285034179688;25.11467933654785;9.729873657226562;0.2934995465697745;0.99555206279744;0.800000011920929;0.800000011920929;0.800000011920929
lidar;21.0;39.0;24.995229721069336;25.121673583984375;9.72675895690918;0.2991454601287842;24.995304107666016;25.119802474975586;9.730961799621582;0.2945436326310857;0.99695307044468;0.800000011920929;0.800000011920929;0.800000011920929
lidar;21.0;39.0;24.99527359008789;25.126285552978516;9.72922134399414;0.2988165616989136;24.995119094848633;25.13041877746582;9.720357894897461;0.30859794565161436;0.9980505108754222;0.800000011920929;0.800000011920929;0.800000011920929
lidar;21.0;39.0;24.995315551757812;25.130887985229492;9.731679916381836;0.29857927560806274;24.995115280151367;25.136493682861328;9.720189094543457;0.3113656288221329;0.998843908285757;0.800000011920929;0.800000011920929;0.800000011920929
lidar;21.0;39.0;24.995359420776367;25.135486602783203;9.734134674072266;0.29843321442604065;24.99521827697754;25.139623641967773;9.726014137268066;0.3075485153214553;0.9993330239655805;0.800000011920929;0.800000011920929;0.800000011920929
lidar;21.0;39.0;24.99540138244629;25.140079498291016;9.736587524414062;0.2983781397342682;24.995450973510742;25.138582229614258;9.739402770996094;0.2951890808056788;0.9995177388417793;0.800000011920929;0.800000011920929;0.800000011920929
lidar;21.0;39.0;24.995445251464844;25.14467430114746;9.739041328430176;0.2984139621257782;24.99549102783203;25.14322280883789;9.741658210754395;0.29542074202168744;0.999397993090034;0.800000011920929;0.800000011920929;0.800000011920929
lidar;21.0;39.0;24.995487213134766;25.14927101135254;9.741495132446289;0.29854074120521545;24.995235443115234;25.157649993896484;9.726983070373535;0.3153007707252386;0.9989738463688566;0.800000011920929;0.800000011920929;0.800000011920929
lidar;21.0;39.0;24.99553108215332;25.153871536254883;9.743952751159668;0.2987586259841919;24.99558448791504;25.152036666870117;9.747007369995117;0.29519408108548806;0.9982454180968805;0.800000011920929;0.800000011920929;0.800000011920929
lidar;21.0;39.0;24.995573043823242;25.15848159790039;9.746414184570312;0.29906806349754333;24.995609283447266;25.15719223022461;9.7484769821167;0.2966355650675726;0.9972129463067638;0.800000011920929;0.800000011920929;0.800000011920929
lidar;21.0;39.0;24.995616912841797;25.163103103637695;9.748882293701172;0.2994694709777832;24.99553108215332;25.166269302368164;9.744006156921387;0.30528467237749923;0.9958765507298885;0.800000011920929;0.800000011920929;0.800000011920929
lidar;21.0;39.0;24.995664596557617;25.167551040649414;9.751631736755371;0.29963189363479614;24.99570655822754;25.16590690612793;9.754069328308105;0.2966915948137659;0.9944698217551545;0.800000011920929;0.800000011920929;0.800000011920929
lidar;21.0;39.0;24.995723724365234;25.171607971191406;9.754955291748047;0.29918938875198364;24.99578857421875;25.168956756591797;9.75874137878418;0.29456703078647206;0.9959405661307069;0.800000011920929;0.800000011920929;0.800000011920929
lidar;21.0;39.0;24.99578094482422;25.1756534576416;9.758271217346191;0.2988390624523163;24.995468139648438;25.188640594482422;9.740399360656738;0.3209328805870729;0.9971079827926466;0.800000011920929;0.800000011920929;0.800000011920929
lidar;21.0;39.0;24.995838165283203;25.179689407348633;9.761579513549805;0.2985803782939911;24.995866775512695;25.17847442626953;9.763191223144531;0.29656210197231836;0.9979715346751883;0.800000011920929;0.800000011920929;0.800000011920929
lidar;21.0;39.0;24.995895385742188;25.1837215423584;9.764883041381836;0.2984130084514618;24.996036529541016;25.177440643310547;9.77292251586914;0.2882099628980391;0.9985311626723874;0.800000011920929;0.800000011920929;0.800000011920929
lidar;21.0;39.0;24.995954513549805;25.1877498626709;9.768184661865234;0.29833659529685974;24.995853424072266;25.192440032958984;9.7623929977417;0.3057894681261988;0.9987866878338907;0.800000011920929;0.800000011920929;0.800000011920929
lidar;21.0;39.0;24.99601173400879;25.191776275634766;9.771484375;0.29835110902786255;24.995880126953125;25.198078155517578;9.763976097106934;0.308154904261615;0.9987378716691591;0.800000011920929;0.800000011920929;0.800000011920929
lidar;21.0;39.0;24.996068954467773;25.195804595947266;9.774785995483398;0.2984565198421478;24.99612045288086;25.193187713623047;9.77779769897461;0.2944661524068867;0.9983849526149712;0.800000011920929;0.800000011920929;0.800000011920929
lidar;21.0;39.0;24.996126174926758;25.199838638305664;9.778091430664062;0.2986530363559723;24.9962158203125;25.195219039916992;9.783221244812012;0.29174942845526586;0.9977278114116745;0.800000011920929;0.800000011920929;0.800000011920929
lidar;21.0;39.0;24.996183395385742;25.203876495361328;9.781401634216309;0.2989409863948822;24.99643898010254;25.190265655517578;9.79599666595459;0.27898183524239456;0.9967666862404913;0.800000011920929;0.800000011920929;0.800000011920929
lidar;21.0;39.0;24.99624252319336;25.20792579650879;9.784719467163086;0.29932066798210144;24.996519088745117;25.19257354736328;9.800613403320312;0.27722191202572805;0.9955021145941416;0.800000011920929;0.800000011920929;0.800000011920929
lidar;21.0;39.0;24.996301651000977;25.211946487426758;9.7880859375;0.29973742365837097;24.99612045288086;25.222253799438477;9.777779579162598;0.3143151715535981;0.9931815262374981;0.800000011920929;0.800000011920929;0.800000011920929
lidar;21.0;39.0;24.99260902404785;24.788209915161133;9.788338661193848;0.29951658844947815;24.992950439453125;24.79802131652832;9.79814338684082;0.28564202017317236;0.9939138293342749;0.800000011920929;0.800000011920929;0.800000011920929
lidar;21.0;39.0;24.992488861083984;24.792184829711914;9.784932136535645;0.2991616129875183;24.992671966552734;24.797208786010742;9.790131568908691;0.2919287079483199;0.9960312846046772;0.800000011920929;0.800000011920929;0.800000011920929
lidar;21.0;39.0;24.992374420166016;24.796232223510742;9.781620025634766;0.29877969622612;24.992107391357422;24.789100646972656;9.77397632598877;0.3092372997853053;0.997304797303573;0.800000011920929;0.800000011920929;0.800000011920929
lidar;21.0;39.0;24.992258071899414;24.80027198791504;9.778314590454102;0.2984895408153534;24.992334365844727;24.802257537841797;9.780517578125;0.29552289212296495;0.9982745648143008;0.800000011920929;0.800000011920929;0.800000011920929
lidar;21.0;39.0;24.992143630981445;24.804304122924805;9.77501392364502;0.2982906699180603;24.9920597076416;24.802217483520508;9.77261734008789;0.3014691367128961;0.9989401101910791;0.800000011920929;0.800000011920929;0.800000011920929
lidar;21.0;39.0;24.992027282714844;24.808332443237305;9.77171802520752;0.2981829047203064;24.992069244384766;24.80933952331543;9.772917747497559;0.29661614319642776;0.9993014931845924;0.800000011920929;0.800000011920929;0.800000011920929
lidar;21.0;39.0;24.991912841796875;24.812358856201172;9.768423080444336;0.2981659173965454;24.991350173950195;24.799314498901367;9.752326011657715;0.31889110811851035;0.9993584156561213;0.800000011920929;0.800000011920929;0.800000011920929
lidar;21.0;39.0;24.991798400878906;24.81638526916504;9.765127182006836;0.2982398569583893;24.99199676513672;24.820838928222656;9.770822525024414;0.291007214073763;0.9991109371313411;0.800000011920929;0.800000011920929;0.800000011920929
lidar;21.0;39.0;24.991682052612305;24.820415496826172;9.761828422546387;0.2984047532081604;24.990964889526367;24.804906845092773;9.74125862121582;0.32417627863368764;0.9985590576630223;0.800000011920929;0.800000011920929;0.800000011920929
lidar;21.0;39.0;24.991567611694336;24.824451446533203;9.758525848388672;0.29866084456443787;24.99104881286621;24.813655853271484;9.743677139282227;0.3170261456041586;0.9977031351177339;0.800000011920929;0.800000011920929;0.800000011920929
lidar;21.0;39.0;24.991451263427734;24.828495025634766;9.755215644836426;0.2990085482597351;24.991493225097656;24.829328536987305;9.7564058303833;0.29755518856692276;0.9965431691178958;0.800000011920929;0.800000011920929;0.800000011920929
lidar;21.0;39.0;24.991336822509766;24.832550048828125;9.751896858215332;0.29944831132888794;24.99139404296875;24.833662033081055;9.75354290008545;0.2974617120401459;0.9950797559804574;0.800000011920929;0.800000011920929;0.800000011920929
lidar;21.0;39.0;24.99123764038086;24.836952209472656;9.749082565307617;0.2993669807910919;24.99154281616211;24.842615127563477;9.757795333862305;0.2889718573662486;0.9962176083088738;0.800000011920929;0.800000011920929;0.800000011920929
lidar;21.0;39.0;24.991151809692383;24.84157371520996;9.746618270874023;0.2989647090435028;24.991331100463867;24.844783782958984;9.751754760742188;0.29290398418859975;0.9975577591176189;0.800000011920929;0.800000011920929;0.800000011920929
lidar;21.0;39.0;24.991065979003906;24.846181869506836;9.744158744812012;0.2986544668674469;24.991117477416992;24.847084045410156;9.745659828186035;0.29690300531199154;0.9985940455628937;0.800000011920929;0.800000011920929;0.800000011920929
lidar;21.0;39.0;24.99098014831543;24.85078239440918;9.741704940795898;0.29843559861183167;24.990859985351562;24.84880256652832;9.738279342651367;0.30239375353935155;0.9993260502535521;0.800000011920929;0.800000011920929;0.800000011920929
lidar;21.0;39.0;24.990894317626953;24.855377197265625;9.739253044128418;0.298307865858078;24.99125099182129;24.861026763916016;9.749438285827637;0.2866558223510439;0.9997537136194772;0.800000011920929;0.800000011920929;0.800000011920929
lidar;21.0;39.0;24.990808486938477;24.859970092773438;9.73680305480957;0.2982710301876068;24.990842819213867;24.86050033569336;9.737799644470215;0.29714142185934145;0.999876856798551;0.800000011920929;0.800000011920929;0.800000011920929
lidar;21.0;39.0;24.99072265625;24.86456298828125;9.734352111816406;0.29832515120506287;24.990489959716797;24.86115074157715;9.72765827178955;0.30584237071581727;0.9996954202727393;0.800000011920929;0.800000011920929;0.800000011920929
lidar;21.0;39.0;24.990636825561523;24.869159698486328;9.731900215148926;0.2984701693058014;24.990488052368164;24.867082595825195;9.727644920349121;0.30320771852453776;0.9992094636658608;0.800000011920929;0.800000011920929;0.800000011920929
lidar;21.0;39.0;24.99055290222168;24.873760223388672;9.729445457458496;0.2987063229084015;24.990781784057617;24.876827239990234;9.736016273498535;0.29145150190057806;0.9984191060991381;0.800000011920929;0.800000011920929;0.800000011920929
lidar;21.0;39.0;24.99046516418457;24.878372192382812;9.726984977722168;0.2990340292453766;24.99026107788086;24.87575340270996;9.721109390258789;0.30547025773738284;0.9973246455545115;0.800000011920929;0.800000011920929;0.800000011920929
lidar;21.0;39.0;24.990379333496094;24.882993698120117;9.724519729614258;0.2994537353515625;24.98967170715332;24.8743839263916;9.70424747467041;0.32148949141062144;0.9959264400350967;0.800000011920929;0.800000011920929;0.800000011920929
lidar;21.0;39.0;24.990304946899414;24.887754440307617;9.722350120544434;0.29963767528533936;24.990394592285156;24.888797760009766;9.724931716918945;0.2968519001524612;0.9959797860435742;0.800000011920929;0.800000011920929;0.800000011920929
lidar;21.0;39.0;24.990251541137695;24.892770767211914;9.720829963684082;0.299214243888855;24.990421295166016;24.894643783569336;9.72570514678955;0.2939883279217115;0.9973892571297972;0.800000011920929;0.800000011920929;0.800000011920929
lidar;21.0;39.0;24.990198135375977;24.897775650024414;9.71931266784668;0.29888296127319336;24.990379333496094;24.89967155456543;9.724517822265625;0.293340905650537;0.9984948039480407;0.800000011920929;0.800000011920929;0.800000011920929
lidar;21.0;39.0;24.990144729614258;24.90277099609375;9.717799186706543;0.2986432611942291;24.98979377746582;24.89929962158203;9.707723617553711;0.3093065173708451;0.9992961884079233;0.800000011920929;0.800000011920929;0.800000011920929
lidar;21.0;39.0;24.990093231201172;24.907760620117188;9.716287612915039;0.29849475622177124;24.989900588989258;24.90596580505371;9.71076774597168;0.304301974853702;0.9997932314683242;0.800000011920929;0.800000011920929;0.800000011920929
lidar;21.0;39.0;24.990039825439453;24.912744522094727;9.714776992797852;0.298437237739563;24.989978790283203;24.91220474243164;9.7130126953125;0.300283165109389;0.999985754489485;0.800000011920929;0.800000011920929;0.800000011920929
lidar;21.0;39.0;24.989986419677734;24.9177303314209;9.713266372680664;0.29847076535224915;24.989696502685547;24.915340423583984;9.704936027526855;0.3071414439227625;0.999873578545956;0.800000011920929;0.800000011920929;0.800000011920929
lidar;21.0;39.0;24.98993492126465;24.922718048095703;9.71175479888916;0.2985951602458954;24.98981475830078;24.921794891357422;9.708311080932617;0.3021631868020522;0.9994568824446904;0.800000011920929;0.800000011920929;0.800000011920929
lidar;21.0;39.0;24.98988151550293;24.927711486816406;9.71024227142334;0.29881078004837036;24.989587783813477;24.925613403320312;9.701837539672852;0.3074773462260017;0.998735785501977;0.800000011920929;0.800000011920929;0.800000011920929
lidar;21.0;39.0;24.98982810974121;24.93271255493164;9.708725929260254;0.2991178035736084;24.98959732055664;24.93117904663086;9.702088356018066;0.30593432863568265;0.9977103470029306;0.800000011920929;0.800000011920929;0.800000011920929
lidar;21.0;39.0;24.989774703979492;24.937726974487305;9.707206726074219;0.2995167672634125;24.989696502685547;24.937246322631836;9.704946517944336;0.3018293906104337;0.9963811637001988;0.800000011920929;0.800000011920929;0.800000011920929
lidar;21.0;39.0;24.98972511291504;24.942766189575195;9.705737113952637;0.2999531924724579;24.98906135559082;24.939071655273438;9.68674087524414;0.3193167854765184;0.9952921868678076;0.800000011920929;0.800000011920929;0.800000011920929
lidar;21.0;39.0;24.98970603942871;24.94799041748047;9.705223083496094;0.299507200717926;24.990158081054688;24.95026969909668;9.7181396484375;0.2863825771478132;0.9967744348004859;0.800000011920929;0.800000011920929;0.800000011920929
lidar;21.0;39.0;24.989688873291016;24.953205108642578;9.704728126525879;0.2991344630718231;24.989688873291016;24.953201293945312;9.704707145690918;0.29915578267833215;0.9980165957227787;0.800000011920929;0.800000011920929;0.800000011920929
lidar;21.0;39.0;24.98967170715332;24.95840835571289;9.704236030578613;0.2988526225090027;24.989561080932617;24.957965850830078;9.701088905334473;0.3020324091674038;0.9989579916278593;0.800000011920929;0.800000011920929;0.800000011920929
lidar;21.0;39.0;24.989654541015625;24.96360206604004;9.703744888305664;0.2986622452735901;24.989696502685547;24.963748931884766;9.704933166503906;0.29746428708907613;0.9995950460483922;0.800000011920929;0.800000011920929;0.800000011920929
lidar;21.0;39.0;24.98963737487793;24.968791961669922;9.703253746032715;0.2985629141330719;24.989303588867188;24.967782974243164;9.693669319152832;0.3082057027612847;0.9999276995668701;0.800000011920929;0.800000011920929;0.800000011920929
lidar;21.0;39.0;24.989620208740234;24.973979949951172;9.702762603759766;0.2985546290874481;24.989492416381836;24.973661422729492;9.69913101196289;0.30220196786864834;0.9999556541452508;0.800000011920929;0.800000011920929;0.800000011920929
lidar;21.0;39.0;24.989604949951172;24.979169845581055;9.702302932739258;0.298605740070343;24.989795684814453;24.97955322265625;9.70777702331543;0.29311556974752856;0.9997847080168959;0.800000011920929;0.800000011920929;0.800000011920929
lidar;21.0;39.0;24.989587783813477;24.984365463256836;9.701849937438965;0.29874080419540405;24.989736557006836;24.984588623046875;9.706111907958984;0.2944711920226102;0.99933296437994;0.800000011920929;0.800000011920929;0.800000011920929
lidar;21.0;39.0;24.989574432373047;24.98956871032715;9.701452255249023;0.29891151189804077;24.989892959594727;24.989887237548828;9.710554122924805;0.28979835516072683;0.998762369172259;0.800000011920929;0.800000011920929;0.800000011920929
lidar;21.0;39.0;24.98956298828125;24.994779586791992;9.701154708862305;0.29907339811325073;24.989797592163086;24.994897842407227;9.70786190032959;0.2923603451817891;0.998221755102961;0.800000011920929;0.800000011920929;0.800000011920929
lidar;21.0;39.0;24.989559173583984;25.0;9.701027870178223;0.29915401339530945;24.989791870117188;25.0;9.707679748535156;0.29249828598398225;0.9979526997138365;0.800000011920929;0.800000011920929;0.800000011920929
lidar;21.0;39.0;24.98956298828125;25.005220413208008;9.701154708862305;0.29907339811325073;24.989648818969727;25.005176544189453;9.703614234924316;0.2966114090147427;0.998221755102961;0.800000011920929;0.800000011920929;0.800000011920929
lidar;21.0;39.0;24.989574432373047;25.01043128967285;9.701452255249023;0.29891154170036316;24.98918914794922;25.01081657409668;9.690438270568848;0.3099396033813501;0.998762369172259;0.800000011920929;0.800000011920929;0.800000011920929
lidar;21.0;39.0;24.989587783813477;25.015634536743164;9.701849937438965;0.29874080419540405;24.989439010620117;25.015857696533203;9.697591781616211;0.30300800871614725;0.99933296437994;0.800000011920929;0.800000011920929;0.800000011920929
lidar;21.0;39.0;24.989604949951172;25.020830154418945;9.702302932739258;0.298605740070343;24.98966407775879;25.020708084106445;9.704041481018066;0.296862131920588;0.9997847080168959;0.800000011920929;0.800000011920929;0.800000011920929
lidar;21.0;39.0;24.989620208740234;25.026020050048828;9.702762603759766;0.29855459928512573;24.989723205566406;25.025760650634766;9.705735206604004;0.2955689764965864;0.9999556541452508;0.800000011920929;0.800000011920929;0.800000011920929
lidar;21.0;39.0;24.98963737487793;25.031208038330078;9.703253746032715;0.2985629141330719;24.990272521972656;25.029296875;9.721426963806152;0.280278580356086;0.9999276995668701;0.800000011920929;0.800000011920929;0.800000011920929
lidar;21.0;39.0;24.989654541015625;25.03639793395996;9.703744888305664;0.2986622452735901;24.989473342895508;25.03703498840332;9.698558807373047;0.3038896496130045;0.9995950460483922;0.800000011920929;0.800000011920929;0.800000011920929
lidar;21.0;39.0;24.98967170715332;25.04159164428711;9.704236030578613;0.2988526225090027;24.989347457885742;25.042898178100586;9.694952011108398;0.30823374178177637;0.9989579916278593;0.800000011920929;0.800000011920929;0.800000011920929
lidar;21.0;39.0;24.989688873291016;25.046794891357422;9.704728126525879;0.2991344928741455;24.990137100219727;25.044757843017578;9.717580795288086;0.2861134813450212;0.9980165957227787;0.800000011920929;0.800000011920929;0.800000011920929
lidar;21.0;39.0;24.98970603942871;25.05200958251953;9.705223083496094;0.299507200717926;24.989852905273438;25.051273345947266;9.709392547607422;0.29527043319315893;0.9967744348004859;0.800000011920929;0.800000011920929;0.800000011920929
lidar;21.0;39.0;24.98972511291504;25.057233810424805;9.705737113952637;0.2999531924724579;24.990530014038086;25.0527400970459;9.728838920593262;0.27640482487433904;0.9952921868678076;0.800000011920929;0.800000011920929;0.800000011920929
lidar;21.0;39.0;24.989774703979492;25.062273025512695;9.707206726074219;0.2995167672634125;24.989883422851562;25.061613082885742;9.710309028625488;0.2963436885969585;0.9963811637001988;0.800000011920929;0.800000011920929;0.800000011920929
lidar;21.0;39.0;24.98982810974121;25.06728744506836;9.708725929260254;0.2991178035736084;24.989959716796875;25.06641960144043;9.712481498718262;0.2952610346683744;0.9977103470029306;0.800000011920929;0.800000011920929;0.800000011920929
lidar;21.0;39.0;24.98988151550293;25.072288513183594;9.71024227142334;0.2988107204437256;24.990127563476562;25.070528030395508;9.717300415039062;0.29153159451376687;0.998735785501977;0.800000011920929;0.800000011920929;0.800000011920929
lidar;21.0;39.0;24.98993492126465;25.077281951904297;9.71175479888916;0.2985951006412506;24.989959716796875;25.077089309692383;9.712477684020996;0.29784669483864384;0.9994568824446904;0.800000011920929;0.800000011920929;0.800000011920929
lidar;21.0;39.0;24.989986419677734;25.0822696685791;9.713266372680664;0.29847073554992676;24.98978614807129;25.083925247192383;9.707496643066406;0.30447618672440735;0.999873578545956;0.800000011920929;0.800000011920929;0.800000011920929
lidar;21.0;39.0;24.990039825439453;25.087255477905273;9.714776992797852;0.298437237739563;24.990039825439453;25.087261199951172;9.714754104614258;0.2984611207495785;0.999985754489485;0.800000011920929;0.800000011920929;0.800000011920929
lidar;21.0;39.0;24.990093231201172;25.092239379882812;9.716287612915039;0.29849472641944885;24.990259170532227;25.0906925201416;9.721050262451172;0.29348420832355;0.9997932314683242;0.800000011920929;0.800000011920929;0.800000011920929
lidar;21.0;39.0;24.990144729614258;25.09722900390625;9.717799186706543;0.29864323139190674;24.98992919921875;25.099367141723633;9.711592674255371;0.3052119619583905;0.9992961884079233;0.800000011920929;0.800000011920929;0.800000011920929
lidar;21.0;39.0;24.990198135375977;25.102224349975586;9.71931266784668;0.29888293147087097;24.990663528442383;25.09737777709961;9.732621192932129;0.2847122434849995;0.9984948039480407;0.800000011920929;0.800000011920929;0.800000011920929
lidar;21.0;39.0;24.990251541137695;25.107229232788086;9.720829963684082;0.299214243888855;24.990089416503906;25.1090030670166;9.71621036529541;0.30416510977278743;0.9973892571297972;0.800000011920929;0.800000011920929;0.800000011920929
lidar;21.0;39.0;24.990304946899414;25.112245559692383;9.722350120544434;0.29963767528533936;24.990745544433594;25.107131958007812;9.735001564025879;0.2859843781125098;0.9959797860435742;0.800000011920929;0.800000011920929;0.800000011920929
lidar;21.0;39.0;24.990379333496094;25.117006301879883;9.724519729614258;0.2994536757469177;24.990184783935547;25.1193790435791;9.718931198120117;0.30552868718420867;0.9959264400350967;0.800000011920929;0.800000011920929;0.800000011920929
lidar;21.0;39.0;24.99046516418457;25.121627807617188;9.726984977722168;0.2990339696407318;24.99047088623047;25.121562957763672;9.727133750915527;0.2988717220561761;0.9973246455545115;0.800000011920929;0.800000011920929;0.800000011920929
lidar;21.0;39.0;24.99055290222168;25.126237869262695;9.729445457458496;0.29870617389678955;24.990474700927734;25.12726402282715;9.727249145507812;0.3011310604960298;0.9984191060991381;0.800000011920929;0.800000011920929;0.800000011920929
lidar;21.0;39.0;24.990636825561523;25.130840301513672;9.731900215148926;0.29846999049186707;24.990554809570312;25.131999969482422;9.729524612426758;0.30111520462296837;0.9992094636658608;0.800000011920929;0.800000011920929;0.800000011920929
lidar;21.0;39.0;24.99072265625;25.13543701171875;9.734352111816406;0.29832494258880615;24.99070930480957;25.13564109802246;9.733951568603516;0.2987748568084293;0.9996953606483733;0.800000011920929;0.800000011920929;0.800000011920929
lidar;21.0;39.0;24.990808486938477;25.140029907226562;9.73680305480957;0.29827091097831726;24.990827560424805;25.139728546142578;9.7373685836792;0.2976296282311289;0.999876856798551;0.800000011920929;0.800000011920929;0.800000011920929
lidar;21.0;39.0;24.990894317626953;25.144622802734375;9.739253044128418;0.2983076870441437;24.990962982177734;25.143537521362305;9.741209030151367;0.2960696468746075;0.9997537136194772;0.800000011920929;0.800000011920929;0.800000011920929
lidar;21.0;39.0;24.99098014831543;25.14921760559082;9.741704940795898;0.2984354496002197;24.991472244262695;25.14108657836914;9.755781173706055;0.28217174313913573;0.9993260502535521;0.800000011920929;0.800000011920929;0.800000011920929
lidar;21.0;39.0;24.991065979003906;25.153818130493164;9.744158744812012;0.29865434765815735;24.99061393737793;25.161592483520508;9.73122787475586;0.3137498877253082;0.9985940455628937;0.800000011920929;0.800000011920929;0.800000011920929
lidar;21.0;39.0;24.991151809692383;25.15842628479004;9.746618270874023;0.29896464943885803;24.991268157958984;25.156333923339844;9.749967575073242;0.2950130548968172;0.9975577591176189;0.800000011920929;0.800000011920929;0.800000011920929
lidar;21.0;39.0;24.99123764038086;25.163047790527344;9.749082565307617;0.2993669807910919;24.99139976501465;25.160037994384766;9.753713607788086;0.2938425026645491;0.9962175487472071;0.800000011920929;0.800000011920929;0.800000011920929
lidar;21.0;39.0;24.991336822509766;25.167449951171875;9.751896858215332;0.29944831132888794;24.991718292236328;25.160051345825195;9.762858390808105;0.28621831033506745;0.995079636394216;0.800000011920929;0.800000011920929;0.800000011920929
lidar;21.0;39.0;24.991451263427734;25.171504974365234;9.755215644836426;0.2990085184574127;24.991085052490234;25.178874969482422;9.744696617126465;0.3118581532015208;0.9965431096966665;0.800000011920929;0.800000011920929;0.800000011920929
lidar;21.0;39.0;24.991567611694336;25.175548553466797;9.758525848388672;0.2986608147621155;24.991302490234375;25.181081771850586;9.750914573669434;0.308073780662841;0.997703075564118;0.800000011920929;0.800000011920929;0.800000011920929
lidar;21.0;39.0;24.991682052612305;25.179584503173828;9.761828422546387;0.298404723405838;24.991498947143555;25.18354606628418;9.756573677062988;0.30498869800107464;0.9985589980882124;0.800000011920929;0.800000011920929;0.800000011920929
lidar;21.0;39.0;24.991798400878906;25.18361473083496;9.765127182006836;0.2982398569583893;24.992244720458984;25.173616409301758;9.777915954589844;0.28200082681784333;0.9991108774503967;0.800000011920929;0.800000011920929;0.800000011920929
lidar;21.0;39.0;24.991912841796875;25.187641143798828;9.768423080444336;0.2981659173965454;24.991836547851562;25.18942642211914;9.766221046447754;0.3010002034667199;0.9993583560144315;0.800000011920929;0.800000011920929;0.800000011920929
lidar;21.0;39.0;24.992027282714844;25.191667556762695;9.77171802520752;0.2981829047203064;24.99184226989746;25.196123123168945;9.766412734985352;0.3051130033823438;0.999301374011867;0.800000011920929;0.800000011920929;0.800000011920929
lidar;21.0;39.0;24.992143630981445;25.195695877075195;9.77501392364502;0.2982907295227051;24.99188995361328;25.2020320892334;9.767731666564941;0.30794665877203276;0.9989399910154709;0.800000011920929;0.800000011920929;0.800000011920929
lidar;21.0;39.0;24.992258071899414;25.19972801208496;9.778314590454102;0.298489511013031;24.992223739624023;25.200637817382812;9.777304649353027;0.29984889805021675;0.9982744455965226;0.800000011920929;0.800000011920929;0.800000011920929
lidar;21.0;39.0;24.992374420166016;25.203767776489258;9.78161907196045;0.29877975583076477;24.992555618286133;25.198904037475586;9.78683090209961;0.29164997128764986;0.997304678132927;0.800000011920929;0.800000011920929;0.800000011920929
lidar;21.0;39.0;24.992488861083984;25.207815170288086;9.784932136535645;0.2991616129875183;24.992877960205078;25.19708824157715;9.796032905578613;0.28372087902516163;0.9960312249227407;0.800000011920929;0.800000011920929;0.800000011920929
lidar;21.0;39.0;24.99260902404785;25.211790084838867;9.788338661193848;0.29951658844947815;24.992725372314453;25.208463668823242;9.791664123535156;0.294810655359659;0.9939137694187595;0.800000011920929;0.800000011920929;0.800000011920929
lidar;21.0;39.0;24.988922119140625;24.7883358001709;9.788626670837402;0.29933735728263855;24.98917007446289;24.79307746887207;9.793360710144043;0.2926335863876935;0.9945092798722966;0.800000011920929;0.800000011920929;0.800000011920929
lidar;21.0;39.0;24.988740921020508;24.792259216308594;9.785173416137695;0.29905369877815247;24.988704681396484;24.79157257080078;9.784461975097656;0.3000438531314074;0.9963909982052515;0.800000011920929;0.800000011920929;0.800000011920929
lidar;21.0;39.0;24.988567352294922;24.796306610107422;9.781866073608398;0.2986701726913452;24.988582611083984;24.796579360961914;9.782156944274902;0.2982719345918171;0.9976704715788306;0.800000011920929;0.800000011920929;0.800000011920929
lidar;21.0;39.0;24.98839569091797;24.80034637451172;9.778565406799316;0.29837849736213684;24.98838996887207;24.800243377685547;9.778451919555664;0.29853111502181623;0.9986460804193642;0.800000011920929;0.800000011920929;0.800000011920929
lidar;21.0;39.0;24.988222122192383;24.804378509521484;9.775270462036133;0.2981780767440796;24.9887752532959;24.81355094909668;9.785809516906738;0.2841951777177366;0.9993175267488552;0.800000011920929;0.800000011920929;0.800000011920929
lidar;21.0;39.0;24.98805046081543;24.80840492248535;9.771979331970215;0.29806867241859436;24.987594604492188;24.801122665405273;9.763311386108398;0.3093992133470499;0.9996845126330647;0.800000011920929;0.800000011920929;0.800000011920929
lidar;21.0;39.0;24.987876892089844;24.81243133544922;9.768689155578613;0.29805007576942444;24.988258361816406;24.81831169128418;9.77593994140625;0.28870672829272803;0.9997469782621645;0.800000011920929;0.800000011920929;0.800000011920929
lidar;21.0;39.0;24.98770523071289;24.816457748413086;9.765398025512695;0.2981223464012146;24.987674713134766;24.816001892089844;9.764816284179688;0.29886177343564513;0.9995049238041015;0.800000011920929;0.800000011920929;0.800000011920929
lidar;21.0;39.0;24.987531661987305;24.82048797607422;9.762104988098145;0.29828548431396484;24.98781394958496;24.824541091918945;9.767476081848145;0.29155129705773447;0.9989584088128398;0.800000011920929;0.800000011920929;0.800000011920929
lidar;21.0;39.0;24.98736000061035;24.824522018432617;9.758807182312012;0.29853975772857666;24.98735809326172;24.824493408203125;9.758766174316406;0.2985907140374637;0.998107671734637;0.800000011920929;0.800000011920929;0.800000011920929
lidar;21.0;39.0;24.987186431884766;24.82856559753418;9.755502700805664;0.29888564348220825;24.987333297729492;24.830524444580078;9.758296966552734;0.2954703035557789;0.9969527722957701;0.800000011920929;0.800000011920929;0.800000011920929
lidar;21.0;39.0;24.98701286315918;24.83262062072754;9.752189636230469;0.29932358860969543;24.987239837646484;24.835538864135742;9.756509780883789;0.2941055826845647;0.9954942464386108;0.800000011920929;0.800000011920929;0.800000011920929
lidar;21.0;39.0;24.986862182617188;24.836971282958984;9.749302864074707;0.29933226108551025;24.987268447875977;24.842008590698242;9.757049560546875;0.29008335384050815;0.9963333603732553;0.800000011920929;0.800000011920929;0.800000011920929
lidar;21.0;39.0;24.986732482910156;24.841590881347656;9.746840476989746;0.29892969131469727;24.9862117767334;24.835369110107422;9.736897468566895;0.31067029339725283;0.9976748227955133;0.800000011920929;0.800000011920929;0.800000011920929
lidar;21.0;39.0;24.986602783203125;24.84619903564453;9.744383811950684;0.2986190617084503;24.986406326293945;24.843935012817383;9.740620613098145;0.3030160703896359;0.998712301299071;0.800000011920929;0.800000011920929;0.800000011920929
lidar;21.0;39.0;24.986474990844727;24.850799560546875;9.741931915283203;0.298399955034256;24.986528396606445;24.851388931274414;9.742951393127441;0.29722148692439043;0.9994455575733585;0.800000011920929;0.800000011920929;0.800000011920929
lidar;21.0;39.0;24.986347198486328;24.85539436340332;9.739482879638672;0.29827189445495605;24.986528396606445;24.857322692871094;9.74295711517334;0.29429480267666236;0.9998744130168197;0.800000011920929;0.800000011920929;0.800000011920929
lidar;21.0;39.0;24.98621940612793;24.859987258911133;9.737034797668457;0.2982347011566162;24.986421585083008;24.86204719543457;9.740903854370117;0.2938471405537259;0.9999986886978423;0.800000011920929;0.800000011920929;0.800000011920929
lidar;21.0;39.0;24.9860897064209;24.864580154418945;9.734587669372559;0.2982884645462036;24.985567092895508;24.859487533569336;9.724608421325684;0.30950352679327503;0.9998183250581673;0.800000011920929;0.800000011920929;0.800000011920929
lidar;21.0;39.0;24.9859619140625;24.86917495727539;9.732137680053711;0.2984330356121063;24.985679626464844;24.86653709411621;9.72673511505127;0.30445199080399443;0.9993335008269008;0.800000011920929;0.800000011920929;0.800000011920929
lidar;21.0;39.0;24.9858341217041;24.873777389526367;9.729684829711914;0.2986688017845154;24.9857120513916;24.872690200805664;9.727359771728516;0.3012384928201638;0.9985442160816782;0.800000011920929;0.800000011920929;0.800000011920929
lidar;21.0;39.0;24.98570442199707;24.878387451171875;9.727228164672852;0.2989961504936218;24.98646354675293;24.884843826293945;9.741707801818848;0.283124182706802;0.9974506497319963;0.800000011920929;0.800000011920929;0.800000011920929
lidar;21.0;39.0;24.98557472229004;24.88300895690918;9.724764823913574;0.2994154393672943;24.98609161376953;24.88719940185547;9.734622955322266;0.288690511755069;0.996053457197301;0.800000011920929;0.800000011920929;0.800000011920929
lidar;21.0;39.0;24.985456466674805;24.88772964477539;9.722502708435059;0.2997017502784729;24.98529815673828;24.886507034301758;9.719478607177734;0.3029677150631173;0.9957666399302735;0.800000011920929;0.800000011920929;0.800000011920929
lidar;21.0;39.0;24.985376358032227;24.89274787902832;9.720982551574707;0.2992786169052124;24.985010147094727;24.89006233215332;9.713993072509766;0.30677500844311584;0.9971745612121963;0.800000011920929;0.800000011920929;0.800000011920929
lidar;21.0;39.0;24.98529815673828;24.897754669189453;9.719466209411621;0.29894760251045227;24.985029220581055;24.8958797454834;9.714323043823242;0.3044286264068331;0.9982787966734621;0.800000011920929;0.800000011920929;0.800000011920929
lidar;21.0;39.0;24.985218048095703;24.90275001525879;9.717952728271484;0.2987082004547119;24.984840393066406;24.900259017944336;9.710726737976074;0.30636150733314194;0.9990788102357544;0.800000011920929;0.800000011920929;0.800000011920929
lidar;21.0;39.0;24.985139846801758;24.907739639282227;9.716442108154297;0.2985600233078003;24.984962463378906;24.906639099121094;9.713056564331055;0.3021237495067133;0.999574601660903;0.800000011920929;0.800000011920929;0.800000011920929
lidar;21.0;39.0;24.98505973815918;24.9127254486084;9.71493148803711;0.2985028624534607;24.985496520996094;24.91526985168457;9.723238945007324;0.28980409802574;0.9997658729435239;0.800000011920929;0.800000011920929;0.800000011920929
lidar;21.0;39.0;24.984981536865234;24.917713165283203;9.713420867919922;0.29853665828704834;24.98464584350586;24.915878295898438;9.70703125;0.3051929354828902;0.999652624146033;0.800000011920929;0.800000011920929;0.800000011920929
lidar;21.0;39.0;24.984901428222656;24.922700881958008;9.711910247802734;0.29866141080856323;24.985172271728516;24.92407989501953;9.717050552368164;0.2933327388325599;0.9992348551660541;0.800000011920929;0.800000011920929;0.800000011920929
lidar;21.0;39.0;24.984825134277344;24.927705764770508;9.710441589355469;0.2988327443599701;24.985111236572266;24.929073333740234;9.715923309326172;0.293175503886304;0.9986618160824443;0.800000011920929;0.800000011920929;0.800000011920929
lidar;21.0;39.0;24.98474884033203;24.932722091674805;9.708985328674316;0.2990798354148865;24.98443031311035;24.931318283081055;9.70291519165039;0.3053173274577427;0.9978367092119792;0.800000011920929;0.800000011920929;0.800000011920929
lidar;21.0;39.0;24.98467254638672;24.937747955322266;9.707526206970215;0.2994186282157898;24.98456573486328;24.93731117248535;9.70548152923584;0.3015111756155307;0.9967076779037783;0.800000011920929;0.800000011920929;0.800000011920929
lidar;21.0;39.0;24.984596252441406;24.942785263061523;9.706063270568848;0.29984962940216064;24.985090255737305;24.944623947143555;9.715506553649902;0.2902157088613006;0.9952750204649347;0.800000011920929;0.800000011920929;0.800000011920929
lidar;21.0;39.0;24.984560012817383;24.94797706604004;9.705370903015137;0.29958489537239075;24.984664916992188;24.948335647583008;9.70739459991455;0.2975272962077789;0.996516048732736;0.800000011920929;0.800000011920929;0.800000011920929
lidar;21.0;39.0;24.984533309936523;24.95319366455078;9.704877853393555;0.29921120405197144;24.98454475402832;24.953224182128906;9.705076217651367;0.299010345345115;0.99776065356985;0.800000011920929;0.800000011920929;0.800000011920929
lidar;21.0;39.0;24.984506607055664;24.958396911621094;9.704385757446289;0.2989293932914734;24.984548568725586;24.958507537841797;9.705167770385742;0.29813827988363384;0.9987013935325231;0.800000011920929;0.800000011920929;0.800000011920929
lidar;21.0;39.0;24.984481811523438;24.963594436645508;9.703901290893555;0.29873135685920715;24.984386444091797;24.96337127685547;9.702093124389648;0.30055579188813353;0.9993640185021619;0.800000011920929;0.800000011920929;0.800000011920929
lidar;21.0;39.0;24.984458923339844;24.968788146972656;9.703449249267578;0.29859328269958496;24.984745025634766;24.969362258911133;9.708909034729004;0.29309633423236736;0.9998261332666865;0.800000011920929;0.800000011920929;0.800000011920929
lidar;21.0;39.0;24.984434127807617;24.973979949951172;9.702997207641602;0.29854628443717957;24.98473358154297;24.97447967529297;9.708707809448242;0.29280633964254205;0.9999836087234456;0.800000011920929;0.800000011920929;0.800000011920929
lidar;21.0;39.0;24.984413146972656;24.97917366027832;9.702571868896484;0.2985634505748749;24.984094619750977;24.978748321533203;9.69650936126709;0.3046488053537372;0.9999263882678292;0.800000011920929;0.800000011920929;0.800000011920929
lidar;21.0;39.0;24.984392166137695;24.984371185302734;9.70217514038086;0.2986423373222351;24.984695434570312;24.98467445373535;9.707954406738281;0.29284765620672853;0.9996624589057953;0.800000011920929;0.800000011920929;0.800000011920929
lidar;21.0;39.0;24.984375;24.989574432373047;9.701849937438965;0.29874101281166077;24.98410987854004;24.989397048950195;9.696786880493164;0.30381436715575333;0.9993323683772019;0.800000011920929;0.800000011920929;0.800000011920929
lidar;21.0;39.0;24.984363555908203;24.99478530883789;9.701630592346191;0.2988242506980896;24.984067916870117;24.994686126708984;9.695989608764648;0.3044735239351662;0.9990538358228691;0.800000011920929;0.800000011920929;0.800000011920929
lidar;21.0;39.0;24.984357833862305;25.0;9.70154094696045;0.2988690435886383;24.984607696533203;25.0;9.706306457519531;0.2940961567002168;0.9989041089717636;0.800000011920929;0.800000011920929;0.800000011920929
lidar;21.0;39.0;24.984363555908203;25.00521469116211;9.701630592346191;0.2988242506980896;24.9837589263916;25.005416870117188;9.690093040466309;0.31037984656133333;0.9990538358228691;0.800000011920929;0.800000011920929;0.800000011920929
lidar;21.0;39.0;24.984375;25.010425567626953;9.701849937438965;0.29874101281166077;24.984737396240234;25.010183334350586;9.708780288696289;0.29179721091668553;0.9993323683772019;0.800000011920929;0.800000011920929;0.800000011920929
lidar;21.0;39.0;24.984392166137695;25.015628814697266;9.702176094055176;0.2986423075199127;24.984683990478516;25.015338897705078;9.707731246948242;0.2930712224748129;0.9996624589057953;0.800000011920929;0.800000011920929;0.800000011920929
lidar;21.0;39.0;24.984413146972656;25.02082633972168;9.702571868896484;0.2985634505748749;24.983903884887695;25.02150535583496;9.69288158416748;0.30829101466386566;0.9999263882678292;0.800000011920929;0.800000011920929;0.800000011920929
lidar;21.0;39.0;24.984434127807617;25.026020050048828;9.702997207641602;0.29854628443717957;24.984331130981445;25.02619171142578;9.701037406921387;0.30051675254791194;0.9999836087234456;0.800000011920929;0.800000011920929;0.800000011920929
lidar;21.0;39.0;24.984458923339844;25.031211853027344;9.703449249267578;0.29859328269958496;24.984254837036133;25.031620025634766;9.699560165405273;0.3025095372730251;0.9998261332666865;0.800000011920929;0.800000011920929;0.800000011920929
lidar;21.0;39.0;24.984481811523438;25.036405563354492;9.703901290893555;0.29873135685920715;24.984638214111328;25.036039352416992;9.70688247680664;0.29572394398139384;0.9993640185021619;0.800000011920929;0.800000011920929;0.800000011920929
lidar;21.0;39.0;24.984506607055664;25.041603088378906;9.704385757446289;0.2989293932914734;24.98508644104004;25.04004669189453;9.715448379516602;0.2877422676346431;0.9987013935325231;0.800000011920929;0.800000011920929;0.800000011920929
lidar;21.0;39.0;24.984533309936523;25.04680633544922;9.704877853393555;0.29921120405197144;24.983963012695312;25.048532485961914;9.693997383117676;0.31024242428495824;0.99776065356985;0.800000011920929;0.800000011920929;0.800000011920929
lidar;21.0;39.0;24.984560012817383;25.05202293395996;9.705370903015137;0.29958489537239075;24.98381233215332;25.054542541503906;9.69110107421875;0.3140951379337738;0.996516048732736;0.800000011920929;0.800000011920929;0.800000011920929
lidar;21.0;39.0;24.984596252441406;25.057214736938477;9.706063270568848;0.29984962940216064;24.985105514526367;25.055322647094727;9.715782165527344;0.28993462457346114;0.9952749611441785;0.800000011920929;0.800000011920929;0.800000011920929
lidar;21.0;39.0;24.98467254638672;25.062252044677734;9.707525253295898;0.29941868782043457;24.983806610107422;25.065771102905273;9.690999984741211;0.3163367652003457;0.9967076779037783;0.800000011920929;0.800000011920929;0.800000011920929
lidar;21.0;39.0;24.98474884033203;25.067277908325195;9.708984375;0.29907989501953125;24.9854736328125;25.064075469970703;9.722835540771484;0.2848449279663883;0.9978367092119792;0.800000011920929;0.800000011920929;0.800000011920929
lidar;21.0;39.0;24.984825134277344;25.072294235229492;9.710441589355469;0.2988327741622925;24.984926223754883;25.071807861328125;9.71239185333252;0.2968197856868385;0.9986618160824443;0.800000011920929;0.800000011920929;0.800000011920929
lidar;21.0;39.0;24.984901428222656;25.077299118041992;9.711910247802734;0.2986614406108856;24.985136032104492;25.07610321044922;9.71636962890625;0.29403870621027256;0.9992348551660541;0.800000011920929;0.800000011920929;0.800000011920929
lidar;21.0;39.0;24.984981536865234;25.082286834716797;9.713421821594238;0.29853662848472595;24.985116958618164;25.081539154052734;9.716028213500977;0.2958210701463021;0.999652624146033;0.800000011920929;0.800000011920929;0.800000011920929
lidar;21.0;39.0;24.98505973815918;25.0872745513916;9.71493148803711;0.2985028028488159;24.985124588012695;25.086896896362305;9.716160774230957;0.2972156940477907;0.9997658729435239;0.800000011920929;0.800000011920929;0.800000011920929
lidar;21.0;39.0;24.985139846801758;25.092260360717773;9.716442108154297;0.2985599935054779;24.985544204711914;25.08974838256836;9.724159240722656;0.2904342368367146;0.999574601660903;0.800000011920929;0.800000011920929;0.800000011920929
lidar;21.0;39.0;24.985218048095703;25.09724998474121;9.717952728271484;0.2987081706523895;24.98529052734375;25.096782684326172;9.719311714172363;0.29726971209071107;0.9990788102357544;0.800000011920929;0.800000011920929;0.800000011920929
lidar;21.0;39.0;24.98529815673828;25.102245330810547;9.719466209411621;0.2989475429058075;24.984724044799805;25.106231689453125;9.708528518676758;0.31060347280899475;0.9982787966734621;0.800000011920929;0.800000011920929;0.800000011920929
lidar;21.0;39.0;24.985376358032227;25.10725212097168;9.720982551574707;0.2992785573005676;24.985515594482422;25.10624122619629;9.723610877990723;0.29645881798562035;0.9971745612121963;0.800000011920929;0.800000011920929;0.800000011920929
lidar;21.0;39.0;24.985456466674805;25.11227035522461;9.722501754760742;0.2997017800807953;24.985271453857422;25.113710403442383;9.718944549560547;0.30354441364647433;0.9957666399302735;0.800000011920929;0.800000011920929;0.800000011920929
lidar;21.0;39.0;24.98557472229004;25.11699104309082;9.724764823913574;0.2994154095649719;24.985624313354492;25.11659049987793;9.725706100463867;0.2983906713343842;0.996053457197301;0.800000011920929;0.800000011920929;0.800000011920929
lidar;21.0;39.0;24.98570442199707;25.121612548828125;9.727228164672852;0.29899606108665466;24.985963821411133;25.119415283203125;9.732158660888672;0.2935915168993441;0.9974507092787912;0.800000011920929;0.800000011920929;0.800000011920929
lidar;21.0;39.0;24.9858341217041;25.126222610473633;9.729684829711914;0.29866868257522583;24.985708236694336;25.12734031677246;9.727293968200684;0.3013110269023885;0.9985442160816782;0.800000011920929;0.800000011920929;0.800000011920929
lidar;21.0;39.0;24.9859619140625;25.13082504272461;9.732137680053711;0.2984327971935272;24.986295700073242;25.127710342407227;9.738513946533203;0.29132907864049046;0.9993335008269008;0.800000011920929;0.800000011920929;0.800000011920929
lidar;21.0;39.0;24.9860897064209;25.135419845581055;9.734587669372559;0.2982882559299469;24.986919403076172;25.127342224121094;9.750417709350586;0.28049700952511625;0.9998183846638937;0.800000011920929;0.800000011920929;0.800000011920929
lidar;21.0;39.0;24.98621940612793;25.140012741088867;9.737035751342773;0.2982344925403595;24.986038208007812;25.1418399810791;9.733603477478027;0.30212672357924963;0.9999986886978423;0.800000011920929;0.800000011920929;0.800000011920929
lidar;21.0;39.0;24.986347198486328;25.14460563659668;9.739482879638672;0.29827168583869934;24.986120223999023;25.147003173828125;9.735162734985352;0.3032182994108185;0.9998744130168197;0.800000011920929;0.800000011920929;0.800000011920929
lidar;21.0;39.0;24.986474990844727;25.149200439453125;9.741931915283203;0.29839974641799927;24.986907958984375;25.14442253112793;9.75019645690918;0.2888440442323239;0.9994455575733585;0.800000011920929;0.800000011920929;0.800000011920929
lidar;21.0;39.0;24.986602783203125;25.15380096435547;9.744384765625;0.29861894249916077;24.986276626586914;25.157556533813477;9.738142013549805;0.3059119121949849;0.998712301299071;0.800000011920929;0.800000011920929;0.800000011920929
lidar;21.0;39.0;24.986732482910156;25.158409118652344;9.746840476989746;0.2989296615123749;24.98672866821289;25.158443450927734;9.746785163879395;0.29899525437082924;0.9976748227955133;0.800000011920929;0.800000011920929;0.800000011920929
lidar;21.0;39.0;24.986862182617188;25.163028717041016;9.749302864074707;0.2993322014808655;24.98630714416504;25.169912338256836;9.738715171813965;0.3119735019631041;0.9963333603732553;0.800000011920929;0.800000011920929;0.800000011920929
lidar;21.0;39.0;24.98701286315918;25.16737937927246;9.752189636230469;0.29932358860969543;24.987171173095703;25.165342330932617;9.755206108093262;0.29567960456575143;0.9954941870942048;0.800000011920929;0.800000011920929;0.800000011920929
lidar;21.0;39.0;24.987186431884766;25.17143440246582;9.755502700805664;0.298885703086853;24.987323760986328;25.169591903686523;9.75813102722168;0.2956731191050833;0.9969527124317575;0.800000011920929;0.800000011920929;0.800000011920929
lidar;21.0;39.0;24.98736000061035;25.175477981567383;9.758807182312012;0.29853981733322144;24.98699951171875;25.18046760559082;9.751949310302734;0.3070288989724432;0.9981076121760254;0.800000011920929;0.800000011920929;0.800000011920929
lidar;21.0;39.0;24.987531661987305;25.17951202392578;9.762104988098145;0.29828551411628723;24.987075805664062;25.186080932617188;9.753399848937988;0.30920082297772555;0.9989583491472441;0.800000011920929;0.800000011920929;0.800000011920929
lidar;21.0;39.0;24.98770523071289;25.183542251586914;9.765398025512695;0.2981223464012146;24.9874324798584;25.18760871887207;9.760201454162598;0.3047267209495844;0.9995048642606302;0.800000011920929;0.800000011920929;0.800000011920929
lidar;21.0;39.0;24.987876892089844;25.18756866455078;9.768689155578613;0.29805007576942444;24.988014221191406;25.18545913696289;9.771289825439453;0.29469834885589585;0.9997469186792524;0.800000011920929;0.800000011920929;0.800000011920929
lidar;21.0;39.0;24.98805046081543;25.19159507751465;9.771979331970215;0.298068642616272;24.988319396972656;25.187255859375;9.777142524719238;0.2913187203316155;0.999684453026816;0.800000011920929;0.800000011920929;0.800000011920929
lidar;21.0;39.0;24.988222122192383;25.195621490478516;9.775270462036133;0.298178106546402;24.987991333007812;25.19944953918457;9.770873069763184;0.30401246363785017;0.9993174671632716;0.800000011920929;0.800000011920929;0.800000011920929
lidar;21.0;39.0;24.98839569091797;25.19965362548828;9.778565406799316;0.29837849736213684;24.98784065246582;25.20918846130371;9.767991065979004;0.31262715184581363;0.9986460209261206;0.800000011920929;0.800000011920929;0.800000011920929
lidar;21.0;39.0;24.988567352294922;25.203693389892578;9.781866073608398;0.2986702024936676;24.98834991455078;25.207561492919922;9.777721405029297;0.3043442247130819;0.9976704121120156;0.800000011920929;0.800000011920929;0.800000011920929
lidar;21.0;39.0;24.988740921020508;25.207740783691406;9.785173416137695;0.2990536689758301;24.988447189331055;25.213180541992188;9.779547691345215;0.3068850426178936;0.9963909387574078;0.800000011920929;0.800000011920929;0.800000011920929
lidar;21.0;39.0;24.988922119140625;25.2116641998291;9.788626670837402;0.29933732748031616;24.989410400390625;25.20234489440918;9.797931671142578;0.28615979929180557;0.9945092798722966;0.800000011920929;0.800000011920929;0.800000011920929
lidar;21.0;39.0;24.985240936279297;24.788433074951172;9.788949966430664;0.29919931292533875;24.985023498535156;24.785303115844727;9.785825729370117;0.30362842759910513;0.9949678779864253;0.800000011920929;0.800000011920929;0.800000011920929
lidar;21.0;39.0;24.984996795654297;24.792299270629883;9.785443305969238;0.29899662733078003;24.98476219177246;24.789039611816406;9.782075881958008;0.30369039219249483;0.9965811372183135;0.800000011920929;0.800000011920929;0.800000011920929
lidar;21.0;39.0;24.984766006469727;24.79634666442871;9.782140731811523;0.2986123561859131;24.985151290893555;24.80150604248047;9.787660598754883;0.2910471236464422;0.9978637694126586;0.800000011920929;0.800000011920929;0.800000011920929
lidar;21.0;39.0;24.984535217285156;24.800384521484375;9.778844833374023;0.29831981658935547;24.984926223754883;24.805423736572266;9.78442668914795;0.2907902810365135;0.9988425373849404;0.800000011920929;0.800000011920929;0.800000011920929
lidar;21.0;39.0;24.984304428100586;24.80441665649414;9.775555610656738;0.2981185019016266;24.985809326171875;24.823169708251953;9.797076225280762;0.26953290319912854;0.9995169639854075;0.800000011920929;0.800000011920929;0.800000011920929
lidar;21.0;39.0;24.98407554626465;24.808443069458008;9.772268295288086;0.29800835251808167;24.983915328979492;24.8065185546875;9.769980430603027;0.30100254599307086;0.9998869895985528;0.800000011920929;0.800000011920929;0.800000011920929
lidar;21.0;39.0;24.98384666442871;24.812469482421875;9.768982887268066;0.2979888617992401;24.983375549316406;24.807008743286133;9.762256622314453;0.306665788268127;0.9999523758882767;0.800000011920929;0.800000011920929;0.800000011920929
lidar;21.0;39.0;24.98361587524414;24.816495895385742;9.765697479248047;0.29806020855903625;24.984241485595703;24.82350730895996;9.774649620056152;0.28667253917033175;0.9997132420472429;0.800000011920929;0.800000011920929;0.800000011920929
lidar;21.0;39.0;24.983386993408203;24.820526123046875;9.762409210205078;0.29822248220443726;24.98306655883789;24.817079544067383;9.75784683227539;0.3039486655339894;0.999169528539847;0.800000011920929;0.800000011920929;0.800000011920929
lidar;21.0;39.0;24.983156204223633;24.824560165405273;9.759116172790527;0.29847586154937744;24.983243942260742;24.825469970703125;9.76036548614502;0.29692737967074284;0.9983215331448297;0.800000011920929;0.800000011920929;0.800000011920929
lidar;21.0;39.0;24.982925415039062;24.828603744506836;9.755816459655762;0.29882076382637024;24.98358726501465;24.835248947143555;9.76528263092041;0.28723648298366383;0.9971693156854129;0.800000011920929;0.800000011920929;0.800000011920929
lidar;21.0;39.0;24.98269271850586;24.832656860351562;9.752508163452148;0.2992577850818634;24.98326873779297;24.838214874267578;9.760726928710938;0.28932047547071804;0.9957134127999029;0.800000011920929;0.800000011920929;0.800000011920929
lidar;21.0;39.0;24.982486724853516;24.83695411682129;9.749543190002441;0.29936519265174866;24.982168197631836;24.833988189697266;9.744986534118652;0.3048116021923813;0.9962237477692729;0.800000011920929;0.800000011920929;0.800000011920929
lidar;21.0;39.0;24.982315063476562;24.84157371520996;9.747082710266113;0.29896292090415955;24.981670379638672;24.835798263549805;9.737863540649414;0.3098607526804125;0.997563958305139;0.800000011920929;0.800000011920929;0.800000011920929
lidar;21.0;39.0;24.98214340209961;24.846181869506836;9.744627952575684;0.29865261912345886;24.981496810913086;24.840618133544922;9.735390663146973;0.3094553639766747;0.9986002445107118;0.800000011920929;0.800000011920929;0.800000011920929
lidar;21.0;39.0;24.981971740722656;24.85078239440918;9.742177963256836;0.29843372106552124;24.98207664489746;24.851655960083008;9.743687629699707;0.29668631930014816;0.9993323683772019;0.800000011920929;0.800000011920929;0.800000011920929
lidar;21.0;39.0;24.981800079345703;24.855379104614258;9.739730834960938;0.29830601811408997;24.981670379638672;24.85434341430664;9.73786735534668;0.30044190866076015;0.9997600912996375;0.800000011920929;0.800000011920929;0.800000011920929
lidar;21.0;39.0;24.98162841796875;24.85997200012207;9.737285614013672;0.2982691824436188;24.981473922729492;24.858783721923828;9.735055923461914;0.3008003224616865;0.9998832344966296;0.800000011920929;0.800000011920929;0.800000011920929
lidar;21.0;39.0;24.98145866394043;24.864564895629883;9.73483943939209;0.2983231842517853;24.981264114379883;24.863140106201172;9.732051849365234;0.30145970596873395;0.9997019171848849;0.800000011920929;0.800000011920929;0.800000011920929
lidar;21.0;39.0;24.981287002563477;24.869159698486328;9.732392311096191;0.29846811294555664;24.981414794921875;24.870058059692383;9.734230041503906;0.2964180547779227;0.9992159605226549;0.800000011920929;0.800000011920929;0.800000011920929
lidar;21.0;39.0;24.981115341186523;24.873762130737305;9.729941368103027;0.29870420694351196;24.98221206665039;24.88109588623047;9.74562931060791;0.2813520488475303;0.9984257221559374;0.800000011920929;0.800000011920929;0.800000011920929
lidar;21.0;39.0;24.98094367980957;24.878372192382812;9.727486610412598;0.2990318834781647;24.98073387145996;24.877037048339844;9.724494934082031;0.302314506960404;0.997331261496538;0.800000011920929;0.800000011920929;0.800000011920929
lidar;21.0;39.0;24.980772018432617;24.88299560546875;9.725025177001953;0.2994515299797058;24.981351852416992;24.886518478393555;9.733304977416992;0.29043471832771645;0.9959331158123279;0.800000011920929;0.800000011920929;0.800000011920929
lidar;21.0;39.0;24.980606079101562;24.88767433166504;9.722663879394531;0.29984724521636963;24.98057746887207;24.887502670288086;9.722237586975098;0.3003083454504228;0.9952833058028066;0.800000011920929;0.800000011920929;0.800000011920929
lidar;21.0;39.0;24.980501174926758;24.892696380615234;9.72114372253418;0.2994247078895569;24.981525421142578;24.898332595825195;9.735793113708496;0.2836950697682585;0.9966879486465876;0.800000011920929;0.800000011920929;0.800000011920929
lidar;21.0;39.0;24.98039436340332;24.897703170776367;9.71962833404541;0.2990942597389221;24.979347229003906;24.892244338989258;9.704663276672363;0.31505815179807434;0.9977889058716007;0.800000011920929;0.800000011920929;0.800000011920929
lidar;21.0;39.0;24.980289459228516;24.902708053588867;9.718133926391602;0.29883551597595215;24.980016708374023;24.901363372802734;9.714237213134766;0.3029663911917673;0.9986529350792697;0.800000011920929;0.800000011920929;0.800000011920929
lidar;21.0;39.0;24.980188369750977;24.907718658447266;9.716681480407715;0.29862645268440247;24.980121612548828;24.907405853271484;9.715721130371094;0.299638488412424;0.9993520975231664;0.800000011920929;0.800000011920929;0.800000011920929
lidar;21.0;39.0;24.980087280273438;24.9127254486084;9.715229988098145;0.29850858449935913;24.980466842651367;24.914390563964844;9.720667839050293;0.2928085200683209;0.9997467398465154;0.800000011920929;0.800000011920929;0.800000011920929
lidar;21.0;39.0;24.9799861907959;24.917728424072266;9.71377944946289;0.29848161339759827;24.979888916015625;24.917333602905273;9.71241283416748;0.29990754562340244;0.999836862101933;0.800000011920929;0.800000011920929;0.800000011920929
lidar;21.0;39.0;24.97988510131836;24.922731399536133;9.712329864501953;0.29854556918144226;24.98007583618164;24.923465728759766;9.715068817138672;0.2957031360897989;0.9996224642032228;0.800000011920929;0.800000011920929;0.800000011920929
lidar;21.0;39.0;24.979782104492188;24.927738189697266;9.710878372192383;0.2987006604671478;24.980073928833008;24.928781509399414;9.715051651000977;0.29438854481329946;0.9991035461853626;0.800000011920929;0.800000011920929;0.800000011920929
lidar;21.0;39.0;24.97968101501465;24.932750701904297;9.70942497253418;0.2989470064640045;24.979721069335938;24.93288230895996;9.709991455078125;0.29836384125786225;0.9982802867961199;0.800000011920929;0.800000011920929;0.800000011920929
lidar;21.0;39.0;24.97957992553711;24.937774658203125;9.707968711853027;0.29928499460220337;24.98052215576172;24.940645217895508;9.721439361572266;0.28547965580316653;0.9971529842419073;0.800000011920929;0.800000011920929;0.800000011920929
lidar;21.0;39.0;24.979476928710938;24.942811965942383;9.706507682800293;0.29971519112586975;24.979557037353516;24.943035125732422;9.70765209197998;0.2985466831250612;0.9957218765370155;0.800000011920929;0.800000011920929;0.800000011920929
lidar;21.0;39.0;24.979408264160156;24.947948455810547;9.705521583557129;0.2997514009475708;24.98057746887207;24.950902938842773;9.722232818603516;0.28274103292719666;0.9959622621952494;0.800000011920929;0.800000011920929;0.800000011920929
lidar;21.0;39.0;24.9793758392334;24.953170776367188;9.705049514770508;0.2993559241294861;24.979347229003906;24.953107833862305;9.704660415649414;0.29975123124284014;0.9972784521123016;0.800000011920929;0.800000011920929;0.800000011920929
lidar;21.0;39.0;24.97934341430664;24.95838165283203;9.704596519470215;0.29903507232666016;24.979829788208008;24.959360122680664;9.711543083190918;0.2920027934912671;0.9983484744529626;0.800000011920929;0.800000011920929;0.800000011920929
lidar;21.0;39.0;24.979310989379883;24.963584899902344;9.704143524169922;0.29880598187446594;24.98003578186035;24.964859008789062;9.714500427246094;0.2883458009826069;0.9991143942599158;0.800000011920929;0.800000011920929;0.800000011920929
lidar;21.0;39.0;24.979280471801758;24.968780517578125;9.703691482543945;0.2986680269241333;24.979063034057617;24.968454360961914;9.700594902038574;0.3017891937996587;0.9995759725778646;0.800000011920929;0.800000011920929;0.800000011920929
lidar;21.0;39.0;24.979251861572266;24.97397804260254;9.703293800354004;0.29856717586517334;24.979459762573242;24.9742374420166;9.706257820129395;0.2955845769038049;0.9999136924713492;0.800000011920929;0.800000011920929;0.800000011920929
lidar;21.0;39.0;24.979225158691406;24.97917366027832;9.702898025512695;0.2985551059246063;24.97909927368164;24.979047775268555;9.701092720031738;0.30036841864430075;0.9999544620480533;0.800000011920929;0.800000011920929;0.800000011920929
lidar;21.0;39.0;24.979202270507812;24.984375;9.702571868896484;0.29856327176094055;24.980234146118164;24.985149383544922;9.71733283996582;0.2837461187499436;0.999927043911073;0.800000011920929;0.800000011920929;0.800000011920929
lidar;21.0;39.0;24.979183197021484;24.989578247070312;9.702302932739258;0.29860565066337585;24.978450775146484;24.989212036132812;9.69182300567627;0.30911771283763345;0.999784946452409;0.800000011920929;0.800000011920929;0.800000011920929
lidar;21.0;39.0;24.979169845581055;24.994787216186523;9.702122688293457;0.298650324344635;24.978668212890625;24.99466323852539;9.694952964782715;0.30583818794503453;0.9996352791551252;0.800000011920929;0.800000011920929;0.800000011920929
lidar;21.0;39.0;24.97916603088379;25.0;9.702052116394043;0.2986755073070526;24.979114532470703;25.0;9.701322555541992;0.2994068345707761;0.9995512962369434;0.800000011920929;0.800000011920929;0.800000011920929
lidar;21.0;39.0;24.979169845581055;25.005212783813477;9.702122688293457;0.2986503541469574;24.97730255126953;25.005680084228516;9.675400733947754;0.325441532945673;0.9996352791551252;0.800000011920929;0.800000011920929;0.800000011920929
lidar;21.0;39.0;24.979183197021484;25.010421752929688;9.702302932739258;0.29860565066337585;24.979244232177734;25.010391235351562;9.703170776367188;0.29773586932429824;0.999784946452409;0.800000011920929;0.800000011920929;0.800000011920929
lidar;21.0;39.0;24.979202270507812;25.015625;9.702571868896484;0.29856327176094055;24.979507446289062;25.015396118164062;9.706937789916992;0.2941807835476103;0.999927043911073;0.800000011920929;0.800000011920929;0.800000011920929
lidar;21.0;39.0;24.979225158691406;25.02082633972168;9.702898025512695;0.2985551059246063;24.978971481323242;25.021080017089844;9.699277877807617;0.3021928238246993;0.9999544620480533;0.800000011920929;0.800000011920929;0.800000011920929
lidar;21.0;39.0;24.979251861572266;25.02602195739746;9.703293800354004;0.2985672056674957;24.978845596313477;25.026531219482422;9.697484970092773;0.30441254971832815;0.9999136924713492;0.800000011920929;0.800000011920929;0.800000011920929
lidar;21.0;39.0;24.979280471801758;25.031219482421875;9.703691482543945;0.2986680269241333;24.9796085357666;25.030725479125977;9.708379745483398;0.29394213436902406;0.9995759725778646;0.800000011920929;0.800000011920929;0.800000011920929
lidar;21.0;39.0;24.979310989379883;25.036415100097656;9.704143524169922;0.2988060414791107;24.978778839111328;25.037353515625;9.696521759033203;0.30650373868192526;0.9991143942599158;0.800000011920929;0.800000011920929;0.800000011920929
lidar;21.0;39.0;24.97934341430664;25.04161834716797;9.704596519470215;0.29903507232666016;24.978605270385742;25.043106079101562;9.694037437438965;0.3097237724727407;0.9983484744529626;0.800000011920929;0.800000011920929;0.800000011920929
lidar;21.0;39.0;24.9793758392334;25.046829223632812;9.705049514770508;0.2993559241294861;24.97868537902832;25.04839515686035;9.695189476013184;0.30936342267020683;0.9972784521123016;0.800000011920929;0.800000011920929;0.800000011920929
lidar;21.0;39.0;24.979408264160156;25.052051544189453;9.705521583557129;0.2997514307498932;24.979158401489258;25.05268096923828;9.701958656311035;0.30337804797037177;0.9959622621952494;0.800000011920929;0.800000011920929;0.800000011920929
lidar;21.0;39.0;24.979476928710938;25.057188034057617;9.706507682800293;0.29971519112586975;24.97911262512207;25.058202743530273;9.70130443572998;0.30502948540071034;0.9957218765370155;0.800000011920929;0.800000011920929;0.800000011920929
lidar;21.0;39.0;24.97957992553711;25.062225341796875;9.707967758178711;0.29928508400917053;24.978612899780273;25.06517219543457;9.69413948059082;0.31345693548806675;0.9971529842419073;0.800000011920929;0.800000011920929;0.800000011920929
lidar;21.0;39.0;24.97968101501465;25.067249298095703;9.709424018859863;0.2989470660686493;24.979684829711914;25.067237854003906;9.709465980529785;0.2989038691907422;0.9982802867961199;0.800000011920929;0.800000011920929;0.800000011920929
lidar;21.0;39.0;24.979782104492188;25.072261810302734;9.710878372192383;0.2987006902694702;24.980363845825195;25.070188522338867;9.71917724609375;0.2901265232163612;0.9991035461853626;0.800000011920929;0.800000011920929;0.800000011920929
lidar;21.0;39.0;24.97988510131836;25.077268600463867;9.712329864501953;0.2985456585884094;24.979751586914062;25.077775955200195;9.710440635681152;0.3005058206242841;0.9996224642032228;0.800000011920929;0.800000011920929;0.800000011920929
lidar;21.0;39.0;24.9799861907959;25.082271575927734;9.71377944946289;0.29848164319992065;24.980009078979492;25.08217430114746;9.71412181854248;0.2981251479163911;0.999836862101933;0.800000011920929;0.800000011920929;0.800000011920929
lidar;21.0;39.0;24.980087280273438;25.0872745513916;9.715229988098145;0.29850858449935913;24.980192184448242;25.08681869506836;9.71672248840332;0.2969445297080537;0.9997467398465154;0.800000011920929;0.800000011920929;0.800000011920929
lidar;21.0;39.0;24.980188369750977;25.092281341552734;9.716681480407715;0.29862648248672485;24.980146408081055;25.092472076416016;9.716095924377441;0.2992430241072046;0.9993520975231664;0.800000011920929;0.800000011920929;0.800000011920929
lidar;21.0;39.0;24.980289459228516;25.097291946411133;9.718133926391602;0.29883551597595215;24.979736328125;25.100025177001953;9.71021556854248;0.3072307777181527;0.9986529350792697;0.800000011920929;0.800000011920929;0.800000011920929
lidar;21.0;39.0;24.98039436340332;25.102296829223633;9.71962833404541;0.2990942895412445;24.980911254882812;25.099599838256836;9.727018356323242;0.29121063692485516;0.9977889058716007;0.800000011920929;0.800000011920929;0.800000011920929
lidar;21.0;39.0;24.980501174926758;25.107303619384766;9.72114372253418;0.2994246780872345;24.980655670166016;25.106449127197266;9.723366737365723;0.29703767765386324;0.9966879486465876;0.800000011920929;0.800000011920929;0.800000011920929
lidar;21.0;39.0;24.980606079101562;25.11232566833496;9.722663879394531;0.29984724521636963;24.97993278503418;25.116230010986328;9.71302318572998;0.31026987472859885;0.9952833058028066;0.800000011920929;0.800000011920929;0.800000011920929
lidar;21.0;39.0;24.980772018432617;25.11700439453125;9.725025177001953;0.2994515001773834;24.981054306030273;25.115291595458984;9.729052543640137;0.29506569666481125;0.9959331158123279;0.800000011920929;0.800000011920929;0.800000011920929
lidar;21.0;39.0;24.98094367980957;25.121627807617188;9.727486610412598;0.2990317642688751;24.981494903564453;25.118104934692383;9.735376358032227;0.29037381754934416;0.997331261496538;0.800000011920929;0.800000011920929;0.800000011920929
lidar;21.0;39.0;24.981115341186523;25.126237869262695;9.729941368103027;0.2987041175365448;24.98073959350586;25.128753662109375;9.724557876586914;0.30465879176488203;0.9984257221559374;0.800000011920929;0.800000011920929;0.800000011920929
lidar;21.0;39.0;24.981287002563477;25.130840301513672;9.732392311096191;0.2984679639339447;24.980838775634766;25.133974075317383;9.725981712341309;0.30561793496399153;0.9992160201069847;0.800000011920929;0.800000011920929;0.800000011920929
lidar;21.0;39.0;24.98145866394043;25.135435104370117;9.73483943939209;0.29832300543785095;24.9818172454834;25.1328182220459;9.73996353149414;0.2925587109555327;0.9997019171848849;0.800000011920929;0.800000011920929;0.800000011920929
lidar;21.0;39.0;24.98162841796875;25.14002799987793;9.737285614013672;0.2982689440250397;24.981910705566406;25.137882232666016;9.741312980651855;0.29369693946837006;0.9998832344966296;0.800000011920929;0.800000011920929;0.800000011920929
lidar;21.0;39.0;24.981800079345703;25.144620895385742;9.739731788635254;0.29830583930015564;24.982099533081055;25.142248153686523;9.744002342224121;0.29341098146579786;0.9997600912996375;0.800000011920929;0.800000011920929;0.800000011920929
lidar;21.0;39.0;24.981971740722656;25.14921760559082;9.742178916931152;0.2984336018562317;24.982940673828125;25.141189575195312;9.756048202514648;0.28237870043547586;0.9993323683772019;0.800000011920929;0.800000011920929;0.800000011920929
lidar;21.0;39.0;24.98214340209961;25.153818130493164;9.744627952575684;0.2986525297164917;24.982301712036133;25.152448654174805;9.74690055847168;0.29599513319189363;0.9986002445107118;0.800000011920929;0.800000011920929;0.800000011920929
lidar;21.0;39.0;24.982315063476562;25.15842628479004;9.747082710266113;0.29896286129951477;24.982515335083008;25.156618118286133;9.749967575073242;0.2955528794059413;0.997563958305139;0.800000011920929;0.800000011920929;0.800000011920929
lidar;21.0;39.0;24.982486724853516;25.16304588317871;9.749543190002441;0.29936516284942627;24.982044219970703;25.167160034179688;9.7432222366333;0.30692031183822355;0.9962237477692729;0.800000011920929;0.800000011920929;0.800000011920929
lidar;21.0;39.0;24.98269271850586;25.167343139648438;9.752508163452148;0.2992578148841858;24.9831485748291;25.16293716430664;9.759023666381836;0.2913797501506136;0.9957134127999029;0.800000011920929;0.800000011920929;0.800000011920929
lidar;21.0;39.0;24.982925415039062;25.171396255493164;9.755816459655762;0.29882076382637024;24.981895446777344;25.18172836303711;9.741096496582031;0.3168343845374449;0.9971692563038781;0.800000011920929;0.800000011920929;0.800000011920929
lidar;21.0;39.0;24.983156204223633;25.175439834594727;9.759116172790527;0.29847583174705505;24.983173370361328;25.175251007080078;9.75937557220459;0.29815470613158457;0.9983214735975233;0.800000011920929;0.800000011920929;0.800000011920929
lidar;21.0;39.0;24.983386993408203;25.179473876953125;9.762409210205078;0.29822245240211487;24.98291778564453;25.18453598022461;9.755707740783691;0.3066338476002112;0.999169468884739;0.800000011920929;0.800000011920929;0.800000011920929
lidar;21.0;39.0;24.98361587524414;25.183504104614258;9.765697479248047;0.29806023836135864;24.983577728271484;25.183935165405273;9.765146255493164;0.2987613627986102;0.9997132420472429;0.800000011920929;0.800000011920929;0.800000011920929
lidar;21.0;39.0;24.98384666442871;25.187530517578125;9.768982887268066;0.2979888617992401;24.983646392822266;25.18984603881836;9.766130447387695;0.30166858722993356;0.9999523758882767;0.800000011920929;0.800000011920929;0.800000011920929
lidar;21.0;39.0;24.98407554626465;25.191556930541992;9.772268295288086;0.2980083227157593;24.983108520507812;25.203197479248047;9.758428573608398;0.31611984930905734;0.9998869299880243;0.800000011920929;0.800000011920929;0.800000011920929
lidar;21.0;39.0;24.984304428100586;25.19558334350586;9.775554656982422;0.29811856150627136;24.984647750854492;25.19132423400879;9.78044319152832;0.291626469582553;0.9995169639854075;0.800000011920929;0.800000011920929;0.800000011920929
lidar;21.0;39.0;24.984535217285156;25.199615478515625;9.778844833374023;0.29831981658935547;24.98432159423828;25.20237159729004;9.775790214538574;0.30244012913726154;0.9988425373849404;0.800000011920929;0.800000011920929;0.800000011920929
lidar;21.0;39.0;24.984766006469727;25.20365333557129;9.782140731811523;0.2986123263835907;24.98475456237793;25.20380973815918;9.781974792480469;0.2988405673638493;0.9978637694126586;0.800000011920929;0.800000011920929;0.800000011920929
lidar;21.0;39.0;24.984996795654297;25.207700729370117;9.785443305969238;0.2989966869354248;24.985118865966797;25.206008911132812;9.787191390991211;0.29656061444876397;0.9965811372183135;0.800000011920929;0.800000011920929;0.800000011920929
lidar;21.0;39.0;24.985240936279297;25.211566925048828;9.788949966430664;0.29919931292533875;24.98551368713379;25.207677841186523;9.792828559875488;0.2936998359795842;0.9949679377067765;0.800000011920929;0.800000011920929;0.800000011920929
lidar;21.0;39.0;24.9815673828125;24.788501739501953;9.789307594299316;0.2991027235984802;24.981830596923828;24.791536331176758;9.792328834533691;0.2948133013023762;0.9952893254368722;0.800000011920929;0.800000011920929;0.800000011920929
lidar;21.0;39.0;24.98125457763672;24.79230308532715;9.78574275970459;0.2989904284477234;24.981321334838867;24.79302978515625;9.786491394042969;0.2979455955250065;0.9966017006244783;0.800000011920929;0.800000011920929;0.800000011920929
lidar;21.0;39.0;24.980966567993164;24.796350479125977;9.78244400024414;0.29860609769821167;24.98038101196289;24.790082931518555;9.775748252868652;0.30779715497960736;0.9978846906490089;0.800000011920929;0.800000011920929;0.800000011920929
lidar;21.0;39.0;24.98067855834961;24.800390243530273;9.779153823852539;0.2983134388923645;24.981611251831055;24.81003189086914;9.789822578430176;0.2839021290012835;0.9988637566314297;0.800000011920929;0.800000011920929;0.800000011920929
lidar;21.0;39.0;24.980390548706055;24.804420471191406;9.77586841583252;0.2981121242046356;24.97983169555664;24.798837661743164;9.769469261169434;0.30662322524335117;0.9995385408470983;0.800000011920929;0.800000011920929;0.800000011920929
lidar;21.0;39.0;24.980104446411133;24.808448791503906;9.77258586883545;0.29800179600715637;24.980737686157227;24.814552307128906;9.77983283996582;0.2885052792565842;0.9999088644978509;0.800000011920929;0.800000011920929;0.800000011920929
lidar;21.0;39.0;24.979816436767578;24.81247329711914;9.769305229187012;0.29798221588134766;24.979602813720703;24.810487747192383;9.766862869262695;0.3011372793115026;0.999974608422259;0.800000011920929;0.800000011920929;0.800000011920929
lidar;21.0;39.0;24.979530334472656;24.816499710083008;9.766024589538574;0.29805347323417664;24.979154586791992;24.81313133239746;9.76172924041748;0.30352488199528077;0.9997357129975077;0.800000011920929;0.800000011920929;0.800000011920929
lidar;21.0;39.0;24.9792423248291;24.82052993774414;9.762741088867188;0.2982156276702881;24.97966194152832;24.824159622192383;9.767539024353027;0.29218482642511995;0.9991923571291824;0.800000011920929;0.800000011920929;0.800000011920929
lidar;21.0;39.0;24.978954315185547;24.82456398010254;9.759452819824219;0.2984688878059387;24.979501724243164;24.829124450683594;9.765704154968262;0.2907117175150712;0.998344600278093;0.800000011920929;0.800000011920929;0.800000011920929
lidar;21.0;39.0;24.978666305541992;24.8286075592041;9.756157875061035;0.29881376028060913;24.97823143005371;24.825109481811523;9.751181602478027;0.3049116080037266;0.9971926809066224;0.800000011920929;0.800000011920929;0.800000011920929
lidar;21.0;39.0;24.978376388549805;24.832660675048828;9.752854347229004;0.29925066232681274;24.977930068969727;24.829198837280273;9.74774169921875;0.3054408519122695;0.99573707552525;0.800000011920929;0.800000011920929;0.800000011920929
lidar;21.0;39.0;24.978111267089844;24.836898803710938;9.749802589416504;0.29946592450141907;24.976715087890625;24.826501846313477;9.73385238647461;0.3185566552942009;0.9958887101343515;0.800000011920929;0.800000011920929;0.800000011920929
lidar;21.0;39.0;24.977895736694336;24.841520309448242;9.747344017028809;0.2990644574165344;24.977643966674805;24.839717864990234;9.744470596313477;0.30246585465594367;0.9972252846765737;0.800000011920929;0.800000011920929;0.800000011920929
lidar;21.0;39.0;24.977680206298828;24.84613037109375;9.744891166687012;0.29875504970550537;24.977764129638672;24.846702575683594;9.74583911895752;0.29764475587129197;0.9982579349548505;0.800000011920929;0.800000011920929;0.800000011920929
lidar;21.0;39.0;24.977466583251953;24.850730895996094;9.742443084716797;0.29853710532188416;24.976713180541992;24.845745086669922;9.73383903503418;0.3085098659228914;0.9989864826014905;0.800000011920929;0.800000011920929;0.800000011920929
lidar;21.0;39.0;24.977252960205078;24.855327606201172;9.739997863769531;0.29841023683547974;24.976757049560547;24.852176666259766;9.734335899353027;0.3049084423449133;0.9994107485405205;0.800000011920929;0.800000011920929;0.800000011920929
lidar;21.0;39.0;24.977039337158203;24.859922409057617;9.737553596496582;0.2983742952346802;24.97772216796875;24.864093780517578;9.745369911193848;0.2894875895286422;0.9995306134192642;0.800000011920929;0.800000011920929;0.800000011920929
lidar;21.0;39.0;24.976825714111328;24.86451530456543;9.735109329223633;0.29842931032180786;24.97688102722168;24.86484718322754;9.735755920410156;0.29770127425066256;0.9993460178827808;0.800000011920929;0.800000011920929;0.800000011920929
lidar;21.0;39.0;24.976612091064453;24.86911392211914;9.73266315460205;0.2985752820968628;24.97641944885254;24.8680419921875;9.730476379394531;0.3010184022861131;0.9988570212513895;0.800000011920929;0.800000011920929;0.800000011920929
lidar;21.0;39.0;24.976396560668945;24.873716354370117;9.73021411895752;0.2988124489784241;24.976665496826172;24.87514877319336;9.73327350616455;0.2954238893700245;0.9980637432164519;0.800000011920929;0.800000011920929;0.800000011920929
lidar;21.0;39.0;24.97618293762207;24.878328323364258;9.727760314941406;0.2991412281990051;24.974952697753906;24.872045516967773;9.713702201843262;0.3145888491124187;0.9969663618904261;0.800000011920929;0.800000011920929;0.800000011920929
lidar;21.0;39.0;24.97597312927246;24.882978439331055;9.725363731384277;0.29949361085891724;24.974563598632812;24.876117706298828;9.70926284790039;0.3170518263047274;0.9957934021339699;0.800000011920929;0.800000011920929;0.800000011920929
lidar;21.0;39.0;24.975765228271484;24.887653350830078;9.722992897033691;0.2999029755592346;24.976253509521484;24.88991928100586;9.72857666015625;0.29385828143940523;0.9944338799429383;0.800000011920929;0.800000011920929;0.800000011920929
lidar;21.0;39.0;24.975631713867188;24.892675399780273;9.72147274017334;0.2994828224182129;24.974302291870117;24.886816024780273;9.706266403198242;0.3158334840892335;0.9964945318170655;0.800000011920929;0.800000011920929;0.800000011920929
lidar;21.0;39.0;24.97550392150879;24.897705078125;9.720016479492188;0.299090176820755;24.976736068725586;24.902847290039062;9.734090805053711;0.2840554070979447;0.9978027345636994;0.800000011920929;0.800000011920929;0.800000011920929
lidar;21.0;39.0;24.975378036499023;24.90272331237793;9.7185640335083;0.29878947138786316;24.975297927856445;24.902408599853516;9.717655181884766;0.29975425504556896;0.9988068939111642;0.800000011920929;0.800000011920929;0.800000011920929
lidar;21.0;39.0;24.975250244140625;24.907733917236328;9.717113494873047;0.298580139875412;24.975553512573242;24.908864974975586;9.720582962036133;0.29491882302896927;0.9995068908246401;0.800000011920929;0.800000011920929;0.800000011920929
lidar;21.0;39.0;24.97512435913086;24.912738800048828;9.715665817260742;0.29846206307411194;24.974380493164062;24.910127639770508;9.707159042358398;0.30739078376458595;0.9999024271902672;0.800000011920929;0.800000011920929;0.800000011920929
lidar;21.0;39.0;24.97499656677246;24.917739868164062;9.714217185974121;0.2984348237514496;24.973745346069336;24.91362190246582;9.699909210205078;0.3133767973014498;0.9999933838845475;0.800000011920929;0.800000011920929;0.800000011920929
lidar;21.0;39.0;24.974870681762695;24.92274284362793;9.712769508361816;0.29849863052368164;24.97582244873047;24.925670623779297;9.72365665435791;0.28718429677919943;0.9997797012443843;0.800000011920929;0.800000011920929;0.800000011920929
lidar;21.0;39.0;24.97474479675293;24.927749633789062;9.711320877075195;0.2986534833908081;24.97414779663086;24.926044464111328;9.704510688781738;0.30569822148826925;0.9992614984827138;0.800000011920929;0.800000011920929;0.800000011920929
lidar;21.0;39.0;24.97461700439453;24.932762145996094;9.709869384765625;0.2988995611667633;24.975147247314453;24.934167861938477;9.715937614440918;0.2926481000715972;0.9984388947881604;0.800000011920929;0.800000011920929;0.800000011920929
lidar;21.0;39.0;24.974489212036133;24.93778419494629;9.708415985107422;0.29923731088638306;24.975000381469727;24.939029693603516;9.714251518249512;0.29324831092355763;0.9973122478905522;0.800000011920929;0.800000011920929;0.800000011920929
lidar;21.0;39.0;24.9743709564209;24.942840576171875;9.707058906555176;0.2995636761188507;24.973621368408203;24.94116973876953;9.698500633239746;0.3083159271010788;0.9962258931734135;0.800000011920929;0.800000011920929;0.800000011920929
lidar;21.0;39.0;24.97425651550293;24.94791603088379;9.705747604370117;0.29993340373039246;24.973766326904297;24.946924209594727;9.700138092041016;0.3056512059663844;0.9953582286426331;0.800000011920929;0.800000011920929;0.800000011920929
lidar;21.0;39.0;24.97421646118164;24.953144073486328;9.705292701721191;0.2995205521583557;24.972902297973633;24.950756072998047;9.690264701843262;0.31479421456433476;0.9967303873296114;0.800000011920929;0.800000011920929;0.800000011920929
lidar;21.0;39.0;24.97417640686035;24.958358764648438;9.704839706420898;0.2991998493671417;24.975126266479492;24.959890365600586;9.71568775177002;0.2882031307355141;0.9977989793468328;0.800000011920929;0.800000011920929;0.800000011920929
lidar;21.0;39.0;24.974140167236328;24.96356773376465;9.704410552978516;0.2989463806152344;24.973148345947266;24.962169647216797;9.693075180053711;0.31041070955996325;0.9986450673057066;0.800000011920929;0.800000011920929;0.800000011920929
lidar;21.0;39.0;24.974105834960938;24.96877098083496;9.704014778137207;0.29875215888023376;24.9722957611084;24.966590881347656;9.683337211608887;0.3196233769058859;0.9992943406466299;0.800000011920929;0.800000011920929;0.800000011920929
lidar;21.0;39.0;24.974069595336914;24.973970413208008;9.703619003295898;0.29864922165870667;24.97554588317871;24.975452423095703;9.720490455627441;0.2816486512558506;0.9996391534905466;0.800000011920929;0.800000011920929;0.800000011920929
lidar;21.0;39.0;24.974040985107422;24.97917366027832;9.703293800354004;0.2985670864582062;24.974180221557617;24.979284286499023;9.704877853393555;0.29697316216346126;0.9999141097061532;0.800000011920929;0.800000011920929;0.800000011920929
lidar;21.0;39.0;24.974016189575195;24.984375;9.702997207641602;0.29854661226272583;24.973485946655273;24.98405647277832;9.696949005126953;0.3046259613853837;0.9999824762342119;0.800000011920929;0.800000011920929;0.800000011920929
lidar;21.0;39.0;24.973995208740234;24.989580154418945;9.702762603759766;0.29855501651763916;24.973979949951172;24.989574432373047;9.702594757080078;0.2987235033730586;0.9999544620480533;0.800000011920929;0.800000011920929;0.800000011920929
lidar;21.0;39.0;24.973981857299805;24.994789123535156;9.702613830566406;0.2985675632953644;24.972936630249023;24.994579315185547;9.690673828125;0.3105553186978551;0.9999123215623773;0.800000011920929;0.800000011920929;0.800000011920929
lidar;21.0;39.0;24.97397804260254;25.0;9.702563285827637;0.2985731065273285;24.974592208862305;25.0;9.709598541259766;0.29151089720951;0.9998939037305891;0.800000011920929;0.800000011920929;0.800000011920929
lidar;21.0;39.0;24.973981857299805;25.005210876464844;9.702613830566406;0.298567533493042;24.97370147705078;25.005266189575195;9.699403762817383;0.30179045150857536;0.9999123215623773;0.800000011920929;0.800000011920929;0.800000011920929
lidar;21.0;39.0;24.973995208740234;25.010419845581055;9.702762603759766;0.29855504631996155;24.975238800048828;25.009920120239258;9.716976165771484;0.2842785065008753;0.9999544620480533;0.800000011920929;0.800000011920929;0.800000011920929
lidar;21.0;39.0;24.974016189575195;25.015625;9.702997207641602;0.2985466420650482;24.97527503967285;25.014867782592773;9.717400550842285;0.2840683190773984;0.9999824762342119;0.800000011920929;0.800000011920929;0.800000011920929
lidar;21.0;39.0;24.974040985107422;25.02082633972168;9.703293800354004;0.2985670864582062;24.97625160217285;25.019054412841797;9.728543281555176;0.2731593126517422;0.9999141097061532;0.800000011920929;0.800000011920929;0.800000011920929
lidar;21.0;39.0;24.974069595336914;25.026029586791992;9.703619003295898;0.29864922165870667;24.972536087036133;25.027568817138672;9.686079025268555;0.3163238632352187;0.9996391534905466;0.800000011920929;0.800000011920929;0.800000011920929
lidar;21.0;39.0;24.974105834960938;25.03122901916504;9.704014778137207;0.29875215888023376;24.97402000427246;25.031330108642578;9.70305347442627;0.2997223499976044;0.9992943406466299;0.800000011920929;0.800000011920929;0.800000011920929
lidar;21.0;39.0;24.974140167236328;25.03643226623535;9.704410552978516;0.2989463806152344;24.97430992126465;25.036191940307617;9.706366539001465;0.2969688848539647;0.9986450673057066;0.800000011920929;0.800000011920929;0.800000011920929
lidar;21.0;39.0;24.97417640686035;25.041641235351562;9.704839706420898;0.29919981956481934;24.97411346435547;25.0417423248291;9.704118728637695;0.29993019723329845;0.9977989793468328;0.800000011920929;0.800000011920929;0.800000011920929
lidar;21.0;39.0;24.97421646118164;25.046855926513672;9.705292701721191;0.2995205521583557;24.97481918334961;25.045761108398438;9.712173461914062;0.29252761657898835;0.9967303873296114;0.800000011920929;0.800000011920929;0.800000011920929
lidar;21.0;39.0;24.97425651550293;25.05208396911621;9.705747604370117;0.29993340373039246;24.974140167236328;25.052318572998047;9.704412460327148;0.30129432578772264;0.9953582286426331;0.800000011920929;0.800000011920929;0.800000011920929
lidar;21.0;39.0;24.9743709564209;25.057159423828125;9.707058906555176;0.2995636761188507;24.97600746154785;25.053508758544922;9.72576904296875;0.2804303239220075;0.9962258931734135;0.800000011920929;0.800000011920929;0.800000011920929
lidar;21.0;39.0;24.974489212036133;25.06221580505371;9.708415985107422;0.29923728108406067;24.97467613220215;25.0617618560791;9.710543632507324;0.2970531335250755;0.9973122478905522;0.800000011920929;0.800000011920929;0.800000011920929
lidar;21.0;39.0;24.97461700439453;25.067237854003906;9.709869384765625;0.2988996207714081;24.974672317504883;25.06709098815918;9.710502624511719;0.29824691185010277;0.9984388947881604;0.800000011920929;0.800000011920929;0.800000011920929
lidar;21.0;39.0;24.97474479675293;25.072250366210938;9.711320877075195;0.29865357279777527;24.976797103881836;25.066377639770508;9.734787940979004;0.2743751420878053;0.9992614984827138;0.800000011920929;0.800000011920929;0.800000011920929
lidar;21.0;39.0;24.974870681762695;25.07725715637207;9.712769508361816;0.2984987497329712;24.976594924926758;25.071958541870117;9.732471466064453;0.27802393277935894;0.9997797012443843;0.800000011920929;0.800000011920929;0.800000011920929
lidar;21.0;39.0;24.97499656677246;25.082260131835938;9.714217185974121;0.2984349727630615;24.9737548828125;25.086345672607422;9.700021743774414;0.3132596977672152;0.9999933838845475;0.800000011920929;0.800000011920929;0.800000011920929
lidar;21.0;39.0;24.97512435913086;25.087261199951172;9.715665817260742;0.2984621226787567;24.975299835205078;25.08664321899414;9.717681884765625;0.2963459255212747;0.9999024271902672;0.800000011920929;0.800000011920929;0.800000011920929
lidar;21.0;39.0;24.975250244140625;25.092266082763672;9.717113494873047;0.29858022928237915;24.973501205444336;25.098787307739258;9.697123527526855;0.3196796051610626;0.9995068908246401;0.800000011920929;0.800000011920929;0.800000011920929
lidar;21.0;39.0;24.975378036499023;25.09727668762207;9.7185640335083;0.29878950119018555;24.975143432617188;25.098201751708984;9.715888023376465;0.30163044293068864;0.9988068939111642;0.800000011920929;0.800000011920929;0.800000011920929
lidar;21.0;39.0;24.97550392150879;25.102294921875;9.720016479492188;0.2990902066230774;24.975324630737305;25.10304832458496;9.717951774597168;0.3012955901587199;0.9978027345636994;0.800000011920929;0.800000011920929;0.800000011920929
lidar;21.0;39.0;24.975631713867188;25.107324600219727;9.72147274017334;0.2994828224182129;24.97662353515625;25.102956771850586;9.732809066772461;0.28729384982870454;0.9964945318170655;0.800000011920929;0.800000011920929;0.800000011920929
lidar;21.0;39.0;24.975765228271484;25.112346649169922;9.722992897033691;0.29990291595458984;24.976116180419922;25.1107177734375;9.727008819580078;0.2955547506876654;0.9944338799429383;0.800000011920929;0.800000011920929;0.800000011920929
lidar;21.0;39.0;24.97597312927246;25.117021560668945;9.725363731384277;0.29949358105659485;24.974008560180664;25.126583099365234;9.702921867370605;0.3239663727179694;0.9957934021339699;0.800000011920929;0.800000011920929;0.800000011920929
lidar;21.0;39.0;24.97618293762207;25.121671676635742;9.727760314941406;0.2991413176059723;24.975910186767578;25.123062133789062;9.724648475646973;0.3025607760641803;0.9969664216204196;0.800000011920929;0.800000011920929;0.800000011920929
lidar;21.0;39.0;24.976396560668945;25.126283645629883;9.73021411895752;0.2988124489784241;24.976764678955078;25.12432098388672;9.734407424926758;0.29416847951326763;0.9980638027656688;0.800000011920929;0.800000011920929;0.800000011920929
lidar;21.0;39.0;24.976612091064453;25.13088607788086;9.73266315460205;0.2985752522945404;24.977617263793945;25.125255584716797;9.74416732788086;0.2857276887450243;0.9988570212513895;0.800000011920929;0.800000011920929;0.800000011920929
lidar;21.0;39.0;24.976825714111328;25.13548469543457;9.735109329223633;0.2984292209148407;24.97760581970215;25.13092041015625;9.74403190612793;0.2883771969028882;0.9993460178827808;0.800000011920929;0.800000011920929;0.800000011920929
lidar;21.0;39.0;24.977039337158203;25.140077590942383;9.737553596496582;0.298374205827713;24.978302001953125;25.132369995117188;9.751994132995605;0.28195710829462584;0.9995306134192642;0.800000011920929;0.800000011920929;0.800000011920929
lidar;21.0;39.0;24.977252960205078;25.144672393798828;9.739997863769531;0.2984101176261902;24.977590560913086;25.14253044128418;9.743846893310547;0.2939924937253957;0.9994108081254468;0.800000011920929;0.800000011920929;0.800000011920929
lidar;21.0;39.0;24.977466583251953;25.149269104003906;9.742443084716797;0.2985369563102722;24.977649688720703;25.14805793762207;9.744532585144043;0.29611480126337597;0.9989864826014905;0.800000011920929;0.800000011920929;0.800000011920929
lidar;21.0;39.0;24.977680206298828;25.15386962890625;9.744891166687012;0.2987549304962158;24.9786319732666;25.147310256958008;9.755766868591309;0.28601886839606727;0.9982579349548505;0.800000011920929;0.800000011920929;0.800000011920929
lidar;21.0;39.0;24.977895736694336;25.158479690551758;9.747344017028809;0.29906442761421204;24.97764015197754;25.160308837890625;9.744427680969238;0.30251681895262705;0.9972252846765737;0.800000011920929;0.800000011920929;0.800000011920929
lidar;21.0;39.0;24.978111267089844;25.163101196289062;9.749802589416504;0.2994658946990967;24.977542877197266;25.167335510253906;9.743307113647461;0.3072410261383756;0.9958887101343515;0.800000011920929;0.800000011920929;0.800000011920929
lidar;21.0;39.0;24.978376388549805;25.167339324951172;9.752854347229004;0.29925069212913513;24.97850799560547;25.166332244873047;9.754342079162598;0.297449271934809;0.99573707552525;0.800000011920929;0.800000011920929;0.800000011920929
lidar;21.0;39.0;24.978666305541992;25.1713924407959;9.756157875061035;0.2988137900829315;24.97882652282715;25.17011260986328;9.757978439331055;0.2965818028565935;0.9971926809066224;0.800000011920929;0.800000011920929;0.800000011920929
lidar;21.0;39.0;24.978954315185547;25.17543601989746;9.759452819824219;0.2984689772129059;24.980009078979492;25.166650772094727;9.77149772644043;0.28352309249291807;0.998344600278093;0.800000011920929;0.800000011920929;0.800000011920929
lidar;21.0;39.0;24.9792423248291;25.17947006225586;9.762741088867188;0.2982156276702881;24.979381561279297;25.178264617919922;9.764333724975586;0.2962128727386628;0.9991923571291824;0.800000011920929;0.800000011920929;0.800000011920929
lidar;21.0;39.0;24.979530334472656;25.183500289916992;9.766024589538574;0.2980535328388214;24.978818893432617;25.189870834350586;9.757901191711426;0.3084017895502297;0.9997357726006396;0.800000011920929;0.800000011920929;0.800000011920929
lidar;21.0;39.0;24.979816436767578;25.18752670288086;9.769305229187012;0.29798224568367004;24.979660034179688;25.188987731933594;9.767507553100586;0.30030440026099625;0.999974608422259;0.800000011920929;0.800000011920929;0.800000011920929
lidar;21.0;39.0;24.980104446411133;25.191551208496094;9.77258586883545;0.29800179600715637;24.97913360595703;25.200889587402344;9.761499404907227;0.31252918907578936;0.9999088644978509;0.800000011920929;0.800000011920929;0.800000011920929
lidar;21.0;39.0;24.980390548706055;25.195579528808594;9.77586841583252;0.2981121242046356;24.98065948486328;25.19290542602539;9.778932571411133;0.2940358014761598;0.9995385408470983;0.800000011920929;0.800000011920929;0.800000011920929
lidar;21.0;39.0;24.98067855834961;25.199609756469727;9.779153823852539;0.2983134388923645;24.97954559326172;25.211315155029297;9.766202926635742;0.31580609064839266;0.9988637566314297;0.800000011920929;0.800000011920929;0.800000011920929
lidar;21.0;39.0;24.980966567993164;25.203649520874023;9.78244400024414;0.29860612750053406;24.981199264526367;25.2011661529541;9.785096168518066;0.294966931459871;0.9978846906490089;0.800000011920929;0.800000011920929;0.800000011920929
lidar;21.0;39.0;24.98125457763672;25.20769691467285;9.78574275970459;0.2989904582500458;24.980770111083984;25.213069915771484;9.780198097229004;0.30672746378739574;0.9966017006244783;0.800000011920929;0.800000011920929;0.800000011920929
lidar;21.0;39.0;24.9815673828125;25.211498260498047;9.789307594299316;0.29910269379615784;24.9809627532959;25.21843719482422;9.782394409179688;0.30891602940689367;0.9952893853899276;0.800000011920929;0.800000011920929;0.800000011920929
lidar;21.0;39.0;24.977895736694336;24.788541793823242;9.789700508117676;0.2990472912788391;24.978376388549805;24.793132781982422;9.794266700744629;0.2925535619520292;0.9954737423999336;0.800000011920929;0.800000011920929;0.800000011920929
lidar;21.0;39.0;24.977514266967773;24.792272567749023;9.786070823669434;0.2990351915359497;24.976606369018555;24.78387451171875;9.777420997619629;0.31112521780292296;0.9964526296251056;0.800000011920929;0.800000011920929;0.800000011920929
lidar;21.0;39.0;24.977169036865234;24.79631996154785;9.782776832580566;0.29865145683288574;24.975507736206055;24.781496047973633;9.766966819763184;0.3203876683165343;0.9977331161791577;0.800000011920929;0.800000011920929;0.800000011920929
lidar;21.0;39.0;24.976823806762695;24.800357818603516;9.77949047088623;0.2983594536781311;24.976669311523438;24.79903793334961;9.778032302856445;0.30033234908494383;0.9987097978361101;0.800000011920929;0.800000011920929;0.800000011920929
lidar;21.0;39.0;24.976478576660156;24.80438995361328;9.776209831237793;0.29815879464149475;24.975725173950195;24.798120498657227;9.769037246704102;0.3077140851767693;0.9993821979124826;0.800000011920929;0.800000011920929;0.800000011920929
lidar;21.0;39.0;24.976133346557617;24.80841827392578;9.772932052612305;0.29804909229278564;24.975418090820312;24.802675247192383;9.76612663269043;0.3069812488574011;0.9997501373200411;0.800000011920929;0.800000011920929;0.800000011920929
lidar;21.0;39.0;24.97579002380371;24.812442779541016;9.76965618133545;0.2980302572250366;24.974998474121094;24.806306838989258;9.76211929321289;0.3077810959086492;0.9998135566767737;0.800000011920929;0.800000011920929;0.800000011920929
lidar;21.0;39.0;24.975444793701172;24.816469192504883;9.766379356384277;0.2981022000312805;24.97462272644043;24.810312271118164;9.758541107177734;0.30810367496273583;0.9995724559098624;0.800000011920929;0.800000011920929;0.800000011920929
lidar;21.0;39.0;24.975101470947266;24.820499420166016;9.763099670410156;0.2982650101184845;24.97430419921875;24.814762115478516;9.755528450012207;0.3077980508934579;0.9990268349043095;0.800000011920929;0.800000011920929;0.800000011920929
lidar;21.0;39.0;24.974756240844727;24.824535369873047;9.75981616973877;0.2985190451145172;24.975276947021484;24.828155517578125;9.764771461486816;0.29236052149145986;0.9981769324072969;0.800000011920929;0.800000011920929;0.800000011920929
lidar;21.0;39.0;24.974409103393555;24.82857894897461;9.756525039672852;0.2988646328449249;24.974138259887695;24.826759338378906;9.753942489624023;0.3020348093413302;0.9970229866339207;0.800000011920929;0.800000011920929;0.800000011920929
lidar;21.0;39.0;24.974063873291016;24.832632064819336;9.753226280212402;0.29930227994918823;24.973316192626953;24.827808380126953;9.746113777160645;0.30792918385581014;0.9955652950914512;0.800000011920929;0.800000011920929;0.800000011920929
lidar;21.0;39.0;24.973731994628906;24.836807250976562;9.750082015991211;0.29963451623916626;24.975006103515625;24.844717025756836;9.762195587158203;0.2851117435542426;0.9953284858307543;0.800000011920929;0.800000011920929;0.800000011920929
lidar;21.0;39.0;24.973474502563477;24.8414306640625;9.747624397277832;0.2992344796657562;24.975366592407227;24.852745056152344;9.765632629394531;0.27788320708926606;0.9966587425549931;0.800000011920929;0.800000011920929;0.800000011920929
lidar;21.0;39.0;24.973217010498047;24.846040725708008;9.745173454284668;0.2989265024662018;24.972450256347656;24.841638565063477;9.737886428833008;0.3074743880159557;0.9976853727596549;0.800000011920929;0.800000011920929;0.800000011920929
lidar;21.0;39.0;24.972959518432617;24.850645065307617;9.74272632598877;0.29871001839637756;24.973047256469727;24.851125717163086;9.74355411529541;0.29774936375610783;0.9984079600012749;0.800000011920929;0.800000011920929;0.800000011920929
lidar;21.0;39.0;24.972702026367188;24.855243682861328;9.740283012390137;0.2985846996307373;24.973285675048828;24.85833740234375;9.745833396911621;0.29220281435007994;0.9988265037623075;0.800000011920929;0.800000011920929;0.800000011920929
lidar;21.0;39.0;24.97244644165039;24.859838485717773;9.737839698791504;0.29855039715766907;24.973968505859375;24.86758041381836;9.7523193359375;0.28206048425086383;0.9989408254469333;0.800000011920929;0.800000011920929;0.800000011920929
lidar;21.0;39.0;24.972196578979492;24.864469528198242;9.735465049743652;0.2985301911830902;24.971891403198242;24.862979888916016;9.73255729675293;0.3018114042985459;0.9990084171002367;0.800000011920929;0.800000011920929;0.800000011920929
lidar;21.0;39.0;24.971948623657227;24.869115829467773;9.733116149902344;0.2985711395740509;24.972530364990234;24.871829986572266;9.73865032196045;0.2923797745154761;0.9988709092943943;0.800000011920929;0.800000011920929;0.800000011920929
lidar;21.0;39.0;24.971702575683594;24.873762130737305;9.730766296386719;0.298703134059906;24.97309684753418;24.879985809326172;9.744039535522461;0.2839769439480517;0.9984290600527788;0.800000011920929;0.800000011920929;0.800000011920929
lidar;21.0;39.0;24.971454620361328;24.878416061401367;9.728412628173828;0.29892638325691223;24.97310447692871;24.88543701171875;9.744098663330078;0.2816618603439146;0.9976831673647262;0.800000011920929;0.800000011920929;0.800000011920929
lidar;21.0;39.0;24.971206665039062;24.88307762145996;9.726056098937988;0.2992411255836487;24.971284866333008;24.883392333984375;9.72679328918457;0.29843644025435623;0.9966334107242001;0.800000011920929;0.800000011920929;0.800000011920929
lidar;21.0;39.0;24.970958709716797;24.88775062561035;9.723692893981934;0.2996480464935303;24.971481323242188;24.889772415161133;9.728672981262207;0.29424779857616873;0.9952800273886172;0.800000011920929;0.800000011920929;0.800000011920929
lidar;21.0;39.0;24.97077178955078;24.892662048339844;9.721906661987305;0.29951921105384827;24.97039222717285;24.891271591186523;9.718306541442871;0.3033969362193737;0.9963734151735835;0.800000011920929;0.800000011920929;0.800000011920929
lidar;21.0;39.0;24.970619201660156;24.89769172668457;9.720452308654785;0.2991267144680023;24.97212791442871;24.902950286865234;9.734818458557129;0.283754862898886;0.9976807834269051;0.800000011920929;0.800000011920929;0.800000011920929
lidar;21.0;39.0;24.97046661376953;24.902711868286133;9.719001770019531;0.2988261282444;24.97018814086914;24.901798248291016;9.716362953186035;0.3016326976232821;0.9986843466781486;0.800000011920929;0.800000011920929;0.800000011920929
lidar;21.0;39.0;24.970314025878906;24.90772247314453;9.717554092407227;0.29861706495285034;24.969175338745117;24.904186248779297;9.706730842590332;0.3100595692541205;0.99938350911536;0.800000011920929;0.800000011920929;0.800000011920929
lidar;21.0;39.0;24.97016143798828;24.91272735595703;9.716107368469238;0.29849910736083984;24.971088409423828;24.915435791015625;9.724915504455566;0.2892377175200992;0.9997783899110958;0.800000011920929;0.800000011920929;0.800000011920929
lidar;21.0;39.0;24.970008850097656;24.9177303314209;9.714661598205566;0.29847219586372375;24.97043800354004;24.918901443481445;9.718727111816406;0.2942193587651239;0.9998686909684608;0.800000011920929;0.800000011920929;0.800000011920929
lidar;21.0;39.0;24.969858169555664;24.922733306884766;9.713215827941895;0.29853615164756775;24.97052001953125;24.92443084716797;9.719521522521973;0.2919726446654693;0.9996544122592912;0.800000011920929;0.800000011920929;0.800000011920929
lidar;21.0;39.0;24.969707489013672;24.927743911743164;9.711787223815918;0.298672080039978;24.970138549804688;24.928770065307617;9.715877532958984;0.2944333430863003;0.9991998672810225;0.800000011920929;0.800000011920929;0.800000011920929
lidar;21.0;39.0;24.969568252563477;24.932785034179688;9.710453033447266;0.2988004982471466;24.968036651611328;24.92940330505371;9.69588851928711;0.31382967483730534;0.9987704156969563;0.800000011920929;0.800000011920929;0.800000011920929
lidar;21.0;39.0;24.96942710876465;24.937829971313477;9.70911693572998;0.29902008175849915;24.969280242919922;24.937530517578125;9.707716941833496;0.3004590863407829;0.9980368614023126;0.800000011920929;0.800000011920929;0.800000011920929
lidar;21.0;39.0;24.96928596496582;24.94288444519043;9.707777976989746;0.2993314564228058;24.969877243041992;24.94398307800293;9.713397979736328;0.29357475282459905;0.9969990849464598;0.800000011920929;0.800000011920929;0.800000011920929
lidar;21.0;39.0;24.969144821166992;24.947952270507812;9.706436157226562;0.29973477125167847;24.969141006469727;24.94794273376465;9.706391334533691;0.29978023078070143;0.9956577421886412;0.800000011920929;0.800000011920929;0.800000011920929
lidar;21.0;39.0;24.969051361083984;24.95310401916504;9.705536842346191;0.2997754216194153;24.971446990966797;24.956735610961914;9.728334426879883;0.27656683924281533;0.9958828687241958;0.800000011920929;0.800000011920929;0.800000011920929
lidar;21.0;39.0;24.96900749206543;24.958330154418945;9.705133438110352;0.29940420389175415;24.968318939208984;24.9574031829834;9.698568344116211;0.3060711269669066;0.9971180557082558;0.800000011920929;0.800000011920929;0.800000011920929
lidar;21.0;39.0;24.968965530395508;24.963546752929688;9.704737663269043;0.29911860823631287;24.968225479125977;24.962675094604492;9.697681427001953;0.3062672239184767;0.9980701208984131;0.800000011920929;0.800000011920929;0.800000011920929
lidar;21.0;39.0;24.96892547607422;24.968753814697266;9.704341888427734;0.2989245355129242;24.969242095947266;24.969072341918945;9.707358360290527;0.29587467826264807;0.9987182617982966;0.800000011920929;0.800000011920929;0.800000011920929
lidar;21.0;39.0;24.968891143798828;24.973962783813477;9.704014778137207;0.2987523376941681;24.968915939331055;24.973981857299805;9.704249382019043;0.2985159716601124;0.9992938638408713;0.800000011920929;0.800000011920929;0.800000011920929
lidar;21.0;39.0;24.968856811523438;24.97916603088379;9.703690528869629;0.2986689805984497;24.966588973999023;24.977649688720703;9.682120323181152;0.32041123491060924;0.9995728730916511;0.800000011920929;0.800000011920929;0.800000011920929
lidar;21.0;39.0;24.96883201599121;24.984373092651367;9.703449249267578;0.29859304428100586;24.967323303222656;24.983617782592773;9.68911075592041;0.3130309343178464;0.9998269677157284;0.800000011920929;0.800000011920929;0.800000011920929
lidar;21.0;39.0;24.96881103515625;24.989580154418945;9.703253746032715;0.29856306314468384;24.968074798583984;24.989334106445312;9.696247100830078;0.30561189397332983;0.9999271035218951;0.800000011920929;0.800000011920929;0.800000011920929
lidar;21.0;39.0;24.96879768371582;24.994789123535156;9.703124046325684;0.2985568046569824;24.968564987182617;24.9947509765625;9.700910568237305;0.30078250345103197;0.9999481439634481;0.800000011920929;0.800000011920929;0.800000011920929
lidar;21.0;39.0;24.968791961669922;25.0;9.703073501586914;0.2985617220401764;24.966726303100586;25.0;9.683417320251465;0.3183266057523217;0.9999319911025861;0.800000011920929;0.800000011920929;0.800000011920929
lidar;21.0;39.0;24.96879768371582;25.005210876464844;9.703124046325684;0.2985568344593048;24.970699310302734;25.004892349243164;9.721216201782227;0.28036239064093516;0.9999481439634481;0.800000011920929;0.800000011920929;0.800000011920929
lidar;21.0;39.0;24.96881103515625;25.010419845581055;9.703253746032715;0.29856306314468384;24.96773910522461;25.010778427124023;9.69305419921875;0.3088244365961819;0.9999271035218951;0.800000011920929;0.800000011920929;0.800000011920929
lidar;21.0;39.0;24.96883201599121;25.015626907348633;9.703449249267578;0.29859307408332825;24.968856811523438;25.015613555908203;9.703692436218262;0.29834830367694254;0.9998269677157284;0.800000011920929;0.800000011920929;0.800000011920929
lidar;21.0;39.0;24.968856811523438;25.02083396911621;9.703690528869629;0.2986689805984497;24.969623565673828;25.020320892333984;9.710983276367188;0.2913182689647254;0.9995728730916511;0.800000011920929;0.800000011920929;0.800000011920929
lidar;21.0;39.0;24.968891143798828;25.026037216186523;9.704014778137207;0.2987523376941681;24.968156814575195;25.02665138244629;9.697040557861328;0.3057917771845216;0.9992938638408713;0.800000011920929;0.800000011920929;0.800000011920929
lidar;21.0;39.0;24.96892547607422;25.031246185302734;9.704341888427734;0.2989245355129242;24.96901512145996;25.03115463256836;9.705207824707031;0.2980484004079733;0.9987182617982966;0.800000011920929;0.800000011920929;0.800000011920929
lidar;21.0;39.0;24.968965530395508;25.036453247070312;9.704737663269043;0.2991185784339905;24.97064971923828;25.034475326538086;9.720752716064453;0.28289372265966206;0.9980701208984131;0.800000011920929;0.800000011920929;0.800000011920929
lidar;21.0;39.0;24.96900749206543;25.041669845581055;9.705133438110352;0.29940420389175415;24.968605041503906;25.04220962524414;9.70130443572998;0.3032927742516516;0.9971180557082558;0.800000011920929;0.800000011920929;0.800000011920929
lidar;21.0;39.0;24.969051361083984;25.04689598083496;9.705536842346191;0.2997754216194153;24.969655990600586;25.045976638793945;9.711301803588867;0.29390740671387267;0.9958828687241958;0.800000011920929;0.800000011920929;0.800000011920929
lidar;21.0;39.0;24.969144821166992;25.052047729492188;9.706436157226562;0.29973477125167847;24.970569610595703;25.049646377563477;9.71998119354248;0.28590479825597537;0.9956577421886412;0.800000011920929;0.800000011920929;0.800000011920929
lidar;21.0;39.0;24.96928596496582;25.05711555480957;9.707777976989746;0.29933151602745056;24.96855354309082;25.0584774017334;9.700811386108398;0.3064674846472528;0.9969990849464598;0.800000011920929;0.800000011920929;0.800000011920929
lidar;21.0;39.0;24.96942710876465;25.062170028686523;9.70911693572998;0.2990201711654663;24.969907760620117;25.061189651489258;9.713702201843262;0.2943063700154781;0.9980368614023126;0.800000011920929;0.800000011920929;0.800000011920929
lidar;21.0;39.0;24.969568252563477;25.067214965820312;9.71045207977295;0.2988005578517914;24.97100257873535;25.064044952392578;9.724111557006836;0.28470544643055684;0.9987704156969563;0.800000011920929;0.800000011920929;0.800000011920929
lidar;21.0;39.0;24.969707489013672;25.072256088256836;9.711787223815918;0.29867202043533325;24.971071243286133;25.069002151489258;9.724766731262207;0.2852220007805908;0.9991998672810225;0.800000011920929;0.800000011920929;0.800000011920929
lidar;21.0;39.0;24.969858169555664;25.077266693115234;9.713215827941895;0.29853618144989014;24.970111846923828;25.07661247253418;9.715641975402832;0.29601055435794676;0.9996544122592912;0.800000011920929;0.800000011920929;0.800000011920929
lidar;21.0;39.0;24.970008850097656;25.0822696685791;9.714661598205566;0.29847219586372375;24.969499588012695;25.08367156982422;9.709800720214844;0.30355693512009835;0.9998686909684608;0.800000011920929;0.800000011920929;0.800000011920929
lidar;21.0;39.0;24.97016143798828;25.08727264404297;9.716107368469238;0.29849913716316223;24.970611572265625;25.08595848083496;9.720380783081055;0.2940061520344095;0.9997783899110958;0.800000011920929;0.800000011920929;0.800000011920929
lidar;21.0;39.0;24.970314025878906;25.09227752685547;9.717554092407227;0.29861709475517273;24.969802856445312;25.09386444091797;9.712700843811035;0.30374853749050384;0.99938350911536;0.800000011920929;0.800000011920929;0.800000011920929
lidar;21.0;39.0;24.97046661376953;25.097288131713867;9.719001770019531;0.2988261580467224;24.970876693725586;25.095935821533203;9.722908973693848;0.29467175278623586;0.9986843466781486;0.800000011920929;0.800000011920929;0.800000011920929
lidar;21.0;39.0;24.970619201660156;25.10230827331543;9.720452308654785;0.2991268038749695;24.97185707092285;25.097991943359375;9.732242584228516;0.2865115289933465;0.9976807834269051;0.800000011920929;0.800000011920929;0.800000011920929
lidar;21.0;39.0;24.97077178955078;25.107337951660156;9.721906661987305;0.29951921105384827;24.96965789794922;25.111427307128906;9.711311340332031;0.3109311365748812;0.9963734151735835;0.800000011920929;0.800000011920929;0.800000011920929
lidar;21.0;39.0;24.970958709716797;25.11224937438965;9.723692893981934;0.2996480464935303;24.971967697143555;25.108352661132812;9.733288764953613;0.2892414633957116;0.9952799680992251;0.800000011920929;0.800000011920929;0.800000011920929
lidar;21.0;39.0;24.971206665039062;25.11692237854004;9.726056098937988;0.29924118518829346;24.970680236816406;25.119060516357422;9.721050262451172;0.30470956385422737;0.9966334107242001;0.800000011920929;0.800000011920929;0.800000011920929
lidar;21.0;39.0;24.971454620361328;25.121583938598633;9.728412628173828;0.298926442861557;24.971845626831055;25.11992073059082;9.732128143310547;0.29483787421854013;0.9976831673647262;0.800000011920929;0.800000011920929;0.800000011920929
lidar;21.0;39.0;24.971702575683594;25.126237869262695;9.730766296386719;0.2987031638622284;24.970844268798828;25.130069732666016;9.722593307495117;0.30777082498084235;0.9984290600527788;0.800000011920929;0.800000011920929;0.800000011920929
lidar;21.0;39.0;24.971948623657227;25.130884170532227;9.733116149902344;0.2985711991786957;24.97176742553711;25.131736755371094;9.731379508972168;0.300514109936202;0.9988709092943943;0.800000011920929;0.800000011920929;0.800000011920929
lidar;21.0;39.0;24.972196578979492;25.135530471801758;9.735465049743652;0.2985302209854126;24.973342895507812;25.12994384765625;9.746368408203125;0.2862248856723414;0.9990084171002367;0.800000011920929;0.800000011920929;0.800000011920929
lidar;21.0;39.0;24.97244644165039;25.140161514282227;9.737839698791504;0.29855042695999146;24.975072860717773;25.126792907714844;9.762842178344727;0.27007729745023595;0.9989408850978321;0.800000011920929;0.800000011920929;0.800000011920929
lidar;21.0;39.0;24.972702026367188;25.144756317138672;9.740283012390137;0.2985846698284149;24.973690032958984;25.139524459838867;9.749670028686523;0.2877920808875529;0.9988265633006798;0.800000011920929;0.800000011920929;0.800000011920929
lidar;21.0;39.0;24.972959518432617;25.149354934692383;9.74272632598877;0.2987099587917328;24.971797943115234;25.15577507019043;9.731668472290039;0.3115489786992864;0.9984080194662945;0.800000011920929;0.800000011920929;0.800000011920929
lidar;21.0;39.0;24.973217010498047;25.153959274291992;9.745173454284668;0.29892638325691223;24.972902297973633;25.15576934814453;9.742176055908203;0.3024425656157296;0.9976853727596549;0.800000011920929;0.800000011920929;0.800000011920929
lidar;21.0;39.0;24.973474502563477;25.1585693359375;9.747625350952148;0.29923442006111145;24.972431182861328;25.164804458618164;9.737703323364258;0.3109986948107602;0.9966588021927293;0.800000011920929;0.800000011920929;0.800000011920929
lidar;21.0;39.0;24.973731994628906;25.163192749023438;9.750082015991211;0.29963451623916626;24.97332763671875;25.165708541870117;9.746230125427246;0.30425304095466105;0.9953285455346763;0.800000011920929;0.800000011920929;0.800000011920929
lidar;21.0;39.0;24.974063873291016;25.167367935180664;9.753226280212402;0.2993023097515106;24.97403907775879;25.167522430419922;9.752997398376465;0.29957974638730234;0.995565354667668;0.800000011920929;0.800000011920929;0.800000011920929
lidar;21.0;39.0;24.974409103393555;25.17142105102539;9.756525039672852;0.29886460304260254;24.974889755249023;25.1682071685791;9.761089324951172;0.2932619282379297;0.9970230458046758;0.800000011920929;0.800000011920929;0.800000011920929
lidar;21.0;39.0;24.974756240844727;25.175464630126953;9.75981616973877;0.2985190749168396;24.97342872619629;25.1846866607666;9.747193336486816;0.3142078998712582;0.9981769919900828;0.800000011920929;0.800000011920929;0.800000011920929
lidar;21.0;39.0;24.975101470947266;25.179500579833984;9.763099670410156;0.2982650399208069;24.975231170654297;25.17856216430664;9.764337539672852;0.2967065052279421;0.9990268945477475;0.800000011920929;0.800000011920929;0.800000011920929
lidar;21.0;39.0;24.975444793701172;25.183530807495117;9.766379356384277;0.2981022000312805;24.976163864135742;25.17816734313965;9.773204803466797;0.28939231018422623;0.9995725154886069;0.800000011920929;0.800000011920929;0.800000011920929
lidar;21.0;39.0;24.97579002380371;25.187557220458984;9.76965618133545;0.29803019762039185;24.975345611572266;25.190998077392578;9.76542854309082;0.30349970589491704;0.9998136162685186;0.800000011920929;0.800000011920929;0.800000011920929
lidar;21.0;39.0;24.976133346557617;25.19158172607422;9.772932052612305;0.29804906249046326;24.974496841430664;25.204727172851562;9.757353782653809;0.3184972628262779;0.9997501373200411;0.800000011920929;0.800000011920929;0.800000011920929
lidar;21.0;39.0;24.976478576660156;25.19561004638672;9.776209831237793;0.2981588542461395;24.977500915527344;25.187103271484375;9.785942077636719;0.28519238928792806;0.9993821979124826;0.800000011920929;0.800000011920929;0.800000011920929
lidar;21.0;39.0;24.976823806762695;25.199642181396484;9.77949047088623;0.2983594238758087;24.977792739868164;25.19129180908203;9.788712501525879;0.2858811715737696;0.9987097978361101;0.800000011920929;0.800000011920929;0.800000011920929
lidar;21.0;39.0;24.977169036865234;25.20368003845215;9.782776832580566;0.29865148663520813;24.977354049682617;25.202028274536133;9.784539222717285;0.29622889033990174;0.9977331758438753;0.800000011920929;0.800000011920929;0.800000011920929
lidar;21.0;39.0;24.977514266967773;25.207727432250977;9.786070823669434;0.2990351915359497;24.976919174194336;25.213233947753906;9.780400276184082;0.30696166387993995;0.9964526296251056;0.800000011920929;0.800000011920929;0.800000011920929
lidar;21.0;39.0;24.977895736694336;25.211458206176758;9.789700508117676;0.2990473210811615;24.976337432861328;25.22636604309082;9.774874687194824;0.3201292286797538;0.995473861356712;0.800000011920929;0.800000011920929;0.800000011920929
lidar;21.0;39.0;24.974231719970703;24.788551330566406;9.790127754211426;0.29903316497802734;24.9744930267334;24.790693283081055;9.792254447937012;0.2960028394507429;0.995520890017529;0.800000011920929;0.800000011920929;0.800000011920929
lidar;21.0;39.0;24.97377586364746;24.792205810546875;9.78642749786377;0.29913079738616943;24.97369384765625;24.79154396057129;9.785746574401855;0.30008352757354795;0.9961340424325466;0.800000011920929;0.800000011920929;0.800000011920929
lidar;21.0;39.0;24.973371505737305;24.796253204345703;9.783138275146484;0.2987484633922577;24.97435760498047;24.803794860839844;9.791165351867676;0.28769025266190573;0.9974092242882313;0.800000011920929;0.800000011920929;0.800000011920929
lidar;21.0;39.0;24.97296905517578;24.80029296875;9.779855728149414;0.2984578013420105;24.972383499145508;24.795957565307617;9.775076866149902;0.30493727116322333;0.9983806609389205;0.800000011920929;0.800000011920929;0.800000011920929
lidar;21.0;39.0;24.972566604614258;24.804325103759766;9.776578903198242;0.29825857281684875;24.972763061523438;24.805715560913086;9.778166770935059;0.2961396483490814;0.9990479349746926;0.800000011920929;0.800000011920929;0.800000011920929
lidar;21.0;39.0;24.972166061401367;24.808353424072266;9.773305892944336;0.29815027117729187;24.971073150634766;24.80083465576172;9.764411926269531;0.3098474662076156;0.9994108677073613;0.800000011920929;0.800000011920929;0.800000011920929
lidar;21.0;39.0;24.971763610839844;24.8123779296875;9.770033836364746;0.29813286662101746;24.970561981201172;24.804397583007812;9.760250091552734;0.3108167674115281;0.9994693994564072;0.800000011920929;0.800000011920929;0.800000011920929
lidar;21.0;39.0;24.97136116027832;24.81640625;9.766761779785156;0.29820629954338074;24.97161865234375;24.81805419921875;9.768856048583984;0.2955289252129851;0.9992234111331427;0.800000011920929;0.800000011920929;0.800000011920929
lidar;21.0;39.0;24.970958709716797;24.820436477661133;9.763486862182617;0.2983706593513489;24.969514846801758;24.811506271362305;9.751724243164062;0.3132095736640274;0.9986730814861178;0.800000011920929;0.800000011920929;0.800000011920929
lidar;21.0;39.0;24.970556259155273;24.824472427368164;9.760207176208496;0.29862624406814575;24.972274780273438;24.83470916748047;9.774190902709961;0.28121112180165436;0.9978186486687505;0.800000011920929;0.800000011920929;0.800000011920929
lidar;21.0;39.0;24.97015380859375;24.828516006469727;9.75692081451416;0.29897341132164;24.970613479614258;24.831151962280273;9.760658264160156;0.29437649410379585;0.9966601731055896;0.800000011920929;0.800000011920929;0.800000011920929
lidar;21.0;39.0;24.969749450683594;24.832571029663086;9.753625869750977;0.29941269755363464;24.970064163208008;24.834312438964844;9.756190299987793;0.296296317425351;0.9951981309531729;0.800000011920929;0.800000011920929;0.800000011920929
lidar;21.0;39.0;24.969350814819336;24.83667755126953;9.750381469726562;0.2998711168766022;24.968997955322266;24.83480453491211;9.747516632080078;0.30331331671629547;0.9945432545946009;0.800000011920929;0.800000011920929;0.800000011920929
lidar;21.0;39.0;24.96904945373535;24.8413028717041;9.747925758361816;0.2994730770587921;24.967899322509766;24.835411071777344;9.738564491271973;0.3105942571580862;0.9958646895155685;0.800000011920929;0.800000011920929;0.800000011920929
lidar;21.0;39.0;24.968753814697266;24.845945358276367;9.745521545410156;0.2991121709346771;24.970458984375;24.85434913635254;9.759404182434082;0.28279481225843633;0.997066021054961;0.800000011920929;0.800000011920929;0.800000011920929
lidar;21.0;39.0;24.96846580505371;24.85060691833496;9.743171691894531;0.29878702759742737;24.968297958374023;24.849809646606445;9.741801261901855;0.3003811847536412;0.9981507062963355;0.800000011920929;0.800000011920929;0.800000011920929
lidar;21.0;39.0;24.968177795410156;24.85525894165039;9.740825653076172;0.29855334758758545;24.967248916625977;24.851037979125977;9.733269691467285;0.3072574800865473;0.9989314079253676;0.800000011920929;0.800000011920929;0.800000011920929
lidar;21.0;39.0;24.9678897857666;24.859905242919922;9.738482475280762;0.29841095209121704;24.968034744262695;24.860538482666016;9.739664077758789;0.29706250861208094;0.9994078278814678;0.800000011920929;0.800000011920929;0.800000011920929
lidar;21.0;39.0;24.967601776123047;24.864547729492188;9.736141204833984;0.2983594834804535;24.968015670776367;24.866275787353516;9.739507675170898;0.29455286378304923;0.9995797872395183;0.800000011920929;0.800000011920929;0.800000011920929
lidar;21.0;39.0;24.967315673828125;24.869190216064453;9.733799934387207;0.2983989417552948;24.96841812133789;24.873605728149414;9.742786407470703;0.2883255486224716;0.9994472265668446;0.800000011920929;0.800000011920929;0.800000011920929
lidar;21.0;39.0;24.96702766418457;24.873836517333984;9.731457710266113;0.29852938652038574;24.968162536621094;24.878183364868164;9.740710258483887;0.2882427649600061;0.9990102648732598;0.800000011920929;0.800000011920929;0.800000011920929
lidar;21.0;39.0;24.966739654541016;24.87848663330078;9.729111671447754;0.2987509071826935;24.96748161315918;24.88119888305664;9.735156059265137;0.29208530487320755;0.9982689619506644;0.800000011920929;0.800000011920929;0.800000011920929
lidar;21.0;39.0;24.96645164489746;24.883146286010742;9.726761817932129;0.29906409978866577;24.96829605102539;24.88957405090332;9.74179458618164;0.2826109830747575;0.9972236754267948;0.800000011920929;0.800000011920929;0.800000011920929
lidar;21.0;39.0;24.966161727905273;24.8878173828125;9.724407196044922;0.29946911334991455;24.96826934814453;24.894804000854492;9.74157428741455;0.2808145551068151;0.9958745241106839;0.800000011920929;0.800000011920929;0.800000011920929
lidar;21.0;39.0;24.96590805053711;24.892620086669922;9.722349166870117;0.2996377944946289;24.965625762939453;24.89173126220703;9.720050811767578;0.30211782033253737;0.9959792494279901;0.800000011920929;0.800000011920929;0.800000011920929
lidar;21.0;39.0;24.965730667114258;24.89765167236328;9.72089672088623;0.299245685338974;24.966264724731445;24.899248123168945;9.725248336791992;0.29458060106328676;0.9972841142011637;0.800000011920929;0.800000011920929;0.800000011920929
lidar;21.0;39.0;24.965553283691406;24.902671813964844;9.71944808959961;0.2989456355571747;24.965370178222656;24.902156829833984;9.7179594039917;0.3005324664056144;0.9982849955941102;0.800000011920929;0.800000011920929;0.800000011920929
lidar;21.0;39.0;24.965375900268555;24.907684326171875;9.718002319335938;0.2987370491027832;24.963382720947266;24.902372360229492;9.701775550842285;0.3159267839435623;0.9989820122055539;0.800000011920929;0.800000011920929;0.800000011920929
lidar;21.0;39.0;24.96519660949707;24.912691116333008;9.716557502746582;0.29861980676651;24.964414596557617;24.910728454589844;9.710184097290039;0.3053338428597122;0.9993746280483726;0.800000011920929;0.800000011920929;0.800000011920929
lidar;21.0;39.0;24.96502685546875;24.917709350585938;9.715157508850098;0.29854652285575867;24.964086532592773;24.91550064086914;9.707508087158203;0.30656369356853064;0.9996199607907376;0.800000011920929;0.800000011920929;0.800000011920929
lidar;21.0;39.0;24.964862823486328;24.922744750976562;9.713828086853027;0.29849228262901306;24.964696884155273;24.922380447387695;9.712482452392578;0.2998956967960628;0.9998015761482014;0.800000011920929;0.800000011920929;0.800000011920929
lidar;21.0;39.0;24.964698791503906;24.927778244018555;9.71249771118164;0.2985289692878723;24.96426773071289;24.926897048950195;9.70898723602295;0.3021744171082345;0.9996787309608748;0.800000011920929;0.800000011920929;0.800000011920929
lidar;21.0;39.0;24.964536666870117;24.932817459106445;9.711167335510254;0.2986566722393036;24.965131759643555;24.933948516845703;9.71602725982666;0.2936307384812498;0.9992513059858857;0.800000011920929;0.800000011920929;0.800000011920929
lidar;21.0;39.0;24.964372634887695;24.9378604888916;9.709835052490234;0.298875629901886;24.962434768676758;24.934478759765625;9.694049835205078;0.31513444574170363;0.9985195397665825;0.800000011920929;0.800000011920929;0.800000011920929
lidar;21.0;39.0;24.964208602905273;24.942913055419922;9.708499908447266;0.2991861402988434;24.96464729309082;24.943613052368164;9.712080001831055;0.2955119494390909;0.9974836109687639;0.800000011920929;0.800000011920929;0.800000011920929
lidar;21.0;39.0;24.96405029296875;24.947986602783203;9.707218170166016;0.29953157901763916;24.963241577148438;24.946815490722656;9.700623512268066;0.3062781552816129;0.9963334202925711;0.800000011920929;0.800000011920929;0.800000011920929
lidar;21.0;39.0;24.96390724182129;24.953092575073242;9.706042289733887;0.29985663294792175;24.962387084960938;24.95111656188965;9.6936674118042;0.31248005294344466;0.9952535032260297;0.800000011920929;0.800000011920929;0.800000011920929
lidar;21.0;39.0;24.963834762573242;24.958293914794922;9.705461502075195;0.2996668517589569;24.963890075683594;24.958358764648438;9.705910682678223;0.29920953890449214;0.9962439539004754;0.800000011920929;0.800000011920929;0.800000011920929
lidar;21.0;39.0;24.963787078857422;24.96351432800293;9.70506477355957;0.2993813157081604;24.963573455810547;24.963298797607422;9.703320503234863;0.30115239522362003;0.9971941111461053;0.800000011920929;0.800000011920929;0.800000011920929
lidar;21.0;39.0;24.9637451171875;24.968732833862305;9.704736709594727;0.299119234085083;24.963029861450195;24.968116760253906;9.698904037475586;0.30502805138581274;0.998068034671001;0.800000011920929;0.800000011920929;0.800000011920929
lidar;21.0;39.0;24.963706970214844;24.97394561767578;9.704412460327148;0.2989448606967926;24.96446418762207;24.974489212036133;9.710585594177246;0.29270127096256227;0.9986503125165949;0.800000011920929;0.800000011920929;0.800000011920929
lidar;21.0;39.0;24.963672637939453;24.979156494140625;9.704143524169922;0.29880645871162415;24.964963912963867;24.979896545410156;9.714648246765137;0.2881971112482555;0.9991127252166124;0.800000011920929;0.800000011920929;0.800000011920929
lidar;21.0;39.0;24.96364402770996;24.984365463256836;9.703903198242188;0.29873016476631165;24.963726043701172;24.98440170288086;9.704570770263672;0.2980562141560374;0.9993676542993948;0.800000011920929;0.800000011920929;0.800000011920929
lidar;21.0;39.0;24.963624954223633;24.98957633972168;9.703744888305664;0.29866212606430054;24.963796615600586;24.989625930786133;9.705146789550781;0.2972490863597329;0.9995955228858315;0.800000011920929;0.800000011920929;0.800000011920929
lidar;21.0;39.0;24.963611602783203;24.994787216186523;9.703635215759277;0.2986363470554352;24.9647274017334;24.99494743347168;9.712732315063477;0.2894689987880786;0.9996817112099441;0.800000011920929;0.800000011920929;0.800000011920929
lidar;21.0;39.0;24.963603973388672;25.0;9.703584671020508;0.29864129424095154;24.963390350341797;25.0;9.7018461227417;0.3003929504630045;0.999665439138244;0.800000011920929;0.800000011920929;0.800000011920929
lidar;21.0;39.0;24.963611602783203;25.005212783813477;9.703635215759277;0.2986363470554352;24.96364402770996;25.005207061767578;9.703898429870605;0.2983705778134756;0.9996817112099441;0.800000011920929;0.800000011920929;0.800000011920929
lidar;21.0;39.0;24.963624954223633;25.01042366027832;9.703744888305664;0.29866212606430054;24.96455955505371;25.010154724121094;9.711358070373535;0.29098720935989836;0.9995955228858315;0.800000011920929;0.800000011920929;0.800000011920929
lidar;21.0;39.0;24.96364402770996;25.015634536743164;9.703903198242188;0.29873016476631165;24.963762283325195;25.015583038330078;9.704866409301758;0.29775818605136384;0.9993676542993948;0.800000011920929;0.800000011920929;0.800000011920929
lidar;21.0;39.0;24.963672637939453;25.020843505859375;9.704143524169922;0.29880645871162415;24.964599609375;25.020313262939453;9.711685180664062;0.29118900733594516;0.9991127252166124;0.800000011920929;0.800000011920929;0.800000011920929
lidar;21.0;39.0;24.963706970214844;25.02605438232422;9.704412460327148;0.2989448606967926;24.96388053894043;25.025928497314453;9.705839157104492;0.29750166707945724;0.9986503125165949;0.800000011920929;0.800000011920929;0.800000011920929
lidar;21.0;39.0;24.9637451171875;25.031267166137695;9.704736709594727;0.299119234085083;24.964990615844727;25.030193328857422;9.714865684509277;0.28885795578468665;0.998068034671001;0.800000011920929;0.800000011920929;0.800000011920929
lidar;21.0;39.0;24.963787078857422;25.03648567199707;9.70506477355957;0.2993813455104828;24.962310791015625;25.037973403930664;9.693039894104004;0.31158809733573795;0.9971941111461053;0.800000011920929;0.800000011920929;0.800000011920929
lidar;21.0;39.0;24.963834762573242;25.041706085205078;9.705461502075195;0.2996668517589569;24.96616554260254;25.039018630981445;9.724433898925781;0.2803638910621133;0.9962439539004754;0.800000011920929;0.800000011920929;0.800000011920929
lidar;21.0;39.0;24.96390724182129;25.046907424926758;9.706042289733887;0.29985666275024414;24.962514877319336;25.048717498779297;9.6947021484375;0.3114244312121189;0.9952535032260297;0.800000011920929;0.800000011920929;0.800000011920929
lidar;21.0;39.0;24.96405029296875;25.052013397216797;9.707218170166016;0.29953160881996155;24.963035583496094;25.053482055664062;9.698951721191406;0.30798820127243637;0.9963334202925711;0.800000011920929;0.800000011920929;0.800000011920929
lidar;21.0;39.0;24.964208602905273;25.057086944580078;9.708499908447266;0.29918619990348816;24.963829040527344;25.05769157409668;9.705410957336426;0.3023564785077494;0.9974836109687639;0.800000011920929;0.800000011920929;0.800000011920929
lidar;21.0;39.0;24.964372634887695;25.0621395111084;9.709834098815918;0.2988757789134979;24.96425437927246;25.062345504760742;9.708873748779297;0.29986556731946923;0.9985195397665825;0.800000011920929;0.800000011920929;0.800000011920929
lidar;21.0;39.0;24.964536666870117;25.067182540893555;9.711166381835938;0.2986568510532379;24.966508865356445;25.063446044921875;9.72723388671875;0.2820433857566889;0.9992513059858857;0.800000011920929;0.800000011920929;0.800000011920929
lidar;21.0;39.0;24.964698791503906;25.072221755981445;9.71249771118164;0.29852908849716187;24.964059829711914;25.073528289794922;9.707292556762695;0.30393411341906335;0.9996787309608748;0.800000011920929;0.800000011920929;0.800000011920929
lidar;21.0;39.0;24.964862823486328;25.077255249023438;9.713827133178711;0.2984923720359802;24.96424674987793;25.078611373901367;9.708808898925781;0.3037270950436666;0.9998015761482014;0.800000011920929;0.800000011920929;0.800000011920929
lidar;21.0;39.0;24.96502685546875;25.082290649414062;9.715157508850098;0.29854652285575867;24.965879440307617;25.080284118652344;9.722105026245117;0.2912649078046931;0.9996199607907376;0.800000011920929;0.800000011920929;0.800000011920929
lidar;21.0;39.0;24.96519660949707;25.087308883666992;9.716557502746582;0.29861974716186523;24.964012145996094;25.090282440185547;9.706899642944336;0.30879478867516674;0.9993746280483726;0.800000011920929;0.800000011920929;0.800000011920929
lidar;21.0;39.0;24.965375900268555;25.092315673828125;9.718001365661621;0.29873713850975037;24.96337127685547;25.097660064697266;9.70167350769043;0.3160343938752093;0.9989820122055539;0.800000011920929;0.800000011920929;0.800000011920929
lidar;21.0;39.0;24.965553283691406;25.097328186035156;9.71944808959961;0.29894569516181946;24.965124130249023;25.098539352416992;9.71595573425293;0.3026670061620846;0.9982849955941102;0.800000011920929;0.800000011920929;0.800000011920929
lidar;21.0;39.0;24.965730667114258;25.10234832763672;9.72089672088623;0.2992457449436188;24.966262817382812;25.10075569152832;9.725237846374512;0.2945916572085267;0.9972841142011637;0.800000011920929;0.800000011920929;0.800000011920929
lidar;21.0;39.0;24.96590805053711;25.107379913330078;9.722349166870117;0.2996377944946289;24.96672821044922;25.10479736328125;9.72903060913086;0.2924270203279348;0.9959792494279901;0.800000011920929;0.800000011920929;0.800000011920929
lidar;21.0;39.0;24.966161727905273;25.1121826171875;9.724407196044922;0.2994691729545593;24.967924118041992;25.10633659362793;9.73876953125;0.2838618780832283;0.9958745241106839;0.800000011920929;0.800000011920929;0.800000011920929
lidar;21.0;39.0;24.96645164489746;25.116853713989258;9.726761817932129;0.29906412959098816;24.967548370361328;25.11302947998047;9.735705375671387;0.28927550488829423;0.9972236155077773;0.800000011920929;0.800000011920929;0.800000011920929
lidar;21.0;39.0;24.966739654541016;25.12151336669922;9.729111671447754;0.2987510561943054;24.96634292602539;25.122957229614258;9.725893020629883;0.30230055358518204;0.9982689619506644;0.800000011920929;0.800000011920929;0.800000011920929
lidar;21.0;39.0;24.96702766418457;25.126163482666016;9.731456756591797;0.2985294461250305;24.965805053710938;25.130836486816406;9.721510887145996;0.3095868950462144;0.9990102648732598;0.800000011920929;0.800000011920929;0.800000011920929
lidar;21.0;39.0;24.967315673828125;25.130809783935547;9.733799934387207;0.29839906096458435;24.967710494995117;25.129226684570312;9.737021446228027;0.29478733579368466;0.9994472265668446;0.800000011920929;0.800000011920929;0.800000011920929
lidar;21.0;39.0;24.967601776123047;25.135452270507812;9.736141204833984;0.29835957288742065;24.96739959716797;25.136295318603516;9.734498977661133;0.3002165373071467;0.9995797872395183;0.800000011920929;0.800000011920929;0.800000011920929
lidar;21.0;39.0;24.9678897857666;25.140094757080078;9.738482475280762;0.2984110414981842;24.967992782592773;25.139644622802734;9.739322662353516;0.29745284481337686;0.9994078278814678;0.800000011920929;0.800000011920929;0.800000011920929
lidar;21.0;39.0;24.968177795410156;25.14474105834961;9.740825653076172;0.2985534369945526;24.968252182006836;25.144399642944336;9.741438865661621;0.2978475636980231;0.998931467496395;0.800000011920929;0.800000011920929;0.800000011920929
lidar;21.0;39.0;24.96846580505371;25.14939308166504;9.743171691894531;0.29878702759742737;24.968544006347656;25.149023056030273;9.74380874633789;0.29804583100433196;0.9981507658528732;0.800000011920929;0.800000011920929;0.800000011920929
lidar;21.0;39.0;24.968753814697266;25.154054641723633;9.745521545410156;0.29911211133003235;24.969314575195312;25.151290893554688;9.750085830688477;0.2937477388891492;0.9970660803674258;0.800000011920929;0.800000011920929;0.800000011920929
lidar;21.0;39.0;24.96904945373535;25.1586971282959;9.747925758361816;0.2994730770587921;24.970073699951172;25.1534423828125;9.756271362304688;0.2895574707448797;0.9958647490805261;0.800000011920929;0.800000011920929;0.800000011920929
lidar;21.0;39.0;24.969350814819336;25.16332244873047;9.750381469726562;0.2998711168766022;24.97028160095215;25.15835952758789;9.757966041564941;0.2907594780412246;0.9945432545946009;0.800000011920929;0.800000011920929;0.800000011920929
lidar;21.0;39.0;24.969749450683594;25.167428970336914;9.753625869750977;0.29941272735595703;24.968244552612305;25.175756454467773;9.741373062133789;0.3143032444412635;0.9951982498234324;0.800000011920929;0.800000011920929;0.800000011920929
lidar;21.0;39.0;24.97015380859375;25.171483993530273;9.75692081451416;0.29897341132164;24.96942710876465;25.175657272338867;9.751004219055176;0.3062506188331603;0.996660292355037;0.800000011920929;0.800000011920929;0.800000011920929
lidar;21.0;39.0;24.970556259155273;25.175527572631836;9.760207176208496;0.29862627387046814;24.969417572021484;25.18231773376465;9.750931739807129;0.3101778756143954;0.9978187081819596;0.800000011920929;0.800000011920929;0.800000011920929
lidar;21.0;39.0;24.970958709716797;25.179563522338867;9.763486862182617;0.29837071895599365;24.970489501953125;25.18246841430664;9.759659767150879;0.3031985435286246;0.998673200619916;0.800000011920929;0.800000011920929;0.800000011920929
lidar;21.0;39.0;24.97136116027832;25.18359375;9.766761779785156;0.2982063293457031;24.97141456604004;25.183256149291992;9.767191886901855;0.29765603090656984;0.9992235303192779;0.800000011920929;0.800000011920929;0.800000011920929
lidar;21.0;39.0;24.971763610839844;25.1876220703125;9.770033836364746;0.29813286662101746;24.97144889831543;25.189714431762695;9.767467498779297;0.301460213314102;0.9994694590323127;0.800000011920929;0.800000011920929;0.800000011920929
lidar;21.0;39.0;24.972166061401367;25.191646575927734;9.773305892944336;0.2981502413749695;24.973752975463867;25.180723190307617;9.786227226257324;0.2811562751663783;0.9994109272862639;0.800000011920929;0.800000011920929;0.800000011920929
lidar;21.0;39.0;24.972566604614258;25.195674896240234;9.776578903198242;0.29825857281684875;24.971845626831055;25.200824737548828;9.770700454711914;0.306107099383374;0.9990479946183541;0.800000011920929;0.800000011920929;0.800000011920929
lidar;21.0;39.0;24.97296905517578;25.19970703125;9.779855728149414;0.2984578013420105;24.972436904907227;25.203638076782227;9.77552318572998;0.30433190625734374;0.9983807206992841;0.800000011920929;0.800000011920929;0.800000011920929
lidar;21.0;39.0;24.973371505737305;25.203746795654297;9.783138275146484;0.2987484633922577;24.972286224365234;25.212055206298828;9.774293899536133;0.310932296457528;0.9974092843162572;0.800000011920929;0.800000011920929;0.800000011920929
lidar;21.0;39.0;24.97377586364746;25.207794189453125;9.78642749786377;0.29913079738616943;24.972637176513672;25.216814041137695;9.777155876159668;0.31211650488673215;0.9961341026468474;0.800000011920929;0.800000011920929;0.800000011920929
lidar;21.0;39.0;24.974231719970703;25.211448669433594;9.790127754211426;0.29903316497802734;24.974287033081055;25.21099090576172;9.790582656860352;0.2983849212089907;0.9955210090589068;0.800000011920929;0.800000011920929;0.800000011920929
lidar;21.0;39.0;24.970569610595703;24.788532257080078;9.790590286254883;0.2990601658821106;24.968730926513672;24.775318145751953;9.777504920959473;0.3177478335565419;0.9954307675264664;0.800000011920929;0.800000011920929;0.800000011920929
lidar;21.0;39.0;24.97003936767578;24.792104721069336;9.786812782287598;0.2992774546146393;24.970741271972656;24.796979904174805;9.7918119430542;0.29225912696362827;0.9956459997496593;0.800000011920929;0.800000011920929;0.800000011920929
lidar;21.0;39.0;24.96957778930664;24.796152114868164;9.783528327941895;0.2988971769809723;24.97111701965332;24.806474685668945;9.794489860534668;0.28376112145726873;0.9969130752859875;0.800000011920929;0.800000011920929;0.800000011920929
lidar;21.0;39.0;24.9691162109375;24.80019187927246;9.780250549316406;0.298608660697937;24.970033645629883;24.806129455566406;9.786779403686523;0.2897361227883434;0.9978764059322078;0.800000011920929;0.800000011920929;0.800000011920929
lidar;21.0;39.0;24.968656539916992;24.804224014282227;9.7769775390625;0.2984115183353424;24.968608856201172;24.803926467895508;9.77663803100586;0.29886554252929637;0.9985358119562427;0.800000011920929;0.800000011920929;0.800000011920929
lidar;21.0;39.0;24.968196868896484;24.808252334594727;9.77370834350586;0.2983054220676422;24.968849182128906;24.812192916870117;9.77835750579834;0.2921768634812898;0.9988911152692452;0.800000011920929;0.800000011920929;0.800000011920929
lidar;21.0;39.0;24.967737197875977;24.812280654907227;9.770441055297852;0.2982902228832245;24.96759605407715;24.811458587646484;9.769436836242676;0.29959451410184285;0.998942077077997;0.800000011920929;0.800000011920929;0.800000011920929
lidar;21.0;39.0;24.96727752685547;24.816307067871094;9.767172813415527;0.2983660101890564;24.96660614013672;24.812538146972656;9.762395858764648;0.30448728525004704;0.9986887575038138;0.800000011920929;0.800000011920929;0.800000011920929
lidar;21.0;39.0;24.96681785583496;24.82033920288086;9.763901710510254;0.2985326647758484;24.968830108642578;24.831233978271484;9.778218269348145;0.28042981098215874;0.9981312750797399;0.800000011920929;0.800000011920929;0.800000011920929
lidar;21.0;39.0;24.966358184814453;24.82437515258789;9.760625839233398;0.2987906336784363;24.966196060180664;24.823532104492188;9.759477615356445;0.3002241310719645;0.9972698090202975;0.800000011920929;0.800000011920929;0.800000011920929
lidar;21.0;39.0;24.965896606445312;24.828420639038086;9.757343292236328;0.2991402745246887;24.965286254882812;24.82535171508789;9.75300407409668;0.30448899503200805;0.9961043595783033;0.800000011920929;0.800000011920929;0.800000011920929
lidar;21.0;39.0;24.965452194213867;24.832561492919922;9.754178047180176;0.2994292974472046;24.962942123413086;24.82039451599121;9.736313819885254;0.3211884216388028;0.9951431754595887;0.800000011920929;0.800000011920929;0.800000011920929
lidar;21.0;39.0;24.96500587463379;24.836713790893555;9.751008033752441;0.29980695247650146;24.965017318725586;24.836763381958008;9.751084327697754;0.2997152949781987;0.9938896299596468;0.800000011920929;0.800000011920929;0.800000011920929
lidar;21.0;39.0;24.964658737182617;24.841323852539062;9.748536109924316;0.299435019493103;24.96440315246582;24.840177536010742;9.746719360351562;0.3015983302497791;0.9959912299940687;0.800000011920929;0.800000011920929;0.800000011920929
lidar;21.0;39.0;24.96432876586914;24.84599494934082;9.746186256408691;0.299017071723938;24.96510124206543;24.84933090209961;9.751684188842773;0.2925400363350862;0.9973830580860732;0.800000011920929;0.800000011920929;0.800000011920929
lidar;21.0;39.0;24.963998794555664;24.85065460205078;9.743843078613281;0.29869112372398376;24.962678909301758;24.845176696777344;9.73444652557373;0.30964846199228535;0.9984710216912323;0.800000011920929;0.800000011920929;0.800000011920929
lidar;21.0;39.0;24.96367073059082;24.855304718017578;9.741504669189453;0.29845672845840454;24.96335792541504;24.85405921936035;9.739277839660645;0.301027613354217;0.9992548227317614;0.800000011920929;0.800000011920929;0.800000011920929
lidar;21.0;39.0;24.963342666625977;24.85995101928711;9.739168167114258;0.2983134388923645;24.963451385498047;24.860368728637695;9.739945411682129;0.2974242200946864;0.9997343421165876;0.800000011920929;0.800000011920929;0.800000011920929
lidar;21.0;39.0;24.963014602661133;24.864591598510742;9.736833572387695;0.2982611358165741;24.960426330566406;24.855113983154297;9.718413352966309;0.3191375950251845;0.9999092817291726;0.800000011920929;0.800000011920929;0.800000011920929
lidar;21.0;39.0;24.96268653869629;24.869234085083008;9.734498977661133;0.29829972982406616;24.961320877075195;24.864452362060547;9.7247896194458;0.30920894432728135;0.9997795820259572;0.800000011920929;0.800000011920929;0.800000011920929
lidar;21.0;39.0;24.962358474731445;24.873878479003906;9.732163429260254;0.2984291911125183;24.96257781982422;24.874610900878906;9.733719825744629;0.29669503374291506;0.9993454218075838;0.800000011920929;0.800000011920929;0.800000011920929
lidar;21.0;39.0;24.9620304107666;24.878528594970703;9.729825019836426;0.29864993691444397;24.96097755432129;24.875164031982422;9.72234058380127;0.30692275109614225;0.9986068011287764;0.800000011920929;0.800000011920929;0.800000011920929
lidar;21.0;39.0;24.961700439453125;24.88318634033203;9.727481842041016;0.2989620268344879;24.959823608398438;24.877464294433594;9.714133262634277;0.31360601303676827;0.9975640773232373;0.800000011920929;0.800000011920929;0.800000011920929
lidar;21.0;39.0;24.96137046813965;24.887855529785156;9.725133895874023;0.2993660867214203;24.957605361938477;24.87692642211914;9.698348045349121;0.3285392504796029;0.9962174296224694;0.800000011920929;0.800000011920929;0.800000011920929
lidar;21.0;39.0;24.961042404174805;24.892547607421875;9.722801208496094;0.2998385727405548;24.961124420166016;24.892776489257812;9.723390579223633;0.2992002813791138;0.9953122142176383;0.800000011920929;0.800000011920929;0.800000011920929
lidar;21.0;39.0;24.960838317871094;24.8975830078125;9.721349716186523;0.29944735765457153;24.959793090820312;24.894847869873047;9.713907241821289;0.30744567441234666;0.9966126680669811;0.800000011920929;0.800000011920929;0.800000011920929
lidar;21.0;39.0;24.960634231567383;24.902606964111328;9.719902038574219;0.2991480529308319;24.962120056152344;24.906280517578125;9.730466842651367;0.28786551474706934;0.9976095558260798;0.800000011920929;0.800000011920929;0.800000011920929
lidar;21.0;39.0;24.96044158935547;24.907644271850586;9.718522071838379;0.29887154698371887;24.96048355102539;24.90774154663086;9.718822479248047;0.2985532338321244;0.9985327720896411;0.800000011920929;0.800000011920929;0.800000011920929
lidar;21.0;39.0;24.960254669189453;24.912687301635742;9.717193603515625;0.2986348271369934;24.959415435791016;24.910844802856445;9.711222648620605;0.30493989877867944;0.999324321767392;0.800000011920929;0.800000011920929;0.800000011920929
lidar;21.0;39.0;24.960067749023438;24.917724609375;9.715866088867188;0.2984893321990967;24.959667205810547;24.916900634765625;9.713020324707031;0.30147820096411193;0.999811470499133;0.800000011920929;0.800000011920929;0.800000011920929
lidar;21.0;39.0;24.959880828857422;24.922760009765625;9.714539527893066;0.2984348237514496;24.95897102355957;24.921005249023438;9.70805549621582;0.3052136455937068;0.9999940395358194;0.800000011920929;0.800000011920929;0.800000011920929
lidar;21.0;39.0;24.95969581604004;24.927793502807617;9.713212966918945;0.29847124218940735;24.95709800720215;24.923139572143555;9.69472885131836;0.3177090311994846;0.9998720288228753;0.800000011920929;0.800000011920929;0.800000011920929
lidar;21.0;39.0;24.959508895874023;24.932830810546875;9.711885452270508;0.2985987365245819;24.957141876220703;24.928903579711914;9.695043563842773;0.31605395070034353;0.9994454383696235;0.800000011920929;0.800000011920929;0.800000011920929
lidar;21.0;39.0;24.959321975708008;24.9378719329834;9.710556983947754;0.2988174259662628;24.95775032043457;24.93547248840332;9.699374198913574;0.31036276539860974;0.9987144469711314;0.800000011920929;0.800000011920929;0.800000011920929
lidar;21.0;39.0;24.959152221679688;24.942949295043945;9.709352493286133;0.29899758100509644;24.958209991455078;24.941633224487305;9.702649116516113;0.3058936086611986;0.9981126189271228;0.800000011920929;0.800000011920929;0.800000011920929
lidar;21.0;39.0;24.958988189697266;24.948040008544922;9.708184242248535;0.29922938346862793;24.96085548400879;24.95040512084961;9.721475601196289;0.2856010318700445;0.9973394277260917;0.800000011920929;0.800000011920929;0.800000011920929
lidar;21.0;39.0;24.958824157714844;24.953140258789062;9.707014083862305;0.29955291748046875;24.957929611206055;24.95212173461914;9.70064926147461;0.3060604507927921;0.9962624309116614;0.800000011920929;0.800000011920929;0.800000011920929
lidar;21.0;39.0;24.95865821838379;24.958251953125;9.705841064453125;0.2999686300754547;24.955713272094727;24.955278396606445;9.684882164001465;0.3213422118589577;0.994882046962244;0.800000011920929;0.800000011920929;0.800000011920929
lidar;21.0;39.0;24.95860481262207;24.96347999572754;9.705459594726562;0.2996683418750763;24.956682205200195;24.961782455444336;9.691779136657715;0.31358768819263433;0.9962390659292522;0.800000011920929;0.800000011920929;0.800000011920929
lidar;21.0;39.0;24.958559036254883;24.968704223632812;9.705135345458984;0.29940247535705566;24.957433700561523;24.967853546142578;9.697123527526855;0.30753772186505757;0.9971235992027804;0.800000011920929;0.800000011920929;0.800000011920929
lidar;21.0;39.0;24.95851707458496;24.973922729492188;9.704837799072266;0.2992017865180969;24.959896087646484;24.974788665771484;9.714642524719238;0.28926287107929916;0.9977923633959849;0.800000011920929;0.800000011920929;0.800000011920929
lidar;21.0;39.0;24.958484649658203;24.97913932800293;9.704597473144531;0.2990344762802124;24.95746612548828;24.978628158569336;9.697356224060059;0.30636436726880084;0.9983505606265274;0.800000011920929;0.800000011920929;0.800000011920929
lidar;21.0;39.0;24.958454132080078;24.984355926513672;9.704384803771973;0.29893043637275696;24.958393096923828;24.984333038330078;9.703950881958008;0.29936932977691727;0.9986979961651831;0.800000011920929;0.800000011920929;0.800000011920929
lidar;21.0;39.0;24.958433151245117;24.98957061767578;9.70423698425293;0.2988521456718445;24.96017837524414;24.990007400512695;9.716651916503906;0.286307167358829;0.9989597201744381;0.800000011920929;0.800000011920929;0.800000011920929
lidar;21.0;39.0;24.958419799804688;24.99478530883789;9.704146385192871;0.29880693554878235;24.960390090942383;24.995031356811523;9.718155860900879;0.2846573778417477;0.9991107582395697;0.800000011920929;0.800000011920929;0.800000011920929
lidar;21.0;39.0;24.95841407775879;25.0;9.704095840454102;0.2988118827342987;24.957307815551758;25.0;9.696235656738281;0.30674946332352304;0.999094426615914;0.800000011920929;0.800000011920929;0.800000011920929
lidar;21.0;39.0;24.958419799804688;25.00521469116211;9.704146385192871;0.29880693554878235;24.96027946472168;25.004981994628906;9.71738052368164;0.2854402922988679;0.9991107582395697;0.800000011920929;0.800000011920929;0.800000011920929
lidar;21.0;39.0;24.958433151245117;25.01042938232422;9.70423698425293;0.2988521456718445;24.958576202392578;25.010393142700195;9.705257415771484;0.29782099832988274;0.9989597201744381;0.800000011920929;0.800000011920929;0.800000011920929
lidar;21.0;39.0;24.958454132080078;25.015644073486328;9.704384803771973;0.29893046617507935;24.95677947998047;25.01627540588379;9.69246768951416;0.3109804631824126;0.9986979961651831;0.800000011920929;0.800000011920929;0.800000011920929
lidar;21.0;39.0;24.958484649658203;25.02086067199707;9.704597473144531;0.2990344762802124;24.957185745239258;25.021512985229492;9.695356369018555;0.3083885613732634;0.9983505606265274;0.800000011920929;0.800000011920929;0.800000011920929
lidar;21.0;39.0;24.95851707458496;25.026077270507812;9.704837799072266;0.2992017865180969;24.957998275756836;25.026403427124023;9.70114803314209;0.3029419006544715;0.9977923633959849;0.800000011920929;0.800000011920929;0.800000011920929
lidar;21.0;39.0;24.958559036254883;25.031295776367188;9.705135345458984;0.29940247535705566;24.957834243774414;25.031843185424805;9.699972152709961;0.30464564308184783;0.9971235992027804;0.800000011920929;0.800000011920929;0.800000011920929
lidar;21.0;39.0;24.95860481262207;25.03652000427246;9.705459594726562;0.2996683418750763;24.957508087158203;25.037487030029297;9.69765853881836;0.30760561951811627;0.9962390659292522;0.800000011920929;0.800000011920929;0.800000011920929
lidar;21.0;39.0;24.95865821838379;25.041748046875;9.705841064453125;0.2999686300754547;24.957653045654297;25.042762756347656;9.698690414428711;0.30726055118169604;0.994882046962244;0.800000011920929;0.800000011920929;0.800000011920929
lidar;21.0;39.0;24.958824157714844;25.046859741210938;9.707014083862305;0.29955294728279114;24.958614349365234;25.04709815979004;9.705530166625977;0.3010701027125158;0.9962624309116614;0.800000011920929;0.800000011920929;0.800000011920929
lidar;21.0;39.0;24.958988189697266;25.051959991455078;9.708184242248535;0.2992294430732727;24.958362579345703;25.052751541137695;9.703740119934082;0.3037868184823975;0.9973394277260917;0.800000011920929;0.800000011920929;0.800000011920929
lidar;21.0;39.0;24.959152221679688;25.057050704956055;9.709352493286133;0.2989976406097412;24.959442138671875;25.0566463470459;9.711418151855469;0.29687265181615324;0.9981126189271228;0.800000011920929;0.800000011920929;0.800000011920929
lidar;21.0;39.0;24.959321975708008;25.0621280670166;9.710556983947754;0.29881739616394043;24.95945167541504;25.061927795410156;9.711485862731934;0.29785856599281485;0.9987144469711314;0.800000011920929;0.800000011920929;0.800000011920929
lidar;21.0;39.0;24.959508895874023;25.067169189453125;9.711885452270508;0.2985988259315491;24.96089744567871;25.06486701965332;9.72176742553711;0.28835777946701446;0.9994454383696235;0.800000011920929;0.800000011920929;0.800000011920929
lidar;21.0;39.0;24.95969581604004;25.072206497192383;9.713212966918945;0.2984714210033417;24.95988655090332;25.07186508178711;9.71457290649414;0.2970558209414585;0.9998720288228753;0.800000011920929;0.800000011920929;0.800000011920929
lidar;21.0;39.0;24.959880828857422;25.077239990234375;9.714539527893066;0.2984349727630615;24.959375381469727;25.078216552734375;9.710935592651367;0.30220223216923914;0.9999940395358194;0.800000011920929;0.800000011920929;0.800000011920929
lidar;21.0;39.0;24.960067749023438;25.082275390625;9.715866088867188;0.29848945140838623;24.960180282592773;25.082042694091797;9.716670036315918;0.29764477858002847;0.999811470499133;0.800000011920929;0.800000011920929;0.800000011920929
lidar;21.0;39.0;24.960254669189453;25.087312698364258;9.717193603515625;0.29863491654396057;24.961591720581055;25.084373474121094;9.726715087890625;0.2885803300401857;0.999324321767392;0.800000011920929;0.800000011920929;0.800000011920929
lidar;21.0;39.0;24.96044158935547;25.092355728149414;9.718522071838379;0.29887157678604126;24.963335037231445;25.085599899291992;9.739115715026855;0.277005378819692;0.9985328315985741;0.800000011920929;0.800000011920929;0.800000011920929
lidar;21.0;39.0;24.960634231567383;25.097393035888672;9.719902038574219;0.2991481125354767;24.96106719970703;25.096324920654297;9.72297191619873;0.2958694642143932;0.9976095558260798;0.800000011920929;0.800000011920929;0.800000011920929
lidar;21.0;39.0;24.960838317871094;25.1024169921875;9.721349716186523;0.2994473874568939;24.960702896118164;25.102773666381836;9.720379829406738;0.3004895609502497;0.9966126680669811;0.800000011920929;0.800000011920929;0.800000011920929
lidar;21.0;39.0;24.961042404174805;25.107452392578125;9.722800254821777;0.2998386025428772;24.962648391723633;25.1030216217041;9.73422908782959;0.2874766058273102;0.9953122142176383;0.800000011920929;0.800000011920929;0.800000011920929
lidar;21.0;39.0;24.96137046813965;25.112144470214844;9.725133895874023;0.29936617612838745;24.963064193725586;25.10722541809082;9.73719310760498;0.2862324722158986;0.9962174296224694;0.800000011920929;0.800000011920929;0.800000011920929
lidar;21.0;39.0;24.961700439453125;25.11681365966797;9.727481842041016;0.29896217584609985;24.962604522705078;25.114057540893555;9.733911514282227;0.2919087396379763;0.9975640175546863;0.800000011920929;0.800000011920929;0.800000011920929
lidar;21.0;39.0;24.9620304107666;25.121471405029297;9.729825019836426;0.2986500561237335;24.963594436645508;25.116464614868164;9.740962028503418;0.2863388473452487;0.9986068011287764;0.800000011920929;0.800000011920929;0.800000011920929
lidar;21.0;39.0;24.962358474731445;25.126121520996094;9.732163429260254;0.2984294295310974;24.964385986328125;25.119325637817383;9.74659538269043;0.2823487206570572;0.9993454218075838;0.800000011920929;0.800000011920929;0.800000011920929
lidar;21.0;39.0;24.96268653869629;25.130765914916992;9.734498977661133;0.2982999086380005;24.962007522583008;25.13314437866211;9.729670524597168;0.30372518800926873;0.9997795820259572;0.800000011920929;0.800000011920929;0.800000011920929
lidar;21.0;39.0;24.963014602661133;25.135408401489258;9.736833572387695;0.2982613146305084;24.964847564697266;25.12869644165039;9.7498779296875;0.2834779147941838;0.9999092817291726;0.800000011920929;0.800000011920929;0.800000011920929
lidar;21.0;39.0;24.963342666625977;25.14004898071289;9.739168167114258;0.29831361770629883;24.9627685546875;25.142242431640625;9.735084533691406;0.3029833309724823;0.9997343421165876;0.800000011920929;0.800000011920929;0.800000011920929
lidar;21.0;39.0;24.96367073059082;25.144695281982422;9.741503715515137;0.2984568476676941;24.964069366455078;25.14310646057129;9.744342803955078;0.2951796440448394;0.9992548824027733;0.800000011920929;0.800000011920929;0.800000011920929
lidar;21.0;39.0;24.963998794555664;25.14934539794922;9.743843078613281;0.2986912131309509;24.965444564819336;25.143352508544922;9.754121780395508;0.2867061389851897;0.9984710216912323;0.800000011920929;0.800000011920929;0.800000011920929
lidar;21.0;39.0;24.96432876586914;25.15400505065918;9.746186256408691;0.2990171015262604;24.963117599487305;25.159236907958984;9.737563133239746;0.30917693906646;0.9973830580860732;0.800000011920929;0.800000011920929;0.800000011920929
lidar;21.0;39.0;24.964658737182617;25.158676147460938;9.748536109924316;0.299435019493103;24.964719772338867;25.15839958190918;9.74897289276123;0.2989145724378881;0.9959912893089145;0.800000011920929;0.800000011920929;0.800000011920929
lidar;21.0;39.0;24.96500587463379;25.163286209106445;9.751008033752441;0.2998069226741791;24.96572494506836;25.159931182861328;9.756125450134277;0.29364527859979295;0.9938896299596468;0.800000011920929;0.800000011920929;0.800000011920929
lidar;21.0;39.0;24.965452194213867;25.167438507080078;9.754178047180176;0.2994292974472046;24.96653938293457;25.162168502807617;9.761913299560547;0.29000630526165366;0.9951431153188787;0.800000011920929;0.800000011920929;0.800000011920929
lidar;21.0;39.0;24.965896606445312;25.171579360961914;9.757343292236328;0.2991402745246887;24.965740203857422;25.172372817993164;9.75622272491455;0.30052179781433536;0.9961044791529847;0.800000011920929;0.800000011920929;0.800000011920929
lidar;21.0;39.0;24.966358184814453;25.17562484741211;9.760625839233398;0.2987906336784363;24.966400146484375;25.175411224365234;9.760916709899902;0.298427920041085;0.9972699284081091;0.800000011920929;0.800000011920929;0.800000011920929
lidar;21.0;39.0;24.96681785583496;25.17966079711914;9.763901710510254;0.2985326647758484;24.967409133911133;25.17646598815918;9.768099784851074;0.2932245177454909;0.998131394360166;0.800000011920929;0.800000011920929;0.800000011920929
lidar;21.0;39.0;24.96727752685547;25.183692932128906;9.767172813415527;0.2983660101890564;24.966827392578125;25.186220169067383;9.763969421386719;0.3024701959935394;0.9986888766950621;0.800000011920929;0.800000011920929;0.800000011920929
lidar;21.0;39.0;24.967737197875977;25.187719345092773;9.770441055297852;0.2982902228832245;24.966331481933594;25.195898056030273;9.760438919067383;0.31128636232569934;0.9989421963076415;0.800000011920929;0.800000011920929;0.800000011920929
lidar;21.0;39.0;24.968196868896484;25.191747665405273;9.77370834350586;0.2983054220676422;24.969738006591797;25.182456970214844;9.784672737121582;0.2838523056057639;0.9988911747247091;0.800000011920929;0.800000011920929;0.800000011920929
lidar;21.0;39.0;24.968656539916992;25.195775985717773;9.7769775390625;0.2984115183353424;24.968124389648438;25.199100494384766;9.773189544677734;0.3034803769733467;0.9985359310511451;0.800000011920929;0.800000011920929;0.800000011920929
lidar;21.0;39.0;24.9691162109375;25.19980812072754;9.780250549316406;0.298608660697937;24.969261169433594;25.198867797851562;9.781285285949707;0.2972025738500649;0.9978765248290142;0.800000011920929;0.800000011920929;0.800000011920929
lidar;21.0;39.0;24.96957778930664;25.203847885131836;9.783528327941895;0.2988971471786499;24.970008850097656;25.200958251953125;9.786595344543457;0.2946618345157797;0.9969131349525191;0.800000011920929;0.800000011920929;0.800000011920929
lidar;21.0;39.0;24.97003936767578;25.207895278930664;9.786812782287598;0.2992774248123169;24.969886779785156;25.208951950073242;9.78572940826416;0.3007988417239223;0.9956460594769837;0.800000011920929;0.800000011920929;0.800000011920929
lidar;21.0;39.0;24.970569610595703;25.211467742919922;9.790590286254883;0.29906022548675537;24.97137451171875;25.2056884765625;9.796313285827637;0.2908876927232634;0.995430946092793;0.800000011920929;0.800000011920929;0.800000011920929
lidar;21.0;39.0;24.96691131591797;24.788484573364258;9.791088104248047;0.2991285026073456;24.965288162231445;24.778108596801758;9.780841827392578;0.31380079416199996;0.9952034946967427;0.800000011920929;0.800000011920929;0.800000011920929
lidar;21.0;39.0;24.96630096435547;24.791967391967773;9.787227630615234;0.29947519302368164;24.966686248779297;24.79434585571289;9.789660453796387;0.29605142446099025;0.9949886199566895;0.800000011920929;0.800000011920929;0.800000011920929
lidar;21.0;39.0;24.96578025817871;24.7960147857666;9.783946990966797;0.2990976572036743;24.965362548828125;24.793527603149414;9.781311988830566;0.3027450035471054;0.9962446686954929;0.800000011920929;0.800000011920929;0.800000011920929
lidar;21.0;39.0;24.965261459350586;24.80005645751953;9.780673027038574;0.2988119423389435;24.96541976928711;24.80095863342285;9.78166389465332;0.29746250056581375;0.9971973300840905;0.800000011920929;0.800000011920929;0.800000011920929
lidar;21.0;39.0;24.964744567871094;24.804088592529297;9.77740478515625;0.29861778020858765;24.96499252319336;24.805465698242188;9.778970718383789;0.2965179849418299;0.9978461263234331;0.800000011920929;0.800000011920929;0.800000011920929
lidar;21.0;39.0;24.9642276763916;24.80811882019043;9.774140357971191;0.29851460456848145;24.96489143371582;24.811677932739258;9.778329849243164;0.29297670615256405;0.9981911181499425;0.800000011920929;0.800000011920929;0.800000011920929
lidar;21.0;39.0;24.96371078491211;24.81214714050293;9.770875930786133;0.29850247502326965;24.96479034423828;24.81773567199707;9.777691841125488;0.28962238595809064;0.9982318878449371;0.800000011920929;0.800000011920929;0.800000011920929
lidar;21.0;39.0;24.963197708129883;24.816192626953125;9.767634391784668;0.2985517084598541;24.962736129760742;24.81389617919922;9.764730453491211;0.30228294857856547;0.9980676770578496;0.800000011920929;0.800000011920929;0.800000011920929
lidar;21.0;39.0;24.96269989013672;24.820322036743164;9.764494895935059;0.29855984449386597;24.960926055908203;24.8117733001709;9.753290176391602;0.3127642720119041;0.9980406163989579;0.800000011920929;0.800000011920929;0.800000011920929
lidar;21.0;39.0;24.962202072143555;24.824453353881836;9.761354446411133;0.29865893721580505;24.96233367919922;24.82505989074707;9.76218032836914;0.29762542006977577;0.99770969138691;0.800000011920929;0.800000011920929;0.800000011920929
lidar;21.0;39.0;24.96170425415039;24.82858657836914;9.758211135864258;0.29884910583496094;24.960704803466797;24.824113845825195;9.751900672912598;0.30664838937821537;0.9970747233127447;0.800000011920929;0.800000011920929;0.800000011920929
lidar;21.0;39.0;24.961206436157227;24.832727432250977;9.755062103271484;0.29913073778152466;24.963071823120117;24.840776443481445;9.76684856414795;0.2847374201605208;0.9961361287160844;0.800000011920929;0.800000011920929;0.800000011920929
lidar;21.0;39.0;24.96070671081543;24.836877822875977;9.751907348632812;0.29950419068336487;24.962114334106445;24.84272575378418;9.760801315307617;0.28876684185638946;0.9948940874278556;0.800000011920929;0.800000011920929;0.800000011920929
lidar;21.0;39.0;24.96027946472168;24.841337203979492;9.749212265014648;0.299409955739975;24.95938491821289;24.837766647338867;9.743568420410156;0.30614734705118757;0.9960745574936157;0.800000011920929;0.800000011920929;0.800000011920929
lidar;21.0;39.0;24.95990753173828;24.84600830078125;9.746869087219238;0.2989918291568756;24.960107803344727;24.846773147583008;9.748127937316895;0.2975052177747244;0.9974672199238379;0.800000011920929;0.800000011920929;0.800000011920929
lidar;21.0;39.0;24.959537506103516;24.85066795349121;9.744532585144043;0.2986656725406647;24.960460662841797;24.854076385498047;9.75036334991455;0.29184863800311767;0.9985560774150114;0.800000011920929;0.800000011920929;0.800000011920929
lidar;21.0;39.0;24.959169387817383;24.855318069458008;9.742199897766113;0.29843100905418396;24.96132469177246;24.862960815429688;9.755818367004395;0.28266630561646633;0.999340772599637;0.800000011920929;0.800000011920929;0.800000011920929
lidar;21.0;39.0;24.958799362182617;24.859962463378906;9.739870071411133;0.2982875108718872;24.960433959960938;24.865516662597656;9.750188827514648;0.28645501171170756;0.9998210668426264;0.800000011920929;0.800000011920929;0.800000011920929
lidar;21.0;39.0;24.958431243896484;24.86460304260254;9.737542152404785;0.2982349991798401;24.958425521850586;24.86458396911621;9.737504959106445;0.29827758242919183;0.9999967813493997;0.800000011920929;0.800000011920929;0.800000011920929
lidar;21.0;39.0;24.95806121826172;24.869245529174805;9.735214233398438;0.2982732951641083;24.955421447753906;24.861013412475586;9.718544006347656;0.3170523508599365;0.9998679161198909;0.800000011920929;0.800000011920929;0.800000011920929
lidar;21.0;39.0;24.957693099975586;24.873889923095703;9.732885360717773;0.2984026074409485;24.959487915039062;24.879236221313477;9.744211196899414;0.2857498613872106;0.9994344710703952;0.800000011920929;0.800000011920929;0.800000011920929
lidar;21.0;39.0;24.95732307434082;24.878538131713867;9.730552673339844;0.29862311482429504;24.958349227905273;24.881458282470703;9.737027168273926;0.29144778022030216;0.9986965655486907;0.800000011920929;0.800000011920929;0.800000011920929
lidar;21.0;39.0;24.956953048706055;24.883195877075195;9.728217124938965;0.2989349365234375;24.957183837890625;24.883819580078125;9.729665756225586;0.29734086368286483;0.9976544976585098;0.800000011920929;0.800000011920929;0.800000011920929
lidar;21.0;39.0;24.95658302307129;24.88786506652832;9.725874900817871;0.29933878779411316;24.953964233398438;24.881101608276367;9.709339141845703;0.3173960314069325;0.9963085053993097;0.800000011920929;0.800000011920929;0.800000011920929
lidar;21.0;39.0;24.95621109008789;24.892549514770508;9.723526000976562;0.2998351454734802;24.955507278442383;24.890823364257812;9.719086647033691;0.30464957345408955;0.9946589466488315;0.800000011920929;0.800000011920929;0.800000011920929
lidar;21.0;39.0;24.955951690673828;24.89751434326172;9.721890449523926;0.29964718222618103;24.956052780151367;24.897750854492188;9.722530364990234;0.298958081127588;0.9959481952306017;0.800000011920929;0.800000011920929;0.800000011920929
lidar;21.0;39.0;24.95574188232422;24.90258026123047;9.720559120178223;0.29922690987586975;24.954740524291992;24.900381088256836;9.71424674987793;0.3059856102245609;0.997347116689293;0.800000011920929;0.800000011920929;0.800000011920929
lidar;21.0;39.0;24.955530166625977;24.907634735107422;9.719230651855469;0.2988986074924469;24.956647872924805;24.909955978393555;9.72628402709961;0.2913898587630869;0.9984422922739834;0.800000011920929;0.800000011920929;0.800000011920929
lidar;21.0;39.0;24.955320358276367;24.91267967224121;9.717904090881348;0.29866206645965576;24.958087921142578;24.918088912963867;9.735382080078125;0.2801583605359529;0.9992333650814155;0.800000011920929;0.800000011920929;0.800000011920929
lidar;21.0;39.0;24.955110549926758;24.91771697998047;9.716580390930176;0.2985166907310486;24.956212997436523;24.91973876953125;9.723540306091309;0.29118550616959543;0.9997200369802834;0.800000011920929;0.800000011920929;0.800000011920929
lidar;21.0;39.0;24.95490074157715;24.922752380371094;9.715256690979004;0.29846227169036865;24.954410552978516;24.921911239624023;9.712156295776367;0.301712418997838;0.9999021291698919;0.800000011920929;0.800000011920929;0.800000011920929
lidar;21.0;39.0;24.95469093322754;24.927785873413086;9.713933944702148;0.29849889874458313;24.956233978271484;24.93024444580078;9.72366714477539;0.2883423592130612;0.9997797012443843;0.800000011920929;0.800000011920929;0.800000011920929
lidar;21.0;39.0;24.954486846923828;24.932830810546875;9.712638854980469;0.29859644174575806;24.95550537109375;24.93433380126953;9.719071388244629;0.2919122224362113;0.9994533657860517;0.800000011920929;0.800000011920929;0.800000011920929
lidar;21.0;39.0;24.954301834106445;24.937908172607422;9.711477279663086;0.29864493012428284;24.95522117614746;24.93915557861328;9.717277526855469;0.2926416205060127;0.999291121923787;0.800000011920929;0.800000011920929;0.800000011920929
lidar;21.0;39.0;24.954118728637695;24.942989349365234;9.710315704345703;0.29878443479537964;24.95244598388672;24.94091033935547;9.69975757598877;0.30967426311321045;0.9988245368851797;0.800000011920929;0.800000011920929;0.800000011920929
lidar;21.0;39.0;24.953933715820312;24.948076248168945;9.709153175354004;0.2990152835845947;24.952617645263672;24.946592330932617;9.700835227966309;0.3075663855039597;0.9980536699741747;0.800000011920929;0.800000011920929;0.800000011920929
lidar;21.0;39.0;24.953750610351562;24.95317268371582;9.707987785339355;0.2993377149105072;24.952564239501953;24.95197296142578;9.700498580932617;0.3070150859942607;0.996978759778691;0.800000011920929;0.800000011920929;0.800000011920929
lidar;21.0;39.0;24.953594207763672;24.958309173583984;9.707006454467773;0.2995607852935791;24.950576782226562;24.955598831176758;9.687958717346191;0.3190354591598725;0.9962363243347657;0.800000011920929;0.800000011920929;0.800000011920929
lidar;21.0;39.0;24.95344352722168;24.963457107543945;9.706047058105469;0.29985225200653076;24.952434539794922;24.962665557861328;9.699685096740723;0.30634202973877445;0.9952681657372109;0.800000011920929;0.800000011920929;0.800000011920929
lidar;21.0;39.0;24.95336151123047;24.968664169311523;9.705535888671875;0.2997770607471466;24.95330047607422;24.9686222076416;9.705142974853516;0.3001765164579373;0.9958775043803779;0.800000011920929;0.800000011920929;0.800000011920929
lidar;21.0;39.0;24.953323364257812;24.973894119262695;9.705292701721191;0.2995211184024811;24.957271575927734;24.976102828979492;9.730220794677734;0.274185088259259;0.9967284799094036;0.800000011920929;0.800000011920929;0.800000011920929
lidar;21.0;39.0;24.953285217285156;24.97911834716797;9.70505142211914;0.2993538975715637;24.951753616333008;24.97843360900879;9.695385932922363;0.30916450588109434;0.9972852466804496;0.800000011920929;0.800000011920929;0.800000011920929
lidar;21.0;39.0;24.953256607055664;24.98434066772461;9.704876899719238;0.2992117404937744;24.95494842529297;24.984907150268555;9.715559959411621;0.28838090493544716;0.9977589843311169;0.800000011920929;0.800000011920929;0.800000011920929
lidar;21.0;39.0;24.95323371887207;24.989561080932617;9.704729080200195;0.2991334795951843;24.954774856567383;24.989904403686523;9.714463233947754;0.2892717735732249;0.9980198742546524;0.800000011920929;0.800000011920929;0.800000011920929
lidar;21.0;39.0;24.953222274780273;24.994781494140625;9.704658508300781;0.2990688979625702;24.95279312133789;24.994731903076172;9.701946258544922;0.3018150445884369;0.9982355833646166;0.800000011920929;0.800000011920929;0.800000011920929
lidar;21.0;39.0;24.953214645385742;25.0;9.704607963562012;0.29907387495040894;24.95337677001953;25.0;9.70563793182373;0.29803160592066036;0.9982190728949937;0.800000011920929;0.800000011920929;0.800000011920929
lidar;21.0;39.0;24.953222274780273;25.005218505859375;9.704658508300781;0.2990689277648926;24.952667236328125;25.005281448364258;9.701148986816406;0.30262203387683745;0.9982355833646166;0.800000011920929;0.800000011920929;0.800000011920929
lidar;21.0;39.0;24.95323371887207;25.010438919067383;9.704729080200195;0.2991334795951843;24.953550338745117;25.01036834716797;9.706734657287598;0.29710159981682643;0.9980198742546524;0.800000011920929;0.800000011920929;0.800000011920929
lidar;21.0;39.0;24.953256607055664;25.01565933227539;9.704876899719238;0.2992117404937744;24.953678131103516;25.015518188476562;9.707530975341797;0.296520736579548;0.9977589843311169;0.800000011920929;0.800000011920929;0.800000011920929
lidar;21.0;39.0;24.953285217285156;25.02088165283203;9.70505142211914;0.2993538975715637;24.95414924621582;25.02049446105957;9.710515022277832;0.2938090000355684;0.9972852466804496;0.800000011920929;0.800000011920929;0.800000011920929
lidar;21.0;39.0;24.953323364257812;25.026105880737305;9.705292701721191;0.2995211184024811;24.95722007751465;25.02392578125;9.729902267456055;0.2745087520695353;0.9967284799094036;0.800000011920929;0.800000011920929;0.800000011920929
lidar;21.0;39.0;24.95336151123047;25.031335830688477;9.705535888671875;0.2997770607471466;24.952228546142578;25.03209686279297;9.698379516601562;0.30706261991672384;0.9958775043803779;0.800000011920929;0.800000011920929;0.800000011920929
lidar;21.0;39.0;24.95344352722168;25.036542892456055;9.706047058105469;0.2998522222042084;24.954647064208984;25.03559684753418;9.713654518127441;0.2920924382437293;0.9952681657372109;0.800000011920929;0.800000011920929;0.800000011920929
lidar;21.0;39.0;24.953594207763672;25.041690826416016;9.707006454467773;0.2995607852935791;24.953786849975586;25.041519165039062;9.708218574523926;0.2983222196698916;0.9962363243347657;0.800000011920929;0.800000011920929;0.800000011920929
lidar;21.0;39.0;24.953750610351562;25.04682731628418;9.707987785339355;0.2993377447128296;24.954113006591797;25.046459197998047;9.710286140441895;0.296981581383272;0.996978759778691;0.800000011920929;0.800000011920929;0.800000011920929
lidar;21.0;39.0;24.953933715820312;25.051923751831055;9.709153175354004;0.2990153431892395;24.952327728271484;25.053735733032227;9.699007987976074;0.30944542771319317;0.9980536699741747;0.800000011920929;0.800000011920929;0.800000011920929
lidar;21.0;39.0;24.954118728637695;25.057010650634766;9.710315704345703;0.2987845540046692;24.952892303466797;25.058534622192383;9.702574729919434;0.30676852001737087;0.9988245368851797;0.800000011920929;0.800000011920929;0.800000011920929
lidar;21.0;39.0;24.954301834106445;25.062091827392578;9.711477279663086;0.2986449897289276;24.95352554321289;25.063146591186523;9.706575393676758;0.30371909694620264;0.999291121923787;0.800000011920929;0.800000011920929;0.800000011920929
lidar;21.0;39.0;24.954486846923828;25.067169189453125;9.712638854980469;0.29859644174575806;24.957075119018555;25.063350677490234;9.728979110717773;0.2816166076443682;0.9994533657860517;0.800000011920929;0.800000011920929;0.800000011920929
lidar;21.0;39.0;24.95469093322754;25.072214126586914;9.713933944702148;0.2984989583492279;24.954158782958984;25.073062896728516;9.710569381713867;0.3020091877175301;0.9997797012443843;0.800000011920929;0.800000011920929;0.800000011920929
lidar;21.0;39.0;24.95490074157715;25.077247619628906;9.715256690979004;0.2984623908996582;24.95772933959961;25.072402954101562;9.733115196228027;0.27974314450173;0.9999021291698919;0.800000011920929;0.800000011920929;0.800000011920929
lidar;21.0;39.0;24.955110549926758;25.08228302001953;9.716580390930176;0.29851675033569336;24.956865310668945;25.07906723022461;9.727657318115234;0.2868498692843848;0.9997200369802834;0.800000011920929;0.800000011920929;0.800000011920929
lidar;21.0;39.0;24.955320358276367;25.08732032775879;9.717904090881348;0.2986621558666229;24.955894470214844;25.086200714111328;9.72152328491211;0.2948309520377935;0.9992333650814155;0.800000011920929;0.800000011920929;0.800000011920929
lidar;21.0;39.0;24.955530166625977;25.092365264892578;9.719230651855469;0.29889872670173645;24.95604705810547;25.091291427612305;9.722495079040527;0.29542336049756124;0.9984422922739834;0.800000011920929;0.800000011920929;0.800000011920929
lidar;21.0;39.0;24.95574188232422;25.09741973876953;9.720559120178223;0.29922690987586975;24.95609474182129;25.096637725830078;9.722797393798828;0.29682975076339957;0.997347116689293;0.800000011920929;0.800000011920929;0.800000011920929
lidar;21.0;39.0;24.955951690673828;25.10248565673828;9.721890449523926;0.29964718222618103;24.95452308654785;25.10580825805664;9.712874412536621;0.3093618375077671;0.9959481952306017;0.800000011920929;0.800000011920929;0.800000011920929
lidar;21.0;39.0;24.95621109008789;25.107450485229492;9.723526000976562;0.2998351752758026;24.957218170166016;25.10498046875;9.72988510131836;0.29293839850694386;0.9946589466488315;0.800000011920929;0.800000011920929;0.800000011920929
lidar;21.0;39.0;24.95658302307129;25.11213493347168;9.725874900817871;0.29933878779411316;24.957733154296875;25.10916519165039;9.733133316040039;0.2914126766583359;0.996308445916735;0.800000011920929;0.800000011920929;0.800000011920929
lidar;21.0;39.0;24.956953048706055;25.116804122924805;9.728217124938965;0.29893502593040466;24.9570255279541;25.116607666015625;9.728670120239258;0.29843598293567836;0.9976544976585098;0.800000011920929;0.800000011920929;0.800000011920929
lidar;21.0;39.0;24.95732307434082;25.121461868286133;9.730552673339844;0.2986232042312622;24.95852279663086;25.118045806884766;9.738128662109375;0.290227003462406;0.9986965655486907;0.800000011920929;0.800000011920929;0.800000011920929
lidar;21.0;39.0;24.957693099975586;25.126110076904297;9.732885360717773;0.2984027862548828;24.956130981445312;25.130765914916992;9.723023414611816;0.30941949304877975;0.9994344710703952;0.800000011920929;0.800000011920929;0.800000011920929
lidar;21.0;39.0;24.95806121826172;25.130754470825195;9.735214233398438;0.2982735335826874;24.958528518676758;25.129302978515625;9.738155364990234;0.2949606439344773;0.9998679161198909;0.800000011920929;0.800000011920929;0.800000011920929
lidar;21.0;39.0;24.958431243896484;25.13539695739746;9.737542152404785;0.2982351779937744;24.960840225219727;25.127548217773438;9.752756118774414;0.28094717914727096;0.9999967813493997;0.800000011920929;0.800000011920929;0.800000011920929
lidar;21.0;39.0;24.958799362182617;25.140037536621094;9.739870071411133;0.29828765988349915;24.957599639892578;25.144119262695312;9.732287406921387;0.30698303176906083;0.9998210668426264;0.800000011920929;0.800000011920929;0.800000011920929
lidar;21.0;39.0;24.959169387817383;25.144681930541992;9.742199897766113;0.2984310984611511;24.958629608154297;25.146591186523438;9.738797187805176;0.3023696286748587;0.999340772599637;0.800000011920929;0.800000011920929;0.800000011920929
lidar;21.0;39.0;24.959537506103516;25.14933204650879;9.744532585144043;0.29866576194763184;24.96040916442871;25.146116256713867;9.75003433227539;0.2922338576927682;0.9985560774150114;0.800000011920929;0.800000011920929;0.800000011920929
lidar;21.0;39.0;24.95990753173828;25.15399169921875;9.746869087219238;0.2989918887615204;24.958314895629883;25.160110473632812;9.73681354522705;0.3108694867790701;0.9974672792770422;0.800000011920929;0.800000011920929;0.800000011920929
lidar;21.0;39.0;24.96027946472168;25.158662796020508;9.749212265014648;0.299409955739975;24.960237503051758;25.15882682800293;9.748952865600586;0.29971952899627613;0.9960746168494861;0.800000011920929;0.800000011920929;0.800000011920929
lidar;21.0;39.0;24.96070671081543;25.163122177124023;9.751907348632812;0.2995041608810425;24.956315994262695;25.18134307861328;9.724194526672363;0.33296003973723387;0.9948940280239393;0.800000011920929;0.800000011920929;0.800000011920929
lidar;21.0;39.0;24.961206436157227;25.167272567749023;9.755062103271484;0.29913070797920227;24.96221923828125;25.162899017333984;9.761465072631836;0.2913114593448656;0.9961360691718683;0.800000011920929;0.800000011920929;0.800000011920929
lidar;21.0;39.0;24.96170425415039;25.17141342163086;9.758211135864258;0.29884907603263855;24.961341857910156;25.173038482666016;9.755918502807617;0.3016822786405139;0.9970747233127447;0.800000011920929;0.800000011920929;0.800000011920929
lidar;21.0;39.0;24.962202072143555;25.175546646118164;9.761354446411133;0.29865890741348267;24.961105346679688;25.18064308166504;9.754426002502441;0.3073298792793794;0.99770969138691;0.800000011920929;0.800000011920929;0.800000011920929
lidar;21.0;39.0;24.96269989013672;25.179677963256836;9.764494895935059;0.2985597848892212;24.960317611694336;25.19114875793457;9.749458312988281;0.31762221725129197;0.9980406163989579;0.800000011920929;0.800000011920929;0.800000011920929
lidar;21.0;39.0;24.963197708129883;25.183807373046875;9.767634391784668;0.29855167865753174;24.964195251464844;25.17881965637207;9.77393913269043;0.2904516408126649;0.9980676770578496;0.800000011920929;0.800000011920929;0.800000011920929
lidar;21.0;39.0;24.96371078491211;25.18785285949707;9.770875930786133;0.29850247502326965;24.962657928466797;25.193300247192383;9.764233589172363;0.3071566437872659;0.9982320665350569;0.800000011920929;0.800000011920929;0.800000011920929
lidar;21.0;39.0;24.9642276763916;25.19188117980957;9.774140357971191;0.29851460456848145;24.96314239501953;25.197704315185547;9.767285346984863;0.3075740044249507;0.9981912375223038;0.800000011920929;0.800000011920929;0.800000011920929
lidar;21.0;39.0;24.964744567871094;25.195911407470703;9.77740478515625;0.29861775040626526;24.965822219848633;25.189924240112305;9.784207344055176;0.28949260225475365;0.9978462455752681;0.800000011920929;0.800000011920929;0.800000011920929
lidar;21.0;39.0;24.965261459350586;25.19994354248047;9.780673027038574;0.29881200194358826;24.965866088867188;25.19647216796875;9.7844820022583;0.2936231247031622;0.9971974493718111;0.800000011920929;0.800000011920929;0.800000011920929
lidar;21.0;39.0;24.96578025817871;25.2039852142334;9.783946990966797;0.2990976870059967;24.96678352355957;25.19801139831543;9.79027271270752;0.2903403503057967;0.9962447880364221;0.800000011920929;0.800000011920929;0.800000011920929
lidar;21.0;39.0;24.96630096435547;25.208032608032227;9.787227630615234;0.29947519302368164;24.967670440673828;25.19957733154297;9.79587459564209;0.28730425900129236;0.9949887391512412;0.800000011920929;0.800000011920929;0.800000011920929
lidar;21.0;39.0;24.96691131591797;25.211515426635742;9.791088104248047;0.29912853240966797;24.967212677001953;25.209592819213867;9.792988777160645;0.29640762329912845;0.995203673995483;0.800000011920929;0.800000011920929;0.800000011920929
lidar;21.0;39.0;24.9632568359375;24.788406372070312;9.791621208190918;0.2992381155490875;24.96548843383789;24.801252365112305;9.804272651672363;0.2810710512482951;0.9948390724004341;0.800000011920929;0.800000011920929;0.800000011920929
lidar;21.0;39.0;24.962560653686523;24.791793823242188;9.78767204284668;0.29972416162490845;24.96247100830078;24.791296005249023;9.787164688110352;0.3004399702960248;0.9941621424714533;0.800000011920929;0.800000011920929;0.800000011920929
lidar;21.0;39.0;24.96198272705078;24.79584312438965;9.784395217895508;0.2993501126766205;24.96192169189453;24.795515060424805;9.784048080444336;0.29983286741585424;0.9954043626849005;0.800000011920929;0.800000011920929;0.800000011920929
lidar;21.0;39.0;24.961406707763672;24.799884796142578;9.781126022338867;0.29906806349754333;24.96136474609375;24.799667358398438;9.780888557434082;0.2993915021785448;0.996343493167865;0.800000011920929;0.800000011920929;0.800000011920929
lidar;21.0;39.0;24.960834503173828;24.803932189941406;9.777875900268555;0.298857182264328;24.959867477416992;24.79909324645996;9.772394180297852;0.3062332340729086;0.9970470068869504;0.800000011920929;0.800000011920929;0.800000011920929
lidar;21.0;39.0;24.960281372070312;24.80807113647461;9.77474308013916;0.29858899116516113;24.9598331451416;24.805904388427734;9.772201538085938;0.30195778150331476;0.9979425670665865;0.800000011920929;0.800000011920929;0.800000011920929
lidar;21.0;39.0;24.959728240966797;24.81220245361328;9.771613121032715;0.29841214418411255;24.957435607910156;24.80150604248047;9.758605003356934;0.31540877635846415;0.9985342025923721;0.800000011920929;0.800000011920929;0.800000011920929
lidar;21.0;39.0;24.959177017211914;24.81633186340332;9.768486976623535;0.298326313495636;24.958301544189453;24.81238555908203;9.763513565063477;0.30473518635684943;0.998821616117318;0.800000011920929;0.800000011920929;0.800000011920929
lidar;21.0;39.0;24.958627700805664;24.820459365844727;9.765361785888672;0.2983313798904419;24.9575138092041;24.815629959106445;9.759048461914062;0.3063585366233672;0.9988047480881423;0.800000011920929;0.800000011920929;0.800000011920929
lidar;21.0;39.0;24.95807647705078;24.824588775634766;9.762234687805176;0.29842737317085266;24.958538055419922;24.826519012451172;9.764851570129395;0.2951435588809732;0.9984836578419467;0.800000011920929;0.800000011920929;0.800000011920929
lidar;21.0;39.0;24.957523345947266;24.82872200012207;9.759105682373047;0.29861438274383545;24.956239700317383;24.82354164123535;9.751819610595703;0.3076464449347891;0.9978584645538473;0.800000011920929;0.800000011920929;0.800000011920929
lidar;21.0;39.0;24.95697021484375;24.832860946655273;9.75597095489502;0.29889270663261414;24.95633888244629;24.83040428161621;9.752385139465332;0.3032852522768648;0.996929288029881;0.800000011920929;0.800000011920929;0.800000011920929
lidar;21.0;39.0;24.956417083740234;24.83700942993164;9.752830505371094;0.29926273226737976;24.955385208129883;24.833148956298828;9.746973991394043;0.30635306859192185;0.9956964257638258;0.800000011920929;0.800000011920929;0.800000011920929
lidar;21.0;39.0;24.955902099609375;24.8413143157959;9.749906539916992;0.29945412278175354;24.957317352294922;24.846410751342773;9.757938385009766;0.28983665984907797;0.9959275128525177;0.800000011920929;0.800000011920929;0.800000011920929
lidar;21.0;39.0;24.955490112304688;24.845985412597656;9.747570037841797;0.29903629422187805;24.95252227783203;24.835716247558594;9.73073959350586;0.3189737420101051;0.9973186255995846;0.800000011920929;0.800000011920929;0.800000011920929
lidar;21.0;39.0;24.955078125;24.850645065307617;9.7452392578125;0.29871052503585815;24.954492568969727;24.848697662353516;9.74191665649414;0.3026057541927672;0.9984059333251551;0.800000011920929;0.800000011920929;0.800000011920929
lidar;21.0;39.0;24.954668045043945;24.855295181274414;9.742913246154785;0.29847630858421326;24.95292091369629;24.849716186523438;9.733001708984375;0.30998355190782517;0.9991891384071605;0.800000011920929;0.800000011920929;0.800000011920929
lidar;21.0;39.0;24.95425796508789;24.859941482543945;9.740589141845703;0.29833313822746277;24.95302391052246;24.85616111755371;9.733589172363281;0.30638384023479337;0.9996680021329075;0.800000011920929;0.800000011920929;0.800000011920929
lidar;21.0;39.0;24.95384979248047;24.86458396911621;9.738266944885254;0.2982810139656067;24.953323364257812;24.863040924072266;9.735285758972168;0.3016786023035395;0.9998422860962265;0.800000011920929;0.800000011920929;0.800000011920929
lidar;21.0;39.0;24.953439712524414;24.869224548339844;9.735945701599121;0.29831981658935547;24.951637268066406;24.864160537719727;9.72572135925293;0.30987111480660223;0.9997121095564419;0.800000011920929;0.800000011920929;0.800000011920929
lidar;21.0;39.0;24.95302963256836;24.873868942260742;9.733622550964355;0.2984496057033539;24.9561767578125;24.8823184967041;9.751466751098633;0.2784569310160462;0.9992773533440015;0.800000011920929;0.800000011920929;0.800000011920929
lidar;21.0;39.0;24.952619552612305;24.87851905822754;9.73129653930664;0.2986705005168915;24.951955795288086;24.876815795898438;9.727527618408203;0.30285954048363645;0.9985381365548531;0.800000011920929;0.800000011920929;0.800000011920929
lidar;21.0;39.0;24.95220947265625;24.8831787109375;9.728965759277344;0.29898279905319214;24.955148696899414;24.890361785888672;9.745633125305176;0.28059710218202355;0.9974949360787886;0.800000011920929;0.800000011920929;0.800000011920929
lidar;21.0;39.0;24.95182228088379;24.887903213500977;9.726767539978027;0.29923686385154724;24.953231811523438;24.891183853149414;9.734762191772461;0.29048103943069004;0.9966478942673883;0.800000011920929;0.800000011920929;0.800000011920929
lidar;21.0;39.0;24.951440811157227;24.892658233642578;9.72461223602295;0.2995310425758362;24.951108932495117;24.891921997070312;9.722724914550781;0.30158344778883034;0.9956689479285749;0.800000011920929;0.800000011920929;0.800000011920929
lidar;21.0;39.0;24.951086044311523;24.897476196289062;9.722599983215332;0.29975733160972595;24.94976043701172;24.894695281982422;9.715071678161621;0.30789183629474753;0.9955822231758514;0.800000011920929;0.800000011920929;0.800000011920929
lidar;21.0;39.0;24.950851440429688;24.902545928955078;9.721270561218262;0.2993374168872833;24.951841354370117;24.90450668334961;9.726879119873047;0.2933149508373572;0.9969788193866916;0.800000011920929;0.800000011920929;0.800000011920929
lidar;21.0;39.0;24.950618743896484;24.90760040283203;9.719944953918457;0.2990095913410187;24.951807022094727;24.909826278686523;9.726688385009766;0.2918103799213752;0.9980718492350823;0.800000011920929;0.800000011920929;0.800000011920929
lidar;21.0;39.0;24.95038604736328;24.912647247314453;9.718622207641602;0.2987734377384186;24.948171615600586;24.908748626708984;9.706064224243164;0.3121082987339671;0.9988608360598158;0.800000011920929;0.800000011920929;0.800000011920929
lidar;21.0;39.0;24.950153350830078;24.917686462402344;9.717301368713379;0.29862847924232483;24.947080612182617;24.912614822387695;9.699883460998535;0.3170273422537617;0.9993456006316939;0.800000011920929;0.800000011920929;0.800000011920929
lidar;21.0;39.0;24.949920654296875;24.9227237701416;9.715980529785156;0.2985747158527374;24.950082778930664;24.9229736328125;9.716904640197754;0.297603606669579;0.999525964232883;0.800000011920929;0.800000011920929;0.800000011920929
lidar;21.0;39.0;24.949703216552734;24.92778205871582;9.714753150939941;0.298514723777771;24.947017669677734;24.923925399780273;9.6995210647583;0.31445496164938197;0.999727010718747;0.800000011920929;0.800000011920929;0.800000011920929
lidar;21.0;39.0;24.949499130249023;24.932859420776367;9.71359634399414;0.2984716594219208;24.950397491455078;24.934051513671875;9.7186861038208;0.2931678550630701;0.9998709559410739;0.800000011920929;0.800000011920929;0.800000011920929
lidar;21.0;39.0;24.949295043945312;24.93793487548828;9.71243953704834;0.2985196113586426;24.949424743652344;24.938093185424805;9.713174819946289;0.2977565630006699;0.9997103810187736;0.800000011920929;0.800000011920929;0.800000011920929
lidar;21.0;39.0;24.9490909576416;24.943012237548828;9.711282730102539;0.2986586093902588;24.947935104370117;24.94171905517578;9.704721450805664;0.3054453419417333;0.9992452263749169;0.800000011920929;0.800000011920929;0.800000011920929
lidar;21.0;39.0;24.94888687133789;24.94809913635254;9.710124015808105;0.2988888919353485;24.947452545166016;24.94664192199707;9.701990127563477;0.3072755559146965;0.9984757304576466;0.800000011920929;0.800000011920929;0.800000011920929
lidar;21.0;39.0;24.948713302612305;24.953222274780273;9.70914077758789;0.2990280091762543;24.949783325195312;24.95419692993164;9.715210914611816;0.292787609761921;0.9980114100923013;0.800000011920929;0.800000011920929;0.800000011920929
lidar;21.0;39.0;24.948545455932617;24.958354949951172;9.708187103271484;0.29922640323638916;24.94961929321289;24.959224700927734;9.714280128479004;0.29297877964518576;0.9973496797374783;0.800000011920929;0.800000011920929;0.800000011920929
lidar;21.0;39.0;24.94837760925293;24.963497161865234;9.707232475280762;0.29951635003089905;24.944944381713867;24.961071014404297;9.687760353088379;0.3194371317461011;0.996384143940178;0.800000011920929;0.800000011920929;0.800000011920929
lidar;21.0;39.0;24.94823455810547;24.96866798400879;9.706428527832031;0.299742728471756;24.945964813232422;24.967294692993164;9.693556785583496;0.312884755780235;0.9956313966726841;0.800000011920929;0.800000011920929;0.800000011920929
lidar;21.0;39.0;24.948116302490234;24.973859786987305;9.705748558044434;0.2999321520328522;24.947935104370117;24.97376823425293;9.704720497131348;0.30097993348242325;0.995362341382773;0.800000011920929;0.800000011920929;0.800000011920929
lidar;21.0;39.0;24.948074340820312;24.979089736938477;9.70551872253418;0.2997542917728424;24.949569702148438;24.979692459106445;9.713997840881348;0.2911237111517254;0.9959527253244388;0.800000011920929;0.800000011920929;0.800000011920929
lidar;21.0;39.0;24.948049545288086;24.98432159423828;9.705370903015137;0.2995847463607788;24.946300506591797;24.983793258666992;9.695457458496094;0.3096651876728349;0.996516346992393;0.800000011920929;0.800000011920929;0.800000011920929
lidar;21.0;39.0;24.948022842407227;24.989547729492188;9.705223083496094;0.2995065748691559;24.948017120361328;24.989545822143555;9.705190658569336;0.2995398778888117;0.9967764614988003;0.800000011920929;0.800000011920929;0.800000011920929
lidar;21.0;39.0;24.948013305664062;24.994773864746094;9.705171585083008;0.29942256212234497;24.948881149291992;24.994861602783203;9.710095405578613;0.2944219346911743;0.9970562457227886;0.800000011920929;0.800000011920929;0.800000011920929
lidar;21.0;39.0;24.94800567626953;25.0;9.705121040344238;0.2994275987148285;24.94964599609375;25.0;9.71442699432373;0.2899780392942209;0.997039616296195;0.800000011920929;0.800000011920929;0.800000011920929
lidar;21.0;39.0;24.948013305664062;25.005226135253906;9.705171585083008;0.29942256212234497;24.947378158569336;25.00528907775879;9.701563835144043;0.30308587272573945;0.9970562457227886;0.800000011920929;0.800000011920929;0.800000011920929
lidar;21.0;39.0;24.948022842407227;25.010452270507812;9.705223083496094;0.29950660467147827;24.9456844329834;25.010923385620117;9.691965103149414;0.31297784282311514;0.9967764614988003;0.800000011920929;0.800000011920929;0.800000011920929
lidar;21.0;39.0;24.948049545288086;25.01567840576172;9.705370903015137;0.2995847463607788;24.94631576538086;25.01620101928711;9.695545196533203;0.30957586244050345;0.996516346992393;0.800000011920929;0.800000011920929;0.800000011920929
lidar;21.0;39.0;24.948074340820312;25.020910263061523;9.70551872253418;0.2997542917728424;24.949596405029297;25.02029800415039;9.714142799377441;0.2909761470148351;0.9959527253244388;0.800000011920929;0.800000011920929;0.800000011920929
lidar;21.0;39.0;24.948116302490234;25.026140213012695;9.705748558044434;0.29993218183517456;24.950931549072266;25.024721145629883;9.721722602844238;0.28364924433158906;0.995362341382773;0.800000011920929;0.800000011920929;0.800000011920929
lidar;21.0;39.0;24.94823455810547;25.03133201599121;9.706428527832031;0.2997426986694336;24.948585510253906;25.03112030029297;9.70841121673584;0.29771797861011384;0.9956313966726841;0.800000011920929;0.800000011920929;0.800000011920929
lidar;21.0;39.0;24.94837760925293;25.036502838134766;9.707232475280762;0.29951635003089905;24.947111129760742;25.037397384643555;9.700056076049805;0.3068582489541952;0.996384143940178;0.800000011920929;0.800000011920929;0.800000011920929
lidar;21.0;39.0;24.948545455932617;25.041645050048828;9.708187103271484;0.2992263734340668;24.95144271850586;25.03929901123047;9.724616050720215;0.2823803818335584;0.9973496797374783;0.800000011920929;0.800000011920929;0.800000011920929
lidar;21.0;39.0;24.948713302612305;25.046777725219727;9.70914077758789;0.2990279495716095;24.94538116455078;25.04981803894043;9.690242767333984;0.31845628521721536;0.9980114100923013;0.800000011920929;0.800000011920929;0.800000011920929
lidar;21.0;39.0;24.94888687133789;25.05190086364746;9.710124015808105;0.2988888621330261;24.946325302124023;25.054502487182617;9.695596694946289;0.3138673047859252;0.9984757304576466;0.800000011920929;0.800000011920929;0.800000011920929
lidar;21.0;39.0;24.9490909576416;25.056987762451172;9.711282730102539;0.29865866899490356;24.950653076171875;25.05523681640625;9.720144271850586;0.2894918604375407;0.9992452263749169;0.800000011920929;0.800000011920929;0.800000011920929
lidar;21.0;39.0;24.949295043945312;25.06206512451172;9.71243953704834;0.29851973056793213;24.94769287109375;25.064027786254883;9.703349113464355;0.3079566302008786;0.9997103810187736;0.800000011920929;0.800000011920929;0.800000011920929
lidar;21.0;39.0;24.949499130249023;25.067140579223633;9.71359634399414;0.29847171902656555;24.94986915588379;25.066648483276367;9.715696334838867;0.2962830536401762;0.9998709559410739;0.800000011920929;0.800000011920929;0.800000011920929
lidar;21.0;39.0;24.949703216552734;25.07221794128418;9.714753150939941;0.2985147535800934;24.948078155517578;25.074552536010742;9.705531120300293;0.3081653329080941;0.999727010718747;0.800000011920929;0.800000011920929;0.800000011920929
lidar;21.0;39.0;24.949920654296875;25.0772762298584;9.715980529785156;0.2985747456550598;24.950712203979492;25.076053619384766;9.720477104187012;0.2938477487638715;0.999525964232883;0.800000011920929;0.800000011920929;0.800000011920929
lidar;21.0;39.0;24.950153350830078;25.082313537597656;9.717300415039062;0.298628568649292;24.95104217529297;25.080842971801758;9.722350120544434;0.2932945603970759;0.9993456006316939;0.800000011920929;0.800000011920929;0.800000011920929
lidar;21.0;39.0;24.95038604736328;25.087352752685547;9.718622207641602;0.29877346754074097;24.950767517089844;25.086681365966797;9.720787048339844;0.29647445391624416;0.9988608956100742;0.800000011920929;0.800000011920929;0.800000011920929
lidar;21.0;39.0;24.950618743896484;25.09239959716797;9.719944953918457;0.29900962114334106;24.951587677001953;25.090587615966797;9.72543716430664;0.29314619246329077;0.9980718492350823;0.800000011920929;0.800000011920929;0.800000011920929
lidar;21.0;39.0;24.950851440429688;25.097454071044922;9.721270561218262;0.2993374466896057;24.95032501220703;25.098501205444336;9.718280792236328;0.302548847843466;0.9969788193866916;0.800000011920929;0.800000011920929;0.800000011920929
lidar;21.0;39.0;24.951086044311523;25.102523803710938;9.722599983215332;0.29975736141204834;24.95201301574707;25.1005802154541;9.727856636047363;0.2940767109949312;0.9955822231758514;0.800000011920929;0.800000011920929;0.800000011920929
lidar;21.0;39.0;24.951440811157227;25.107341766357422;9.72461223602295;0.2995310425758362;24.95216178894043;25.105749130249023;9.7287015914917;0.2950830572155375;0.9956689479285749;0.800000011920929;0.800000011920929;0.800000011920929
lidar;21.0;39.0;24.95182228088379;25.112096786499023;9.726767539978027;0.29923689365386963;24.953468322753906;25.108266830444336;9.736100196838379;0.28901561038753343;0.9966478942673883;0.800000011920929;0.800000011920929;0.800000011920929
lidar;21.0;39.0;24.95220947265625;25.1168212890625;9.728965759277344;0.29898279905319214;24.95206069946289;25.1171875;9.728119850158691;0.2999167316706391;0.9974948765230811;0.800000011920929;0.800000011920929;0.800000011920929
lidar;21.0;39.0;24.952619552612305;25.12148094177246;9.73129653930664;0.29867056012153625;24.95370864868164;25.118688583374023;9.737470626831055;0.2918070837660765;0.9985381365548531;0.800000011920929;0.800000011920929;0.800000011920929
lidar;21.0;39.0;24.95302963256836;25.126131057739258;9.733622550964355;0.29844969511032104;24.952119827270508;25.128572463989258;9.728464126586914;0.3042286367737227;0.9992773533440015;0.800000011920929;0.800000011920929;0.800000011920929
lidar;21.0;39.0;24.953439712524414;25.130775451660156;9.735945701599121;0.2983199656009674;24.951969146728516;25.134906768798828;9.727601051330566;0.3077474244137554;0.99971204997924;0.800000011920929;0.800000011920929;0.800000011920929
lidar;21.0;39.0;24.95384979248047;25.13541603088379;9.738266944885254;0.2982812225818634;24.953529357910156;25.1363582611084;9.736448287963867;0.30035374144112137;0.9998422860962265;0.800000011920929;0.800000011920929;0.800000011920929
lidar;21.0;39.0;24.95425796508789;25.140058517456055;9.740589141845703;0.2983333468437195;24.954153060913086;25.140382766723633;9.739990234375;0.29902148320167066;0.9996680021329075;0.800000011920929;0.800000011920929;0.800000011920929
lidar;21.0;39.0;24.954668045043945;25.144704818725586;9.742912292480469;0.2984763979911804;24.956575393676758;25.13861656188965;9.753726959228516;0.2859210346236642;0.9991891384071605;0.800000011920929;0.800000011920929;0.800000011920929
lidar;21.0;39.0;24.955078125;25.149354934692383;9.7452392578125;0.2987106144428253;24.95533561706543;25.148502349853516;9.74669361114502;0.29700472285000995;0.9984059930382381;0.800000011920929;0.800000011920929;0.800000011920929
lidar;21.0;39.0;24.955490112304688;25.154014587402344;9.747570037841797;0.29903632402420044;24.95265007019043;25.163843154907227;9.731460571289062;0.3181202319454724;0.9973186850310745;0.800000011920929;0.800000011920929;0.800000011920929
lidar;21.0;39.0;24.955902099609375;25.1586856842041;9.749906539916992;0.2994541525840759;24.956403732299805;25.156877517700195;9.75275707244873;0.2960410890773687;0.9959275719642191;0.800000011920929;0.800000011920929;0.800000011920929
lidar;21.0;39.0;24.956417083740234;25.16299057006836;9.752830505371094;0.29926276206970215;24.956050872802734;25.164358139038086;9.750755310058594;0.3017746275669978;0.9956963656917317;0.800000011920929;0.800000011920929;0.800000011920929
lidar;21.0;39.0;24.95697021484375;25.167139053344727;9.75597095489502;0.298892617225647;24.95738983154297;25.16551399230957;9.758342742919922;0.29598822387369406;0.9969292285194256;0.800000011920929;0.800000011920929;0.800000011920929
lidar;21.0;39.0;24.957523345947266;25.17127799987793;9.759105682373047;0.2986142635345459;24.960752487182617;25.158262252807617;9.777411460876465;0.2759225646508817;0.9978584050975374;0.800000011920929;0.800000011920929;0.800000011920929
lidar;21.0;39.0;24.95807647705078;25.175411224365234;9.762235641479492;0.2984272837638855;24.958568572998047;25.173349380493164;9.765029907226562;0.2949191037805206;0.9984836578419467;0.800000011920929;0.800000011920929;0.800000011920929
lidar;21.0;39.0;24.958627700805664;25.179540634155273;9.765361785888672;0.2983313202857971;24.95989227294922;25.17404556274414;9.772541046142578;0.2892027309694422;0.9988047480881423;0.800000011920929;0.800000011920929;0.800000011920929
lidar;21.0;39.0;24.959177017211914;25.18366813659668;9.768486976623535;0.2983262538909912;24.960857391357422;25.17611312866211;9.778010368347168;0.2860546544328574;0.998821616117318;0.800000011920929;0.800000011920929;0.800000011920929
lidar;21.0;39.0;24.959728240966797;25.18779754638672;9.771613121032715;0.29841214418411255;24.959178924560547;25.19036102294922;9.768494606018066;0.302487588322906;0.9985342622739343;0.800000011920929;0.800000011920929;0.800000011920929
lidar;21.0;39.0;24.960281372070312;25.19192886352539;9.77474308013916;0.29858899116516113;24.96055793762207;25.190589904785156;9.776313781738281;0.2965057989533507;0.9979426262994902;0.800000011920929;0.800000011920929;0.800000011920929
lidar;21.0;39.0;24.960834503173828;25.196067810058594;9.777875900268555;0.298857182264328;24.958621978759766;25.207143783569336;9.765329360961914;0.3157383738090983;0.9970470669631666;0.800000011920929;0.800000011920929;0.800000011920929
lidar;21.0;39.0;24.961406707763672;25.200115203857422;9.781126022338867;0.29906806349754333;24.960229873657227;25.206212997436523;9.774456024169922;0.3081810830836627;0.9963436720397008;0.800000011920929;0.800000011920929;0.800000011920929
lidar;21.0;39.0;24.96198272705078;25.20415687561035;9.784395217895508;0.29935014247894287;24.960559844970703;25.211795806884766;9.776329040527344;0.3105502813141771;0.9954044818343697;0.800000011920929;0.800000011920929;0.800000011920929
lidar;21.0;39.0;24.962560653686523;25.208206176757812;9.78767204284668;0.29972416162490845;24.960704803466797;25.218530654907227;9.777143478393555;0.3145868994552703;0.9941622614466977;0.800000011920929;0.800000011920929;0.800000011920929
lidar;21.0;39.0;24.9632568359375;25.211593627929688;9.791621208190918;0.2992381751537323;24.9636287689209;25.20945167541504;9.793730735778809;0.2962091947766107;0.9948393105300932;0.800000011920929;0.800000011920929;0.800000011920929
lidar;21.0;39.0;24.959606170654297;24.788299560546875;9.792189598083496;0.2993890047073364;24.958215713500977;24.781015396118164;9.785038948059082;0.30969054067404295;0.99433767789987;0.800000011920929;0.800000011920929;0.800000011920929
lidar;21.0;39.0;24.958831787109375;24.791645050048828;9.788206100463867;0.2999385893344879;24.96070671081543;24.80113983154297;9.797858238220215;0.2862697442883665;0.992515742734536;0.800000011920929;0.800000011920929;0.800000011920929
lidar;21.0;39.0;24.95820426940918;24.795734405517578;9.7849760055542;0.29951152205467224;24.957735061645508;24.79344367980957;9.782565116882324;0.30286954852972375;0.9948683973713334;0.800000011920929;0.800000011920929;0.800000011920929
lidar;21.0;39.0;24.95759391784668;24.79989242553711;9.781840324401855;0.2990573048591614;24.95592498779297;24.792016983032227;9.773256301879883;0.3108248417760104;0.9963794948132878;0.800000011920929;0.800000011920929;0.800000011920929
lidar;21.0;39.0;24.956987380981445;24.804039001464844;9.77871322631836;0.2986953556537628;24.95528793334961;24.796297073364258;9.76997184753418;0.3104954221295164;0.9975870250043067;0.800000011920929;0.800000011920929;0.800000011920929
lidar;21.0;39.0;24.95638084411621;24.808176040649414;9.775593757629395;0.2984250783920288;24.953466415405273;24.795366287231445;9.76060676574707;0.31835415477414186;0.9984906912735625;0.800000011920929;0.800000011920929;0.800000011920929
lidar;21.0;39.0;24.955774307250977;24.812307357788086;9.772478103637695;0.29824602603912354;24.956295013427734;24.814516067504883;9.775156021118164;0.29473558692264024;0.9990902542931883;0.800000011920929;0.800000011920929;0.800000011920929
lidar;21.0;39.0;24.955169677734375;24.816434860229492;9.769365310668945;0.2981579303741455;24.95729637145996;24.825143814086914;9.780305862426758;0.2840136206587209;0.9993854760509725;0.800000011920929;0.800000011920929;0.800000011920929
lidar;21.0;39.0;24.95456314086914;24.8205623626709;9.766253471374512;0.29816073179244995;24.953777313232422;24.81745719909668;9.76220703125;0.30332189233307894;0.9993762373805362;0.800000011920929;0.800000011920929;0.800000011920929
lidar;21.0;39.0;24.95395851135254;24.824689865112305;9.763140678405762;0.2982544004917145;24.951692581176758;24.81606101989746;9.751481056213379;0.31293622962309686;0.9990625381394189;0.800000011920929;0.800000011920929;0.800000011920929
lidar;21.0;39.0;24.953353881835938;24.82882308959961;9.760024070739746;0.29843902587890625;24.952651977539062;24.826250076293945;9.75641918182373;0.30292278914427;0.9984445572177415;0.800000011920929;0.800000011920929;0.800000011920929
lidar;21.0;39.0;24.952747344970703;24.83296012878418;9.756903648376465;0.29871490597724915;24.954029083251953;24.837495803833008;9.763503074645996;0.29060551008332763;0.9975224732088918;0.800000011920929;0.800000011920929;0.800000011920929
lidar;21.0;39.0;24.952138900756836;24.837108612060547;9.753776550292969;0.2990824282169342;24.952362060546875;24.837865829467773;9.754923820495605;0.29768995519378033;0.9962965846309959;0.800000011920929;0.800000011920929;0.800000011920929
lidar;21.0;39.0;24.951528549194336;24.841266632080078;9.750640869140625;0.29954224824905396;24.95269775390625;24.845094680786133;9.756653785705566;0.2923196289725167;0.9947670694399726;0.800000011920929;0.800000011920929;0.800000011920929
lidar;21.0;39.0;24.951072692871094;24.84592628479004;9.748289108276367;0.29915061593055725;24.952301025390625;24.849796295166016;9.75461196899414;0.29163601069340067;0.9969372747033801;0.800000011920929;0.800000011920929;0.800000011920929
lidar;21.0;39.0;24.950620651245117;24.850587844848633;9.745964050292969;0.29882580041885376;24.95289421081543;24.857467651367188;9.757662773132324;0.2850647117381129;0.9980206488356208;0.800000011920929;0.800000011920929;0.800000011920929
lidar;21.0;39.0;24.95016860961914;24.855239868164062;9.743642807006836;0.29859256744384766;24.94962501525879;24.85365867614746;9.740842819213867;0.30185455589904936;0.9988000392870423;0.800000011920929;0.800000011920929;0.800000011920929
lidar;21.0;39.0;24.949718475341797;24.859886169433594;9.741325378417969;0.29845044016838074;24.9494571685791;24.859159469604492;9.739983558654785;0.29999834854174656;0.999275207523015;0.800000011920929;0.800000011920929;0.800000011920929
lidar;21.0;39.0;24.949268341064453;24.86452865600586;9.739008903503418;0.2983993589878082;24.949649810791016;24.86554718017578;9.74096965789795;0.2961575536084359;0.9994459152317022;0.800000011920929;0.800000011920929;0.800000011920929
lidar;21.0;39.0;24.94881820678711;24.869173049926758;9.736692428588867;0.29843923449516296;24.947551727294922;24.865934371948242;9.73017406463623;0.30582781016459354;0.9993122220145263;0.800000011920929;0.800000011920929;0.800000011920929
lidar;21.0;39.0;24.948368072509766;24.87381935119629;9.734375;0.2985701262950897;24.950952529907227;24.88013458251953;9.747669219970703;0.2836274267553184;0.9988741278038342;0.800000011920929;0.800000011920929;0.800000011920929
lidar;21.0;39.0;24.94794273376465;24.878530502319336;9.732189178466797;0.29864245653152466;24.945798873901367;24.873525619506836;9.72115421295166;0.310947449794139;0.9986319541210551;0.800000011920929;0.800000011920929;0.800000011920929
lidar;21.0;39.0;24.947526931762695;24.883268356323242;9.730050086975098;0.29875150322914124;24.945528030395508;24.878820419311523;9.719765663146973;0.31013322732491594;0.9982674717571504;0.800000011920929;0.800000011920929;0.800000011920929
lidar;21.0;39.0;24.947111129760742;24.888010025024414;9.727909088134766;0.298951655626297;24.946794509887695;24.887340545654297;9.72628402709961;0.3007378924873743;0.9975989463240047;0.800000011920929;0.800000011920929;0.800000011920929
lidar;21.0;39.0;24.946693420410156;24.89276123046875;9.725765228271484;0.29924333095550537;24.948040008544922;24.89546775817871;9.732686042785645;0.29169074591550714;0.9966264960299731;0.800000011920929;0.800000011920929;0.800000011920929
lidar;21.0;39.0;24.94627571105957;24.89752197265625;9.723615646362305;0.299626886844635;24.94696617126465;24.89883804321289;9.727167129516602;0.29577731441824184;0.9953504799700349;0.800000011920929;0.800000011920929;0.800000011920929
lidar;21.0;39.0;24.945960998535156;24.902481079101562;9.721990585327148;0.2995316684246063;24.946613311767578;24.903657913208008;9.725346565246582;0.2959161330438309;0.9963323474078883;0.800000011920929;0.800000011920929;0.800000011920929
lidar;21.0;39.0;24.945703506469727;24.907541275024414;9.720667839050293;0.2992045283317566;24.949054718017578;24.91324806213379;9.73791217803955;0.2807333516903649;0.9974216224490757;0.800000011920929;0.800000011920929;0.800000011920929
lidar;21.0;39.0;24.945446014404297;24.91259002685547;9.71934700012207;0.2989691495895386;24.943099975585938;24.908830642700195;9.707277297973633;0.31182644062879294;0.9982070325982401;0.800000011920929;0.800000011920929;0.800000011920929
lidar;21.0;39.0;24.9451904296875;24.917633056640625;9.71802806854248;0.29882514476776123;24.948192596435547;24.922143936157227;9.733471870422363;0.28245887063526637;0.9986883997068491;0.800000011920929;0.800000011920929;0.800000011920929
lidar;21.0;39.0;24.944963455200195;24.922714233398438;9.716863632202148;0.29861053824424744;24.944169998168945;24.921600341796875;9.712782859802246;0.3029149557678167;0.999405860929814;0.800000011920929;0.800000011920929;0.800000011920929
lidar;21.0;39.0;24.944740295410156;24.927791595458984;9.715710639953613;0.2984764575958252;24.94443702697754;24.927396774291992;9.714155197143555;0.3001099359165273;0.9998549223002473;0.800000011920929;0.800000011920929;0.800000011920929
lidar;21.0;39.0;24.944515228271484;24.9328670501709;9.714557647705078;0.2984332740306854;24.94434928894043;24.932666778564453;9.713704109191895;0.2993256013840704;0.9999994635581729;0.800000011920929;0.800000011920929;0.800000011920929
lidar;21.0;39.0;24.944292068481445;24.937942504882812;9.71340560913086;0.2984810769557953;24.94441795349121;24.93808364868164;9.714055061340332;0.29780422941218054;0.999839365480749;0.800000011920929;0.800000011920929;0.800000011920929
lidar;21.0;39.0;24.944067001342773;24.94301986694336;9.712252616882324;0.2986198663711548;24.947139739990234;24.946149826049805;9.72805404663086;0.2822206431091839;0.9993746877195016;0.800000011920929;0.800000011920929;0.800000011920929
lidar;21.0;39.0;24.943876266479492;24.948135375976562;9.711264610290527;0.29867756366729736;24.948183059692383;24.952116012573242;9.733427047729492;0.2757511277800825;0.9991819859166187;0.800000011920929;0.800000011920929;0.800000011920929
lidar;21.0;39.0;24.94369125366211;24.95326042175293;9.71031665802002;0.2987838685512543;24.944290161132812;24.95375633239746;9.713393211364746;0.29561036086863973;0.9988266825533033;0.800000011920929;0.800000011920929;0.800000011920929
lidar;21.0;39.0;24.943506240844727;24.958389282226562;9.709367752075195;0.29898133873939514;24.942785263061523;24.957857131958008;9.705653190612793;0.30280331592052523;0.998167037875434;0.800000011920929;0.800000011920929;0.800000011920929
lidar;21.0;39.0;24.943334579467773;24.96353530883789;9.70848274230957;0.2992035746574402;24.942087173461914;24.962732315063477;9.70206069946289;0.305795007908042;0.9974255562332667;0.800000011920929;0.800000011920929;0.800000011920929
lidar;21.0;39.0;24.94319725036621;24.968711853027344;9.707776069641113;0.29933294653892517;24.944934844970703;24.969669342041016;9.716718673706055;0.2901732455137829;0.9969943165938021;0.800000011920929;0.800000011920929;0.800000011920929
lidar;21.0;39.0;24.94305992126465;24.973892211914062;9.707069396972656;0.29955366253852844;24.940515518188477;24.97272491455078;9.693973541259766;0.31294530797871123;0.9962592722641618;0.800000011920929;0.800000011920929;0.800000011920929
lidar;21.0;39.0;24.942949295043945;24.97909164428711;9.706501960754395;0.2997215688228607;24.939773559570312;24.977928161621094;9.690163612365723;0.3164060319637608;0.9957006573765418;0.800000011920929;0.800000011920929;0.800000011920929
lidar;21.0;39.0;24.9428653717041;24.98430633544922;9.70606517791748;0.29984715580940247;24.941869735717773;24.984033584594727;9.700944900512695;0.305070770829084;0.9952834250621645;0.800000011920929;0.800000011920929;0.800000011920929
lidar;21.0;39.0;24.942800521850586;24.989532470703125;9.705735206604004;0.29995477199554443;24.942707061767578;24.98951530456543;9.705249786376953;0.3004500658870424;0.9952870014209609;0.800000011920929;0.800000011920929;0.800000011920929
lidar;21.0;39.0;24.942790985107422;24.994766235351562;9.70568561553955;0.29986852407455444;24.94402313232422;24.9948787689209;9.71202278137207;0.29341176880355113;0.9955733419720596;0.800000011920929;0.800000011920929;0.800000011920929
lidar;21.0;39.0;24.942781448364258;25.0;9.705636024475098;0.29987362027168274;24.94044303894043;25.0;9.693608283996582;0.31212663702199694;0.9955565330441091;0.800000011920929;0.800000011920929;0.800000011920929
lidar;21.0;39.0;24.942790985107422;25.005233764648438;9.70568561553955;0.29986852407455444;24.94211196899414;25.005294799804688;9.702197074890137;0.3034231221007033;0.9955733419720596;0.800000011920929;0.800000011920929;0.800000011920929
lidar;21.0;39.0;24.942800521850586;25.010467529296875;9.705735206604004;0.29995477199554443;24.94274139404297;25.010478973388672;9.705431938171387;0.30026431454284336;0.9952870014209609;0.800000011920929;0.800000011920929;0.800000011920929
lidar;21.0;39.0;24.9428653717041;25.01569366455078;9.70606517791748;0.29984715580940247;24.944339752197266;25.015287399291992;9.71364974975586;0.2921103520812927;0.9952834250621645;0.800000011920929;0.800000011920929;0.800000011920929
lidar;21.0;39.0;24.942949295043945;25.02090835571289;9.706501960754395;0.2997215688228607;24.942028045654297;25.0212459564209;9.701760292053223;0.30456331190975977;0.9957006573765418;0.800000011920929;0.800000011920929;0.800000011920929
lidar;21.0;39.0;24.94305992126465;25.026107788085938;9.707069396972656;0.29955360293388367;24.9437198638916;25.025806427001953;9.710458755493164;0.2960870201476972;0.9962592722641618;0.800000011920929;0.800000011920929;0.800000011920929
lidar;21.0;39.0;24.94319725036621;25.031288146972656;9.707776069641113;0.2993329167366028;24.943174362182617;25.031301498413086;9.707657814025879;0.29945457043449136;0.9969943165938021;0.800000011920929;0.800000011920929;0.800000011920929
lidar;21.0;39.0;24.943334579467773;25.03646469116211;9.70848274230957;0.2992035448551178;24.942523956298828;25.036985397338867;9.70430850982666;0.30348796761767244;0.9974255562332667;0.800000011920929;0.800000011920929;0.800000011920929
lidar;21.0;39.0;24.943506240844727;25.041610717773438;9.709367752075195;0.29898127913475037;24.943355560302734;25.04172134399414;9.708589553833008;0.2997821618507799;0.998167037875434;0.800000011920929;0.800000011920929;0.800000011920929
lidar;21.0;39.0;24.94369125366211;25.04673957824707;9.71031665802002;0.2987837791442871;24.942441940307617;25.04777717590332;9.703893661499023;0.3054089471533526;0.9988266825533033;0.800000011920929;0.800000011920929;0.800000011920929
lidar;21.0;39.0;24.943876266479492;25.051864624023438;9.711264610290527;0.2986775040626526;24.941547393798828;25.05401611328125;9.699288368225098;0.3110661309803896;0.9991819859166187;0.800000011920929;0.800000011920929;0.800000011920929
lidar;21.0;39.0;24.944067001342773;25.05698013305664;9.712252616882324;0.29861992597579956;24.942947387695312;25.058120727539062;9.706490516662598;0.30459907461938146;0.9993746877195016;0.800000011920929;0.800000011920929;0.800000011920929
lidar;21.0;39.0;24.944292068481445;25.062057495117188;9.71340560913086;0.29848113656044006;24.944377899169922;25.061960220336914;9.713852882385254;0.2980157360612762;0.999839365480749;0.800000011920929;0.800000011920929;0.800000011920929
lidar;21.0;39.0;24.944515228271484;25.0671329498291;9.714557647705078;0.2984333634376526;24.944583892822266;25.067049026489258;9.714913368225098;0.2980620348357062;0.9999994635581729;0.800000011920929;0.800000011920929;0.800000011920929
lidar;21.0;39.0;24.944740295410156;25.072208404541016;9.715710639953613;0.29847654700279236;24.943090438842773;25.074363708496094;9.707222938537598;0.3073875177260574;0.9998549223002473;0.800000011920929;0.800000011920929;0.800000011920929
lidar;21.0;39.0;24.944963455200195;25.077285766601562;9.716863632202148;0.2986105680465698;24.942087173461914;25.08132553100586;9.70206356048584;0.31421975510465777;0.999405860929814;0.800000011920929;0.800000011920929;0.800000011920929
lidar;21.0;39.0;24.9451904296875;25.082366943359375;9.71802806854248;0.29882511496543884;24.945554733276367;25.081817626953125;9.719907760620117;0.2968334945417102;0.9986883997068491;0.800000011920929;0.800000011920929;0.800000011920929
lidar;21.0;39.0;24.945446014404297;25.08740997314453;9.71934700012207;0.29896917939186096;24.945167541503906;25.08785629272461;9.717912673950195;0.30049761688570603;0.9982070325982401;0.800000011920929;0.800000011920929;0.800000011920929
lidar;21.0;39.0;24.945703506469727;25.092458724975586;9.720667839050293;0.299204558134079;24.9447021484375;25.09416389465332;9.715516090393066;0.30472262797614175;0.9974216224490757;0.800000011920929;0.800000011920929;0.800000011920929
lidar;21.0;39.0;24.945960998535156;25.097518920898438;9.721990585327148;0.2995316684246063;24.94420051574707;25.100692749023438;9.712940216064453;0.3092830176730944;0.9963323474078883;0.800000011920929;0.800000011920929;0.800000011920929
lidar;21.0;39.0;24.94627571105957;25.10247802734375;9.723615646362305;0.299626886844635;24.946117401123047;25.102781295776367;9.722799301147461;0.30051243672291206;0.9953504799700349;0.800000011920929;0.800000011920929;0.800000011920929
lidar;21.0;39.0;24.946693420410156;25.10723876953125;9.725765228271484;0.299243301153183;24.947277069091797;25.10606575012207;9.728767395019531;0.2959672704858441;0.9966264960299731;0.800000011920929;0.800000011920929;0.800000011920929
lidar;21.0;39.0;24.947111129760742;25.111989974975586;9.727909088134766;0.2989516258239746;24.94756317138672;25.111032485961914;9.730234146118164;0.29639713538921686;0.9975989463240047;0.800000011920929;0.800000011920929;0.800000011920929
lidar;21.0;39.0;24.947526931762695;25.116731643676758;9.730050086975098;0.29875147342681885;24.94852638244629;25.11450958251953;9.735187530517578;0.29306605634041155;0.9982674717571504;0.800000011920929;0.800000011920929;0.800000011920929
lidar;21.0;39.0;24.94794273376465;25.121469497680664;9.732189178466797;0.29864245653152466;24.95186424255371;25.112319946289062;9.752359390258789;0.276150534838117;0.9986319541210551;0.800000011920929;0.800000011920929;0.800000011920929
lidar;21.0;39.0;24.948368072509766;25.12618064880371;9.734375;0.29857009649276733;24.950008392333984;25.12217140197754;9.742815971374512;0.28908283398181883;0.9988741278038342;0.800000011920929;0.800000011920929;0.800000011920929
lidar;21.0;39.0;24.94881820678711;25.130826950073242;9.736692428588867;0.29843926429748535;24.947267532348633;25.13479232788086;9.728713035583496;0.3074837742271703;0.9993122220145263;0.800000011920929;0.800000011920929;0.800000011920929
lidar;21.0;39.0;24.949268341064453;25.13547134399414;9.739008903503418;0.29839950799942017;24.94977569580078;25.13411521911621;9.741619110107422;0.2954157159800153;0.9994459152317022;0.800000011920929;0.800000011920929;0.800000011920929
lidar;21.0;39.0;24.949718475341797;25.140113830566406;9.741325378417969;0.2984505593776703;24.946868896484375;25.14805793762207;9.72666072845459;0.31537002248002516;0.999275207523015;0.800000011920929;0.800000011920929;0.800000011920929
lidar;21.0;39.0;24.95016860961914;25.144760131835938;9.743642807006836;0.29859259724617004;24.949289321899414;25.147314071655273;9.739119529724121;0.3038611259859723;0.9988000392870423;0.800000011920929;0.800000011920929;0.800000011920929
lidar;21.0;39.0;24.950620651245117;25.149412155151367;9.745964050292969;0.29882586002349854;24.950550079345703;25.14962387084961;9.745604515075684;0.2992491221781865;0.9980206488356208;0.800000011920929;0.800000011920929;0.800000011920929
lidar;21.0;39.0;24.951072692871094;25.15407371520996;9.748289108276367;0.299150675535202;24.949371337890625;25.159433364868164;9.739534378051758;0.30955551342305765;0.996937334718607;0.800000011920929;0.800000011920929;0.800000011920929
lidar;21.0;39.0;24.951528549194336;25.158733367919922;9.750640869140625;0.29954221844673157;24.949066162109375;25.166797637939453;9.737972259521484;0.3147609964389196;0.9947669506893887;0.800000011920929;0.800000011920929;0.800000011920929
lidar;21.0;39.0;24.952138900756836;25.162891387939453;9.753777503967285;0.29908236861228943;24.955272674560547;25.152225494384766;9.769902229309082;0.2794959683059928;0.9962965250526347;0.800000011920929;0.800000011920929;0.800000011920929
lidar;21.0;39.0;24.952747344970703;25.16703987121582;9.756904602050781;0.298714816570282;24.953689575195312;25.163707733154297;9.761752128601074;0.29275790044938743;0.9975224139810143;0.800000011920929;0.800000011920929;0.800000011920929
lidar;21.0;39.0;24.953353881835938;25.17117691040039;9.760025024414062;0.2984388768672943;24.953765869140625;25.169666290283203;9.7621431350708;0.29580386437275663;0.9984445572177415;0.800000011920929;0.800000011920929;0.800000011920929
lidar;21.0;39.0;24.95395851135254;25.175310134887695;9.763140678405762;0.29825425148010254;24.955636978149414;25.16891860961914;9.771775245666504;0.2873808972492667;0.9990625381394189;0.800000011920929;0.800000011920929;0.800000011920929
lidar;21.0;39.0;24.95456314086914;25.1794376373291;9.766253471374512;0.2981606125831604;24.955148696899414;25.1771297454834;9.76926040649414;0.2943248293533998;0.9993762373805362;0.800000011920929;0.800000011920929;0.800000011920929
lidar;21.0;39.0;24.955169677734375;25.183565139770508;9.769365310668945;0.29815784096717834;24.95673179626465;25.177162170410156;9.777409553527832;0.28775859556031536;0.9993854760509725;0.800000011920929;0.800000011920929;0.800000011920929
lidar;21.0;39.0;24.955774307250977;25.187692642211914;9.772478103637695;0.29824596643447876;24.954195022583008;25.19439697265625;9.764350891113281;0.3088986353460677;0.9990903138677;0.800000011920929;0.800000011920929;0.800000011920929
lidar;21.0;39.0;24.95638084411621;25.191823959350586;9.775593757629395;0.29842501878738403;24.95758628845215;25.186521530151367;9.781797409057617;0.29017461134969724;0.9984907508108353;0.800000011920929;0.800000011920929;0.800000011920929
lidar;21.0;39.0;24.956987380981445;25.195960998535156;9.77871322631836;0.29869532585144043;24.955398559570312;25.203197479248047;9.770543098449707;0.3097237660744007;0.997587085007543;0.800000011920929;0.800000011920929;0.800000011920929
lidar;21.0;39.0;24.95759391784668;25.20010757446289;9.781840324401855;0.299057275056839;24.956884384155273;25.20345687866211;9.778188705444336;0.30406236818110516;0.996379554355138;0.800000011920929;0.800000011920929;0.800000011920929
lidar;21.0;39.0;24.95820426940918;25.204265594482422;9.7849760055542;0.29951152205467224;24.956884384155273;25.210710525512695;9.778191566467285;0.30896127503673265;0.9948684576776031;0.800000011920929;0.800000011920929;0.800000011920929
lidar;21.0;39.0;24.958831787109375;25.208354949951172;9.788206100463867;0.2999386191368103;24.95939064025879;25.205520629882812;9.79108715057373;0.29585886943695033;0.992516041159316;0.800000011920929;0.800000011920929;0.800000011920929
lidar;21.0;39.0;24.959606170654297;25.211700439453125;9.792189598083496;0.2993890941143036;24.96141815185547;25.202198028564453;9.801518440246582;0.2859496213825167;0.9943379162133937;0.800000011920929;0.800000011920929;0.800000011920929
lidar;21.0;39.0;24.95599937438965;24.788366317749023;9.792990684509277;0.2992960810661316;24.959091186523438;24.80323600769043;9.807537078857422;0.2782653785199362;0.9946469663074459;0.800000011920929;0.800000011920929;0.800000011920929
lidar;21.0;39.0;24.955188751220703;24.7918643951416;9.789178848266602;0.2996230721473694;24.955459594726562;24.79312515258789;9.790456771850586;0.2978072628916915;0.9935613872047364;0.800000011920929;0.800000011920929;0.800000011920929
lidar;21.0;39.0;24.9544734954834;24.795804977416992;9.785812377929688;0.29940712451934814;24.955097198486328;24.798608779907227;9.788753509521484;0.295296190203149;0.9952151181376012;0.800000011920929;0.800000011920929;0.800000011920929
lidar;21.0;39.0;24.95380973815918;24.799962997436523;9.782690048217773;0.2989515960216522;24.952796936035156;24.795578002929688;9.77792739868164;0.30550445184989006;0.9967318771152701;0.800000011920929;0.800000011920929;0.800000011920929
lidar;21.0;39.0;24.953147888183594;24.804107666015625;9.779577255249023;0.29858821630477905;24.95105743408203;24.795366287231445;9.76974105834961;0.31191235593921635;0.9979448913186605;0.800000011920929;0.800000011920929;0.800000011920929
lidar;21.0;39.0;24.95248794555664;24.808246612548828;9.776470184326172;0.29831650853157043;24.950408935546875;24.79985809326172;9.766691207885742;0.3113667554842;0.9988539219524278;0.800000011920929;0.800000011920929;0.800000011920929
lidar;21.0;39.0;24.951828002929688;24.812376022338867;9.773367881774902;0.29813605546951294;24.9493408203125;24.802692413330078;9.761669158935547;0.3135260136601427;0.9994586705916111;0.800000011920929;0.800000011920929;0.800000011920929
lidar;21.0;39.0;24.951168060302734;24.816503524780273;9.770268440246582;0.2980464994907379;24.94986915588379;24.81161880493164;9.764151573181152;0.3059820996249041;0.9997590780262716;0.800000011920929;0.800000011920929;0.800000011920929
lidar;21.0;39.0;24.950510025024414;24.82063102722168;9.767169952392578;0.2980477809906006;24.950908660888672;24.82207489013672;9.769044876098633;0.2956476543283459;0.9997548461050311;0.800000011920929;0.800000011920929;0.800000011920929
lidar;21.0;39.0;24.949851989746094;24.824758529663086;9.764070510864258;0.29813989996910095;24.945932388305664;24.811059951782227;9.74562931060791;0.32144436098336654;0.9994461536478296;0.800000011920929;0.800000011920929;0.800000011920929
lidar;21.0;39.0;24.94919204711914;24.828889846801758;9.760968208312988;0.298322856426239;24.949872970581055;24.8311824798584;9.764172554016113;0.2943233122382562;0.9988329410180604;0.800000011920929;0.800000011920929;0.800000011920929
lidar;21.0;39.0;24.948532104492188;24.833026885986328;9.757861137390137;0.298597127199173;24.951112747192383;24.841402053833008;9.77000617980957;0.28362001383201085;0.9979155661970928;0.800000011920929;0.800000011920929;0.800000011920929
lidar;21.0;39.0;24.9478702545166;24.837173461914062;9.75474739074707;0.2989630401134491;24.949848175048828;24.843351364135742;9.764053344726562;0.2876194857911403;0.9966941476375966;0.800000011920929;0.800000011920929;0.800000011920929
lidar;21.0;39.0;24.947206497192383;24.841331481933594;9.751625061035156;0.29942113161087036;24.950908660888672;24.852455139160156;9.769039154052734;0.2784277387373087;0.9951691032189783;0.800000011920929;0.800000011920929;0.800000011920929
lidar;21.0;39.0;24.946653366088867;24.8458309173584;9.74902629852295;0.2993350028991699;24.948223114013672;24.850366592407227;9.75640869140625;0.29053014974746794;0.9963233469920838;0.800000011920929;0.800000011920929;0.800000011920929
lidar;21.0;39.0;24.9461612701416;24.850494384765625;9.74670696258545;0.2990116775035858;24.944536209106445;24.84598159790039;9.739060401916504;0.30803819134508026;0.9974002836257546;0.800000011920929;0.800000011920929;0.800000011920929
lidar;21.0;39.0;24.945669174194336;24.855148315429688;9.744391441345215;0.2987798750400543;24.944459915161133;24.8519229888916;9.738700866699219;0.30543227139721285;0.9981735944437581;0.800000011920929;0.800000011920929;0.800000011920929
lidar;21.0;39.0;24.94517707824707;24.85979652404785;9.74207878112793;0.2986394762992859;24.945005416870117;24.859357833862305;9.7412691116333;0.2995776454558518;0.9986427427116525;0.800000011920929;0.800000011920929;0.800000011920929
lidar;21.0;39.0;24.944684982299805;24.864442825317383;9.739768028259277;0.29859012365341187;24.941858291625977;24.857513427734375;9.72646427154541;0.31385522803966065;0.9988076687728423;0.800000011920929;0.800000011920929;0.800000011920929
lidar;21.0;39.0;24.9442195892334;24.86914825439453;9.737576484680176;0.29849615693092346;24.946514129638672;24.874530792236328;9.748371124267578;0.28621785138314826;0.9991217852325319;0.800000011920929;0.800000011920929;0.800000011920929
lidar;21.0;39.0;24.943767547607422;24.873882293701172;9.735448837280273;0.29842156171798706;24.94780158996582;24.8829288482666;9.754426002502441;0.27701418378893666;0.9993713498097749;0.800000011920929;0.800000011920929;0.800000011920929
lidar;21.0;39.0;24.943315505981445;24.87861442565918;9.733321189880371;0.2984379231929779;24.943025588989258;24.877994537353516;9.731961250305176;0.2999599478531569;0.9993165135780229;0.800000011920929;0.800000011920929;0.800000011920929
lidar;21.0;39.0;24.94286346435547;24.88334846496582;9.731192588806152;0.2985452711582184;24.942331314086914;24.882265090942383;9.728693962097168;0.30132092423843965;0.9989572764051534;0.800000011920929;0.800000011920929;0.800000011920929
lidar;21.0;39.0;24.942411422729492;24.88808822631836;9.729063034057617;0.2987436354160309;24.939029693603516;24.881519317626953;9.71315860748291;0.31627975419449494;0.998293697817372;0.800000011920929;0.800000011920929;0.800000011920929
lidar;21.0;39.0;24.941957473754883;24.89283561706543;9.7269287109375;0.2990334630012512;24.939231872558594;24.88780403137207;9.71410846710205;0.3130730604751806;0.9973261354671629;0.800000011920929;0.800000011920929;0.800000011920929
lidar;21.0;39.0;24.94150161743164;24.897594451904297;9.724790573120117;0.29941511154174805;24.945947647094727;24.90537452697754;9.745699882507324;0.2766661709340352;0.9960546493931327;0.800000011920929;0.800000011920929;0.800000011920929
lidar;21.0;39.0;24.941062927246094;24.90239143371582;9.722719192504883;0.29980984330177307;24.94415283203125;24.907508850097656;9.737256050109863;0.28409168738672486;0.9954079386382182;0.800000011920929;0.800000011920929;0.800000011920929
lidar;21.0;39.0;24.94078254699707;24.907453536987305;9.72139835357666;0.2994837462902069;24.940011978149414;24.90625;9.717774391174316;0.303379344486333;0.9964918492446335;0.800000011920929;0.800000011920929;0.800000011920929
lidar;21.0;39.0;24.94051170349121;24.91252326965332;9.720126152038574;0.2991999685764313;24.939462661743164;24.910982131958008;9.71519660949707;0.30447012713648514;0.997437000022709;0.800000011920929;0.800000011920929;0.800000011920929
lidar;21.0;39.0;24.940265655517578;24.91761589050293;9.718973159790039;0.29888322949409485;24.936750411987305;24.912769317626953;9.702437400817871;0.3164698346944209;0.998493909921007;0.800000011920929;0.800000011920929;0.800000011920929
lidar;21.0;39.0;24.940021514892578;24.922700881958008;9.717822074890137;0.2986580729484558;24.940025329589844;24.922706604003906;9.717844009399414;0.29863514583563894;0.9992465973228074;0.800000011920929;0.800000011920929;0.800000011920929
lidar;21.0;39.0;24.939777374267578;24.927780151367188;9.716672897338867;0.2985241115093231;24.94032096862793;24.92843246459961;9.719234466552734;0.2958247994268095;0.9996949434364768;0.800000011920929;0.800000011920929;0.800000011920929
lidar;21.0;39.0;24.939533233642578;24.9328556060791;9.715524673461914;0.2984811067581177;24.939342498779297;24.932645797729492;9.714631080627441;0.2994181328418944;0.9998387694465161;0.800000011920929;0.800000011920929;0.800000011920929
lidar;21.0;39.0;24.939289093017578;24.93793296813965;9.714375495910645;0.2985292077064514;24.941617965698242;24.9403133392334;9.725337028503418;0.28707280382721323;0.9996780156918716;0.800000011920929;0.800000011920929;0.800000011920929
lidar;21.0;39.0;24.939077377319336;24.943042755126953;9.713379859924316;0.2985079288482666;24.941505432128906;24.9453125;9.724803924560547;0.28661022017471205;0.9997496604858384;0.800000011920929;0.800000011920929;0.800000011920929
lidar;21.0;39.0;24.93887710571289;24.948162078857422;9.71243667602539;0.2985227108001709;24.935792922973633;24.945545196533203;9.69792652130127;0.3135863870065959;0.9997003674496222;0.800000011920929;0.800000011920929;0.800000011920929
lidar;21.0;39.0;24.938674926757812;24.953283309936523;9.711493492126465;0.29862844944000244;24.93842124938965;24.95309066772461;9.710296630859375;0.2998669878200012;0.999346554306892;0.800000011920929;0.800000011920929;0.800000011920929
lidar;21.0;39.0;24.938474655151367;24.958412170410156;9.710549354553223;0.2988252341747284;24.93932342529297;24.958984375;9.714537620544434;0.29470814128652895;0.9986882804939364;0.800000011920929;0.800000011920929;0.800000011920929
lidar;21.0;39.0;24.938322067260742;24.96357536315918;9.70982551574707;0.2988854646682739;24.937082290649414;24.96284294128418;9.703999519348145;0.30488600855400433;0.99848705523257;0.800000011920929;0.800000011920929;0.800000011920929
lidar;21.0;39.0;24.93817138671875;24.9687442779541;9.709122657775879;0.2990139126777649;24.939279556274414;24.96930503845215;9.714329719543457;0.2936607195800867;0.9980577827465681;0.800000011920929;0.800000011920929;0.800000011920929
lidar;21.0;39.0;24.93802261352539;24.973920822143555;9.708418846130371;0.2992335855960846;24.937740325927734;24.973800659179688;9.707090377807617;0.3005969718366648;0.9973247049193381;0.800000011920929;0.800000011920929;0.800000011920929
lidar;21.0;39.0;24.937925338745117;24.979122161865234;9.707964897155762;0.29928871989250183;24.93775749206543;24.979066848754883;9.707174301147461;0.30009843035011335;0.997140645898533;0.800000011920929;0.800000011920929;0.800000011920929
lidar;21.0;39.0;24.937833786010742;24.984329223632812;9.707530975341797;0.2994134724140167;24.9383544921875;24.984460830688477;9.709976196289062;0.29691031301390863;0.9967249038073261;0.800000011920929;0.800000011920929;0.800000011920929
lidar;21.0;39.0;24.937763214111328;24.989547729492188;9.707201957702637;0.2995212972164154;24.9388370513916;24.989727020263672;9.71224594116211;0.2943615775356336;0.9963661432193688;0.800000011920929;0.800000011920929;0.800000011920929
lidar;21.0;39.0;24.937732696533203;24.99477195739746;9.707056045532227;0.29953455924987793;24.93576431274414;24.99460792541504;9.697793006896973;0.3090059077417514;0.9963225720425709;0.800000011920929;0.800000011920929;0.800000011920929
lidar;21.0;39.0;24.937702178955078;25.0;9.7069091796875;0.299638956785202;24.939542770385742;25.0;9.715572357177734;0.29078241788498876;0.9959755542201812;0.800000011920929;0.800000011920929;0.800000011920929
lidar;21.0;39.0;24.937732696533203;25.00522804260254;9.707056045532227;0.29953455924987793;24.93450355529785;25.0054988861084;9.691864967346191;0.3150668665461673;0.9963225720425709;0.800000011920929;0.800000011920929;0.800000011920929
lidar;21.0;39.0;24.937763214111328;25.010452270507812;9.707201957702637;0.2995212972164154;24.935762405395508;25.01078987121582;9.697785377502441;0.3091543824879976;0.9963661432193688;0.800000011920929;0.800000011920929;0.800000011920929
lidar;21.0;39.0;24.937833786010742;25.015670776367188;9.707530975341797;0.29941341280937195;24.939546585083008;25.01523780822754;9.715591430664062;0.2911616581297884;0.9967249038073261;0.800000011920929;0.800000011920929;0.800000011920929
lidar;21.0;39.0;24.937925338745117;25.020877838134766;9.707964897155762;0.29928871989250183;24.940584182739258;25.019983291625977;9.720465660095215;0.2864769689899333;0.997140645898533;0.800000011920929;0.800000011920929;0.800000011920929
lidar;21.0;39.0;24.93802261352539;25.026079177856445;9.708418846130371;0.2992335855960846;24.9390869140625;25.025632858276367;9.71342658996582;0.2940951349026062;0.9973247049193381;0.800000011920929;0.800000011920929;0.800000011920929
lidar;21.0;39.0;24.93817138671875;25.0312557220459;9.709122657775879;0.2990138530731201;24.935623168945312;25.03254508972168;9.697127342224121;0.311344488430525;0.9980577827465681;0.800000011920929;0.800000011920929;0.800000011920929
lidar;21.0;39.0;24.938322067260742;25.03642463684082;9.70982551574707;0.29888537526130676;24.935991287231445;25.03780174255371;9.698864936828613;0.31017470164473054;0.99848705523257;0.800000011920929;0.800000011920929;0.800000011920929
lidar;21.0;39.0;24.938474655151367;25.041587829589844;9.710549354553223;0.2988252639770508;24.937192916870117;25.042455673217773;9.704512596130371;0.30505782017083155;0.9986882804939364;0.800000011920929;0.800000011920929;0.800000011920929
lidar;21.0;39.0;24.938674926757812;25.046716690063477;9.711493492126465;0.29862838983535767;24.939485549926758;25.046098709106445;9.715306282043457;0.29468224401945536;0.999346554306892;0.800000011920929;0.800000011920929;0.800000011920929
lidar;21.0;39.0;24.93887710571289;25.051837921142578;9.71243667602539;0.29852256178855896;24.935346603393555;25.05483055114746;9.695833206176758;0.3157588834654315;0.9997003674496222;0.800000011920929;0.800000011920929;0.800000011920929
lidar;21.0;39.0;24.939077377319336;25.056957244873047;9.713379859924316;0.2985078990459442;24.938209533691406;25.057769775390625;9.709296226501465;0.30276066524558093;0.9997496604858384;0.800000011920929;0.800000011920929;0.800000011920929
lidar;21.0;39.0;24.939289093017578;25.06206703186035;9.714375495910645;0.2985292375087738;24.93923568725586;25.062122344970703;9.714125633239746;0.29879010247388527;0.9996780156918716;0.800000011920929;0.800000011920929;0.800000011920929
lidar;21.0;39.0;24.939533233642578;25.0671443939209;9.715524673461914;0.29848119616508484;24.939815521240234;25.066829681396484;9.716856956481934;0.2970825775841387;0.9998387694465161;0.800000011920929;0.800000011920929;0.800000011920929
lidar;21.0;39.0;24.939777374267578;25.072219848632812;9.716672897338867;0.2985241711139679;24.93260955810547;25.080814361572266;9.68295669555664;0.33404935696271454;0.9996949434364768;0.800000011920929;0.800000011920929;0.800000011920929
lidar;21.0;39.0;24.940021514892578;25.077299118041992;9.717822074890137;0.29865819215774536;24.941986083984375;25.07476806640625;9.727063179016113;0.28887755817943134;0.9992465973228074;0.800000011920929;0.800000011920929;0.800000011920929
lidar;21.0;39.0;24.940265655517578;25.08238410949707;9.718973159790039;0.2988832890987396;24.938987731933594;25.084144592285156;9.712963104248047;0.3052752072225104;0.998493909921007;0.800000011920929;0.800000011920929;0.800000011920929
lidar;21.0;39.0;24.94051170349121;25.08747673034668;9.720126152038574;0.29919999837875366;24.938404083251953;25.090576171875;9.71021556854248;0.30979539439680204;0.997437000022709;0.800000011920929;0.800000011920929;0.800000011920929
lidar;21.0;39.0;24.94078254699707;25.092546463012695;9.72139835357666;0.2994837462902069;24.940771102905273;25.092561721801758;9.721352577209473;0.2995331721840921;0.9964918492446335;0.800000011920929;0.800000011920929;0.800000011920929
lidar;21.0;39.0;24.941062927246094;25.09760856628418;9.722719192504883;0.29980984330177307;24.940265655517578;25.098926544189453;9.718975067138672;0.30385815484681017;0.9954079386382182;0.800000011920929;0.800000011920929;0.800000011920929
lidar;21.0;39.0;24.94150161743164;25.102405548095703;9.724790573120117;0.29941514134407043;24.940366744995117;25.104393005371094;9.719451904296875;0.3052230403357084;0.9960546493931327;0.800000011920929;0.800000011920929;0.800000011920929
lidar;21.0;39.0;24.941957473754883;25.10716438293457;9.7269287109375;0.29903343319892883;24.942222595214844;25.106672286987305;9.728182792663574;0.2976607338188453;0.997326076118189;0.800000011920929;0.800000011920929;0.800000011920929
lidar;21.0;39.0;24.942411422729492;25.11191177368164;9.729063034057617;0.2987435758113861;24.94551658630371;25.105876922607422;9.743671417236328;0.2826360594005373;0.998293697817372;0.800000011920929;0.800000011920929;0.800000011920929
lidar;21.0;39.0;24.94286346435547;25.11665153503418;9.731192588806152;0.298545241355896;24.943212509155273;25.11594009399414;9.732831001281738;0.29672558542681504;0.9989572764051534;0.800000011920929;0.800000011920929;0.800000011920929
lidar;21.0;39.0;24.943315505981445;25.12138557434082;9.733321189880371;0.2984378933906555;24.93868637084961;25.131296157836914;9.711546897888184;0.32280560103590744;0.9993165135780229;0.800000011920929;0.800000011920929;0.800000011920929
lidar;21.0;39.0;24.943767547607422;25.126117706298828;9.735448837280273;0.2984215319156647;24.94098472595215;25.13235855102539;9.722358703613281;0.3131868536336044;0.9993713498097749;0.800000011920929;0.800000011920929;0.800000011920929
lidar;21.0;39.0;24.9442195892334;25.13085174560547;9.737576484680176;0.29849615693092346;24.946800231933594;25.124799728393555;9.749713897705078;0.28468978552968616;0.9991217852325319;0.800000011920929;0.800000011920929;0.800000011920929
lidar;21.0;39.0;24.944684982299805;25.135557174682617;9.739768028259277;0.29859012365341187;24.943880081176758;25.137529373168945;9.735980033874512;0.3029363760141822;0.9988076687728423;0.800000011920929;0.800000011920929;0.800000011920929
lidar;21.0;39.0;24.94517707824707;25.14020347595215;9.74207878112793;0.2986395061016083;24.943313598632812;25.14496612548828;9.733315467834473;0.30878691296560634;0.9986427427116525;0.800000011920929;0.800000011920929;0.800000011920929
lidar;21.0;39.0;24.945669174194336;25.144851684570312;9.744391441345215;0.2987799644470215;24.943666458129883;25.150192260742188;9.734968185424805;0.30979501822822325;0.9981735944437581;0.800000011920929;0.800000011920929;0.800000011920929
lidar;21.0;39.0;24.9461612701416;25.149505615234375;9.74670696258545;0.2990117371082306;24.94940757751465;25.140487670898438;9.761985778808594;0.2809754120547211;0.9974002836257546;0.800000011920929;0.800000011920929;0.800000011920929
lidar;21.0;39.0;24.946653366088867;25.1541690826416;9.74902629852295;0.2993350028991699;24.948341369628906;25.149290084838867;9.75696849822998;0.2898623747850033;0.9963233469920838;0.800000011920929;0.800000011920929;0.800000011920929
lidar;21.0;39.0;24.947206497192383;25.158668518066406;9.751625061035156;0.299421101808548;24.94921875;25.152620315551758;9.761093139648438;0.2880078738765859;0.9951689839893667;0.800000011920929;0.800000011920929;0.800000011920929
lidar;21.0;39.0;24.9478702545166;25.162826538085938;9.75474739074707;0.29896292090415955;24.949443817138672;25.157913208007812;9.7621488571167;0.2899410016910598;0.9966940877102876;0.800000011920929;0.800000011920929;0.800000011920929
lidar;21.0;39.0;24.948532104492188;25.166973114013672;9.757861137390137;0.2985970377922058;24.950332641601562;25.161128997802734;9.766336441040039;0.2881453496255244;0.9979155065763305;0.800000011920929;0.800000011920929;0.800000011920929
lidar;21.0;39.0;24.94919204711914;25.171110153198242;9.760968208312988;0.29832273721694946;24.953269958496094;25.157377243041992;9.78015422821045;0.27437739074550643;0.9988329410180604;0.800000011920929;0.800000011920929;0.800000011920929
lidar;21.0;39.0;24.949851989746094;25.175241470336914;9.764070510864258;0.298139750957489;24.95163345336914;25.169015884399414;9.772452354431152;0.28754761266555545;0.9994460940176125;0.800000011920929;0.800000011920929;0.800000011920929
lidar;21.0;39.0;24.950510025024414;25.17936897277832;9.767169952392578;0.29804760217666626;24.950111389160156;25.18081283569336;9.765296936035156;0.3004454049607977;0.9997548461050311;0.800000011920929;0.800000011920929;0.800000011920929
lidar;21.0;39.0;24.951168060302734;25.183496475219727;9.770268440246582;0.29804638028144836;24.951509475708008;25.18221664428711;9.771868705749512;0.2959700678782006;0.9997590780262716;0.800000011920929;0.800000011920929;0.800000011920929
lidar;21.0;39.0;24.951828002929688;25.1876220703125;9.773367881774902;0.298135906457901;24.953746795654297;25.18014907836914;9.782395362854004;0.28626070636263473;0.9994587302764658;0.800000011920929;0.800000011920929;0.800000011920929
lidar;21.0;39.0;24.95248794555664;25.191753387451172;9.776470184326172;0.29831647872924805;24.953691482543945;25.186891555786133;9.78213882446289;0.2907509304307417;0.9988539219524278;0.800000011920929;0.800000011920929;0.800000011920929
lidar;21.0;39.0;24.953147888183594;25.195892333984375;9.779577255249023;0.2985881567001343;24.954858779907227;25.188739776611328;9.78762435913086;0.2876874412462663;0.9979449509955433;0.800000011920929;0.800000011920929;0.800000011920929
lidar;21.0;39.0;24.95380973815918;25.200037002563477;9.782690048217773;0.2989514470100403;24.952680587768555;25.20492935180664;9.777377128601074;0.30626118869076757;0.9967319366996468;0.800000011920929;0.800000011920929;0.800000011920929
lidar;21.0;39.0;24.9544734954834;25.204195022583008;9.785812377929688;0.29940709471702576;24.952861785888672;25.211423873901367;9.778229713439941;0.31000668121821945;0.9952152367979195;0.800000011920929;0.800000011920929;0.800000011920929
lidar;21.0;39.0;24.955188751220703;25.2081356048584;9.789178848266602;0.299623042345047;24.9549560546875;25.209218978881836;9.788081169128418;0.3011836048968899;0.9935615661556545;0.800000011920929;0.800000011920929;0.800000011920929
lidar;21.0;39.0;24.95599937438965;25.211633682250977;9.792990684509277;0.2992960512638092;24.959077835083008;25.196821212768555;9.807479858398438;0.2783471709640015;0.9946470856382069;0.800000011920929;0.800000011920929;0.800000011920929
lidar;21.0;39.0;24.95244026184082;24.78858184814453;9.794000625610352;0.29898974299430847;24.951507568359375;24.784435272216797;9.789960861206055;0.3048539701854695;0.9956661462888906;0.800000011920929;0.800000011920929;0.800000011920929
lidar;21.0;39.0;24.951566696166992;24.792081832885742;9.790212631225586;0.29931068420410156;24.95360565185547;24.80083656311035;9.79904556274414;0.28670786307605256;0.9945982692174161;0.800000011920929;0.800000011920929;0.800000011920929
lidar;21.0;39.0;24.95075035095215;24.795839309692383;9.786676406860352;0.2993559241294861;24.950916290283203;24.796527862548828;9.787395477294922;0.2983467109128251;0.9953851702482344;0.800000011920929;0.800000011920929;0.800000011920929
lidar;21.0;39.0;24.95003318786621;24.799997329711914;9.783567428588867;0.29889971017837524;24.949382781982422;24.79739761352539;9.780754089355469;0.3027851155621104;0.9969046711852727;0.800000011920929;0.800000011920929;0.800000011920929
lidar;21.0;39.0;24.949316024780273;24.80414390563965;9.78046703338623;0.29853567481040955;24.95140266418457;24.81220245361328;9.78950023651123;0.2862513287301098;0.9981203674272011;0.800000011920929;0.800000011920929;0.800000011920929
lidar;21.0;39.0;24.9486026763916;24.808279037475586;9.777373313903809;0.2982633113861084;24.948209762573242;24.80681800842285;9.775676727294922;0.30053650843739615;0.9990320204903358;0.800000011920929;0.800000011920929;0.800000011920929
lidar;21.0;39.0;24.94788932800293;24.812410354614258;9.774284362792969;0.29808205366134644;24.946346282958984;24.806856155395508;9.767599105834961;0.30690949389973876;0.9996394514829018;0.800000011920929;0.800000011920929;0.800000011920929
lidar;21.0;39.0;24.94717788696289;24.816537857055664;9.771197319030762;0.2979918122291565;24.9477596282959;24.818561553955078;9.773720741271973;0.2947061020089764;0.99994230270845;0.800000011920929;0.800000011920929;0.800000011920929
lidar;21.0;39.0;24.94646453857422;24.820663452148438;9.768112182617188;0.29799240827560425;24.94365692138672;24.811256408691406;9.755949020385742;0.31362266549913753;0.9999405741659602;0.800000011920929;0.800000011920929;0.800000011920929
lidar;21.0;39.0;24.945751190185547;24.824790954589844;9.765026092529297;0.29808372259140015;24.946924209594727;24.82857894897461;9.77010726928711;0.29163725727658696;0.9996342659222472;0.800000011920929;0.800000011920929;0.800000011920929
lidar;21.0;39.0;24.945039749145508;24.828922271728516;9.761937141418457;0.29826590418815613;24.94434356689453;24.82675552368164;9.758923530578613;0.3020411600893634;0.9990234374755878;0.800000011920929;0.800000011920929;0.800000011920929
lidar;21.0;39.0;24.944324493408203;24.833059310913086;9.758843421936035;0.2985393702983856;24.945405960083008;24.836299896240234;9.763525009155273;0.29274316509693915;0.9981083272756249;0.800000011920929;0.800000011920929;0.800000011920929
lidar;21.0;39.0;24.9436092376709;24.837203979492188;9.755743026733398;0.2989044785499573;24.945390701293945;24.84234619140625;9.763458251953125;0.2894630195676839;0.9968891742426974;0.800000011920929;0.800000011920929;0.800000011920929
lidar;21.0;39.0;24.942890167236328;24.84136199951172;9.752633094787598;0.2993617653846741;24.94196319580078;24.838787078857422;9.748617172241211;0.30422267397708697;0.9953662753507558;0.800000011920929;0.800000011920929;0.800000011920929
lidar;21.0;39.0;24.942232131958008;24.845699310302734;9.749783515930176;0.2995895445346832;24.940584182739258;24.841299057006836;9.742646217346191;0.3081353964224747;0.9954768418476737;0.800000011920929;0.800000011920929;0.800000011920929
lidar;21.0;39.0;24.94169807434082;24.850366592407227;9.747468948364258;0.2992681562900543;24.940113067626953;24.846296310424805;9.740599632263184;0.3074081510949372;0.9965451359203819;0.800000011920929;0.800000011920929;0.800000011920929
lidar;21.0;39.0;24.941165924072266;24.855022430419922;9.745158195495605;0.29903867840766907;24.941938400268555;24.856931686401367;9.74851131439209;0.2951037260916812;0.9973098634469384;0.800000011920929;0.800000011920929;0.800000011920929
lidar;21.0;39.0;24.94065284729004;24.859724044799805;9.742942810058594;0.298793762922287;24.94046974182129;24.859291076660156;9.742147445678711;0.2997174833141219;0.9981271623615985;0.800000011920929;0.800000011920929;0.800000011920929
lidar;21.0;39.0;24.94016456604004;24.86446762084961;9.740819931030273;0.29853594303131104;24.940990447998047;24.86634063720703;9.744400978088379;0.2944108706758671;0.9989890456418619;0.800000011920929;0.800000011920929;0.800000011920929
lidar;21.0;39.0;24.939674377441406;24.869203567504883;9.738700866699219;0.29836931824684143;24.936025619506836;24.86129379272461;9.722899436950684;0.316412158501317;0.9995466470604133;0.800000011920929;0.800000011920929;0.800000011920929
lidar;21.0;39.0;24.939186096191406;24.87393569946289;9.73658275604248;0.298293799161911;24.93979263305664;24.875192642211914;9.73921012878418;0.2953187969987191;0.9997997879930698;0.800000011920929;0.800000011920929;0.800000011920929
lidar;21.0;39.0;24.938695907592773;24.878665924072266;9.734465599060059;0.2983090877532959;24.936126708984375;24.873580932617188;9.723337173461914;0.31081106649895646;0.9997483491986532;0.800000011920929;0.800000011920929;0.800000011920929
lidar;21.0;39.0;24.938207626342773;24.883399963378906;9.73234748840332;0.29841533303260803;24.93718910217285;24.881479263305664;9.72793960571289;0.3033303162886184;0.9993924499108967;0.800000011920929;0.800000011920929;0.800000011920929
lidar;21.0;39.0;24.93771743774414;24.888137817382812;9.73022747039795;0.2986126244068146;24.93906021118164;24.890546798706055;9.736038208007812;0.2921802774504695;0.9987320303760352;0.800000011920929;0.800000011920929;0.800000011920929
lidar;21.0;39.0;24.937227249145508;24.89288330078125;9.728103637695312;0.2989012598991394;24.938858032226562;24.895666122436523;9.735164642333984;0.2911386129789791;0.9977673889994844;0.800000011920929;0.800000011920929;0.800000011920929
lidar;21.0;39.0;24.936737060546875;24.897640228271484;9.725975036621094;0.29928168654441833;24.938343048095703;24.900239944458008;9.732937812805176;0.2916771787786334;0.9964988829729592;0.800000011920929;0.800000011920929;0.800000011920929
lidar;21.0;39.0;24.936243057250977;24.902408599853516;9.723840713500977;0.2997545003890991;24.93558120727539;24.901397705078125;9.720976829528809;0.3028636723272059;0.99492687000443;0.800000011920929;0.800000011920929;0.800000011920929
lidar;21.0;39.0;24.93587303161621;24.90737533569336;9.722235679626465;0.2997407913208008;24.934316635131836;24.905128479003906;9.715496063232422;0.30701378704056875;0.9956372383280879;0.800000011920929;0.800000011920929;0.800000011920929
lidar;21.0;39.0;24.93560791015625;24.91248321533203;9.721083641052246;0.2993323802947998;24.935100555419922;24.911794662475586;9.718889236450195;0.30168764993630526;0.996995568479102;0.800000011920929;0.800000011920929;0.800000011920929
lidar;21.0;39.0;24.93534278869629;24.917579650878906;9.719934463500977;0.2990160584449768;24.933979034423828;24.915842056274414;9.714028358459473;0.30532157705059765;0.9980502127984883;0.800000011920929;0.800000011920929;0.800000011920929
lidar;21.0;39.0;24.935077667236328;24.922666549682617;9.71878719329834;0.2987913489341736;24.940473556518555;24.929096221923828;9.74216365814209;0.27395273095690476;0.9988007545413128;0.800000011920929;0.800000011920929;0.800000011920929
lidar;21.0;39.0;24.934812545776367;24.92774772644043;9.71764087677002;0.2986578643321991;24.93201446533203;24.92464828491211;9.705525398254395;0.31147243715315376;0.9992470145216527;0.800000011920929;0.800000011920929;0.800000011920929
lidar;21.0;39.0;24.934547424316406;24.93282699584961;9.716495513916016;0.2986155152320862;24.936954498291016;24.9352970123291;9.726922035217285;0.28763298360414746;0.9993889927586126;0.800000011920929;0.800000011920929;0.800000011920929
lidar;21.0;39.0;24.934314727783203;24.93793487548828;9.715489387512207;0.29851773381233215;24.92975616455078;24.933626174926758;9.695737838745117;0.3192422213716447;0.9997164607185905;0.800000011920929;0.800000011920929;0.800000011920929
lidar;21.0;39.0;24.934099197387695;24.94305419921875;9.714550018310547;0.29844141006469727;24.935218811035156;24.944021224975586;9.719399452209473;0.2933713126452384;0.9999725222578477;0.800000011920929;0.800000011920929;0.800000011920929
lidar;21.0;39.0;24.933881759643555;24.94817352294922;9.713611602783203;0.29845598340034485;24.933364868164062;24.94776725769043;9.711366653442383;0.3007948891765529;0.9999239444761834;0.800000011920929;0.800000011920929;0.800000011920929
lidar;21.0;39.0;24.933664321899414;24.95329475402832;9.712672233581543;0.2985613942146301;24.93231964111328;24.952346801757812;9.706839561462402;0.3046217839067024;0.9995707869475307;0.800000011920929;0.800000011920929;0.800000011920929
lidar;21.0;39.0;24.93347930908203;24.95844078063965;9.711864471435547;0.2986205518245697;24.937711715698242;24.961084365844727;9.73020076751709;0.2796169474475612;0.999372720763519;0.800000011920929;0.800000011920929;0.800000011920929
lidar;21.0;39.0;24.933317184448242;24.96360206604004;9.711166381835938;0.29865744709968567;24.93183708190918;24.96279525756836;9.704756736755371;0.3052845367934568;0.999249458289854;0.800000011920929;0.800000011920929;0.800000011920929
lidar;21.0;39.0;24.933156967163086;24.968769073486328;9.710467338562012;0.29878517985343933;24.93341827392578;24.968891143798828;9.71159839630127;0.29761764825690395;0.9988217949184908;0.800000011920929;0.800000011920929;0.800000011920929
lidar;21.0;39.0;24.933015823364258;24.973947525024414;9.709855079650879;0.29891452193260193;24.930957794189453;24.973146438598633;9.70094108581543;0.30809785012702207;0.9983890652839797;0.800000011920929;0.800000011920929;0.800000011920929
lidar;21.0;39.0;24.93291473388672;24.97914695739746;9.709424018859863;0.2989475429058075;24.934022903442383;24.979490280151367;9.714221000671387;0.29401245873442367;0.9982787370289272;0.800000011920929;0.800000011920929;0.800000011920929
lidar;21.0;39.0;24.932815551757812;24.98434829711914;9.708992958068848;0.29907163977622986;24.9345645904541;24.98475456237793;9.716564178466797;0.29129030576967246;0.9978641271516618;0.800000011920929;0.800000011920929;0.800000011920929
lidar;21.0;39.0;24.93275260925293;24.989561080932617;9.708722114562988;0.29912203550338745;24.93278694152832;24.989566802978516;9.708864212036133;0.2989761985844146;0.9976961611006729;0.800000011920929;0.800000011920929;0.800000011920929
lidar;21.0;39.0;24.932720184326172;24.994779586791992;9.708576202392578;0.2991350293159485;24.936412811279297;24.995065689086914;9.724571228027344;0.2827164897911841;0.9976531862713165;0.800000011920929;0.800000011920929;0.800000011920929
lidar;21.0;39.0;24.93268585205078;25.0;9.708430290222168;0.2992391586303711;24.935115814208984;25.0;9.718955993652344;0.2884361275260377;0.9973062872611547;0.800000011920929;0.800000011920929;0.800000011920929
lidar;21.0;39.0;24.932720184326172;25.005220413208008;9.708576202392578;0.2991350293159485;24.93719482421875;25.004873275756836;9.7279634475708;0.27923481013754164;0.9976531862713165;0.800000011920929;0.800000011920929;0.800000011920929
lidar;21.0;39.0;24.93275260925293;25.010438919067383;9.708722114562988;0.29912206530570984;24.930561065673828;25.010780334472656;9.699222564697266;0.3088767613511216;0.9976961611006729;0.800000011920929;0.800000011920929;0.800000011920929
lidar;21.0;39.0;24.932815551757812;25.01565170288086;9.708992958068848;0.29907160997390747;24.9333438873291;25.01552963256836;9.71127700805664;0.2967246144434048;0.9978641271516618;0.800000011920929;0.800000011920929;0.800000011920929
lidar;21.0;39.0;24.93291473388672;25.02085304260254;9.709424018859863;0.29894745349884033;24.931896209716797;25.021169662475586;9.705013275146484;0.3034853879898087;0.9982787370289272;0.800000011920929;0.800000011920929;0.800000011920929
lidar;21.0;39.0;24.933015823364258;25.026052474975586;9.709855079650879;0.29891449213027954;24.929716110229492;25.02733612060547;9.695563316345215;0.3136381940889542;0.9983890652839797;0.800000011920929;0.800000011920929;0.800000011920929
lidar;21.0;39.0;24.933156967163086;25.031230926513672;9.710467338562012;0.29878512024879456;24.934358596801758;25.030670166015625;9.715677261352539;0.2934085654086955;0.9988217949184908;0.800000011920929;0.800000011920929;0.800000011920929
lidar;21.0;39.0;24.933317184448242;25.03639793395996;9.711166381835938;0.29865726828575134;24.933494567871094;25.036300659179688;9.711931228637695;0.297866661414476;0.999249458289854;0.800000011920929;0.800000011920929;0.800000011920929
lidar;21.0;39.0;24.93347930908203;25.04155921936035;9.711864471435547;0.29862046241760254;24.93124771118164;25.042953491210938;9.702198028564453;0.30863933829503115;0.999372720763519;0.800000011920929;0.800000011920929;0.800000011920929
lidar;21.0;39.0;24.933664321899414;25.04670524597168;9.712672233581543;0.29856133460998535;24.931957244873047;25.047908782958984;9.705272674560547;0.30625014924245153;0.9995707869475307;0.800000011920929;0.800000011920929;0.800000011920929
lidar;21.0;39.0;24.933881759643555;25.05182647705078;9.713611602783203;0.2984558939933777;24.932897567749023;25.05259895324707;9.70934772491455;0.3028989198438174;0.9999239444761834;0.800000011920929;0.800000011920929;0.800000011920929
lidar;21.0;39.0;24.934099197387695;25.05694580078125;9.714550018310547;0.2984413206577301;24.93449592590332;25.056602478027344;9.716272354125977;0.2966406495610777;0.9999725222578477;0.800000011920929;0.800000011920929;0.800000011920929
lidar;21.0;39.0;24.934314727783203;25.06206512451172;9.715489387512207;0.2985176742076874;24.931549072265625;25.064680099487305;9.703502655029297;0.3110945592859242;0.9997164607185905;0.800000011920929;0.800000011920929;0.800000011920929
lidar;21.0;39.0;24.934547424316406;25.06717300415039;9.716495513916016;0.2986154854297638;24.93486785888672;25.066844940185547;9.71788215637207;0.29715494289697403;0.9993889927586126;0.800000011920929;0.800000011920929;0.800000011920929
lidar;21.0;39.0;24.934812545776367;25.07225227355957;9.71764087677002;0.29865795373916626;24.935213088989258;25.071807861328125;9.719377517700195;0.2968206682594038;0.9992470145216527;0.800000011920929;0.800000011920929;0.800000011920929
lidar;21.0;39.0;24.935077667236328;25.077333450317383;9.718786239624023;0.29879140853881836;24.934974670410156;25.077455520629883;9.718341827392578;0.29926399558880434;0.9988007545413128;0.800000011920929;0.800000011920929;0.800000011920929
lidar;21.0;39.0;24.93534278869629;25.082420349121094;9.719934463500977;0.2990160584449768;24.931861877441406;25.086856842041016;9.704856872558594;0.3151134855082478;0.9980502127984883;0.800000011920929;0.800000011920929;0.800000011920929
lidar;21.0;39.0;24.93560791015625;25.08751678466797;9.721083641052246;0.2993324100971222;24.93505096435547;25.08827018737793;9.71867847442627;0.3019132404621334;0.996995568479102;0.800000011920929;0.800000011920929;0.800000011920929
lidar;21.0;39.0;24.93587303161621;25.09262466430664;9.722235679626465;0.299740731716156;24.937406539916992;25.090410232543945;9.728879928588867;0.292571579562564;0.9956372974201464;0.800000011920929;0.800000011920929;0.800000011920929
lidar;21.0;39.0;24.936243057250977;25.097591400146484;9.723840713500977;0.2997545003890991;24.941530227661133;25.08949851989746;9.74673843383789;0.274900379508632;0.99492687000443;0.800000011920929;0.800000011920929;0.800000011920929
lidar;21.0;39.0;24.936737060546875;25.102359771728516;9.725975036621094;0.29928168654441833;24.93599510192871;25.103557586669922;9.72276782989502;0.30278429393611145;0.9964988231729774;0.800000011920929;0.800000011920929;0.800000011920929
lidar;21.0;39.0;24.937227249145508;25.10711669921875;9.728103637695312;0.29890120029449463;24.940383911132812;25.101730346679688;9.741774559020996;0.2838725169151608;0.9977673889994844;0.800000011920929;0.800000011920929;0.800000011920929
lidar;21.0;39.0;24.93771743774414;25.111862182617188;9.73022747039795;0.2986125349998474;24.938806533813477;25.109909057617188;9.73493766784668;0.29339867323903895;0.9987320303760352;0.800000011920929;0.800000011920929;0.800000011920929
lidar;21.0;39.0;24.938207626342773;25.116600036621094;9.73234748840332;0.29841530323028564;24.93489646911621;25.122846603393555;9.718009948730469;0.31440106549458025;0.9993923903140169;0.800000011920929;0.800000011920929;0.800000011920929
lidar;21.0;39.0;24.938695907592773;25.121334075927734;9.734465599060059;0.2983090579509735;24.937761306762695;25.12318229675293;9.730417251586914;0.3028572539944912;0.9997483491986532;0.800000011920929;0.800000011920929;0.800000011920929
lidar;21.0;39.0;24.939186096191406;25.12606430053711;9.73658275604248;0.29829370975494385;24.941511154174805;25.12124252319336;9.746660232543945;0.28688241020773253;0.9997997879930698;0.800000011920929;0.800000011920929;0.800000011920929
lidar;21.0;39.0;24.939674377441406;25.130796432495117;9.738700866699219;0.2983693480491638;24.937986373901367;25.13445472717285;9.731392860412598;0.3067135864263869;0.9995466470604133;0.800000011920929;0.800000011920929;0.800000011920929
lidar;21.0;39.0;24.94016456604004;25.13553237915039;9.740819931030273;0.29853591322898865;24.93950843811035;25.13701629638672;9.737983703613281;0.30180252811240466;0.9989890456418619;0.800000011920929;0.800000011920929;0.800000011920929
lidar;21.0;39.0;24.94065284729004;25.140275955200195;9.742942810058594;0.298793762922287;24.942293167114258;25.13640022277832;9.750042915344238;0.29054018019231;0.998127222067819;0.800000011920929;0.800000011920929;0.800000011920929
lidar;21.0;39.0;24.941165924072266;25.144977569580078;9.745158195495605;0.29903870820999146;24.940284729003906;25.14714813232422;9.741340637207031;0.3035179636457787;0.9973098634469384;0.800000011920929;0.800000011920929;0.800000011920929
lidar;21.0;39.0;24.94169807434082;25.149633407592773;9.747468948364258;0.2992682158946991;24.94124984741211;25.150785446166992;9.745526313781738;0.30157033165950486;0.9965451953242241;0.800000011920929;0.800000011920929;0.800000011920929
lidar;21.0;39.0;24.942232131958008;25.154300689697266;9.749783515930176;0.29958951473236084;24.941844940185547;25.155336380004883;9.748102188110352;0.3016027607958968;0.9954768418476737;0.800000011920929;0.800000011920929;0.800000011920929
lidar;21.0;39.0;24.942890167236328;25.15863800048828;9.752633094787598;0.2993617355823517;24.945026397705078;25.1527042388916;9.761883735656738;0.288166633603571;0.9953662158878642;0.800000011920929;0.800000011920929;0.800000011920929
lidar;21.0;39.0;24.9436092376709;25.16279411315918;9.755743026733398;0.2989043593406677;24.949552536010742;25.145633697509766;9.781492233276367;0.26739451999792924;0.9968891143454036;0.800000011920929;0.800000011920929;0.800000011920929
lidar;21.0;39.0;24.944324493408203;25.166940689086914;9.758843421936035;0.29853925108909607;24.94411849975586;25.167556762695312;9.757953643798828;0.299640635276071;0.9981082677273205;0.800000011920929;0.800000011920929;0.800000011920929
lidar;21.0;39.0;24.945039749145508;25.171077728271484;9.761937141418457;0.29826581478118896;24.946277618408203;25.16722297668457;9.767301559448242;0.2915443360488847;0.9990234374755878;0.800000011920929;0.800000011920929;0.800000011920929
lidar;21.0;39.0;24.945751190185547;25.175209045410156;9.765026092529297;0.29808348417282104;24.944171905517578;25.180309295654297;9.758186340332031;0.30676047306953985;0.9996342659222472;0.800000011920929;0.800000011920929;0.800000011920929
lidar;21.0;39.0;24.94646453857422;25.179336547851562;9.768112182617188;0.29799219965934753;24.94904899597168;25.170677185058594;9.779308319091797;0.2836043720785932;0.9999405741659602;0.800000011920929;0.800000011920929;0.800000011920929
lidar;21.0;39.0;24.94717788696289;25.183462142944336;9.771198272705078;0.29799166321754456;24.945541381835938;25.18914031982422;9.764115333557129;0.3072156304575582;0.99994230270845;0.800000011920929;0.800000011920929;0.800000011920929
lidar;21.0;39.0;24.94788932800293;25.187589645385742;9.774284362792969;0.2980819344520569;24.946958541870117;25.190940856933594;9.770251274108887;0.3034079491286093;0.9996394514829018;0.800000011920929;0.800000011920929;0.800000011920929
lidar;21.0;39.0;24.9486026763916;25.19171905517578;9.777373313903809;0.29826316237449646;24.94951820373535;25.18830108642578;9.781344413757324;0.29294287388306584;0.9990320801385952;0.800000011920929;0.800000011920929;0.800000011920929
lidar;21.0;39.0;24.949316024780273;25.19585609436035;9.78046703338623;0.29853564500808716;24.9481258392334;25.20046043395996;9.775306701660156;0.3055530161029211;0.9981204272415343;0.800000011920929;0.800000011920929;0.800000011920929
lidar;21.0;39.0;24.95003318786621;25.200002670288086;9.783567428588867;0.2988996207714081;24.949220657348633;25.2032527923584;9.780049324035645;0.30375744548426825;0.9969047309328443;0.800000011920929;0.800000011920929;0.800000011920929
lidar;21.0;39.0;24.95075035095215;25.204160690307617;9.786676406860352;0.29935595393180847;24.950931549072266;25.203413009643555;9.787457466125488;0.29826028792211823;0.9953852889307194;0.800000011920929;0.800000011920929;0.800000011920929
lidar;21.0;39.0;24.951566696166992;25.207918167114258;9.790212631225586;0.29931068420410156;24.95318603515625;25.200963973999023;9.797228813171387;0.2892994632935332;0.9945983883149139;0.800000011920929;0.800000011920929;0.800000011920929
lidar;21.0;39.0;24.95244026184082;25.21141815185547;9.794001579284668;0.2989896535873413;24.951921463012695;25.213727951049805;9.791749954223633;0.30225769154393595;0.9956662654670445;0.800000011920929;0.800000011920929;0.800000011920929
lidar;21.0;39.0;24.948898315429688;24.788768768310547;9.795042991638184;0.29872700572013855;24.950204849243164;24.794166564941406;9.800280570983887;0.2910933059623999;0.9965416190473875;0.800000011920929;0.800000011920929;0.800000011920929
lidar;21.0;39.0;24.947959899902344;24.792266845703125;9.791275978088379;0.29904282093048096;24.946205139160156;24.78526496887207;9.78424072265625;0.3091224478886232;0.9954890608100924;0.800000011920929;0.800000011920929;0.800000011920929
lidar;21.0;39.0;24.94703483581543;24.79583740234375;9.787567138671875;0.29935789108276367;24.946683883666992;24.79448890686035;9.786163330078125;0.3013365168045606;0.9953784944109842;0.800000011920929;0.800000011920929;0.800000011920929
lidar;21.0;39.0;24.94626235961914;24.79999542236328;9.784470558166504;0.29890164732933044;24.945520401000977;24.797229766845703;9.781490325927734;0.3030349113563298;0.9968978761258794;0.800000011920929;0.800000011920929;0.800000011920929
lidar;21.0;39.0;24.945491790771484;24.804141998291016;9.781383514404297;0.2985377013683319;24.9432373046875;24.796035766601562;9.772335052490234;0.3108938318459161;0.9981134533895065;0.800000011920929;0.800000011920929;0.800000011920929
lidar;21.0;39.0;24.944725036621094;24.808279037475586;9.778302192687988;0.2982653081417084;24.946382522583008;24.814027786254883;9.784951210021973;0.2893205402778794;0.9990250468896553;0.800000011920929;0.800000011920929;0.800000011920929
lidar;21.0;39.0;24.943958282470703;24.812410354614258;9.775226593017578;0.2980841398239136;24.948322296142578;24.82701873779297;9.792731285095215;0.2748700918139767;0.9996323585290519;0.800000011920929;0.800000011920929;0.800000011920929
lidar;21.0;39.0;24.943191528320312;24.81653594970703;9.7721529006958;0.29799389839172363;24.938276290893555;24.8006649017334;9.752440452575684;0.32377502884090315;0.9999350905416204;0.800000011920929;0.800000011920929;0.800000011920929
lidar;21.0;39.0;24.942424774169922;24.820663452148438;9.76908016204834;0.2979945242404938;24.94331169128418;24.82342529296875;9.772638320922852;0.2934025533331874;0.9999333024072186;0.800000011920929;0.800000011920929;0.800000011920929
lidar;21.0;39.0;24.941659927368164;24.82478904724121;9.766007423400879;0.2980858385562897;24.939273834228516;24.817625045776367;9.756438255310059;0.31027589973256936;0.9996269345458831;0.800000011920929;0.800000011920929;0.800000011920929
lidar;21.0;39.0;24.94089126586914;24.828920364379883;9.762930870056152;0.29826804995536804;24.942420959472656;24.83334732055664;9.769065856933594;0.2905491401495753;0.9990159868814524;0.800000011920929;0.800000011920929;0.800000011920929
lidar;21.0;39.0;24.94012451171875;24.833057403564453;9.759849548339844;0.29854151606559753;24.937808990478516;24.82660484313965;9.750567436218262;0.31008039896810574;0.9981007576081133;0.800000011920929;0.800000011920929;0.800000011920929
lidar;21.0;39.0;24.939353942871094;24.837203979492188;9.756762504577637;0.2989066541194916;24.938602447509766;24.835186004638672;9.75374698638916;0.3026121670276169;0.9968815444536601;0.800000011920929;0.800000011920929;0.800000011920929
lidar;21.0;39.0;24.938581466674805;24.84136199951172;9.753665924072266;0.2993640601634979;24.938316345214844;24.840673446655273;9.752598762512207;0.3006615306236418;0.9953585864379264;0.800000011920929;0.800000011920929;0.800000011920929
lidar;21.0;39.0;24.937807083129883;24.84553337097168;9.75055980682373;0.2999142110347748;24.936180114746094;24.841489791870117;9.744030952453613;0.30776372008470726;0.9935324786389257;0.800000011920929;0.800000011920929;0.800000011920929
lidar;21.0;39.0;24.937244415283203;24.85023307800293;9.74830150604248;0.29953381419181824;24.93351936340332;24.84134292602539;9.73336124420166;0.3173138940686696;0.9956613181995437;0.800000011920929;0.800000011920929;0.800000011920929
lidar;21.0;39.0;24.936716079711914;24.854997634887695;9.74617862701416;0.29909181594848633;24.93904685974121;24.860340118408203;9.75553035736084;0.2880727324587943;0.9971325991166403;0.800000011920929;0.800000011920929;0.800000011920929
lidar;21.0;39.0;24.936187744140625;24.85974884033203;9.744061470031738;0.29874199628829956;24.933189392089844;24.853158950805664;9.732035636901855;0.3127793614624603;0.9983001946648717;0.800000011920929;0.800000011920929;0.800000011920929
lidar;21.0;39.0;24.93566131591797;24.864490509033203;9.741949081420898;0.29848378896713257;24.93590545654297;24.865007400512695;9.742932319641113;0.29734574754966553;0.9991636276804928;0.800000011920929;0.800000011920929;0.800000011920929
lidar;21.0;39.0;24.935134887695312;24.869226455688477;9.739839553833008;0.2983168661594391;24.935312271118164;24.869583129882812;9.74055004119873;0.29750217252205374;0.9997227787999813;0.800000011920929;0.800000011920929;0.800000011920929
lidar;21.0;39.0;24.934608459472656;24.873958587646484;9.737730979919434;0.29824092984199524;24.931406021118164;24.867782592773438;9.724883079528809;0.31285090236004603;0.9999774098409598;0.800000011920929;0.800000011920929;0.800000011920929
lidar;21.0;39.0;24.934083938598633;24.87868881225586;9.735623359680176;0.2982558012008667;24.932167053222656;24.87516212463379;9.727938652038574;0.3069252360897112;0.9999274015472301;0.800000011920929;0.800000011920929;0.800000011920929
lidar;21.0;39.0;24.933557510375977;24.883420944213867;9.733514785766602;0.29836151003837585;24.932479858398438;24.881528854370117;9.729188919067383;0.3032053933277846;0.9995728135378252;0.800000011920929;0.800000011920929;0.800000011920929
lidar;21.0;39.0;24.93303108215332;24.888158798217773;9.731404304504395;0.2985583245754242;24.9307804107666;24.884397506713867;9.722372055053711;0.3085981273268026;0.9989137054233463;0.800000011920929;0.800000011920929;0.800000011920929
lidar;21.0;39.0;24.932504653930664;24.892902374267578;9.729290008544922;0.2988464832305908;24.930587768554688;24.889862060546875;9.721603393554688;0.30733211686239387;0.9979503155097118;0.800000011920929;0.800000011920929;0.800000011920929
lidar;21.0;39.0;24.931976318359375;24.897659301757812;9.727170944213867;0.29922643303871155;24.933008193969727;24.899211883544922;9.731313705444336;0.29468368682082285;0.9966830015299433;0.800000011920929;0.800000011920929;0.800000011920929
lidar;21.0;39.0;24.93150520324707;24.90251350402832;9.725285530090332;0.2994386851787567;24.93397331237793;24.906024932861328;9.735185623168945;0.28864734581781193;0.9959762099343961;0.800000011920929;0.800000011920929;0.800000011920929
lidar;21.0;39.0;24.931041717529297;24.90738296508789;9.723421096801758;0.29971471428871155;24.9317569732666;24.908344268798828;9.72629165649414;0.29660484396565123;0.9950584172020197;0.800000011920929;0.800000011920929;0.800000011920929
lidar;21.0;39.0;24.93069839477539;24.91242027282715;9.722047805786133;0.2995501458644867;24.929826736450195;24.911317825317383;9.718549728393555;0.30332066156343734;0.9962704184585393;0.800000011920929;0.800000011920929;0.800000011920929
lidar;21.0;39.0;24.93041229248047;24.91752052307129;9.720901489257812;0.2992345094680786;24.933216094970703;24.92084312438965;9.732144355773926;0.2871809670719066;0.997321367486822;0.800000011920929;0.800000011920929;0.800000011920929
lidar;21.0;39.0;24.93012809753418;24.922609329223633;9.719757080078125;0.2990105152130127;24.926612854003906;24.918716430664062;9.705657958984375;0.31405425662093356;0.9980683327724225;0.800000011920929;0.800000011920929;0.800000011920929
lidar;21.0;39.0;24.929841995239258;24.92769432067871;9.71861457824707;0.29887786507606506;24.931324005126953;24.929222106933594;9.724555969238281;0.29256733524958306;0.9985113739385871;0.800000011920929;0.800000011920929;0.800000011920929
lidar;21.0;39.0;24.929588317871094;24.93280601501465;9.717595100402832;0.29870617389678955;24.92805290222168;24.93134117126465;9.711438179016113;0.3052182580606104;0.999085545568135;0.800000011920929;0.800000011920929;0.800000011920929
lidar;21.0;39.0;24.92935562133789;24.937929153442383;9.716658592224121;0.29853886365890503;24.92645263671875;24.935379028320312;9.70501708984375;0.3108054909623595;0.9996457695852431;0.800000011920929;0.800000011920929;0.800000011920929
lidar;21.0;39.0;24.929122924804688;24.943050384521484;9.715723991394043;0.29846253991127014;24.930131912231445;24.943862915039062;9.71977710723877;0.2942071723745857;0.9999015331251099;0.800000011920929;0.800000011920929;0.800000011920929
lidar;21.0;39.0;24.92888832092285;24.948169708251953;9.714788436889648;0.2984771728515625;24.92776107788086;24.94734764099121;9.710265159606934;0.3032114851996684;0.999852716916195;0.800000011920929;0.800000011920929;0.800000011920929
lidar;21.0;39.0;24.928667068481445;24.953298568725586;9.713896751403809;0.298537015914917;24.93335723876953;24.956369400024414;9.732710838317871;0.27890609880972617;0.9996524453314113;0.800000011920929;0.800000011920929;0.800000011920929
lidar;21.0;39.0;24.92849349975586;24.958459854125977;9.713202476501465;0.2984825372695923;24.932231903076172;24.960630416870117;9.728194236755371;0.28287963038095687;0.9998347759193755;0.800000011920929;0.800000011920929;0.800000011920929
lidar;21.0;39.0;24.928319931030273;24.963619232177734;9.712507247924805;0.2985190451145172;24.93433952331543;24.9666748046875;9.736650466918945;0.27344934900340867;0.9997125863987341;0.800000011920929;0.800000011920929;0.800000011920929
lidar;21.0;39.0;24.928146362304688;24.968782424926758;9.711812019348145;0.29864636063575745;24.92807960510254;24.968753814697266;9.711544036865234;0.2989237146569251;0.9992858171322211;0.800000011920929;0.800000011920929;0.800000011920929
lidar;21.0;39.0;24.928020477294922;24.973970413208008;9.711309432983398;0.2986648380756378;24.932071685791016;24.975433349609375;9.727550506591797;0.28186258480811505;0.999223768664119;0.800000011920929;0.800000011920929;0.800000011920929
lidar;21.0;39.0;24.927913665771484;24.979164123535156;9.710881233215332;0.29869747161865234;24.932231903076172;24.980411529541016;9.728199005126953;0.28080573327827446;0.999114513383609;0.800000011920929;0.800000011920929;0.800000011920929
lidar;21.0;39.0;24.927806854248047;24.98436164855957;9.71045207977295;0.2988210916519165;24.928987503051758;24.984617233276367;9.715184211730957;0.29393786968399827;0.9987008571312146;0.800000011920929;0.800000011920929;0.800000011920929
lidar;21.0;39.0;24.927753448486328;24.989572525024414;9.710238456726074;0.2988146245479584;24.92729377746582;24.989505767822266;9.708392143249512;0.30071803855995255;0.9987226724242858;0.800000011920929;0.800000011920929;0.800000011920929
lidar;21.0;39.0;24.927719116210938;24.99478530883789;9.71009349822998;0.2988274097442627;24.929134368896484;24.99488639831543;9.71576976776123;0.29297649761810446;0.9986800551223872;0.800000011920929;0.800000011920929;0.800000011920929
lidar;21.0;39.0;24.92768096923828;25.0;9.709948539733887;0.2989313006401062;24.926292419433594;25.0;9.704373359680176;0.3046768340878327;0.9983333945197235;0.800000011920929;0.800000011920929;0.800000011920929
lidar;21.0;39.0;24.927719116210938;25.00521469116211;9.71009349822998;0.29882749915122986;24.92747688293457;25.005231857299805;9.709123611450195;0.29982725438550917;0.9986800551223872;0.800000011920929;0.800000011920929;0.800000011920929
lidar;21.0;39.0;24.927753448486328;25.010427474975586;9.710238456726074;0.2988146245479584;24.93415069580078;25.009504318237305;9.735892295837402;0.2723588974219767;0.9987226724242858;0.800000011920929;0.800000011920929;0.800000011920929
lidar;21.0;39.0;24.927806854248047;25.01563835144043;9.710453033447266;0.2988210618495941;24.924165725708008;25.016427993774414;9.69584846496582;0.3138931122695542;0.9987008571312146;0.800000011920929;0.800000011920929;0.800000011920929
lidar;21.0;39.0;24.927913665771484;25.020835876464844;9.710881233215332;0.2986973524093628;24.924028396606445;25.02195930480957;9.695292472839355;0.31480222239287364;0.999114513383609;0.800000011920929;0.800000011920929;0.800000011920929
lidar;21.0;39.0;24.928020477294922;25.026029586791992;9.711309432983398;0.29866480827331543;24.928010940551758;25.026033401489258;9.711267471313477;0.2987086223381684;0.999223768664119;0.800000011920929;0.800000011920929;0.800000011920929
lidar;21.0;39.0;24.928146362304688;25.031217575073242;9.711812019348145;0.29864633083343506;24.92815589904785;25.031211853027344;9.711852073669434;0.29860514104434205;0.9992858171322211;0.800000011920929;0.800000011920929;0.800000011920929
lidar;21.0;39.0;24.928319931030273;25.036380767822266;9.712507247924805;0.2985188961029053;24.927846908569336;25.03662109375;9.710606575012207;0.3004925789279154;0.9997125863987341;0.800000011920929;0.800000011920929;0.800000011920929
lidar;21.0;39.0;24.92849349975586;25.041540145874023;9.713202476501465;0.29848238825798035;24.93012237548828;25.04059410095215;9.71973705291748;0.29168143059815754;0.9998347759193755;0.800000011920929;0.800000011920929;0.800000011920929
lidar;21.0;39.0;24.928667068481445;25.046701431274414;9.713896751403809;0.2985369563102722;24.92864990234375;25.04671287536621;9.71383285522461;0.298604480953176;0.9996524453314113;0.800000011920929;0.800000011920929;0.800000011920929
lidar;21.0;39.0;24.92888832092285;25.051830291748047;9.714788436889648;0.2984771132469177;24.929462432861328;25.051410675048828;9.717092514038086;0.29606645211112614;0.999852716916195;0.800000011920929;0.800000011920929;0.800000011920929
lidar;21.0;39.0;24.929122924804688;25.056949615478516;9.715723991394043;0.29846248030662537;24.927644729614258;25.058135986328125;9.709796905517578;0.304685226499307;0.9999015331251099;0.800000011920929;0.800000011920929;0.800000011920929
lidar;21.0;39.0;24.92935562133789;25.062070846557617;9.716659545898438;0.29853877425193787;24.92768096923828;25.063541412353516;9.709941864013672;0.3056158940420761;0.9996457695852431;0.800000011920929;0.800000011920929;0.800000011920929
lidar;21.0;39.0;24.929588317871094;25.06719398498535;9.717595100402832;0.29870617389678955;24.929182052612305;25.067581176757812;9.715967178344727;0.30042763543389833;0.999085545568135;0.800000011920929;0.800000011920929;0.800000011920929
lidar;21.0;39.0;24.929841995239258;25.07230567932129;9.71861457824707;0.29887789487838745;24.930776596069336;25.07134437561035;9.722356796264648;0.2949024439644265;0.9985113739385871;0.800000011920929;0.800000011920929;0.800000011920929
lidar;21.0;39.0;24.93012809753418;25.077390670776367;9.719757080078125;0.29901057481765747;24.929935455322266;25.07760238647461;9.718986511230469;0.2998333268789908;0.9980683327724225;0.800000011920929;0.800000011920929;0.800000011920929
lidar;21.0;39.0;24.93041229248047;25.08247947692871;9.720901489257812;0.2992345094680786;24.928312301635742;25.08496856689453;9.712477684020996;0.3082661158720138;0.997321367486822;0.800000011920929;0.800000011920929;0.800000011920929
lidar;21.0;39.0;24.93069839477539;25.08757972717285;9.722047805786133;0.2995501458644867;24.928476333618164;25.09038734436035;9.713135719299316;0.3091551984944828;0.9962704184585393;0.800000011920929;0.800000011920929;0.800000011920929
lidar;21.0;39.0;24.931041717529297;25.09261703491211;9.723421096801758;0.29971471428871155;24.936609268188477;25.08513832092285;9.745755195617676;0.2755127191724006;0.995058358019664;0.800000011920929;0.800000011920929;0.800000011920929
lidar;21.0;39.0;24.93150520324707;25.09748649597168;9.725285530090332;0.2994386553764343;24.92926788330078;25.100671768188477;9.716314315795898;0.30921732076554365;0.9959761498406079;0.800000011920929;0.800000011920929;0.800000011920929
lidar;21.0;39.0;24.931976318359375;25.102340698242188;9.727170944213867;0.29922646284103394;24.931903839111328;25.10245132446289;9.726879119873047;0.29954658698706577;0.9966830015299433;0.800000011920929;0.800000011920929;0.800000011920929
lidar;21.0;39.0;24.932504653930664;25.107097625732422;9.729290008544922;0.2988464832305908;24.933191299438477;25.106008529663086;9.732041358947754;0.29580981392753286;0.9979503155097118;0.800000011920929;0.800000011920929;0.800000011920929
lidar;21.0;39.0;24.93303108215332;25.111841201782227;9.731404304504395;0.2985582947731018;24.932830810546875;25.1121768951416;9.730598449707031;0.2994543650982336;0.9989137054233463;0.800000011920929;0.800000011920929;0.800000011920929
lidar;21.0;39.0;24.933557510375977;25.116579055786133;9.733514785766602;0.29836148023605347;24.93086814880371;25.121299743652344;9.722724914550781;0.3104417436831857;0.9995728135378252;0.800000011920929;0.800000011920929;0.800000011920929
lidar;21.0;39.0;24.934083938598633;25.12131118774414;9.735623359680176;0.2982557415962219;24.930736541748047;25.127470016479492;9.722201347351074;0.31339724936176266;0.9999273419348653;0.800000011920929;0.800000011920929;0.800000011920929
lidar;21.0;39.0;24.934608459472656;25.126041412353516;9.737730979919434;0.2982408404350281;24.933326721191406;25.12851333618164;9.732587814331055;0.30408954355934736;0.9999774098409598;0.800000011920929;0.800000011920929;0.800000011920929
lidar;21.0;39.0;24.935134887695312;25.130773544311523;9.739839553833008;0.2983168065547943;24.935714721679688;25.129602432250977;9.742168426513672;0.29564550449154775;0.9997227787999813;0.800000011920929;0.800000011920929;0.800000011920929
lidar;21.0;39.0;24.93566131591797;25.135509490966797;9.741949081420898;0.2984837591648102;24.937746047973633;25.13111686706543;9.750313758850098;0.2888080396690482;0.9991636872402813;0.800000011920929;0.800000011920929;0.800000011920929
lidar;21.0;39.0;24.936187744140625;25.14025115966797;9.744061470031738;0.2987419366836548;24.937419891357422;25.137542724609375;9.749002456665039;0.29297530762767593;0.9983002543710076;0.800000011920929;0.800000011920929;0.800000011920929
lidar;21.0;39.0;24.936716079711914;25.145002365112305;9.74617862701416;0.2990918457508087;24.935319900512695;25.14820098876953;9.740578651428223;0.3056905210730828;0.9971326588808774;0.800000011920929;0.800000011920929;0.800000011920929
lidar;21.0;39.0;24.937244415283203;25.14976692199707;9.74830150604248;0.29953381419181824;24.93814468383789;25.147619247436523;9.751912117004395;0.2952371103060944;0.9956613778219363;0.800000011920929;0.800000011920929;0.800000011920929
lidar;21.0;39.0;24.937807083129883;25.15446662902832;9.75055980682373;0.2999141812324524;24.941041946411133;25.146432876586914;9.763534545898438;0.28431378823143394;0.9935323593522819;0.800000011920929;0.800000011920929;0.800000011920929
lidar;21.0;39.0;24.938581466674805;25.15863800048828;9.753665924072266;0.29936397075653076;24.934741973876953;25.168560028076172;9.738261222839355;0.3180848935601541;0.995358467413364;0.800000011920929;0.800000011920929;0.800000011920929
lidar;21.0;39.0;24.939353942871094;25.162796020507812;9.756762504577637;0.2989065945148468;24.93889808654785;25.16402244567871;9.754929542541504;0.30115896573486606;0.9968814850710223;0.800000011920929;0.800000011920929;0.800000011920929
lidar;21.0;39.0;24.94012451171875;25.166942596435547;9.759849548339844;0.29854145646095276;24.93810272216797;25.17258071899414;9.751739501953125;0.30862366161420224;0.9981006979408984;0.800000011920929;0.800000011920929;0.800000011920929
lidar;21.0;39.0;24.94089126586914;25.171079635620117;9.762930870056152;0.2982679605484009;24.938373565673828;25.17836570739746;9.752832412719727;0.3109725802271763;0.9990159272352939;0.800000011920929;0.800000011920929;0.800000011920929
lidar;21.0;39.0;24.941659927368164;25.17521095275879;9.766007423400879;0.29808568954467773;24.9442081451416;25.167556762695312;9.776228904724121;0.28506417593644134;0.999626874919002;0.800000011920929;0.800000011920929;0.800000011920929
lidar;21.0;39.0;24.942424774169922;25.179336547851562;9.76908016204834;0.29799431562423706;24.939708709716797;25.18779945373535;9.758184432983398;0.31205506488330953;0.9999333024072186;0.800000011920929;0.800000011920929;0.800000011920929
lidar;21.0;39.0;24.943191528320312;25.18346405029297;9.7721529006958;0.2979937493801117;24.941482543945312;25.18897819519043;9.765303611755371;0.3069521785510927;0.999935150141322;0.800000011920929;0.800000011920929;0.800000011920929
lidar;21.0;39.0;24.943958282470703;25.187589645385742;9.775226593017578;0.298084020614624;24.94405746459961;25.187257766723633;9.775623321533203;0.2975569721376342;0.9996323585290519;0.800000011920929;0.800000011920929;0.800000011920929
lidar;21.0;39.0;24.944725036621094;25.191720962524414;9.778302192687988;0.2982652485370636;24.94644546508789;25.185752868652344;9.78520393371582;0.28898000383899;0.999025106423379;0.800000011920929;0.800000011920929;0.800000011920929
lidar;21.0;39.0;24.945491790771484;25.195858001708984;9.781383514404297;0.29853764176368713;24.94707679748535;25.190166473388672;9.787737846374512;0.28986045689117934;0.9981135130849301;0.800000011920929;0.800000011920929;0.800000011920929
lidar;21.0;39.0;24.94626235961914;25.20000457763672;9.784470558166504;0.29890161752700806;24.94779396057129;25.194307327270508;9.790610313415527;0.2903875961255303;0.9968979359388944;0.800000011920929;0.800000011920929;0.800000011920929
lidar;21.0;39.0;24.94703483581543;25.20416259765625;9.787567138671875;0.2993578612804413;24.94856071472168;25.19827651977539;9.793689727783203;0.2907292785589649;0.9953786131790836;0.800000011920929;0.800000011920929;0.800000011920929
lidar;21.0;39.0;24.947959899902344;25.207733154296875;9.791275978088379;0.29904279112815857;24.949682235717773;25.200851440429688;9.798190116882324;0.2891369419459174;0.9954891802727343;0.800000011920929;0.800000011920929;0.800000011920929
lidar;21.0;39.0;24.948898315429688;25.211231231689453;9.795042991638184;0.2987269461154938;24.947071075439453;25.218786239624023;9.787713050842285;0.3094093401012727;0.9965417385340086;0.800000011920929;0.800000011920929;0.800000011920929
lidar;21.0;39.0;24.945369720458984;24.788923263549805;9.79611587524414;0.29850783944129944;24.946889877319336;24.7947998046875;9.80179214477539;0.2901970032140702;0.9972732663596383;0.800000011920929;0.800000011920929;0.800000011920929
lidar;21.0;39.0;24.944366455078125;24.792423248291016;9.79237174987793;0.2988193929195404;24.94533920288086;24.796051025390625;9.796001434326172;0.2935954518135998;0.996233343996436;0.800000011920929;0.800000011920929;0.800000011920929
lidar;21.0;39.0;24.943361282348633;24.795930862426758;9.788619041442871;0.29922279715538025;24.94407081604004;24.798486709594727;9.791267395019531;0.2954741915928968;0.9948900343882452;0.800000011920929;0.800000011920929;0.800000011920929
lidar;21.0;39.0;24.9424991607666;24.799959182739258;9.785401344299316;0.298957496881485;24.94168472290039;24.797130584716797;9.782367706298828;0.30318406116279184;0.9967115519747801;0.800000011920929;0.800000011920929;0.800000011920929
lidar;21.0;39.0;24.941675186157227;24.80410385131836;9.782326698303223;0.29859423637390137;24.94291877746582;24.808284759521484;9.786971092224121;0.29222381311597107;0.9979242684053835;0.800000011920929;0.800000011920929;0.800000011920929
lidar;21.0;39.0;24.940853118896484;24.808242797851562;9.779258728027344;0.2983226180076599;24.942811965942383;24.814592361450195;9.786569595336914;0.28844196936771943;0.9988330005729233;0.800000011920929;0.800000011920929;0.800000011920929
lidar;21.0;39.0;24.940031051635742;24.8123722076416;9.77619457244873;0.2981421947479248;24.93991470336914;24.8120059967041;9.775755882263184;0.298726648622538;0.999437510994619;0.800000011920929;0.800000011920929;0.800000011920929
lidar;21.0;39.0;24.939210891723633;24.816499710083008;9.773134231567383;0.2980527877807617;24.942089080810547;24.82518768310547;9.78387451171875;0.2839419119481235;0.999737501155198;0.800000011920929;0.800000011920929;0.800000011920929
lidar;21.0;39.0;24.938392639160156;24.820627212524414;9.770073890686035;0.2980540990829468;24.941869735717773;24.83074951171875;9.783050537109375;0.28123231413049127;0.9997330903901144;0.800000011920929;0.800000011920929;0.800000011920929
lidar;21.0;39.0;24.937572479248047;24.82475471496582;9.767013549804688;0.29814624786376953;24.937917709350586;24.82572364807129;9.768303871154785;0.2964952282899201;0.9994240403134422;0.800000011920929;0.800000011920929;0.800000011920929
lidar;21.0;39.0;24.936750411987305;24.828886032104492;9.763949394226074;0.29832929372787476;24.938446044921875;24.833471298217773;9.77027702331543;0.2903332211395585;0.9988105893380173;0.800000011920929;0.800000011920929;0.800000011920929
lidar;21.0;39.0;24.935928344726562;24.833023071289062;9.760881423950195;0.29860368371009827;24.93574333190918;24.83254051208496;9.760190963745117;0.29946629720746454;0.9978929161674365;0.800000011920929;0.800000011920929;0.800000011920929
lidar;21.0;39.0;24.935104370117188;24.837169647216797;9.757806777954102;0.2989695966243744;24.932546615600586;24.830751419067383;9.748261451721191;0.3107525148165335;0.9966712596784233;0.800000011920929;0.800000011920929;0.800000011920929
lidar;21.0;39.0;24.93427848815918;24.841327667236328;9.754722595214844;0.29942786693573;24.93775177001953;24.849712371826172;9.767683982849121;0.2836059762658338;0.9951459767248632;0.800000011920929;0.800000011920929;0.800000011920929
lidar;21.0;39.0;24.933515548706055;24.845651626586914;9.751873970031738;0.29968300461769104;24.93163299560547;24.841279983520508;9.744847297668457;0.30816989380213355;0.9942988160050892;0.800000011920929;0.800000011920929;0.800000011920929
lidar;21.0;39.0;24.932857513427734;24.850221633911133;9.749417304992676;0.2995549738407135;24.92822265625;24.839887619018555;9.732126235961914;0.3202255683354398;0.9955912827741903;0.800000011920929;0.800000011920929;0.800000011920929
lidar;21.0;39.0;24.93229103088379;24.8549861907959;9.74730396270752;0.29911312460899353;24.927867889404297;24.84551429748535;9.730796813964844;0.3186524237692341;0.9970619082156226;0.800000011920929;0.800000011920929;0.800000011920929
lidar;21.0;39.0;24.931726455688477;24.859739303588867;9.745196342468262;0.2987633943557739;24.930051803588867;24.856300354003906;9.738947868347168;0.3060893919034061;0.9982288480676851;0.800000011920929;0.800000011920929;0.800000011920929
lidar;21.0;39.0;24.931161880493164;24.86448097229004;9.74309253692627;0.29850539565086365;24.929393768310547;24.860998153686523;9.736491203308105;0.3061757547519657;0.999091625283645;0.800000011920929;0.800000011920929;0.800000011920929
lidar;21.0;39.0;24.930599212646484;24.869216918945312;9.740991592407227;0.2983386516571045;24.932554244995117;24.872900009155273;9.748286247253418;0.2899361739722493;0.9996501207428348;0.800000011920929;0.800000011920929;0.800000011920929
lidar;21.0;39.0;24.930036544799805;24.87394905090332;9.738892555236816;0.2982628047466278;24.930522918701172;24.87482452392578;9.74070930480957;0.2961880064260605;0.9999040961294245;0.800000011920929;0.800000011920929;0.800000011920929
lidar;21.0;39.0;24.929473876953125;24.878679275512695;9.736794471740723;0.2982778549194336;24.92915916442871;24.878137588500977;9.735620498657227;0.299608747480453;0.9998534917720927;0.800000011920929;0.800000011920929;0.800000011920929
lidar;21.0;39.0;24.928911209106445;24.883411407470703;9.734695434570312;0.29838380217552185;24.92695426940918;24.88020133972168;9.727389335632324;0.3066003787768286;0.9994983673104825;0.800000011920929;0.800000011920929;0.800000011920929
lidar;21.0;39.0;24.928348541259766;24.88814926147461;9.732593536376953;0.2985807955265045;24.92673110961914;24.8856258392334;9.726560592651367;0.3053177448607537;0.9988387823806663;0.800000011920929;0.800000011920929;0.800000011920929
lidar;21.0;39.0;24.927797317504883;24.892913818359375;9.730534553527832;0.2988188862800598;24.922649383544922;24.885278701782227;9.711323738098145;0.3201216667809959;0.9980425836438053;0.800000011920929;0.800000011920929;0.800000011920929
lidar;21.0;39.0;24.92730140686035;24.89776611328125;9.728687286376953;0.2989097535610199;24.928451538085938;24.899383544921875;9.732979774475098;0.2941811578901379;0.9977391363519736;0.800000011920929;0.800000011920929;0.800000011920929
lidar;21.0;39.0;24.926807403564453;24.902626037597656;9.726839065551758;0.29909172654151917;24.92559814453125;24.901018142700195;9.722329139709473;0.30403002398679;0.9971318841528309;0.800000011920929;0.800000011920929;0.800000011920929
lidar;21.0;39.0;24.926311492919922;24.90749168395996;9.724987983703613;0.2993650436401367;24.932390213012695;24.915122985839844;9.747678756713867;0.27466535683009785;0.9962208867153521;0.800000011920929;0.800000011920929;0.800000011920929
lidar;21.0;39.0;24.925813674926758;24.91236686706543;9.723133087158203;0.2997303009033203;24.92278480529785;24.908790588378906;9.711830139160156;0.31196665598747625;0.995006322709752;0.800000011920929;0.800000011920929;0.800000011920929
lidar;21.0;39.0;24.92547607421875;24.917436599731445;9.72187614440918;0.29953891038894653;24.925403594970703;24.917354583740234;9.721599578857422;0.2998365833541319;0.9963076713203994;0.800000011920929;0.800000011920929;0.800000011920929
lidar;21.0;39.0;24.9251708984375;24.922531127929688;9.720734596252441;0.2993159592151642;24.922426223754883;24.919689178466797;9.710488319396973;0.31029784264183374;0.9970496891242908;0.800000011920929;0.800000011920929;0.800000011920929
lidar;21.0;39.0;24.924894332885742;24.92764663696289;9.719698905944824;0.29907292127609253;24.92361831665039;24.926420211791992;9.714941024780273;0.3041497680179186;0.9978603126489916;0.800000011920929;0.800000011920929;0.800000011920929
lidar;21.0;39.0;24.92464256286621;24.932781219482422;9.718765258789062;0.29881444573402405;24.93011474609375;24.93766212463379;9.73918628692627;0.2771163786268428;0.9987233877842397;0.800000011920929;0.800000011920929;0.800000011920929
lidar;21.0;39.0;24.924394607543945;24.937908172607422;9.717832565307617;0.2986474335193634;24.924360275268555;24.93787956237793;9.7177095413208;0.2987773165040005;0.9992823005265625;0.800000011920929;0.800000011920929;0.800000011920929
lidar;21.0;39.0;24.924142837524414;24.943029403686523;9.716900825500488;0.29857146739959717;24.92420768737793;24.943077087402344;9.71713638305664;0.2983226268136717;0.9995366930845339;0.800000011920929;0.800000011920929;0.800000011920929
lidar;21.0;39.0;24.92389488220215;24.948150634765625;9.71596908569336;0.2985864281654358;24.92359733581543;24.947948455810547;9.714859008789062;0.2997534417394737;0.9994867443730312;0.800000011920929;0.800000011920929;0.800000011920929
lidar;21.0;39.0;24.923696517944336;24.953306198120117;9.715231895446777;0.2984882891178131;24.922508239746094;24.952579498291016;9.710797309875488;0.30313639093096706;0.9998154044235459;0.800000011920929;0.800000011920929;0.800000011920929
lidar;21.0;39.0;24.923511505126953;24.958465576171875;9.714540481567383;0.29843375086784363;24.92807388305664;24.9609432220459;9.73156452178955;0.2806362728158597;0.9999981522559904;0.800000011920929;0.800000011920929;0.800000011920929
lidar;21.0;39.0;24.92332649230957;24.963624954223633;9.713849067687988;0.29847007989883423;24.923297882080078;24.963611602783203;9.713741302490234;0.29858211178983857;0.9998763203612225;0.800000011920929;0.800000011920929;0.800000011920929
lidar;21.0;39.0;24.92314910888672;24.968791961669922;9.713189125061035;0.2985643148422241;24.924400329589844;24.96929931640625;9.717859268188477;0.2937027093445006;0.999560236930582;0.800000011920929;0.800000011920929;0.800000011920929
lidar;21.0;39.0;24.92303466796875;24.973983764648438;9.712762832641602;0.2985057532787323;24.925579071044922;24.974842071533203;9.722253799438477;0.2886425691778444;0.9997562765885707;0.800000011920929;0.800000011920929;0.800000011920929
lidar;21.0;39.0;24.92292022705078;24.979175567626953;9.712336540222168;0.2985381782054901;24.921722412109375;24.978851318359375;9.707862854003906;0.3031813494285383;0.9996477365514673;0.800000011920929;0.800000011920929;0.800000011920929
lidar;21.0;39.0;24.922805786132812;24.9843692779541;9.711910247802734;0.298661470413208;24.923221588134766;24.984453201293945;9.713457107543945;0.2970583880237613;0.9992346763799445;0.800000011920929;0.800000011920929;0.800000011920929
lidar;21.0;39.0;24.92276382446289;24.989580154418945;9.711751937866211;0.29859864711761475;24.92228889465332;24.98951530456543;9.70997428894043;0.30043949353971466;0.999445140366286;0.800000011920929;0.800000011920929;0.800000011920929
lidar;21.0;39.0;24.922725677490234;24.994789123535156;9.711607933044434;0.29861128330230713;24.921302795410156;24.994691848754883;9.706295013427734;0.30411247303759176;0.9994029403004401;0.800000011920929;0.800000011920929;0.800000011920929
lidar;21.0;39.0;24.922687530517578;25.0;9.711463928222656;0.2987149655818939;24.926061630249023;25.0;9.724061012268066;0.2856732457515956;0.9990563392437225;0.800000011920929;0.800000011920929;0.800000011920929
lidar;21.0;39.0;24.922725677490234;25.005210876464844;9.711607933044434;0.2986113429069519;24.92278289794922;25.005207061767578;9.711822509765625;0.2983887356204505;0.9994029403004401;0.800000011920929;0.800000011920929;0.800000011920929
lidar;21.0;39.0;24.92276382446289;25.010419845581055;9.711751937866211;0.29859867691993713;24.92106819152832;25.010648727416992;9.70542049407959;0.3051574431300037;0.999445140366286;0.800000011920929;0.800000011920929;0.800000011920929
lidar;21.0;39.0;24.922805786132812;25.0156307220459;9.711910247802734;0.2986615002155304;24.92418670654297;25.015350341796875;9.717061042785645;0.2933223845332349;0.9992346763799445;0.800000011920929;0.800000011920929;0.800000011920929
lidar;21.0;39.0;24.92292022705078;25.020824432373047;9.712336540222168;0.29853808879852295;24.917713165283203;25.022232055664062;9.692901611328125;0.3187078672817147;0.9996477365514673;0.800000011920929;0.800000011920929;0.800000011920929
lidar;21.0;39.0;24.92303466796875;25.026016235351562;9.712762832641602;0.29850566387176514;24.91822624206543;25.02764129638672;9.694817543029785;0.3171544966748464;0.9997562765885707;0.800000011920929;0.800000011920929;0.800000011920929
lidar;21.0;39.0;24.92314910888672;25.031208038330078;9.713189125061035;0.2985643446445465;24.923477172851562;25.03107452392578;9.714415550231934;0.29728769155361795;0.999560236930582;0.800000011920929;0.800000011920929;0.800000011920929
lidar;21.0;39.0;24.92332649230957;25.036375045776367;9.713849067687988;0.29846999049186707;24.925825119018555;25.035188674926758;9.723177909851074;0.28873980805865573;0.9998763203612225;0.800000011920929;0.800000011920929;0.800000011920929
lidar;21.0;39.0;24.923511505126953;25.041534423828125;9.714540481567383;0.2984336316585541;24.920480728149414;25.043180465698242;9.703227043151855;0.31026185433996295;0.9999981522559904;0.800000011920929;0.800000011920929;0.800000011920929
lidar;21.0;39.0;24.923696517944336;25.046693801879883;9.715231895446777;0.29848816990852356;24.92621612548828;25.04515266418457;9.724632263183594;0.28863502498987637;0.9998154044235459;0.800000011920929;0.800000011920929;0.800000011920929
lidar;21.0;39.0;24.92389488220215;25.051849365234375;9.71596908569336;0.2985864281654358;24.925098419189453;25.051029205322266;9.720460891723633;0.2938651515144992;0.9994867443730312;0.800000011920929;0.800000011920929;0.800000011920929
lidar;21.0;39.0;24.924142837524414;25.056970596313477;9.716900825500488;0.2985714077949524;24.923397064208984;25.057531356811523;9.71411418914795;0.30151025491570654;0.9995366930845339;0.800000011920929;0.800000011920929;0.800000011920929
lidar;21.0;39.0;24.924394607543945;25.062091827392578;9.717832565307617;0.298647403717041;24.921863555908203;25.064170837402344;9.708390235900879;0.3086414137253136;0.9992823005265625;0.800000011920929;0.800000011920929;0.800000011920929
lidar;21.0;39.0;24.92464256286621;25.067218780517578;9.718765258789062;0.29881444573402405;24.927932739257812;25.06428337097168;9.73104190826416;0.2857705983668117;0.9987234472474011;0.800000011920929;0.800000011920929;0.800000011920929
lidar;21.0;39.0;24.924894332885742;25.072351455688477;9.719698905944824;0.29907286167144775;24.92393684387207;25.073272705078125;9.716131210327148;0.3028793743862109;0.9978603126489916;0.800000011920929;0.800000011920929;0.800000011920929
lidar;21.0;39.0;24.9251708984375;25.077468872070312;9.720734596252441;0.29931601881980896;24.92464828491211;25.07801055908203;9.718783378601074;0.30140699131420023;0.9970496891242908;0.800000011920929;0.800000011920929;0.800000011920929
lidar;21.0;39.0;24.92547607421875;25.082563400268555;9.72187614440918;0.29953891038894653;24.926218032836914;25.081743240356445;9.72464370727539;0.2965583741671618;0.9963076713203994;0.800000011920929;0.800000011920929;0.800000011920929
lidar;21.0;39.0;24.925813674926758;25.08763313293457;9.723133087158203;0.2997302711009979;24.932294845581055;25.07997703552246;9.747320175170898;0.27354551371299407;0.995006322709752;0.800000011920929;0.800000011920929;0.800000011920929
lidar;21.0;39.0;24.926311492919922;25.09250831604004;9.724987983703613;0.29936498403549194;24.92606544494629;25.092817306518555;9.724074363708496;0.3003602248193602;0.9962208271794547;0.800000011920929;0.800000011920929;0.800000011920929
lidar;21.0;39.0;24.926807403564453;25.097373962402344;9.726839065551758;0.2990916073322296;24.927032470703125;25.09707260131836;9.727684020996094;0.2981663721522389;0.9971318841528309;0.800000011920929;0.800000011920929;0.800000011920929
lidar;21.0;39.0;24.92730140686035;25.10223388671875;9.728687286376953;0.29890966415405273;24.928600311279297;25.100406646728516;9.733534812927246;0.29356923679099567;0.9977391363519736;0.800000011920929;0.800000011920929;0.800000011920929
lidar;21.0;39.0;24.927797317504883;25.107086181640625;9.730534553527832;0.2988189458847046;24.930469512939453;25.103124618530273;9.740506172180176;0.2877605910190136;0.9980425836438053;0.800000011920929;0.800000011920929;0.800000011920929
lidar;21.0;39.0;24.928348541259766;25.11185073852539;9.732593536376953;0.29858076572418213;24.92517852783203;25.11680030822754;9.720760345458984;0.31179410079820896;0.9988387227939483;0.800000011920929;0.800000011920929;0.800000011920929
lidar;21.0;39.0;24.928911209106445;25.116588592529297;9.734695434570312;0.29838377237319946;24.931076049804688;25.113039016723633;9.74277114868164;0.28930100063508934;0.9994983673104825;0.800000011920929;0.800000011920929;0.800000011920929
lidar;21.0;39.0;24.929473876953125;25.121320724487305;9.736794471740723;0.2982777953147888;24.927053451538086;25.125484466552734;9.727758407592773;0.3085175532514123;0.9998534917720927;0.800000011920929;0.800000011920929;0.800000011920929
lidar;21.0;39.0;24.930036544799805;25.12605094909668;9.738893508911133;0.29826274514198303;24.93328285217285;25.12020492553711;9.751005172729492;0.28442675981069676;0.9999040961294245;0.800000011920929;0.800000011920929;0.800000011920929
lidar;21.0;39.0;24.930599212646484;25.130783081054688;9.740991592407227;0.2983386218547821;24.93231773376465;25.127546310424805;9.747403144836426;0.29095413570084105;0.9996501207428348;0.800000011920929;0.800000011920929;0.800000011920929
lidar;21.0;39.0;24.931161880493164;25.13551902770996;9.74309253692627;0.29850536584854126;24.933156967163086;25.131589889526367;9.750541687011719;0.2898503832499964;0.999091625283645;0.800000011920929;0.800000011920929;0.800000011920929
lidar;21.0;39.0;24.931726455688477;25.140260696411133;9.745196342468262;0.2987633943557739;24.932283401489258;25.139116287231445;9.74727725982666;0.2963234687448262;0.9982288480676851;0.800000011920929;0.800000011920929;0.800000011920929
lidar;21.0;39.0;24.93229103088379;25.1450138092041;9.74730396270752;0.29911309480667114;24.933269500732422;25.14291763305664;9.750955581665039;0.29479074342014394;0.9970619082156226;0.800000011920929;0.800000011920929;0.800000011920929
lidar;21.0;39.0;24.932857513427734;25.149778366088867;9.749417304992676;0.2995549738407135;24.931215286254883;25.1534366607666;9.743294715881348;0.30687442568970275;0.9955913421759764;0.800000011920929;0.800000011920929;0.800000011920929
lidar;21.0;39.0;24.933515548706055;25.154348373413086;9.751873970031738;0.29968297481536865;24.93358612060547;25.154184341430664;9.752137184143066;0.29936573698163993;0.9942987564210204;0.800000011920929;0.800000011920929;0.800000011920929
lidar;21.0;39.0;24.93427848815918;25.158672332763672;9.754722595214844;0.2994278073310852;24.935863494873047;25.154844284057617;9.760639190673828;0.29220512695365336;0.9951458572108984;0.800000011920929;0.800000011920929;0.800000011920929
lidar;21.0;39.0;24.935104370117188;25.162830352783203;9.757806777954102;0.298969566822052;24.933509826660156;25.16683006286621;9.751858711242676;0.30631196826436874;0.9966711995443654;0.800000011920929;0.800000011920929;0.800000011920929
lidar;21.0;39.0;24.935928344726562;25.166976928710938;9.760881423950195;0.2986035943031311;24.936574935913086;25.16529083251953;9.763296127319336;0.29558787694859645;0.9978928567073824;0.800000011920929;0.800000011920929;0.800000011920929
lidar;21.0;39.0;24.936750411987305;25.171113967895508;9.763949394226074;0.29832923412323;24.93773078918457;25.168460845947266;9.767609596252441;0.2937035512101684;0.9988105893380173;0.800000011920929;0.800000011920929;0.800000011920929
lidar;21.0;39.0;24.937572479248047;25.17524528503418;9.767013549804688;0.29814612865448;24.9343204498291;25.184371948242188;9.754881858825684;0.31367050490189685;0.9994240403134422;0.800000011920929;0.800000011920929;0.800000011920929
lidar;21.0;39.0;24.938392639160156;25.179372787475586;9.770073890686035;0.2980539798736572;24.938871383666992;25.177976608276367;9.77186393737793;0.29573417801630386;0.999733030786546;0.800000011920929;0.800000011920929;0.800000011920929
lidar;21.0;39.0;24.939210891723633;25.183500289916992;9.773134231567383;0.2980526387691498;24.942935943603516;25.172256469726562;9.78703498840332;0.2797897358231503;0.999737501155198;0.800000011920929;0.800000011920929;0.800000011920929
lidar;21.0;39.0;24.940031051635742;25.1876277923584;9.77619457244873;0.29814210534095764;24.938505172729492;25.192405700683594;9.77049446105957;0.30573627896695843;0.999437510994619;0.800000011920929;0.800000011920929;0.800000011920929
lidar;21.0;39.0;24.940853118896484;25.191757202148438;9.779258728027344;0.29832252860069275;24.9404354095459;25.19310760498047;9.777705192565918;0.3004223028336281;0.9988330603061848;0.800000011920929;0.800000011920929;0.800000011920929
lidar;21.0;39.0;24.941675186157227;25.19589614868164;9.782326698303223;0.298594206571579;24.94444465637207;25.18659210205078;9.79266357421875;0.2844144455573834;0.9979242684053835;0.800000011920929;0.800000011920929;0.800000011920929
lidar;21.0;39.0;24.9424991607666;25.200040817260742;9.785401344299316;0.298957496881485;24.945960998535156;25.187997817993164;9.798321723937988;0.2809585838553492;0.99671161174385;0.800000011920929;0.800000011920929;0.800000011920929
lidar;21.0;39.0;24.943361282348633;25.204069137573242;9.788619041442871;0.2992227375507355;24.945232391357422;25.19732666015625;9.79560375213623;0.2893361390672752;0.9948901532420678;0.800000011920929;0.800000011920929;0.800000011920929
lidar;21.0;39.0;24.944366455078125;25.207576751708984;9.79237174987793;0.29881933331489563;24.94709014892578;25.19741439819336;9.802536964416504;0.28418957978311127;0.9962334034338447;0.800000011920929;0.800000011920929;0.800000011920929
lidar;21.0;39.0;24.945369720458984;25.211076736450195;9.79611587524414;0.2985077202320099;24.945234298706055;25.211599349975586;9.795611381530762;0.29924542310102176;0.997273385671936;0.800000011920929;0.800000011920929;0.800000011920929
