sensor_id;categoryID;partID;X;Y;Z;distance;X_noise;Y_noise;Z_noise;distance_noise;intensity;red;green;blue
lidar;17.0;44.0;25.054630279541016;24.788923263549805;9.79611587524414;0.2985077202320099;25.060977935791016;24.764400482177734;9.772428512573242;0.3331872070149763;0.9972733257411999;0.800000011920929;0.800000011920929;0.800000011920929
lidar;17.0;44.0;25.055633544921875;24.792423248291016;9.79237174987793;0.29881933331489563;25.053050994873047;24.802059173583984;9.802010536193848;0.28494738909300216;0.996233343996436;0.800000011920929;0.800000011920929;0.800000011920929
lidar;17.0;44.0;25.056638717651367;24.795930862426758;9.788619041442871;0.2992227375507355;25.05378532409668;24.80621337890625;9.799270629882812;0.2841445862428673;0.9948900343882452;0.800000011920929;0.800000011920929;0.800000011920929
lidar;17.0;44.0;25.0575008392334;24.799959182739258;9.785401344299316;0.298957496881485;25.070112228393555;24.756084442138672;9.738335609436035;0.3645248459472499;0.9967115519747801;0.800000011920929;0.800000011920929;0.800000011920929
lidar;17.0;44.0;25.058324813842773;24.80410385131836;9.782326698303223;0.298594206571579;25.05763816833496;24.806415557861328;9.784894943237305;0.2950712547479483;0.9979242084292627;0.800000011920929;0.800000011920929;0.800000011920929
lidar;17.0;44.0;25.059146881103516;24.808242797851562;9.779258728027344;0.29832252860069275;25.070270538330078;24.77218246459961;9.737748146057129;0.3544216672212699;0.9988330005729233;0.800000011920929;0.800000011920929;0.800000011920929
lidar;17.0;44.0;25.059968948364258;24.8123722076416;9.77619457244873;0.29814210534095764;25.086219787597656;24.730239868164062;9.67822551727295;0.4286527012247253;0.999437510994619;0.800000011920929;0.800000011920929;0.800000011920929
lidar;17.0;44.0;25.060789108276367;24.816499710083008;9.773134231567383;0.2980526387691498;25.04524040222168;24.86343765258789;9.831164360046387;0.22181376516310267;0.999737501155198;0.800000011920929;0.800000011920929;0.800000011920929
lidar;17.0;44.0;25.061607360839844;24.820627212524414;9.770073890686035;0.2980539798736572;25.069011688232422;24.799072265625;9.742444038391113;0.33387106797193794;0.9997330903901144;0.800000011920929;0.800000011920929;0.800000011920929
lidar;17.0;44.0;25.062427520751953;24.82475471496582;9.767013549804688;0.29814612865448;25.060556411743164;24.83000946044922;9.773999214172363;0.2892063912285002;0.9994240403134422;0.800000011920929;0.800000011920929;0.800000011920929
lidar;17.0;44.0;25.063249588012695;24.828886032104492;9.763949394226074;0.29832923412323;25.0468692779541;24.873199462890625;9.825081825256348;0.22106874898480067;0.9988106489152414;0.800000011920929;0.800000011920929;0.800000011920929
lidar;17.0;44.0;25.064071655273438;24.833023071289062;9.760881423950195;0.2986035943031311;25.072168350219727;24.811920166015625;9.730661392211914;0.33634169591848345;0.9978929161674365;0.800000011920929;0.800000011920929;0.800000011920929
lidar;17.0;44.0;25.064895629882812;24.837169647216797;9.757806777954102;0.298969566822052;25.091894149780273;24.769428253173828;9.657049179077148;0.42334675989384574;0.9966713192045324;0.800000011920929;0.800000011920929;0.800000011920929
lidar;17.0;44.0;25.06572151184082;24.841327667236328;9.754722595214844;0.2994278073310852;25.04958152770996;24.880294799804688;9.814957618713379;0.22589501331472636;0.9951459767248632;0.800000011920929;0.800000011920929;0.800000011920929
lidar;17.0;44.0;25.066484451293945;24.845651626586914;9.751873970031738;0.29968297481536865;25.076017379760742;24.823522567749023;9.716300964355469;0.3426479846857952;0.9942988755888474;0.800000011920929;0.800000011920929;0.800000011920929
lidar;17.0;44.0;25.067142486572266;24.850221633911133;9.749417304992676;0.2995549738407135;25.05665397644043;24.87362289428711;9.788566589355469;0.2527545393414206;0.9955913421759764;0.800000011920929;0.800000011920929;0.800000011920929
lidar;17.0;44.0;25.06770896911621;24.8549861907959;9.74730396270752;0.29911309480667114;25.052614212036133;24.88731575012207;9.80363941192627;0.23242991848758907;0.9970619082156226;0.800000011920929;0.800000011920929;0.800000011920929
lidar;17.0;44.0;25.068273544311523;24.859739303588867;9.745196342468262;0.2987633943557739;25.087438583374023;24.82036781311035;9.673673629760742;0.3826253080105364;0.9982288480676851;0.800000011920929;0.800000011920929;0.800000011920929
lidar;17.0;44.0;25.068838119506836;24.86448097229004;9.74309253692627;0.29850536584854126;25.070940017700195;24.86034393310547;9.735250473022461;0.3076176102017013;0.999091625283645;0.800000011920929;0.800000011920929;0.800000011920929
lidar;17.0;44.0;25.069400787353516;24.869216918945312;9.740991592407227;0.2983386218547821;25.062477111816406;24.882265090942383;9.76683235168457;0.2685747523816523;0.9996501207428348;0.800000011920929;0.800000011920929;0.800000011920929
lidar;17.0;44.0;25.069963455200195;24.87394905090332;9.738893508911133;0.29826274514198303;25.064830780029297;24.883193969726562;9.75804615020752;0.27638453166295546;0.9999040961294245;0.800000011920929;0.800000011920929;0.800000011920929
lidar;17.0;44.0;25.070526123046875;24.878679275512695;9.736794471740723;0.2982777953147888;25.065811157226562;24.886789321899414;9.754388809204102;0.2783391541754229;0.9998534917720927;0.800000011920929;0.800000011920929;0.800000011920929
lidar;17.0;44.0;25.071088790893555;24.883411407470703;9.734695434570312;0.29838377237319946;25.074026107788086;24.87859535217285;9.723734855651855;0.3107110819189411;0.9994983673104825;0.800000011920929;0.800000011920929;0.800000011920929
lidar;17.0;44.0;25.071651458740234;24.88814926147461;9.732593536376953;0.29858076572418213;25.078060150146484;24.878143310546875;9.708672523498535;0.3252910679475282;0.9988387227939483;0.800000011920929;0.800000011920929;0.800000011920929
lidar;17.0;44.0;25.072202682495117;24.892913818359375;9.730534553527832;0.2988189458847046;25.057836532592773;24.914220809936523;9.78415298461914;0.23935963907915475;0.9980425836438053;0.800000011920929;0.800000011920929;0.800000011920929
lidar;17.0;44.0;25.07269859313965;24.89776611328125;9.728687286376953;0.29890966415405273;25.081157684326172;24.885868072509766;9.697111129760742;0.3336976262385117;0.9977391363519736;0.800000011920929;0.800000011920929;0.800000011920929
lidar;17.0;44.0;25.073192596435547;24.902626037597656;9.726839065551758;0.2990916073322296;25.0775089263916;24.896883010864258;9.710729598999023;0.3167302461458036;0.9971318841528309;0.800000011920929;0.800000011920929;0.800000011920929
lidar;17.0;44.0;25.073688507080078;24.90749168395996;9.724987983703613;0.29936498403549194;25.09229850769043;24.88412857055664;9.655538558959961;0.37496440136516523;0.9962208867153521;0.800000011920929;0.800000011920929;0.800000011920929
lidar;17.0;44.0;25.074186325073242;24.91236686706543;9.723133087158203;0.2997302711009979;25.06730079650879;24.920499801635742;9.748827934265137;0.2719141672490088;0.995006322709752;0.800000011920929;0.800000011920929;0.800000011920929
lidar;17.0;44.0;25.07452392578125;24.917436599731445;9.72187614440918;0.29953891038894653;25.06541633605957;24.927526473999023;9.755866050720215;0.2629319370510638;0.9963076713203994;0.800000011920929;0.800000011920929;0.800000011920929
lidar;17.0;44.0;25.0748291015625;24.922531127929688;9.720734596252441;0.29931601881980896;25.10029411315918;24.896167755126953;9.625699043273926;0.40117502919335724;0.9970496891242908;0.800000011920929;0.800000011920929;0.800000011920929
lidar;17.0;44.0;25.075105667114258;24.927648544311523;9.719698905944824;0.29907286167144775;25.05494499206543;24.94706916809082;9.794939041137695;0.21879360224355504;0.9978603126489916;0.800000011920929;0.800000011920929;0.800000011920929
lidar;17.0;44.0;25.07535743713379;24.932781219482422;9.718765258789062;0.29881444573402405;25.068679809570312;24.938735961914062;9.743680953979492;0.2723408330008903;0.9987233877842397;0.800000011920929;0.800000011920929;0.800000011920929
lidar;17.0;44.0;25.075605392456055;24.937908172607422;9.717832565307617;0.298647403717041;25.060232162475586;24.95053482055664;9.775211334228516;0.23791728140631924;0.9992823005265625;0.800000011920929;0.800000011920929;0.800000011920929
lidar;17.0;44.0;25.075857162475586;24.943029403686523;9.716900825500488;0.2985714077949524;25.070545196533203;24.947019577026367;9.736723899841309;0.27766548053088186;0.9995366930845339;0.800000011920929;0.800000011920929;0.800000011920929
lidar;17.0;44.0;25.07610511779785;24.948150634765625;9.71596908569336;0.2985864281654358;25.086565017700195;24.941024780273438;9.676934242248535;0.3396218088818249;0.9994867443730312;0.800000011920929;0.800000011920929;0.800000011920929
lidar;17.0;44.0;25.076303482055664;24.953306198120117;9.715231895446777;0.29848816990852356;25.052066802978516;24.968137741088867;9.805684089660645;0.2036778146147714;0.9998154044235459;0.800000011920929;0.800000011920929;0.800000011920929
lidar;17.0;44.0;25.076488494873047;24.958465576171875;9.714540481567383;0.2984336316585541;25.08706283569336;24.95272445678711;9.675080299377441;0.3396875293668893;0.9999981522559904;0.800000011920929;0.800000011920929;0.800000011920929
lidar;17.0;44.0;25.07667350769043;24.963624954223633;9.713849067687988;0.29846999049186707;25.081581115722656;24.9612979888916;9.69553279876709;0.3175743718525135;0.9998763203612225;0.800000011920929;0.800000011920929;0.800000011920929
lidar;17.0;44.0;25.07685089111328;24.968791961669922;9.713189125061035;0.2985643446445465;25.090946197509766;24.96306800842285;9.6605806350708;0.35332870628527774;0.999560236930582;0.800000011920929;0.800000011920929;0.800000011920929
lidar;17.0;44.0;25.07696533203125;24.973983764648438;9.712762832641602;0.29850566387176514;25.040939331054688;24.986162185668945;9.847214698791504;0.15877950435390717;0.9997562765885707;0.800000011920929;0.800000011920929;0.800000011920929
lidar;17.0;44.0;25.07707977294922;24.979175567626953;9.712336540222168;0.29853808879852295;25.091629028320312;24.975244522094727;9.658036231994629;0.3548912783571723;0.9996477365514673;0.800000011920929;0.800000011920929;0.800000011920929
lidar;17.0;44.0;25.077194213867188;24.9843692779541;9.711910247802734;0.2986615002155304;25.080366134643555;24.983726501464844;9.70007038116455;0.3109359007714098;0.9992346763799445;0.800000011920929;0.800000011920929;0.800000011920929
lidar;17.0;44.0;25.07723617553711;24.989580154418945;9.711751937866211;0.29859867691993713;25.06545066833496;24.991168975830078;9.755732536315918;0.25303852057267;0.999445140366286;0.800000011920929;0.800000011920929;0.800000011920929
lidar;17.0;44.0;25.077274322509766;24.994789123535156;9.711607933044434;0.2986113429069519;25.077245712280273;24.99479103088379;9.711718559265137;0.29849648502003984;0.9994029403004401;0.800000011920929;0.800000011920929;0.800000011920929
lidar;17.0;44.0;25.077312469482422;25.0;9.711463928222656;0.2987150251865387;25.07384490966797;25.0;9.724409103393555;0.28531304255700607;0.9990563392437225;0.800000011920929;0.800000011920929;0.800000011920929
lidar;17.0;44.0;25.077274322509766;25.005210876464844;9.711607933044434;0.29861128330230713;25.063444137573242;25.0042781829834;9.763222694396973;0.24516733943885888;0.9994029403004401;0.800000011920929;0.800000011920929;0.800000011920929
lidar;17.0;44.0;25.07723617553711;25.010419845581055;9.711751937866211;0.29859864711761475;25.092405319213867;25.012466430664062;9.655141830444336;0.3572409801333978;0.999445140366286;0.800000011920929;0.800000011920929;0.800000011920929
lidar;17.0;44.0;25.077194213867188;25.0156307220459;9.711910247802734;0.298661470413208;25.063213348388672;25.012800216674805;9.764081001281738;0.24457614535473443;0.9992346763799445;0.800000011920929;0.800000011920929;0.800000011920929
lidar;17.0;44.0;25.07707977294922;25.020824432373047;9.712336540222168;0.2985381782054901;25.07047462463379;25.019041061401367;9.736983299255371;0.2729601471354741;0.9996477365514673;0.800000011920929;0.800000011920929;0.800000011920929
lidar;17.0;44.0;25.07696533203125;25.026016235351562;9.712762832641602;0.2985057532787323;25.08829689025879;25.029848098754883;9.67047119140625;0.3424569184889263;0.9997562765885707;0.800000011920929;0.800000011920929;0.800000011920929
lidar;17.0;44.0;25.07685089111328;25.031208038330078;9.713189125061035;0.2985643148422241;25.07301139831543;25.02964973449707;9.727516174316406;0.28364934785969775;0.999560236930582;0.800000011920929;0.800000011920929;0.800000011920929
lidar;17.0;44.0;25.07667350769043;25.036375045776367;9.713849067687988;0.29847007989883423;25.07419776916504;25.035200119018555;9.723088264465332;0.2888334188558381;0.9998763203612225;0.800000011920929;0.800000011920929;0.800000011920929
lidar;17.0;44.0;25.076488494873047;25.041534423828125;9.714540481567383;0.29843375086784363;25.074708938598633;25.04056739807129;9.721184730529785;0.29148725828348054;0.9999981522559904;0.800000011920929;0.800000011920929;0.800000011920929
lidar;17.0;44.0;25.076303482055664;25.046693801879883;9.715231895446777;0.2984882891178131;25.060609817504883;25.037090301513672;9.773802757263184;0.23709534118582273;0.9998154044235459;0.800000011920929;0.800000011920929;0.800000011920929
lidar;17.0;44.0;25.07610511779785;25.051849365234375;9.71596908569336;0.2985864281654358;25.06106948852539;25.04160499572754;9.772083282470703;0.23959670778879552;0.9994867443730312;0.800000011920929;0.800000011920929;0.800000011920929
lidar;17.0;44.0;25.075857162475586;25.056970596313477;9.716900825500488;0.29857146739959717;25.055479049682617;25.04166603088379;9.792953491210938;0.21836251239609147;0.9995366930845339;0.800000011920929;0.800000011920929;0.800000011920929
lidar;17.0;44.0;25.075605392456055;25.062091827392578;9.717832565307617;0.2986474335193634;25.057165145874023;25.046947479248047;9.786654472351074;0.2258059473807537;0.9992823005265625;0.800000011920929;0.800000011920929;0.800000011920929
lidar;17.0;44.0;25.07535743713379;25.067218780517578;9.718765258789062;0.29881444573402405;25.068233489990234;25.060863494873047;9.745351791381836;0.27056562623840447;0.9987233877842397;0.800000011920929;0.800000011920929;0.800000011920929
lidar;17.0;44.0;25.075105667114258;25.07235336303711;9.719698905944824;0.29907292127609253;25.07000732421875;25.067440032958984;9.738730430603027;0.2787671887504293;0.9978603126489916;0.800000011920929;0.800000011920929;0.800000011920929
lidar;17.0;44.0;25.0748291015625;25.077468872070312;9.720734596252441;0.2993159592151642;25.055187225341797;25.0571346282959;9.794038772583008;0.22074824485636738;0.9970496891242908;0.800000011920929;0.800000011920929;0.800000011920929
lidar;17.0;44.0;25.07452392578125;25.082563400268555;9.72187614440918;0.29953891038894653;25.085792541503906;25.095048904418945;9.679819107055664;0.34483381746044817;0.9963076713203994;0.800000011920929;0.800000011920929;0.800000011920929
lidar;17.0;44.0;25.074186325073242;25.08763313293457;9.723133087158203;0.2997303009033203;25.097007751464844;25.114591598510742;9.637962341308594;0.3919350621074368;0.995006322709752;0.800000011920929;0.800000011920929;0.800000011920929
lidar;17.0;44.0;25.073688507080078;25.09250831604004;9.724987983703613;0.2993650436401367;25.0560302734375;25.07033920288086;9.7908935546875;0.22762405432644855;0.9962208867153521;0.800000011920929;0.800000011920929;0.800000011920929
lidar;17.0;44.0;25.073192596435547;25.097373962402344;9.726839065551758;0.29909172654151917;25.060588836669922;25.08060646057129;9.773880004882812;0.2475849300283155;0.9971318841528309;0.800000011920929;0.800000011920929;0.800000011920929
lidar;17.0;44.0;25.07269859313965;25.10223388671875;9.728687286376953;0.2989097535610199;25.07178497314453;25.100948333740234;9.732095718383789;0.29515460504280944;0.9977391363519736;0.800000011920929;0.800000011920929;0.800000011920929
lidar;17.0;44.0;25.072202682495117;25.107086181640625;9.730534553527832;0.2988188862800598;25.065521240234375;25.097177505493164;9.755468368530273;0.2711688321367101;0.9980425836438053;0.800000011920929;0.800000011920929;0.800000011920929
lidar;17.0;44.0;25.071651458740234;25.11185073852539;9.732593536376953;0.2985807955265045;25.06760025024414;25.105527877807617;9.747710227966309;0.28170247567929024;0.9988387227939483;0.800000011920929;0.800000011920929;0.800000011920929
lidar;17.0;44.0;25.071088790893555;25.116588592529297;9.734695434570312;0.29838380217552185;25.06266212463379;25.10276985168457;9.766139030456543;0.2630193991739711;0.9994983673104825;0.800000011920929;0.800000011920929;0.800000011920929
lidar;17.0;44.0;25.070526123046875;25.121320724487305;9.736794471740723;0.2982778549194336;25.063417434692383;25.109094619750977;9.763319969177246;0.2682173225741936;0.9998534917720927;0.800000011920929;0.800000011920929;0.800000011920929
lidar;17.0;44.0;25.069963455200195;25.12605094909668;9.738892555236816;0.2982628047466278;25.06476402282715;25.11668586730957;9.758295059204102;0.2760999347153812;0.9999040961294245;0.800000011920929;0.800000011920929;0.800000011920929
lidar;17.0;44.0;25.069400787353516;25.130783081054688;9.740991592407227;0.2983386516571045;25.071735382080078;25.135183334350586;9.732277870178223;0.30837579797522413;0.9996501207428348;0.800000011920929;0.800000011920929;0.800000011920929
lidar;17.0;44.0;25.068838119506836;25.13551902770996;9.74309253692627;0.29850539565086365;25.069129943847656;25.13609504699707;9.7420015335083;0.29977341507365435;0.999091625283645;0.800000011920929;0.800000011920929;0.800000011920929
lidar;17.0;44.0;25.068273544311523;25.140260696411133;9.745196342468262;0.2987633943557739;25.090251922607422;25.185409545898438;9.663177490234375;0.3949314208725098;0.9982288480676851;0.800000011920929;0.800000011920929;0.800000011920929
lidar;17.0;44.0;25.06770896911621;25.1450138092041;9.74730396270752;0.29911312460899353;25.06553840637207;25.140361785888672;9.75540828704834;0.2895204155699738;0.9970619082156226;0.800000011920929;0.800000011920929;0.800000011920929
lidar;17.0;44.0;25.067142486572266;25.149778366088867;9.749417304992676;0.2995549738407135;25.057645797729492;25.128591537475586;9.784863471984863;0.25718153390560694;0.9955913421759764;0.800000011920929;0.800000011920929;0.800000011920929
lidar;17.0;44.0;25.066484451293945;25.154348373413086;9.751873970031738;0.29968300461769104;25.057750701904297;25.134071350097656;9.784470558166504;0.26031376180522264;0.9942988160050892;0.800000011920929;0.800000011920929;0.800000011920929
lidar;17.0;44.0;25.06572151184082;25.158672332763672;9.754722595214844;0.29942786693573;25.080116271972656;25.193424224853516;9.701003074645996;0.36500827678968073;0.9951459767248632;0.800000011920929;0.800000011920929;0.800000011920929
lidar;17.0;44.0;25.064895629882812;25.162830352783203;9.757806777954102;0.2989695966243744;25.06671714782715;25.167402267456055;9.751007080078125;0.3073637720241484;0.9966713192045324;0.800000011920929;0.800000011920929;0.800000011920929
lidar;17.0;44.0;25.064071655273438;25.166976928710938;9.760881423950195;0.29860368371009827;25.06328582763672;25.164928436279297;9.763814926147461;0.2949409324852002;0.9978929161674365;0.800000011920929;0.800000011920929;0.800000011920929
lidar;17.0;44.0;25.063249588012695;25.171113967895508;9.763949394226074;0.29832929372787476;25.06618309020996;25.179052352905273;9.753000259399414;0.31216781929163445;0.9988106489152414;0.800000011920929;0.800000011920929;0.800000011920929
lidar;17.0;44.0;25.062427520751953;25.17524528503418;9.767013549804688;0.29814624786376953;25.07132911682129;25.200233459472656;9.733793258666992;0.34065742676745703;0.9994240403134422;0.800000011920929;0.800000011920929;0.800000011920929
lidar;17.0;44.0;25.061607360839844;25.179372787475586;9.770073890686035;0.2980540990829468;25.06601905822754;25.19221305847168;9.753615379333496;0.319389976413211;0.9997330903901144;0.800000011920929;0.800000011920929;0.800000011920929
lidar;17.0;44.0;25.060789108276367;25.183500289916992;9.773134231567383;0.2980527877807617;25.07417869567871;25.22391700744629;9.723165512084961;0.363701225791957;0.999737501155198;0.800000011920929;0.800000011920929;0.800000011920929
lidar;17.0;44.0;25.059968948364258;25.1876277923584;9.77619457244873;0.2981421947479248;25.05550193786621;25.173654556274414;9.792861938476562;0.2759395480993698;0.999437510994619;0.800000011920929;0.800000011920929;0.800000011920929
lidar;17.0;44.0;25.059146881103516;25.191757202148438;9.779258728027344;0.2983226180076599;25.05258560180664;25.17048454284668;9.803747177124023;0.2652275941879708;0.9988330005729233;0.800000011920929;0.800000011920929;0.800000011920929
lidar;17.0;44.0;25.058324813842773;25.19589614868164;9.782326698303223;0.29859423637390137;25.05832290649414;25.195890426635742;9.782333374023438;0.2985855722880874;0.9979242084292627;0.800000011920929;0.800000011920929;0.800000011920929
lidar;17.0;44.0;25.0575008392334;25.200040817260742;9.785401344299316;0.298957496881485;25.046459197998047;25.161624908447266;9.826614379882812;0.24154371624391868;0.996711492808904;0.800000011920929;0.800000011920929;0.800000011920929
lidar;17.0;44.0;25.056638717651367;25.204069137573242;9.788619041442871;0.29922279715538025;25.059263229370117;25.213523864746094;9.778825759887695;0.3130859128037234;0.9948900938153288;0.800000011920929;0.800000011920929;0.800000011920929
lidar;17.0;44.0;25.055633544921875;25.207576751708984;9.79237174987793;0.2988193929195404;25.039461135864258;25.147233963012695;9.852728843688965;0.2119526114295191;0.996233343996436;0.800000011920929;0.800000011920929;0.800000011920929
lidar;17.0;44.0;25.054630279541016;25.211076736450195;9.79611587524414;0.29850783944129944;25.079734802246094;25.308073043823242;9.702425003051758;0.43568078201422256;0.9972733257411999;0.800000011920929;0.800000011920929;0.800000011920929
lidar;17.0;44.0;25.051101684570312;24.788768768310547;9.795042991638184;0.2987269461154938;25.062402725219727;24.742050170898438;9.749712944030762;0.36479565499944117;0.9965416791005064;0.800000011920929;0.800000011920929;0.800000011920929
lidar;17.0;44.0;25.052040100097656;24.792266845703125;9.791275978088379;0.29904279112815857;25.05712890625;24.771953582763672;9.770865440368652;0.32828596250900205;0.9954890608100924;0.800000011920929;0.800000011920929;0.800000011920929
lidar;17.0;44.0;25.05296516418457;24.79583740234375;9.787567138671875;0.2993578612804413;25.0546875;24.789203643798828;9.78066349029541;0.3090866089415794;0.9953784944109842;0.800000011920929;0.800000011920929;0.800000011920929
lidar;17.0;44.0;25.05373764038086;24.79999542236328;9.784470558166504;0.29890161752700806;25.070405960083008;24.737958908081055;9.717617988586426;0.3916151671846678;0.9968978761258794;0.800000011920929;0.800000011920929;0.800000011920929
lidar;17.0;44.0;25.054508209228516;24.804141998291016;9.781383514404297;0.29853764176368713;25.051063537597656;24.816513061523438;9.795193672180176;0.27967932950085184;0.9981134533895065;0.800000011920929;0.800000011920929;0.800000011920929
lidar;17.0;44.0;25.055274963378906;24.808279037475586;9.778302192687988;0.2982652485370636;25.05042839050293;24.825090408325195;9.79774284362793;0.27211080614561145;0.9990250468896553;0.800000011920929;0.800000011920929;0.800000011920929
lidar;17.0;44.0;25.056041717529297;24.812410354614258;9.775226593017578;0.298084020614624;25.050979614257812;24.82935905456543;9.795536041259766;0.27115076804258637;0.9996323585290519;0.800000011920929;0.800000011920929;0.800000011920929
lidar;17.0;44.0;25.056808471679688;24.81653594970703;9.7721529006958;0.2979937493801117;25.050016403198242;24.83847427368164;9.799397468566895;0.2623619209897011;0.9999350905416204;0.800000011920929;0.800000011920929;0.800000011920929
lidar;17.0;44.0;25.057575225830078;24.820663452148438;9.76908016204834;0.29799431562423706;25.05473518371582;24.82950782775879;9.78046989440918;0.2832964633849649;0.9999333024072186;0.800000011920929;0.800000011920929;0.800000011920929
lidar;17.0;44.0;25.058340072631836;24.82478904724121;9.766007423400879;0.29808568954467773;25.064905166625977;24.805078506469727;9.739683151245117;0.3316204819062604;0.9996269345458831;0.800000011920929;0.800000011920929;0.800000011920929
lidar;17.0;44.0;25.05910873413086;24.828920364379883;9.762930870056152;0.2982679605484009;25.061351776123047;24.822425842285156;9.753931045532227;0.30959142183824023;0.9990159868814524;0.800000011920929;0.800000011920929;0.800000011920929
lidar;17.0;44.0;25.05987548828125;24.833057403564453;9.759849548339844;0.29854145646095276;25.06603240966797;24.815893173217773;9.735157012939453;0.3292374245543613;0.9981008172743919;0.800000011920929;0.800000011920929;0.800000011920929
lidar;17.0;44.0;25.060646057128906;24.837203979492188;9.756762504577637;0.2989065945148468;25.06926155090332;24.814077377319336;9.722208976745605;0.3413675077092527;0.9968816044236719;0.800000011920929;0.800000011920929;0.800000011920929
lidar;17.0;44.0;25.061418533325195;24.84136199951172;9.753665924072266;0.29936397075653076;25.056825637817383;24.85322380065918;9.77208423614502;0.2769803876925436;0.9953585864379264;0.800000011920929;0.800000011920929;0.800000011920929
lidar;17.0;44.0;25.062192916870117;24.84553337097168;9.75055980682373;0.2999141812324524;25.06740379333496;24.832590103149414;9.729659080505371;0.32504396825727505;0.9935325387048348;0.800000011920929;0.800000011920929;0.800000011920929
lidar;17.0;44.0;25.062755584716797;24.85023307800293;9.74830150604248;0.29953381419181824;25.081912994384766;24.804513931274414;9.671465873718262;0.39097265842771334;0.9956613181995437;0.800000011920929;0.800000011920929;0.800000011920929
lidar;17.0;44.0;25.063283920288086;24.854997634887695;9.74617862701416;0.2990918457508087;25.06729507446289;24.845809936523438;9.730094909667969;0.3180438631078349;0.9971325991166403;0.800000011920929;0.800000011920929;0.800000011920929
lidar;17.0;44.0;25.063812255859375;24.85974884033203;9.744061470031738;0.2987419366836548;25.070972442626953;24.84401512145996;9.715347290039062;0.332257977703441;0.9983002543710076;0.800000011920929;0.800000011920929;0.800000011920929
lidar;17.0;44.0;25.06433868408203;24.864490509033203;9.741949081420898;0.2984837591648102;25.05011749267578;24.89444351196289;9.79898738861084;0.2325083212695459;0.9991636872402813;0.800000011920929;0.800000011920929;0.800000011920929
lidar;17.0;44.0;25.064865112304688;24.869226455688477;9.739839553833008;0.2983168065547943;25.059661865234375;24.879716873168945;9.760706901550293;0.2743881349875425;0.9997227787999813;0.800000011920929;0.800000011920929;0.800000011920929
lidar;17.0;44.0;25.065391540527344;24.873958587646484;9.737730979919434;0.2982408404350281;25.058435440063477;24.88736343383789;9.765626907348633;0.2665187254012478;0.9999774098409598;0.800000011920929;0.800000011920929;0.800000011920929
lidar;17.0;44.0;25.065916061401367;24.87868881225586;9.735623359680176;0.2982557415962219;25.082849502563477;24.847524642944336;9.667707443237305;0.3748751781846824;0.9999274015472301;0.800000011920929;0.800000011920929;0.800000011920929
lidar;17.0;44.0;25.066442489624023;24.883420944213867;9.733514785766602;0.29836148023605347;25.05638313293457;24.90106964111328;9.773859024047852;0.25319164866974914;0.9995728135378252;0.800000011920929;0.800000011920929;0.800000011920929
lidar;17.0;44.0;25.06696891784668;24.888158798217773;9.731404304504395;0.2985582947731018;25.0579833984375;24.90316390991211;9.76744270324707;0.2584997041123706;0.9989137054233463;0.800000011920929;0.800000011920929;0.800000011920929
lidar;17.0;44.0;25.067495346069336;24.892902374267578;9.729290008544922;0.2988464832305908;25.067352294921875;24.893129348754883;9.729860305786133;0.2982170998497437;0.9979503155097118;0.800000011920929;0.800000011920929;0.800000011920929
lidar;17.0;44.0;25.068023681640625;24.897659301757812;9.727170944213867;0.29922646284103394;25.06956672668457;24.89533805847168;9.720986366271973;0.3060101615843838;0.9966830015299433;0.800000011920929;0.800000011920929;0.800000011920929
lidar;17.0;44.0;25.06849479675293;24.90251350402832;9.725285530090332;0.2994386553764343;25.068212509155273;24.902912139892578;9.726411819458008;0.29821020554305827;0.9959762099343961;0.800000011920929;0.800000011920929;0.800000011920929
lidar;17.0;44.0;25.068958282470703;24.90738296508789;9.723421096801758;0.29971471428871155;25.07297706604004;24.901987075805664;9.707306861877441;0.317177385778851;0.9950584172020197;0.800000011920929;0.800000011920929;0.800000011920929
lidar;17.0;44.0;25.06930160522461;24.91242027282715;9.722047805786133;0.2995501458644867;25.076940536499023;24.90276527404785;9.69140911102295;0.3325695167613793;0.9962704184585393;0.800000011920929;0.800000011920929;0.800000011920929
lidar;17.0;44.0;25.06958770751953;24.91752052307129;9.720901489257812;0.2992345094680786;25.0671329498291;24.920429229736328;9.730743408203125;0.288682814174188;0.997321367486822;0.800000011920929;0.800000011920929;0.800000011920929
lidar;17.0;44.0;25.06987190246582;24.922609329223633;9.719757080078125;0.29901057481765747;25.067169189453125;24.92560386657715;9.730600357055664;0.28744128817481224;0.9980683327724225;0.800000011920929;0.800000011920929;0.800000011920929
lidar;17.0;44.0;25.070158004760742;24.92769432067871;9.71861457824707;0.29887789487838745;25.076519012451172;24.921138763427734;9.693098068237305;0.32597981748548127;0.9985113739385871;0.800000011920929;0.800000011920929;0.800000011920929
lidar;17.0;44.0;25.070411682128906;24.93280601501465;9.717595100402832;0.29870617389678955;25.07170295715332;24.93157386779785;9.712416648864746;0.3041839071628402;0.999085545568135;0.800000011920929;0.800000011920929;0.800000011920929
lidar;17.0;44.0;25.07064437866211;24.937929153442383;9.716659545898438;0.29853877425193787;25.065067291259766;24.942829132080078;9.73902702331543;0.2749713520215005;0.9996457695852431;0.800000011920929;0.800000011920929;0.800000011920929
lidar;17.0;44.0;25.070877075195312;24.943050384521484;9.715723991394043;0.29846248030662537;25.051118850708008;24.958925247192383;9.794970512390137;0.21526140493602625;0.9999015331251099;0.800000011920929;0.800000011920929;0.800000011920929
lidar;17.0;44.0;25.07111167907715;24.948169708251953;9.714788436889648;0.2984771132469177;25.079782485961914;24.941850662231445;9.680013656616211;0.33487013815209554;0.999852716916195;0.800000011920929;0.800000011920929;0.800000011920929
lidar;17.0;44.0;25.071332931518555;24.953298568725586;9.713896751403809;0.2985369563102722;25.056772232055664;24.962831497192383;9.772295951843262;0.23759982911751232;0.9996525049413967;0.800000011920929;0.800000011920929;0.800000011920929
lidar;17.0;44.0;25.07150650024414;24.958459854125977;9.713202476501465;0.29848238825798035;25.083141326904297;24.95170021057129;9.666537284851074;0.3470482406555768;0.9998348355382857;0.800000011920929;0.800000011920929;0.800000011920929
lidar;17.0;44.0;25.071680068969727;24.963619232177734;9.712507247924805;0.2985188961029053;25.059711456298828;24.969694137573242;9.760513305664062;0.2486715027816098;0.9997125863987341;0.800000011920929;0.800000011920929;0.800000011920929
lidar;17.0;44.0;25.071853637695312;24.968782424926758;9.711812019348145;0.29864633083343506;25.059001922607422;24.974365234375;9.763355255126953;0.245233011777418;0.9992858171322211;0.800000011920929;0.800000011920929;0.800000011920929
lidar;17.0;44.0;25.071979522705078;24.973970413208008;9.711309432983398;0.29866480827331543;25.043256759643555;24.984355926513672;9.826505661010742;0.17948875080981125;0.999223768664119;0.800000011920929;0.800000011920929;0.800000011920929
lidar;17.0;44.0;25.072086334228516;24.979164123535156;9.710881233215332;0.2986973524093628;25.054550170898438;24.98423194885254;9.781214714050293;0.22603399634936455;0.999114513383609;0.800000011920929;0.800000011920929;0.800000011920929
lidar;17.0;44.0;25.072193145751953;24.98436164855957;9.710453033447266;0.2988210618495941;25.074922561645508;24.9837703704834;9.699504852294922;0.310119251334654;0.9987008571312146;0.800000011920929;0.800000011920929;0.800000011920929
lidar;17.0;44.0;25.072246551513672;24.989572525024414;9.710238456726074;0.2988146245479584;25.089458465576172;24.98708724975586;9.641205787658691;0.3700033145567801;0.9987226724242858;0.800000011920929;0.800000011920929;0.800000011920929
lidar;17.0;44.0;25.072280883789062;24.99478530883789;9.71009349822998;0.29882749915122986;25.061233520507812;24.995582580566406;9.75440788269043;0.25314945529015226;0.9986800551223872;0.800000011920929;0.800000011920929;0.800000011920929
lidar;17.0;44.0;25.07231903076172;25.0;9.709948539733887;0.2989313006401062;25.069841384887695;25.0;9.719880104064941;0.2886958280405169;0.9983333945197235;0.800000011920929;0.800000011920929;0.800000011920929
lidar;17.0;44.0;25.072280883789062;25.00521469116211;9.71009349822998;0.2988274097442627;25.05632972717285;25.004064559936523;9.774075508117676;0.23287672573099577;0.9986800551223872;0.800000011920929;0.800000011920929;0.800000011920929
lidar;17.0;44.0;25.072246551513672;25.010427474975586;9.710238456726074;0.2988146245479584;25.064542770385742;25.009315490722656;9.741137504577637;0.26695034356452496;0.9987226724242858;0.800000011920929;0.800000011920929;0.800000011920929
lidar;17.0;44.0;25.072193145751953;25.01563835144043;9.71045207977295;0.2988210916519165;25.054540634155273;25.011816024780273;9.781249046325684;0.2257566785180235;0.9987008571312146;0.800000011920929;0.800000011920929;0.800000011920929
lidar;17.0;44.0;25.072086334228516;25.020835876464844;9.710881233215332;0.29869747161865234;25.067842483520508;25.019609451293945;9.727900505065918;0.28111412487626475;0.999114513383609;0.800000011920929;0.800000011920929;0.800000011920929
lidar;17.0;44.0;25.071979522705078;25.026029586791992;9.711309432983398;0.2986648380756378;25.059616088867188;25.02155876159668;9.760893821716309;0.24736786252600806;0.999223768664119;0.800000011920929;0.800000011920929;0.800000011920929
lidar;17.0;44.0;25.071853637695312;25.031217575073242;9.711812019348145;0.29864636063575745;25.079586029052734;25.034576416015625;9.68079662322998;0.33078776323233217;0.9992858171322211;0.800000011920929;0.800000011920929;0.800000011920929
lidar;17.0;44.0;25.071680068969727;25.036380767822266;9.712507247924805;0.2985190451145172;25.06769371032715;25.03435707092285;9.72849178314209;0.28192116129502537;0.9997125863987341;0.800000011920929;0.800000011920929;0.800000011920929
lidar;17.0;44.0;25.07150650024414;25.041540145874023;9.713202476501465;0.2984825372695923;25.09245491027832;25.0537109375;9.629185676574707;0.38592179094926604;0.9998347759193755;0.800000011920929;0.800000011920929;0.800000011920929
lidar;17.0;44.0;25.071332931518555;25.046701431274414;9.713896751403809;0.298537015914917;25.063180923461914;25.041364669799805;9.746594429016113;0.26441871531571287;0.9996524453314113;0.800000011920929;0.800000011920929;0.800000011920929
lidar;17.0;44.0;25.07111167907715;25.051830291748047;9.714788436889648;0.2984771728515625;25.085420608520508;25.062259674072266;9.657393455505371;0.3585420312357246;0.999852716916195;0.800000011920929;0.800000011920929;0.800000011920929
lidar;17.0;44.0;25.070877075195312;25.056949615478516;9.715723991394043;0.29846253991127014;25.086505889892578;25.069507598876953;9.653039932250977;0.3642746536413901;0.9999015331251099;0.800000011920929;0.800000011920929;0.800000011920929
lidar;17.0;44.0;25.07064437866211;25.062070846557617;9.716658592224121;0.29853886365890503;25.072233200073242;25.063465118408203;9.710287094116211;0.3052527237158096;0.9996457695852431;0.800000011920929;0.800000011920929;0.800000011920929
lidar;17.0;44.0;25.070411682128906;25.06719398498535;9.717595100402832;0.29870617389678955;25.054515838623047;25.052024841308594;9.78134822845459;0.2312727934043142;0.999085485997049;0.800000011920929;0.800000011920929;0.800000011920929
lidar;17.0;44.0;25.070158004760742;25.07230567932129;9.71861457824707;0.29887786507606506;25.08326530456543;25.085813522338867;9.666044235229492;0.35471646822954134;0.9985113739385871;0.800000011920929;0.800000011920929;0.800000011920929
lidar;17.0;44.0;25.06987190246582;25.077390670776367;9.719757080078125;0.2990105152130127;25.064334869384766;25.071256637573242;9.74197006225586;0.27531049244184447;0.9980683327724225;0.800000011920929;0.800000011920929;0.800000011920929
lidar;17.0;44.0;25.06958770751953;25.08247947692871;9.720901489257812;0.2992345094680786;25.066564559936523;25.07889747619629;9.73302173614502;0.28623955417772046;0.997321367486822;0.800000011920929;0.800000011920929;0.800000011920929
lidar;17.0;44.0;25.06930160522461;25.08757972717285;9.722047805786133;0.2995501458644867;25.06108283996582;25.077192306518555;9.755013465881348;0.2640230085004406;0.9962704184585393;0.800000011920929;0.800000011920929;0.800000011920929
lidar;17.0;44.0;25.068958282470703;25.09261703491211;9.723421096801758;0.29971471428871155;25.063875198364258;25.08578872680664;9.743810653686523;0.27761991229410804;0.9950584172020197;0.800000011920929;0.800000011920929;0.800000011920929
lidar;17.0;44.0;25.06849479675293;25.09748649597168;9.725285530090332;0.2994386851787567;25.066556930541992;25.094728469848633;9.733057022094727;0.29096691006223857;0.9959762099343961;0.800000011920929;0.800000011920929;0.800000011920929
lidar;17.0;44.0;25.068023681640625;25.102340698242188;9.727170944213867;0.29922643303871155;25.04789161682129;25.072052001953125;9.8079195022583;0.21066572082641774;0.9966830015299433;0.800000011920929;0.800000011920929;0.800000011920929
lidar;17.0;44.0;25.067495346069336;25.107097625732422;9.729290008544922;0.2988464832305908;25.07245635986328;25.11496925354004;9.709391593933105;0.32081368144077255;0.9979503155097118;0.800000011920929;0.800000011920929;0.800000011920929
lidar;17.0;44.0;25.06696891784668;25.111841201782227;9.731404304504395;0.2985583245754242;25.04621696472168;25.077184677124023;9.814637184143066;0.20604081918914982;0.9989137054233463;0.800000011920929;0.800000011920929;0.800000011920929
lidar;17.0;44.0;25.066442489624023;25.116579055786133;9.733514785766602;0.29836151003837585;25.054773330688477;25.09610366821289;9.780320167541504;0.24595771819991102;0.9995728135378252;0.800000011920929;0.800000011920929;0.800000011920929
lidar;17.0;44.0;25.065916061401367;25.12131118774414;9.735623359680176;0.2982558012008667;25.0574951171875;25.10581398010254;9.769397735595703;0.26015377755776725;0.9999274015472301;0.800000011920929;0.800000011920929;0.800000011920929
lidar;17.0;44.0;25.065391540527344;25.126041412353516;9.737730979919434;0.29824092984199524;25.070058822631836;25.135038375854492;9.719009399414062;0.31952983903647064;0.9999774098409598;0.800000011920929;0.800000011920929;0.800000011920929
lidar;17.0;44.0;25.064865112304688;25.130773544311523;9.739839553833008;0.2983168661594391;25.065481185913086;25.132015228271484;9.737369537353516;0.3011484109537325;0.9997227787999813;0.800000011920929;0.800000011920929;0.800000011920929
lidar;17.0;44.0;25.06433868408203;25.135509490966797;9.741949081420898;0.29848378896713257;25.074993133544922;25.157949447631836;9.699214935302734;0.3479134034424016;0.9991636872402813;0.800000011920929;0.800000011920929;0.800000011920929
lidar;17.0;44.0;25.063812255859375;25.14025115966797;9.744061470031738;0.29874199628829956;25.05998420715332;25.131834030151367;9.759419441223145;0.2808151982010678;0.9983001946648717;0.800000011920929;0.800000011920929;0.800000011920929
lidar;17.0;44.0;25.063283920288086;25.145002365112305;9.74617862701416;0.29909181594848633;25.055185317993164;25.126445770263672;9.778660774230957;0.26081695953542183;0.9971325991166403;0.800000011920929;0.800000011920929;0.800000011920929
lidar;17.0;44.0;25.062755584716797;25.14976692199707;9.74830150604248;0.29953381419181824;25.06720733642578;25.16039276123047;9.730443000793457;0.32078619026474586;0.9956613181995437;0.800000011920929;0.800000011920929;0.800000011920929
lidar;17.0;44.0;25.062192916870117;25.15446662902832;9.75055980682373;0.2999142110347748;25.051063537597656;25.126827239990234;9.795194625854492;0.2462468405664277;0.9935325387048348;0.800000011920929;0.800000011920929;0.800000011920929
lidar;17.0;44.0;25.061418533325195;25.15863800048828;9.753665924072266;0.2993640601634979;25.06576156616211;25.16985511779785;9.736248016357422;0.3205315759902042;0.9953585864379264;0.800000011920929;0.800000011920929;0.800000011920929
lidar;17.0;44.0;25.060646057128906;25.162796020507812;9.756762504577637;0.2989066541194916;25.06902313232422;25.185285568237305;9.723160743713379;0.3401977642299719;0.9968816044236719;0.800000011920929;0.800000011920929;0.800000011920929
lidar;17.0;44.0;25.05987548828125;25.166942596435547;9.759849548339844;0.29854151606559753;25.066661834716797;25.185861587524414;9.732634544372559;0.3323732596700107;0.9981008172743919;0.800000011920929;0.800000011920929;0.800000011920929
lidar;17.0;44.0;25.05910873413086;25.171079635620117;9.762930870056152;0.29826804995536804;25.062875747680664;25.181982040405273;9.747822761535645;0.3172760035539316;0.9990159868814524;0.800000011920929;0.800000011920929;0.800000011920929
lidar;17.0;44.0;25.058340072631836;25.17521095275879;9.766007423400879;0.2980858385562897;25.066864013671875;25.2008056640625;9.731823921203613;0.3416318858690508;0.9996269345458831;0.800000011920929;0.800000011920929;0.800000011920929
lidar;17.0;44.0;25.057575225830078;25.179336547851562;9.76908016204834;0.2979945242404938;25.0497989654541;25.155120849609375;9.800263404846191;0.2577539769237055;0.9999333024072186;0.800000011920929;0.800000011920929;0.800000011920929
lidar;17.0;44.0;25.056808471679688;25.18346405029297;9.7721529006958;0.29799389839172363;25.054357528686523;25.17554473876953;9.781986236572266;0.2851327139484652;0.9999350905416204;0.800000011920929;0.800000011920929;0.800000011920929
lidar;17.0;44.0;25.056041717529297;25.187589645385742;9.775226593017578;0.2980841398239136;25.047595977783203;25.15931510925293;9.809106826782227;0.25315383812534586;0.9996323585290519;0.800000011920929;0.800000011920929;0.800000011920929
lidar;17.0;44.0;25.055274963378906;25.191720962524414;9.778302192687988;0.2982653081417084;25.046703338623047;25.161989212036133;9.81268310546875;0.252010751257937;0.9990250468896553;0.800000011920929;0.800000011920929;0.800000011920929
lidar;17.0;44.0;25.054508209228516;25.195858001708984;9.781383514404297;0.2985377013683319;25.050039291381836;25.179805755615234;9.799302101135254;0.274068694614468;0.9981134533895065;0.800000011920929;0.800000011920929;0.800000011920929
lidar;17.0;44.0;25.05373764038086;25.20000457763672;9.784470558166504;0.29890164732933044;25.052865982055664;25.196760177612305;9.787965774536133;0.2940545661679828;0.9968978761258794;0.800000011920929;0.800000011920929;0.800000011920929
lidar;17.0;44.0;25.05296516418457;25.20416259765625;9.787567138671875;0.29935789108276367;25.03352928161621;25.129240036010742;9.865523338317871;0.1895021891862665;0.9953784944109842;0.800000011920929;0.800000011920929;0.800000011920929
lidar;17.0;44.0;25.052040100097656;25.207733154296875;9.791275978088379;0.29904282093048096;25.04493522644043;25.179365158081055;9.819778442382812;0.2582073585998591;0.9954891201881708;0.800000011920929;0.800000011920929;0.800000011920929
lidar;17.0;44.0;25.051101684570312;25.211231231689453;9.795042991638184;0.29872700572013855;25.054067611694336;25.223495483398438;9.783143997192383;0.31606898582935333;0.9965416791005064;0.800000011920929;0.800000011920929;0.800000011920929
lidar;17.0;44.0;25.04755973815918;24.78858184814453;9.794001579284668;0.2989896535873413;25.064218521118164;24.71452522277832;9.721842765808105;0.40372131020959;0.9956661462888906;0.800000011920929;0.800000011920929;0.800000011920929
lidar;17.0;44.0;25.048433303833008;24.792081832885742;9.790212631225586;0.29931068420410156;25.057331085205078;24.753881454467773;9.751668930053711;0.354301942912101;0.9945983287663287;0.800000011920929;0.800000011920929;0.800000011920929
lidar;17.0;44.0;25.04924964904785;24.795839309692383;9.786676406860352;0.29935595393180847;25.064695358276367;24.731813430786133;9.719776153564453;0.39323719328663376;0.9953851702482344;0.800000011920929;0.800000011920929;0.800000011920929
lidar;17.0;44.0;25.04996681213379;24.799997329711914;9.783567428588867;0.2988996207714081;25.053068161010742;24.787582397460938;9.770133018493652;0.31745214117735415;0.9969046114371254;0.800000011920929;0.800000011920929;0.800000011920929
lidar;17.0;44.0;25.050683975219727;24.80414390563965;9.78046703338623;0.29853564500808716;25.04957389831543;24.808433532714844;9.78527545928955;0.29199617691915697;0.9981203674272011;0.800000011920929;0.800000011920929;0.800000011920929
lidar;17.0;44.0;25.0513973236084;24.80828094482422;9.777373313903809;0.29826316237449646;25.05025863647461;24.812528610229492;9.782307624816895;0.29165281066286736;0.9990320204903358;0.800000011920929;0.800000011920929;0.800000011920929
lidar;17.0;44.0;25.05211067199707;24.812410354614258;9.774284362792969;0.2980819344520569;25.050617218017578;24.81778907775879;9.780755996704102;0.289535297084961;0.9996393919142836;0.800000011920929;0.800000011920929;0.800000011920929
lidar;17.0;44.0;25.05282211303711;24.816537857055664;9.771198272705078;0.29799166321754456;25.050424575805664;24.824867248535156;9.781586647033691;0.28446180027666507;0.99994230270845;0.800000011920929;0.800000011920929;0.800000011920929
lidar;17.0;44.0;25.05353546142578;24.820663452148438;9.768112182617188;0.29799219965934753;25.050310134887695;24.831470489501953;9.782085418701172;0.2800355639919934;0.9999405741659602;0.800000011920929;0.800000011920929;0.800000011920929
lidar;17.0;44.0;25.054248809814453;24.824790954589844;9.765026092529297;0.29808348417282104;25.075040817260742;24.75763511657715;9.674962997436523;0.4123364963777671;0.9996342659222472;0.800000011920929;0.800000011920929;0.800000011920929
lidar;17.0;44.0;25.054960250854492;24.828922271728516;9.761937141418457;0.29826581478118896;25.058486938476562;24.81794548034668;9.746662139892578;0.3174033537267917;0.9990234374755878;0.800000011920929;0.800000011920929;0.800000011920929
lidar;17.0;44.0;25.055675506591797;24.833059310913086;9.758843421936035;0.29853925108909607;25.0531063079834;24.840763092041016;9.769970893859863;0.2847637465731426;0.9981083272756249;0.800000011920929;0.800000011920929;0.800000011920929
lidar;17.0;44.0;25.0563907623291;24.83720588684082;9.755743026733398;0.2989043593406677;25.066919326782227;24.80681037902832;9.710140228271484;0.35470976661703335;0.9968892335521954;0.800000011920929;0.800000011920929;0.800000011920929
lidar;17.0;44.0;25.057109832763672;24.84136199951172;9.752633094787598;0.2993617355823517;25.07423973083496;24.793779373168945;9.678435325622559;0.3891563544941087;0.9953663348132669;0.800000011920929;0.800000011920929;0.800000011920929
lidar;17.0;44.0;25.057767868041992;24.845699310302734;9.749783515930176;0.29958951473236084;25.051172256469727;24.863317489624023;9.778350830078125;0.26538518504724384;0.9954768418476737;0.800000011920929;0.800000011920929;0.800000011920929
lidar;17.0;44.0;25.05830192565918;24.850366592407227;9.747468948364258;0.2992682158946991;25.0704402923584;24.819211959838867;9.694890022277832;0.3615774358384296;0.9965451359203819;0.800000011920929;0.800000011920929;0.800000011920929
lidar;17.0;44.0;25.058834075927734;24.855022430419922;9.745158195495605;0.29903870820999146;25.051713943481445;24.87257194519043;9.776004791259766;0.2628422537460794;0.9973098634469384;0.800000011920929;0.800000011920929;0.800000011920929
lidar;17.0;44.0;25.05934715270996;24.859724044799805;9.742942810058594;0.298793762922287;25.079750061035156;24.811498641967773;9.654565811157227;0.40151964868071843;0.998127222067819;0.800000011920929;0.800000011920929;0.800000011920929
lidar;17.0;44.0;25.05983543395996;24.86446762084961;9.740819931030273;0.29853591322898865;25.04719352722168;24.893102645874023;9.795580863952637;0.23545961267367307;0.9989890456418619;0.800000011920929;0.800000011920929;0.800000011920929
lidar;17.0;44.0;25.060325622558594;24.869203567504883;9.738700866699219;0.2983693480491638;25.065767288208008;24.857406616210938;9.715132713317871;0.32528055668009087;0.9995466470604133;0.800000011920929;0.800000011920929;0.800000011920929
lidar;17.0;44.0;25.060813903808594;24.87393569946289;9.73658275604248;0.29829370975494385;25.07677459716797;24.840848922729492;9.667448997497559;0.3765815541631653;0.9997997879930698;0.800000011920929;0.800000011920929;0.800000011920929
lidar;17.0;44.0;25.061304092407227;24.878665924072266;9.734465599060059;0.2983090579509735;25.071922302246094;24.857648849487305;9.688467979431152;0.3499847116624293;0.9997483491986532;0.800000011920929;0.800000011920929;0.800000011920929
lidar;17.0;44.0;25.061792373657227;24.883399963378906;9.73234748840332;0.29841530323028564;25.058795928955078;24.889053344726562;9.74532699584961;0.2839438566673575;0.9993924499108967;0.800000011920929;0.800000011920929;0.800000011920929
lidar;17.0;44.0;25.06228256225586;24.888137817382812;9.73022747039795;0.2986125349998474;25.048627853393555;24.912660598754883;9.78936767578125;0.23314999588036583;0.9987320303760352;0.800000011920929;0.800000011920929;0.800000011920929
lidar;17.0;44.0;25.062772750854492;24.89288330078125;9.728103637695312;0.29890120029449463;25.051631927490234;24.911895751953125;9.776362419128418;0.24584973518048478;0.9977673889994844;0.800000011920929;0.800000011920929;0.800000011920929
lidar;17.0;44.0;25.063262939453125;24.897640228271484;9.725975036621094;0.29928168654441833;25.046245574951172;24.9251766204834;9.799692153930664;0.21876989962370563;0.9964988829729592;0.800000011920929;0.800000011920929;0.800000011920929
lidar;17.0;44.0;25.063756942749023;24.902408599853516;9.723840713500977;0.2997545003890991;25.073810577392578;24.887020111083984;9.680291175842285;0.34702540692948436;0.99492687000443;0.800000011920929;0.800000011920929;0.800000011920929
lidar;17.0;44.0;25.06412696838379;24.90737533569336;9.722235679626465;0.299740731716156;25.066513061523438;24.903926849365234;9.711896896362305;0.3108977286796927;0.9956372383280879;0.800000011920929;0.800000011920929;0.800000011920929
lidar;17.0;44.0;25.06439208984375;24.91248321533203;9.721083641052246;0.2993324100971222;25.035228729248047;24.952119827270508;9.847404479980469;0.1637648789152715;0.996995568479102;0.800000011920929;0.800000011920929;0.800000011920929
lidar;17.0;44.0;25.06465721130371;24.917579650878906;9.719934463500977;0.2990160584449768;25.068056106567383;24.913249969482422;9.705217361450195;0.314728126796419;0.9980502127984883;0.800000011920929;0.800000011920929;0.800000011920929
lidar;17.0;44.0;25.064922332763672;24.922666549682617;9.718786239624023;0.29879140853881836;25.062236785888672;24.925867080688477;9.730422973632812;0.28642764957017786;0.9988007545413128;0.800000011920929;0.800000011920929;0.800000011920929
lidar;17.0;44.0;25.065187454223633;24.92774772644043;9.71764087677002;0.29865795373916626;25.050790786743164;24.943706512451172;9.780003547668457;0.23269533460792197;0.9992470145216527;0.800000011920929;0.800000011920929;0.800000011920929
lidar;17.0;44.0;25.065452575683594;24.93282699584961;9.716495513916016;0.2986154854297638;25.056716918945312;24.941791534423828;9.754332542419434;0.25876119048317947;0.9993889927586126;0.800000011920929;0.800000011920929;0.800000011920929
lidar;17.0;44.0;25.065685272216797;24.93793487548828;9.715489387512207;0.2985176742076874;25.08213233947754;24.922393798828125;9.644247055053711;0.3732677473460594;0.9997164607185905;0.800000011920929;0.800000011920929;0.800000011920929
lidar;17.0;44.0;25.065900802612305;24.94305419921875;9.714550018310547;0.2984413206577301;25.069992065429688;24.93951988220215;9.696831703186035;0.31696605199659794;0.9999725222578477;0.800000011920929;0.800000011920929;0.800000011920929
lidar;17.0;44.0;25.066118240356445;24.94817352294922;9.713611602783203;0.2984558939933777;25.07265281677246;24.943050384521484;9.685302734375;0.3279579389761809;0.9999239444761834;0.800000011920929;0.800000011920929;0.800000011920929
lidar;17.0;44.0;25.066335678100586;24.95329475402832;9.712672233581543;0.29856133460998535;25.0559139251709;24.96063232421875;9.757810592651367;0.25165807604544005;0.9995707869475307;0.800000011920929;0.800000011920929;0.800000011920929
lidar;17.0;44.0;25.06652069091797;24.95844078063965;9.711864471435547;0.29862046241760254;25.075439453125;24.95286750793457;9.673233985900879;0.3386569883014873;0.999372720763519;0.800000011920929;0.800000011920929;0.800000011920929
lidar;17.0;44.0;25.066682815551758;24.96360206604004;9.711166381835938;0.29865726828575134;25.059541702270508;24.967500686645508;9.74209213256836;0.266679227986965;0.999249458289854;0.800000011920929;0.800000011920929;0.800000011920929
lidar;17.0;44.0;25.066843032836914;24.968769073486328;9.710467338562012;0.29878512024879456;25.080848693847656;24.96222496032715;9.64980697631836;0.3613838343251029;0.9988217949184908;0.800000011920929;0.800000011920929;0.800000011920929
lidar;17.0;44.0;25.066984176635742;24.973947525024414;9.709855079650879;0.29891449213027954;25.057764053344727;24.9775333404541;9.749796867370605;0.25776558788855447;0.9983891248891877;0.800000011920929;0.800000011920929;0.800000011920929
lidar;17.0;44.0;25.06708526611328;24.97914695739746;9.709424018859863;0.29894745349884033;25.065387725830078;24.979673385620117;9.71677303314209;0.2913868843491286;0.9982787370289272;0.800000011920929;0.800000011920929;0.800000011920929
lidar;17.0;44.0;25.067184448242188;24.98434829711914;9.708992958068848;0.29907160997390747;25.050861358642578;24.988149642944336;9.779690742492676;0.22641428445928113;0.9978641271516618;0.800000011920929;0.800000011920929;0.800000011920929
lidar;17.0;44.0;25.06724739074707;24.989561080932617;9.708722114562988;0.29912206530570984;25.06707191467285;24.989587783813477;9.70947551727295;0.2983482414799026;0.9976961611006729;0.800000011920929;0.800000011920929;0.800000011920929
lidar;17.0;44.0;25.067279815673828;24.994779586791992;9.708576202392578;0.2991350293159485;25.07586097717285;24.99411392211914;9.67141056060791;0.3372841205609482;0.9976531862713165;0.800000011920929;0.800000011920929;0.800000011920929
lidar;17.0;44.0;25.06731414794922;25.0;9.708430290222168;0.2992391884326935;25.04526138305664;25.0;9.80395221710205;0.2012046685168079;0.9973062872611547;0.800000011920929;0.800000011920929;0.800000011920929
lidar;17.0;44.0;25.067279815673828;25.005220413208008;9.708576202392578;0.2991350293159485;25.069761276245117;25.005413055419922;9.69782829284668;0.31016712788150586;0.9976531862713165;0.800000011920929;0.800000011920929;0.800000011920929
lidar;17.0;44.0;25.06724739074707;25.010438919067383;9.708722114562988;0.29912203550338745;25.047313690185547;25.00734519958496;9.795062065124512;0.21045666342978556;0.9976961611006729;0.800000011920929;0.800000011920929;0.800000011920929
lidar;17.0;44.0;25.067184448242188;25.01565170288086;9.708992958068848;0.29907163977622986;25.071231842041016;25.0165958404541;9.691460609436035;0.31708992548448756;0.9978641271516618;0.800000011920929;0.800000011920929;0.800000011920929
lidar;17.0;44.0;25.06708526611328;25.02085304260254;9.709424018859863;0.2989475429058075;25.061546325683594;25.019132614135742;9.733413696289062;0.27426637955501865;0.9982787370289272;0.800000011920929;0.800000011920929;0.800000011920929
lidar;17.0;44.0;25.066984176635742;25.026052474975586;9.709855079650879;0.29891452193260193;25.062427520751953;25.024280548095703;9.729595184326172;0.27857803739323445;0.9983890652839797;0.800000011920929;0.800000011920929;0.800000011920929
lidar;17.0;44.0;25.066843032836914;25.031230926513672;9.710467338562012;0.29878517985343933;25.07140350341797;25.033361434936523;9.690715789794922;0.3191685186869755;0.9988217949184908;0.800000011920929;0.800000011920929;0.800000011920929
lidar;17.0;44.0;25.066682815551758;25.03639793395996;9.711166381835938;0.29865744709968567;25.06287384033203;25.034318923950195;9.727666854858398;0.28159585182042635;0.999249458289854;0.800000011920929;0.800000011920929;0.800000011920929
lidar;17.0;44.0;25.06652069091797;25.04155921936035;9.711864471435547;0.2986205518245697;25.019365310668945;25.012100219726562;9.916115760803223;0.08693702182029103;0.999372720763519;0.800000011920929;0.800000011920929;0.800000011920929
lidar;17.0;44.0;25.066335678100586;25.04670524597168;9.712672233581543;0.2985613942146301;25.07950210571289;25.05597686767578;9.655634880065918;0.3578283300019197;0.9995707869475307;0.800000011920929;0.800000011920929;0.800000011920929
lidar;17.0;44.0;25.066118240356445;25.05182647705078;9.713611602783203;0.29845598340034485;25.0697078704834;25.054641723632812;9.69805908203125;0.31466315322443617;0.9999239444761834;0.800000011920929;0.800000011920929;0.800000011920929
lidar;17.0;44.0;25.065900802612305;25.05694580078125;9.714550018310547;0.29844141006469727;25.05650520324707;25.048826217651367;9.755247116088867;0.25589236644410585;0.9999725222578477;0.800000011920929;0.800000011920929;0.800000011920929
lidar;17.0;44.0;25.065685272216797;25.06206512451172;9.715489387512207;0.29851773381233215;25.062442779541016;25.059001922607422;9.729533195495605;0.2837829258883606;0.9997164607185905;0.800000011920929;0.800000011920929;0.800000011920929
lidar;17.0;44.0;25.065452575683594;25.06717300415039;9.716495513916016;0.2986155152320862;25.05167007446289;25.053028106689453;9.77619457244873;0.23573440224899408;0.9993889927586126;0.800000011920929;0.800000011920929;0.800000011920929
lidar;17.0;44.0;25.065187454223633;25.07225227355957;9.71764087677002;0.2986578643321991;25.07124900817871;25.07897186279297;9.691383361816406;0.32643098202676457;0.9992470145216527;0.800000011920929;0.800000011920929;0.800000011920929
lidar;17.0;44.0;25.064922332763672;25.077333450317383;9.71878719329834;0.2987913489341736;25.055021286010742;25.065540313720703;9.761672973632812;0.25322471148852166;0.9988007545413128;0.800000011920929;0.800000011920929;0.800000011920929
lidar;17.0;44.0;25.06465721130371;25.082420349121094;9.719934463500977;0.2990160584449768;25.04463768005371;25.056900024414062;9.806652069091797;0.20643073934004025;0.9980502127984883;0.800000011920929;0.800000011920929;0.800000011920929
lidar;17.0;44.0;25.06439208984375;25.08751678466797;9.721083641052246;0.2993323802947998;25.059690475463867;25.081125259399414;9.741453170776367;0.2774714454583478;0.996995568479102;0.800000011920929;0.800000011920929;0.800000011920929
lidar;17.0;44.0;25.06412696838379;25.09262466430664;9.722235679626465;0.2997407913208008;25.06773567199707;25.097837448120117;9.7066068649292;0.31660613956796;0.9956372383280879;0.800000011920929;0.800000011920929;0.800000011920929
lidar;17.0;44.0;25.063756942749023;25.097591400146484;9.723840713500977;0.2997545003890991;25.059263229370117;25.09071159362793;9.743305206298828;0.2786266171199877;0.99492687000443;0.800000011920929;0.800000011920929;0.800000011920929
lidar;17.0;44.0;25.063262939453125;25.102359771728516;9.725975036621094;0.29928168654441833;25.069944381713867;25.113170623779297;9.697035789489746;0.3308885799372699;0.9964988829729592;0.800000011920929;0.800000011920929;0.800000011920929
lidar;17.0;44.0;25.062772750854492;25.10711669921875;9.728103637695312;0.2989012598991394;25.06343650817871;25.10824966430664;9.725229263305664;0.3020607536630997;0.9977673889994844;0.800000011920929;0.800000011920929;0.800000011920929
lidar;17.0;44.0;25.06228256225586;25.111862182617188;9.73022747039795;0.2986126244068146;25.064367294311523;25.11560821533203;9.721192359924316;0.3086134325213533;0.9987320303760352;0.800000011920929;0.800000011920929;0.800000011920929
lidar;17.0;44.0;25.061792373657227;25.116600036621094;9.73234748840332;0.29841533303260803;25.057031631469727;25.107616424560547;9.752971649169922;0.27542127947584144;0.9993923903140169;0.800000011920929;0.800000011920929;0.800000011920929
lidar;17.0;44.0;25.061304092407227;25.121334075927734;9.734465599060059;0.2983090877532959;25.065326690673828;25.129295349121094;9.717039108276367;0.3178861905556108;0.9997483491986532;0.800000011920929;0.800000011920929;0.800000011920929
lidar;17.0;44.0;25.060813903808594;25.12606430053711;9.73658275604248;0.298293799161911;25.042173385620117;25.08742332458496;9.817327499389648;0.20685906142305205;0.9997997879930698;0.800000011920929;0.800000011920929;0.800000011920929
lidar;17.0;44.0;25.060325622558594;25.130796432495117;9.738700866699219;0.29836931824684143;25.067340850830078;25.146005630493164;9.708316802978516;0.3330637231291247;0.9995466470604133;0.800000011920929;0.800000011920929;0.800000011920929
lidar;17.0;44.0;25.05983543395996;25.13553237915039;9.740819931030273;0.29853594303131104;25.05807113647461;25.131532669067383;9.748468399047852;0.28972630242435055;0.9989890456418619;0.800000011920929;0.800000011920929;0.800000011920929
lidar;17.0;44.0;25.05934715270996;25.140275955200195;9.742942810058594;0.298793762922287;25.05499839782715;25.12999725341797;9.761775970458984;0.27690231990385944;0.998127222067819;0.800000011920929;0.800000011920929;0.800000011920929
lidar;17.0;44.0;25.058834075927734;25.144977569580078;9.745158195495605;0.29903867840766907;25.057558059692383;25.14183235168457;9.750685691833496;0.29255316211384225;0.9973098634469384;0.800000011920929;0.800000011920929;0.800000011920929
lidar;17.0;44.0;25.05830192565918;25.149633407592773;9.747468948364258;0.2992681562900543;25.07424545288086;25.190555572509766;9.678407669067383;0.38111007329973207;0.9965451953242241;0.800000011920929;0.800000011920929;0.800000011920929
lidar;17.0;44.0;25.057767868041992;25.154300689697266;9.749783515930176;0.2995895445346832;25.06003761291504;25.160362243652344;9.739952087402344;0.31136104951404553;0.9954768418476737;0.800000011920929;0.800000011920929;0.800000011920929
lidar;17.0;44.0;25.057109832763672;25.15863800048828;9.752633094787598;0.2993617653846741;25.066295623779297;25.184154510498047;9.712844848632812;0.34751385569654125;0.9953663348132669;0.800000011920929;0.800000011920929;0.800000011920929
lidar;17.0;44.0;25.0563907623291;25.162796020507812;9.755743026733398;0.2989044785499573;25.047765731811523;25.137893676757812;9.793105125427246;0.2531833014432396;0.9968892335521954;0.800000011920929;0.800000011920929;0.800000011920929
lidar;17.0;44.0;25.055675506591797;25.166940689086914;9.758843421936035;0.2985393702983856;25.060768127441406;25.18221092224121;9.736784934997559;0.32584605936385097;0.9981083272756249;0.800000011920929;0.800000011920929;0.800000011920929
lidar;17.0;44.0;25.054960250854492;25.171077728271484;9.761937141418457;0.29826590418815613;25.05746078491211;25.178857803344727;9.75111198425293;0.3118284232641922;0.9990234374755878;0.800000011920929;0.800000011920929;0.800000011920929
lidar;17.0;44.0;25.054248809814453;25.175209045410156;9.765026092529297;0.29808372259140015;25.054771423339844;25.176897048950195;9.762762069702148;0.30095578373481163;0.9996342659222472;0.800000011920929;0.800000011920929;0.800000011920929
lidar;17.0;44.0;25.05353546142578;25.179336547851562;9.768112182617188;0.29799240827560425;25.054271697998047;25.181798934936523;9.76492691040039;0.30208618682683025;0.9999405741659602;0.800000011920929;0.800000011920929;0.800000011920929
lidar;17.0;44.0;25.05282211303711;25.183462142944336;9.771197319030762;0.2979918122291565;25.041221618652344;25.143171310424805;9.821447372436523;0.23254734525634763;0.99994230270845;0.800000011920929;0.800000011920929;0.800000011920929
lidar;17.0;44.0;25.05211067199707;25.187589645385742;9.774284362792969;0.29808205366134644;25.05241584777832;25.188688278198242;9.77296257019043;0.29982755919962023;0.9996393919142836;0.800000011920929;0.800000011920929;0.800000011920929
lidar;17.0;44.0;25.0513973236084;25.191720962524414;9.777373313903809;0.2982633113861084;25.057846069335938;25.215776443481445;9.749438285827637;0.335689056758017;0.9990320204903358;0.800000011920929;0.800000011920929;0.800000011920929
lidar;17.0;44.0;25.050683975219727;25.19585609436035;9.78046703338623;0.29853567481040955;25.051959991455078;25.20079231262207;9.774934768676758;0.30605812736264176;0.9981203674272011;0.800000011920929;0.800000011920929;0.800000011920929
lidar;17.0;44.0;25.04996681213379;25.200002670288086;9.783567428588867;0.29889971017837524;25.06035614013672;25.241586685180664;9.738567352294922;0.36104600690796496;0.9969046114371254;0.800000011920929;0.800000011920929;0.800000011920929
lidar;17.0;44.0;25.04924964904785;25.204160690307617;9.786676406860352;0.2993559241294861;25.046730041503906;25.193714141845703;9.797592163085938;0.28403781877487705;0.9953851702482344;0.800000011920929;0.800000011920929;0.800000011920929
lidar;17.0;44.0;25.048433303833008;25.207918167114258;9.790212631225586;0.29931068420410156;25.041471481323242;25.178030014038086;9.820368766784668;0.25628512829991135;0.9945983287663287;0.800000011920929;0.800000011920929;0.800000011920929
lidar;17.0;44.0;25.04755973815918;25.21141815185547;9.794000625610352;0.29898974299430847;25.043292999267578;25.19245719909668;9.812475204467773;0.2721760394825673;0.995666205878172;0.800000011920929;0.800000011920929;0.800000011920929
lidar;17.0;44.0;25.04400062561035;24.788366317749023;9.792990684509277;0.2992960512638092;25.03418731689453;24.835567474365234;9.83916187286377;0.23254147996044489;0.9946469663074459;0.800000011920929;0.800000011920929;0.800000011920929
lidar;17.0;44.0;25.044811248779297;24.7918643951416;9.789178848266602;0.299623042345047;25.053373336791992;24.752094268798828;9.748894691467285;0.35687532018095647;0.9935614462925778;0.800000011920929;0.800000011920929;0.800000011920929
lidar;17.0;44.0;25.0455265045166;24.795804977416992;9.785812377929688;0.29940709471702576;25.046306610107422;24.79231071472168;9.782148361206055;0.3045297118415244;0.9952151181376012;0.800000011920929;0.800000011920929;0.800000011920929
lidar;17.0;44.0;25.04619026184082;24.799962997436523;9.782690048217773;0.2989514470100403;25.037464141845703;24.83775520324707;9.823745727539062;0.2424722622436178;0.9967318175303512;0.800000011920929;0.800000011920929;0.800000011920929
lidar;17.0;44.0;25.046852111816406;24.804107666015625;9.779577255249023;0.2985881567001343;25.039897918701172;24.833187103271484;9.812296867370605;0.2542649540411486;0.9979448316409121;0.800000011920929;0.800000011920929;0.800000011920929
lidar;17.0;44.0;25.04751205444336;24.808246612548828;9.776470184326172;0.29831647872924805;25.066049575805664;24.73343276977539;9.68925952911377;0.4147046177500345;0.9988538622202693;0.800000011920929;0.800000011920929;0.800000011920929
lidar;17.0;44.0;25.048171997070312;24.8123779296875;9.773367881774902;0.298135906457901;25.065921783447266;24.743244171142578;9.689862251281738;0.40798848947409544;0.9994586705916111;0.800000011920929;0.800000011920929;0.800000011920929
lidar;17.0;44.0;25.048831939697266;24.816503524780273;9.770268440246582;0.29804638028144836;25.05870819091797;24.77939224243164;9.723804473876953;0.3583276382570035;0.9997590780262716;0.800000011920929;0.800000011920929;0.800000011920929
lidar;17.0;44.0;25.049489974975586;24.82063102722168;9.767169952392578;0.29804760217666626;25.043075561523438;24.843881607055664;9.79734992980957;0.2594140297164824;0.9997548461050311;0.800000011920929;0.800000011920929;0.800000011920929
lidar;17.0;44.0;25.050148010253906;24.824758529663086;9.764070510864258;0.298139750957489;25.04524803161621;24.841880798339844;9.787123680114746;0.2690080839957105;0.9994461536478296;0.800000011920929;0.800000011920929;0.800000011920929
lidar;17.0;44.0;25.05080795288086;24.828889846801758;9.760968208312988;0.29832273721694946;25.05476188659668;24.81557273864746;9.742364883422852;0.3215402156865313;0.9988330005729233;0.800000011920929;0.800000011920929;0.800000011920929
lidar;17.0;44.0;25.051467895507812;24.833026885986328;9.757861137390137;0.2985970377922058;25.064071655273438;24.79214096069336;9.69857120513916;0.3717116288802108;0.9979155661970928;0.800000011920929;0.800000011920929;0.800000011920929
lidar;17.0;44.0;25.0521297454834;24.837173461914062;9.75474739074707;0.29896292090415955;25.034616470336914;24.891876220703125;9.837141990661621;0.19852382051008105;0.9966942069590451;0.800000011920929;0.800000011920929;0.800000011920929
lidar;17.0;44.0;25.052793502807617;24.841331481933594;9.751625061035156;0.299421101808548;25.052675247192383;24.841684341430664;9.752179145812988;0.29875330416481855;0.9951691624675032;0.800000011920929;0.800000011920929;0.800000011920929
lidar;17.0;44.0;25.053346633911133;24.8458309173584;9.74902629852295;0.2993350028991699;25.054473876953125;24.842573165893555;9.743721961975098;0.3056616867879643;0.9963233469920838;0.800000011920929;0.800000011920929;0.800000011920929
lidar;17.0;44.0;25.0538387298584;24.850494384765625;9.74670696258545;0.2990117371082306;25.040767669677734;24.886795043945312;9.808206558227539;0.22641114387561437;0.9974002836257546;0.800000011920929;0.800000011920929;0.800000011920929
lidar;17.0;44.0;25.054330825805664;24.855148315429688;9.744391441345215;0.2987799644470215;25.043983459472656;24.882734298706055;9.793070793151855;0.24187910263498144;0.9981735944437581;0.800000011920929;0.800000011920929;0.800000011920929
lidar;17.0;44.0;25.05482292175293;24.85979652404785;9.74207878112793;0.2986395061016083;25.052730560302734;24.865148544311523;9.751924514770508;0.2872397498104574;0.9986427427116525;0.800000011920929;0.800000011920929;0.800000011920929
lidar;17.0;44.0;25.055315017700195;24.864442825317383;9.739768028259277;0.29859012365341187;25.066627502441406;24.83671760559082;9.686545372009277;0.35965819596967374;0.9988076687728423;0.800000011920929;0.800000011920929;0.800000011920929
lidar;17.0;44.0;25.0557804107666;24.86914825439453;9.737576484680176;0.29849615693092346;25.04901885986328;24.885009765625;9.769388198852539;0.26231145040926557;0.9991217852325319;0.800000011920929;0.800000011920929;0.800000011920929
lidar;17.0;44.0;25.056232452392578;24.873882293701172;9.735448837280273;0.2984215319156647;25.059051513671875;24.8675594329834;9.722187042236328;0.31338115449118853;0.9993713498097749;0.800000011920929;0.800000011920929;0.800000011920929
lidar;17.0;44.0;25.056684494018555;24.87861442565918;9.733321189880371;0.2984378933906555;25.060951232910156;24.86948013305664;9.713251113891602;0.3208976466362087;0.9993165135780229;0.800000011920929;0.800000011920929;0.800000011920929
lidar;17.0;44.0;25.05713653564453;24.88334846496582;9.731192588806152;0.298545241355896;25.05724334716797;24.883129119873047;9.730687141418457;0.29910744224931296;0.9989572764051534;0.800000011920929;0.800000011920929;0.800000011920929
lidar;17.0;44.0;25.057588577270508;24.88808822631836;9.729063034057617;0.2987435758113861;25.07863998413086;24.847183227539062;9.63003158569336;0.4079387308922813;0.998293697817372;0.800000011920929;0.800000011920929;0.800000011920929
lidar;17.0;44.0;25.058042526245117;24.89283561706543;9.7269287109375;0.29903343319892883;25.053762435913086;24.900741577148438;9.747072219848633;0.27697514415699864;0.997326076118189;0.800000011920929;0.800000011920929;0.800000011920929
lidar;17.0;44.0;25.05849838256836;24.897594451904297;9.724790573120117;0.29941514134407043;25.05434799194336;24.904857635498047;9.744312286376953;0.2781755870424923;0.9960546493931327;0.800000011920929;0.800000011920929;0.800000011920929
lidar;17.0;44.0;25.058937072753906;24.90239143371582;9.722719192504883;0.29980984330177307;25.07189178466797;24.880937576293945;9.661774635314941;0.36570574121277577;0.9954079386382182;0.800000011920929;0.800000011920929;0.800000011920929
lidar;17.0;44.0;25.05921745300293;24.907453536987305;9.72139835357666;0.2994837462902069;25.076095581054688;24.88107681274414;9.641992568969727;0.3848409869143605;0.9964918492446335;0.800000011920929;0.800000011920929;0.800000011920929
lidar;17.0;44.0;25.05948829650879;24.91252326965332;9.720126152038574;0.29919999837875366;25.057567596435547;24.915348052978516;9.729166030883789;0.2895358486772519;0.997437000022709;0.800000011920929;0.800000011920929;0.800000011920929
lidar;17.0;44.0;25.059734344482422;24.91761589050293;9.718973159790039;0.2988832890987396;25.06947135925293;24.904186248779297;9.673161506652832;0.34760559805838037;0.998493909921007;0.800000011920929;0.800000011920929;0.800000011920929
lidar;17.0;44.0;25.059978485107422;24.922700881958008;9.717822074890137;0.29865819215774536;25.0567626953125;24.92684555053711;9.732948303222656;0.28264856329839405;0.9992465973228074;0.800000011920929;0.800000011920929;0.800000011920929
lidar;17.0;44.0;25.060222625732422;24.927780151367188;9.716672897338867;0.2985241711139679;25.077072143554688;24.907575607299805;9.637407302856445;0.3820416941329418;0.9996949434364768;0.800000011920929;0.800000011920929;0.800000011920929
lidar;17.0;44.0;25.060466766357422;24.9328556060791;9.715524673461914;0.29848119616508484;25.05115509033203;24.94319725036621;9.75933837890625;0.2525097211336566;0.9998387694465161;0.800000011920929;0.800000011920929;0.800000011920929
lidar;17.0;44.0;25.060710906982422;24.93793296813965;9.714375495910645;0.2985292375087738;25.049087524414062;24.94981575012207;9.769059181213379;0.24137511148532903;0.9996780156918716;0.800000011920929;0.800000011920929;0.800000011920929
lidar;17.0;44.0;25.060922622680664;24.943042755126953;9.713379859924316;0.2985078990459442;25.054908752441406;24.94866371154785;9.741670608520508;0.2690438162414233;0.9997496604858384;0.800000011920929;0.800000011920929;0.800000011920929
lidar;17.0;44.0;25.06112289428711;24.948162078857422;9.71243667602539;0.29852256178855896;25.073606491088867;24.937576293945312;9.653714179992676;0.35948365368818547;0.9997003674496222;0.800000011920929;0.800000011920929;0.800000011920929
lidar;17.0;44.0;25.061325073242188;24.953283309936523;9.711493492126465;0.29862838983535767;25.066835403442383;24.949085235595703;9.685564041137695;0.3254675589487944;0.999346554306892;0.800000011920929;0.800000011920929;0.800000011920929
lidar;17.0;44.0;25.061525344848633;24.958412170410156;9.710549354553223;0.2988252639770508;25.065397262573242;24.955793380737305;9.692329406738281;0.31763495241155726;0.9986882804939364;0.800000011920929;0.800000011920929;0.800000011920929
lidar;17.0;44.0;25.061677932739258;24.96357536315918;9.70982551574707;0.29888537526130676;25.051883697509766;24.969358444213867;9.755905151367188;0.25142260531641036;0.99848705523257;0.800000011920929;0.800000011920929;0.800000011920929
lidar;17.0;44.0;25.06182861328125;24.9687442779541;9.709122657775879;0.2990138530731201;25.070030212402344;24.964597702026367;9.670531272888184;0.3386846368563656;0.9980577827465681;0.800000011920929;0.800000011920929;0.800000011920929
lidar;17.0;44.0;25.06197738647461;24.973920822143555;9.708418846130371;0.2992335855960846;25.058313369750977;24.975461959838867;9.725653648376465;0.281546551873803;0.9973247049193381;0.800000011920929;0.800000011920929;0.800000011920929
lidar;17.0;44.0;25.062074661254883;24.979122161865234;9.707964897155762;0.29928871989250183;25.077314376831055;24.973997116088867;9.636268615722656;0.3727658581130485;0.997140645898533;0.800000011920929;0.800000011920929;0.800000011920929
lidar;17.0;44.0;25.062166213989258;24.984329223632812;9.707530975341797;0.29941341280937195;25.054903030395508;24.986160278320312;9.741703987121582;0.26442846831222;0.9967249038073261;0.800000011920929;0.800000011920929;0.800000011920929
lidar;17.0;44.0;25.062236785888672;24.989547729492188;9.707201957702637;0.2995212972164154;25.061716079711914;24.989633560180664;9.709650039672852;0.29701714353083314;0.9963661432193688;0.800000011920929;0.800000011920929;0.800000011920929
lidar;17.0;44.0;25.062267303466797;24.99477195739746;9.707056045532227;0.29953455924987793;25.051469802856445;24.995677947998047;9.75784969329834;0.24759767285873777;0.9963225720425709;0.800000011920929;0.800000011920929;0.800000011920929
lidar;17.0;44.0;25.062297821044922;25.0;9.7069091796875;0.299638956785202;25.079242706298828;25.0;9.627195358276367;0.38113351726572864;0.9959755542201812;0.800000011920929;0.800000011920929;0.800000011920929
lidar;17.0;44.0;25.062267303466797;25.00522804260254;9.707056045532227;0.29953455924987793;25.062204360961914;25.00522232055664;9.707355499267578;0.299228307965931;0.9963225720425709;0.800000011920929;0.800000011920929;0.800000011920929
lidar;17.0;44.0;25.062236785888672;25.010452270507812;9.707201957702637;0.2995212972164154;25.02678680419922;25.004499435424805;9.873980522155762;0.12891309284308058;0.9963661432193688;0.800000011920929;0.800000011920929;0.800000011920929
lidar;17.0;44.0;25.062166213989258;25.015670776367188;9.707530975341797;0.2994134724140167;25.066709518432617;25.016815185546875;9.68615436553955;0.3212974533981398;0.9967249038073261;0.800000011920929;0.800000011920929;0.800000011920929
lidar;17.0;44.0;25.062074661254883;25.020877838134766;9.707964897155762;0.29928871989250183;25.05694007873535;25.01915168762207;9.7321195602417;0.2745338648965925;0.997140645898533;0.800000011920929;0.800000011920929;0.800000011920929
lidar;17.0;44.0;25.06197738647461;25.026079177856445;9.708418846130371;0.2992335855960846;25.063396453857422;25.02667808532715;9.701744079589844;0.3060838480493943;0.9973247049193381;0.800000011920929;0.800000011920929;0.800000011920929
lidar;17.0;44.0;25.06182861328125;25.0312557220459;9.709122657775879;0.2990139126777649;25.04837417602539;25.02445411682129;9.772415161132812;0.23395084654022785;0.9980577827465681;0.800000011920929;0.800000011920929;0.800000011920929
lidar;17.0;44.0;25.061677932739258;25.03642463684082;9.70982551574707;0.2988854646682739;25.06081199645996;25.035913467407227;9.71390438079834;0.2946841667442179;0.99848705523257;0.800000011920929;0.800000011920929;0.800000011920929
lidar;17.0;44.0;25.061525344848633;25.041587829589844;9.710549354553223;0.2988252341747284;25.044536590576172;25.030105590820312;9.790468215942383;0.21631758697414466;0.9986882804939364;0.800000011920929;0.800000011920929;0.800000011920929
lidar;17.0;44.0;25.061325073242188;25.046716690063477;9.711493492126465;0.29862844944000244;25.05549430847168;25.042274475097656;9.738922119140625;0.270237390242439;0.999346554306892;0.800000011920929;0.800000011920929;0.800000011920929
lidar;17.0;44.0;25.06112289428711;25.051837921142578;9.71243667602539;0.2985227108001709;25.06964111328125;25.05906105041504;9.67236614227295;0.34012078140939267;0.9997003674496222;0.800000011920929;0.800000011920929;0.800000011920929
lidar;17.0;44.0;25.060922622680664;25.056957244873047;9.713379859924316;0.2985079288482666;25.068567276000977;25.064104080200195;9.677419662475586;0.3359594380826969;0.9997496604858384;0.800000011920929;0.800000011920929;0.800000011920929
lidar;17.0;44.0;25.060710906982422;25.06206703186035;9.714375495910645;0.2985292077064514;25.073251724243164;25.074888229370117;9.655375480651855;0.36019513688532634;0.9996780156918716;0.800000011920929;0.800000011920929;0.800000011920929
lidar;17.0;44.0;25.060466766357422;25.0671443939209;9.715524673461914;0.2984811067581177;25.04261589050293;25.047321319580078;9.799507141113281;0.21036362695352212;0.9998387694465161;0.800000011920929;0.800000011920929;0.800000011920929
lidar;17.0;44.0;25.060222625732422;25.072219848632812;9.716672897338867;0.2985241115093231;25.076265335083008;25.09145736694336;9.641203880310059;0.37804180175302526;0.9996949434364768;0.800000011920929;0.800000011920929;0.800000011920929
lidar;17.0;44.0;25.059978485107422;25.077299118041992;9.717822074890137;0.2986580729484558;25.065519332885742;25.084440231323242;9.691752433776855;0.32625093214435336;0.9992465973228074;0.800000011920929;0.800000011920929;0.800000011920929
lidar;17.0;44.0;25.059734344482422;25.08238410949707;9.718973159790039;0.29888322949409485;25.049026489257812;25.067615509033203;9.769350051879883;0.2453051417922304;0.998493909921007;0.800000011920929;0.800000011920929;0.800000011920929
lidar;17.0;44.0;25.05948829650879;25.08747673034668;9.720126152038574;0.2991999685764313;25.045982360839844;25.067617416381836;9.783668518066406;0.23127014642415578;0.997437000022709;0.800000011920929;0.800000011920929;0.800000011920929
lidar;17.0;44.0;25.05921745300293;25.092546463012695;9.72139835357666;0.2994837462902069;25.050886154174805;25.079524993896484;9.760594367980957;0.2573492989485259;0.9964918492446335;0.800000011920929;0.800000011920929;0.800000011920929
lidar;17.0;44.0;25.058937072753906;25.09760856628418;9.722719192504883;0.29980984330177307;25.062711715698242;25.103857040405273;9.70496654510498;0.3190045064834871;0.9954079386382182;0.800000011920929;0.800000011920929;0.800000011920929
lidar;17.0;44.0;25.05849838256836;25.102405548095703;9.724790573120117;0.29941511154174805;25.0482177734375;25.084409713745117;9.773151397705078;0.2468000364025398;0.9960546493931327;0.800000011920929;0.800000011920929;0.800000011920929
lidar;17.0;44.0;25.058042526245117;25.10716438293457;9.7269287109375;0.2990334630012512;25.071311950683594;25.13166046142578;9.664508819580078;0.36738802270598064;0.997326076118189;0.800000011920929;0.800000011920929;0.800000011920929
lidar;17.0;44.0;25.057588577270508;25.11191177368164;9.729063034057617;0.2987436354160309;25.052810668945312;25.102622985839844;9.751548767089844;0.27395007097883445;0.998293697817372;0.800000011920929;0.800000011920929;0.800000011920929
lidar;17.0;44.0;25.05713653564453;25.11665153503418;9.731192588806152;0.2985452711582184;25.059389114379883;25.12125015258789;9.720597267150879;0.3103133895039789;0.9989572764051534;0.800000011920929;0.800000011920929;0.800000011920929
lidar;17.0;44.0;25.056684494018555;25.12138557434082;9.733321189880371;0.2984379231929779;25.066936492919922;25.14333724975586;9.68509292602539;0.35240943347185605;0.9993165135780229;0.800000011920929;0.800000011920929;0.800000011920929
lidar;17.0;44.0;25.056232452392578;25.126117706298828;9.735448837280273;0.29842156171798706;25.056705474853516;25.127180099487305;9.733220100402832;0.30093495530109393;0.9993713498097749;0.800000011920929;0.800000011920929;0.800000011920929
lidar;17.0;44.0;25.0557804107666;25.13085174560547;9.737576484680176;0.29849615693092346;25.055404663085938;25.129972457885742;9.739338874816895;0.2964914567450231;0.9991217852325319;0.800000011920929;0.800000011920929;0.800000011920929
lidar;17.0;44.0;25.055315017700195;25.135557174682617;9.739768028259277;0.29859012365341187;25.036775588989258;25.09012794494629;9.826980590820312;0.1985223464753232;0.9988076687728423;0.800000011920929;0.800000011920929;0.800000011920929
lidar;17.0;44.0;25.05482292175293;25.14020347595215;9.74207878112793;0.2986394762992859;25.037086486816406;25.094844818115234;9.825520515441895;0.20202522596416694;0.9986427427116525;0.800000011920929;0.800000011920929;0.800000011920929
lidar;17.0;44.0;25.054330825805664;25.144851684570312;9.744391441345215;0.2987798750400543;25.057044982910156;25.152088165283203;9.731619834899902;0.3137087283561237;0.9981735944437581;0.800000011920929;0.800000011920929;0.800000011920929
lidar;17.0;44.0;25.0538387298584;25.149505615234375;9.74670696258545;0.2990116775035858;25.052082061767578;25.14462661743164;9.754974365234375;0.2892518015082146;0.9974002836257546;0.800000011920929;0.800000011920929;0.800000011920929
lidar;17.0;44.0;25.053346633911133;25.1541690826416;9.74902629852295;0.2993350028991699;25.039161682128906;25.113178253173828;9.815754890441895;0.21974883211005225;0.9963233469920838;0.800000011920929;0.800000011920929;0.800000011920929
lidar;17.0;44.0;25.052793502807617;25.158668518066406;9.751625061035156;0.29942113161087036;25.048891067504883;25.14693832397461;9.769986152648926;0.2772862736453174;0.9951691624675032;0.800000011920929;0.800000011920929;0.800000011920929
lidar;17.0;44.0;25.0521297454834;25.162826538085938;9.75474739074707;0.2989630401134491;25.049589157104492;25.15489387512207;9.766697883605957;0.28439572588377804;0.9966942069590451;0.800000011920929;0.800000011920929;0.800000011920929
lidar;17.0;44.0;25.051467895507812;25.166973114013672;9.757861137390137;0.298597127199173;25.037124633789062;25.120441436767578;9.825340270996094;0.2153839682192606;0.9979155661970928;0.800000011920929;0.800000011920929;0.800000011920929
lidar;17.0;44.0;25.05080795288086;25.171110153198242;9.760968208312988;0.298322856426239;25.06302261352539;25.212247848510742;9.70350170135498;0.3700433076073144;0.9988330005729233;0.800000011920929;0.800000011920929;0.800000011920929
lidar;17.0;44.0;25.050148010253906;25.175241470336914;9.764070510864258;0.29813989996910095;25.056377410888672;25.197011947631836;9.734762191772461;0.33517694975634815;0.9994461536478296;0.800000011920929;0.800000011920929;0.800000011920929
lidar;17.0;44.0;25.049489974975586;25.17936897277832;9.767169952392578;0.2980477809906006;25.057600021362305;25.208763122558594;9.729015350341797;0.34689043768993133;0.9997548461050311;0.800000011920929;0.800000011920929;0.800000011920929
lidar;17.0;44.0;25.048831939697266;25.183496475219727;9.770268440246582;0.2980464994907379;25.051010131835938;25.191680908203125;9.760022163391113;0.31134029617734327;0.9997590780262716;0.800000011920929;0.800000011920929;0.800000011920929
lidar;17.0;44.0;25.048171997070312;25.187623977661133;9.773367881774902;0.29813605546951294;25.051023483276367;25.19873046875;9.759950637817383;0.31578608450499174;0.9994586705916111;0.800000011920929;0.800000011920929;0.800000011920929
lidar;17.0;44.0;25.04751205444336;25.191753387451172;9.776470184326172;0.29831650853157043;25.042734146118164;25.17246437072754;9.798954963684082;0.2683082136182825;0.9988538622202693;0.800000011920929;0.800000011920929;0.800000011920929
lidar;17.0;44.0;25.046852111816406;25.195892333984375;9.779577255249023;0.29858821630477905;25.05240821838379;25.219118118286133;9.75344181060791;0.33399194535665816;0.9979448316409121;0.800000011920929;0.800000011920929;0.800000011920929
lidar;17.0;44.0;25.04619026184082;25.200037002563477;9.782690048217773;0.2989515960216522;25.048179626464844;25.208650588989258;9.773333549499512;0.3118243467273897;0.9967318175303512;0.800000011920929;0.800000011920929;0.800000011920929
lidar;17.0;44.0;25.0455265045166;25.204195022583008;9.785812377929688;0.29940712451934814;25.052488327026367;25.23541831970215;9.75306224822998;0.3451882406659861;0.9952151181376012;0.800000011920929;0.800000011920929;0.800000011920929
lidar;17.0;44.0;25.044811248779297;25.2081356048584;9.789178848266602;0.2996230721473694;25.036415100097656;25.16913414001465;9.828683853149414;0.24347855809974597;0.9935614462925778;0.800000011920929;0.800000011920929;0.800000011920929
lidar;17.0;44.0;25.04400062561035;25.211633682250977;9.792990684509277;0.2992960810661316;25.036027908325195;25.173282623291016;9.830504417419434;0.24505858724666205;0.9946470263579301;0.800000011920929;0.800000011920929;0.800000011920929
lidar;17.0;44.0;25.040393829345703;24.788299560546875;9.792189598083496;0.2993890941143036;25.041900634765625;24.78040313720703;9.78443717956543;0.31055761933946174;0.9943376185186455;0.800000011920929;0.800000011920929;0.800000011920929
lidar;17.0;44.0;25.041168212890625;24.791645050048828;9.788206100463867;0.2999386191368103;25.040578842163086;24.794633865356445;9.791243553161621;0.29563686292913105;0.9925156835947754;0.800000011920929;0.800000011920929;0.800000011920929
lidar;17.0;44.0;25.04179573059082;24.795734405517578;9.7849760055542;0.29951152205467224;25.046113967895508;24.77463722229004;9.762768745422363;0.33044479773576163;0.9948683378185451;0.800000011920929;0.800000011920929;0.800000011920929
lidar;17.0;44.0;25.04240608215332;24.79989242553711;9.781840324401855;0.299057275056839;25.043363571166992;24.79537010192871;9.776911735534668;0.30581377009669586;0.996379435270949;0.800000011920929;0.800000011920929;0.800000011920929
lidar;17.0;44.0;25.043012619018555;24.804039001464844;9.77871322631836;0.29869532585144043;25.041566848754883;24.810630798339844;9.78615665435791;0.2886478259082767;0.9975870250043067;0.800000011920929;0.800000011920929;0.800000011920929
lidar;17.0;44.0;25.04361915588379;24.808176040649414;9.775593757629395;0.29842501878738403;25.03557777404785;24.84354591369629;9.816970825195312;0.2433997217261687;0.9984906912735625;0.800000011920929;0.800000011920929;0.800000011920929
lidar;17.0;44.0;25.044225692749023;24.812307357788086;9.772478103637695;0.29824596643447876;25.04994010925293;24.788053512573242;9.743077278137207;0.33678554191962917;0.9990902542931883;0.800000011920929;0.800000011920929;0.800000011920929
lidar;17.0;44.0;25.044830322265625;24.816434860229492;9.769365310668945;0.29815784096717834;25.036527633666992;24.85043716430664;9.812084197998047;0.24293172493803233;0.9993854760509725;0.800000011920929;0.800000011920929;0.800000011920929
lidar;17.0;44.0;25.04543685913086;24.8205623626709;9.766253471374512;0.2981606125831604;25.0434513092041;24.82840347290039;9.776468276977539;0.2851304604966989;0.9993762373805362;0.800000011920929;0.800000011920929;0.800000011920929
lidar;17.0;44.0;25.04604148864746;24.824689865112305;9.763140678405762;0.29825425148010254;25.048620223999023;24.814868927001953;9.749871253967285;0.314963266037694;0.9990625978078931;0.800000011920929;0.800000011920929;0.800000011920929
lidar;17.0;44.0;25.046646118164062;24.82882308959961;9.760025024414062;0.2984388768672943;25.063936233520508;24.76537322998047;9.671075820922852;0.40905814818073216;0.9984446168266176;0.800000011920929;0.800000011920929;0.800000011920929
lidar;17.0;44.0;25.047252655029297;24.83296012878418;9.756904602050781;0.298714816570282;25.038270950317383;24.864715576171875;9.803116798400879;0.24192944943707384;0.9975225329601933;0.800000011920929;0.800000011920929;0.800000011920929
lidar;17.0;44.0;25.047861099243164;24.837108612060547;9.753777503967285;0.29908236861228943;25.06167221069336;24.790102005004883;9.682723999023438;0.3853889355184104;0.9962966442088788;0.800000011920929;0.800000011920929;0.800000011920929
lidar;17.0;44.0;25.048471450805664;24.841266632080078;9.750640869140625;0.29954221844673157;25.061016082763672;24.800180435180664;9.68609619140625;0.3770766945996594;0.9947670694399726;0.800000011920929;0.800000011920929;0.800000011920929
lidar;17.0;44.0;25.048927307128906;24.84592628479004;9.748289108276367;0.299150675535202;25.05470848083496;24.827720642089844;9.718547821044922;0.3344970464198039;0.9969372747033801;0.800000011920929;0.800000011920929;0.800000011920929
lidar;17.0;44.0;25.049379348754883;24.850587844848633;9.745964050292969;0.29882586002349854;25.042625427246094;24.871021270751953;9.780707359313965;0.257957135552822;0.9980206488356208;0.800000011920929;0.800000011920929;0.800000011920929
lidar;17.0;44.0;25.04983139038086;24.855239868164062;9.743642807006836;0.29859259724617004;25.047359466552734;24.8624210357666;9.75636100769043;0.2837795804395909;0.9988000392870423;0.800000011920929;0.800000011920929;0.800000011920929
lidar;17.0;44.0;25.050281524658203;24.859886169433594;9.741325378417969;0.2984505593776703;25.044763565063477;24.87526512145996;9.769716262817383;0.2656942076868337;0.999275207523015;0.800000011920929;0.800000011920929;0.800000011920929
lidar;17.0;44.0;25.050731658935547;24.86452865600586;9.739008903503418;0.29839950799942017;25.04904556274414;24.869029998779297;9.747681617736816;0.2884839573613985;0.9994459152317022;0.800000011920929;0.800000011920929;0.800000011920929
lidar;17.0;44.0;25.05118179321289;24.869173049926758;9.736692428588867;0.29843926429748535;25.051769256591797;24.8676700592041;9.73366928100586;0.30186619189097974;0.9993122220145263;0.800000011920929;0.800000011920929;0.800000011920929
lidar;17.0;44.0;25.051631927490234;24.87381935119629;9.734375;0.29857009649276733;25.039981842041016;24.902292251586914;9.794316291809082;0.2311949396930973;0.9988741278038342;0.800000011920929;0.800000011920929;0.800000011920929
lidar;17.0;44.0;25.05205726623535;24.878530502319336;9.732189178466797;0.29864245653152466;25.054475784301758;24.872888565063477;9.719747543334961;0.31251594784845144;0.9986319541210551;0.800000011920929;0.800000011920929;0.800000011920929
lidar;17.0;44.0;25.052473068237305;24.883268356323242;9.730050086975098;0.29875147342681885;25.049701690673828;24.889432907104492;9.744307518005371;0.2829731974689209;0.9982674717571504;0.800000011920929;0.800000011920929;0.800000011920929
lidar;17.0;44.0;25.052888870239258;24.888010025024414;9.727909088134766;0.2989516258239746;25.076282501220703;24.838476181030273;9.607562065124512;0.43117973860692427;0.9975989463240047;0.800000011920929;0.800000011920929;0.800000011920929
lidar;17.0;44.0;25.053306579589844;24.89276123046875;9.725765228271484;0.299243301153183;25.06568717956543;24.86785316467285;9.662069320678711;0.36874799718175505;0.9966264960299731;0.800000011920929;0.800000011920929;0.800000011920929
lidar;17.0;44.0;25.05372428894043;24.89752197265625;9.723615646362305;0.299626886844635;25.05961799621582;24.88627815246582;9.693291664123535;0.33250097959925107;0.9953504799700349;0.800000011920929;0.800000011920929;0.800000011920929
lidar;17.0;44.0;25.054039001464844;24.902481079101562;9.721990585327148;0.2995316684246063;25.045717239379883;24.917499542236328;9.764802932739258;0.25340482315775226;0.9963323474078883;0.800000011920929;0.800000011920929;0.800000011920929
lidar;17.0;44.0;25.054296493530273;24.907541275024414;9.720667839050293;0.299204558134079;25.044971466064453;24.92342185974121;9.768646240234375;0.2478128837332656;0.9974216224490757;0.800000011920929;0.800000011920929;0.800000011920929
lidar;17.0;44.0;25.054553985595703;24.91259002685547;9.71934700012207;0.29896917939186096;25.065616607666016;24.89486312866211;9.662430763244629;0.3596001211154849;0.9982070325982401;0.800000011920929;0.800000011920929;0.800000011920929
lidar;17.0;44.0;25.0548095703125;24.917633056640625;9.71802806854248;0.29882511496543884;25.04646110534668;24.930179595947266;9.760979652404785;0.25330697834403904;0.9986883997068491;0.800000011920929;0.800000011920929;0.800000011920929
lidar;17.0;44.0;25.055036544799805;24.922714233398438;9.716863632202148;0.2986105680465698;25.062929153442383;24.911630630493164;9.676258087158203;0.3414352451594459;0.999405860929814;0.800000011920929;0.800000011920929;0.800000011920929
lidar;17.0;44.0;25.055259704589844;24.927791595458984;9.715710639953613;0.29847654700279236;25.050180435180664;24.934429168701172;9.74184513092041;0.2710376733014818;0.9998549223002473;0.800000011920929;0.800000011920929;0.800000011920929
lidar;17.0;44.0;25.055484771728516;24.9328670501709;9.714557647705078;0.2984333634376526;25.050949096679688;24.9383544921875;9.737893104553223;0.2740360582496248;0.9999994635581729;0.800000011920929;0.800000011920929;0.800000011920929
lidar;17.0;44.0;25.055707931518555;24.937942504882812;9.71340560913086;0.29848113656044006;25.071372985839844;24.92049217224121;9.632819175720215;0.3824096119169692;0.999839365480749;0.800000011920929;0.800000011920929;0.800000011920929
lidar;17.0;44.0;25.055932998657227;24.94301986694336;9.712252616882324;0.29861992597579956;25.041534423828125;24.957687377929688;9.786324501037598;0.22174940364924048;0.9993746877195016;0.800000011920929;0.800000011920929;0.800000011920929
lidar;17.0;44.0;25.056123733520508;24.948135375976562;9.711264610290527;0.2986775040626526;25.053316116333008;24.950729370117188;9.725711822509766;0.2837324568146263;0.9991819859166187;0.800000011920929;0.800000011920929;0.800000011920929
lidar;17.0;44.0;25.05630874633789;24.95326042175293;9.71031665802002;0.2987837791442871;25.054426193237305;24.954822540283203;9.720000267028809;0.2887960470126518;0.9988266825533033;0.800000011920929;0.800000011920929;0.800000011920929
lidar;17.0;44.0;25.056493759155273;24.958389282226562;9.709367752075195;0.29898127913475037;25.066190719604492;24.95124626159668;9.659476280212402;0.3503062906628982;0.998167037875434;0.800000011920929;0.800000011920929;0.800000011920929
lidar;17.0;44.0;25.056665420532227;24.96353530883789;9.70848274230957;0.2992035448551178;25.064849853515625;24.958269119262695;9.666374206542969;0.3424223891132051;0.9974255562332667;0.800000011920929;0.800000011920929;0.800000011920929
lidar;17.0;44.0;25.05680274963379;24.968711853027344;9.707776069641113;0.2993329167366028;25.064851760864258;24.964277267456055;9.666369438171387;0.3417469047980029;0.9969943165938021;0.800000011920929;0.800000011920929;0.800000011920929
lidar;17.0;44.0;25.05694007873535;24.973892211914062;9.707069396972656;0.29955360293388367;25.058937072753906;24.972976684570312;9.696797370910645;0.31005739311920055;0.9962592722641618;0.800000011920929;0.800000011920929;0.800000011920929
lidar;17.0;44.0;25.057050704956055;24.97909164428711;9.706501960754395;0.2997215688228607;25.049057006835938;24.98202133178711;9.747623443603516;0.2577276320668399;0.9957006573765418;0.800000011920929;0.800000011920929;0.800000011920929
lidar;17.0;44.0;25.0571346282959;24.98430633544922;9.70606517791748;0.29984715580940247;25.057357788085938;24.98424530029297;9.704917907714844;0.3010172538533611;0.9952834250621645;0.800000011920929;0.800000011920929;0.800000011920929
lidar;17.0;44.0;25.057199478149414;24.989532470703125;9.705735206604004;0.29995477199554443;25.066186904907227;24.987886428833008;9.659502029418945;0.34708208671997165;0.9952870014209609;0.800000011920929;0.800000011920929;0.800000011920929
lidar;17.0;44.0;25.057209014892578;24.994766235351562;9.70568561553955;0.29986852407455444;25.052330017089844;24.99521255493164;9.730788230895996;0.27429197588213966;0.9955733419720596;0.800000011920929;0.800000011920929;0.800000011920929
lidar;17.0;44.0;25.057218551635742;25.0;9.705636024475098;0.29987362027168274;25.0786075592041;25.0;9.595601081848145;0.41196841022873554;0.9955565330441091;0.800000011920929;0.800000011920929;0.800000011920929
lidar;17.0;44.0;25.057209014892578;25.005233764648438;9.70568561553955;0.29986852407455444;25.06673240661621;25.006103515625;9.656697273254395;0.3497812233952882;0.9955733419720596;0.800000011920929;0.800000011920929;0.800000011920929
lidar;17.0;44.0;25.057199478149414;25.010467529296875;9.705735206604004;0.29995477199554443;25.051616668701172;25.00944709777832;9.734456062316895;0.27067854093974414;0.9952870014209609;0.800000011920929;0.800000011920929;0.800000011920929
lidar;17.0;44.0;25.0571346282959;25.01569366455078;9.70606517791748;0.29984715580940247;25.03713607788086;25.01020050048828;9.808953285217285;0.1948894138741013;0.9952834250621645;0.800000011920929;0.800000011920929;0.800000011920929
lidar;17.0;44.0;25.057050704956055;25.02090835571289;9.706501960754395;0.2997215688228607;25.03635025024414;25.013320922851562;9.812994956970215;0.19097022883421436;0.9957006573765418;0.800000011920929;0.800000011920929;0.800000011920929
lidar;17.0;44.0;25.05694007873535;25.026107788085938;9.707069396972656;0.29955366253852844;25.050304412841797;25.0230655670166;9.741209030151367;0.26464204840828986;0.9962592722641618;0.800000011920929;0.800000011920929;0.800000011920929
lidar;17.0;44.0;25.05680274963379;25.031288146972656;9.707776069641113;0.29933294653892517;25.054405212402344;25.02996826171875;9.720109939575195;0.28669899787320474;0.9969943165938021;0.800000011920929;0.800000011920929;0.800000011920929
lidar;17.0;44.0;25.056665420532227;25.03646469116211;9.70848274230957;0.2992035746574402;25.036544799804688;25.023515701293945;9.811994552612305;0.19296244834603665;0.9974255562332667;0.800000011920929;0.800000011920929;0.800000011920929
lidar;17.0;44.0;25.056493759155273;25.041610717773438;9.709367752075195;0.29898133873939514;25.059438705444336;25.043779373168945;9.694214820861816;0.3145694378417739;0.998167037875434;0.800000011920929;0.800000011920929;0.800000011920929
lidar;17.0;44.0;25.05630874633789;25.04673957824707;9.71031665802002;0.2987838685512543;25.05941390991211;25.049318313598633;9.694340705871582;0.31526144494002173;0.9988266825533033;0.800000011920929;0.800000011920929;0.800000011920929
lidar;17.0;44.0;25.056123733520508;25.051864624023438;9.711264610290527;0.29867756366729736;25.045530319213867;25.042076110839844;9.765762329101562;0.24230337764642867;0.9991819859166187;0.800000011920929;0.800000011920929;0.800000011920929
lidar;17.0;44.0;25.055932998657227;25.05698013305664;9.712252616882324;0.2986198663711548;25.075002670288086;25.076406478881836;9.614148139953613;0.40043088212610634;0.9993746877195016;0.800000011920929;0.800000011920929;0.800000011920929
lidar;17.0;44.0;25.055707931518555;25.062057495117188;9.71340560913086;0.2984810769557953;25.05415916442871;25.060331344604492;9.7213773727417;0.2901787038817823;0.999839365480749;0.800000011920929;0.800000011920929;0.800000011920929
lidar;17.0;44.0;25.055484771728516;25.0671329498291;9.714557647705078;0.2984332740306854;25.05617904663086;25.06797218322754;9.71098518371582;0.30216850092139824;0.9999994635581729;0.800000011920929;0.800000011920929;0.800000011920929
lidar;17.0;44.0;25.055259704589844;25.072208404541016;9.715710639953613;0.2984764575958252;25.070043563842773;25.09152603149414;9.639657020568848;0.3783252300109507;0.9998549223002473;0.800000011920929;0.800000011920929;0.800000011920929
lidar;17.0;44.0;25.055036544799805;25.077285766601562;9.716863632202148;0.29861053824424744;25.06471824645996;25.090883255004883;9.667048454284668;0.35114817836279216;0.999405860929814;0.800000011920929;0.800000011920929;0.800000011920929
lidar;17.0;44.0;25.0548095703125;25.082366943359375;9.71802806854248;0.29882514476776123;25.070430755615234;25.10584259033203;9.637665748596191;0.3839907425239124;0.9986883997068491;0.800000011920929;0.800000011920929;0.800000011920929
lidar;17.0;44.0;25.054553985595703;25.08740997314453;9.71934700012207;0.2989691495895386;25.046829223632812;25.07503318786621;9.75908374786377;0.2566389756137652;0.9982070325982401;0.800000011920929;0.800000011920929;0.800000011920929
lidar;17.0;44.0;25.054296493530273;25.092458724975586;9.720667839050293;0.2992045283317566;25.05504608154297;25.09373664855957;9.71681022644043;0.3033367065183009;0.9974216224490757;0.800000011920929;0.800000011920929;0.800000011920929
lidar;17.0;44.0;25.054039001464844;25.097518920898438;9.721990585327148;0.2995316684246063;25.03255271911621;25.058744430541992;9.832530975341797;0.18043422608520793;0.9963322874798227;0.800000011920929;0.800000011920929;0.800000011920929
lidar;17.0;44.0;25.05372428894043;25.10247802734375;9.723615646362305;0.299626886844635;25.052078247070312;25.09933853149414;9.732084274291992;0.29044591350386323;0.9953504799700349;0.800000011920929;0.800000011920929;0.800000011920929
lidar;17.0;44.0;25.053306579589844;25.10723876953125;9.725765228271484;0.29924333095550537;25.05695915222168;25.114587783813477;9.706972122192383;0.31975030134426535;0.9966264960299731;0.800000011920929;0.800000011920929;0.800000011920929
lidar;17.0;44.0;25.052888870239258;25.111989974975586;9.727909088134766;0.298951655626297;25.067459106445312;25.142841339111328;9.652950286865234;0.3813105282706353;0.9975989463240047;0.800000011920929;0.800000011920929;0.800000011920929
lidar;17.0;44.0;25.052473068237305;25.116731643676758;9.730050086975098;0.29875150322914124;25.041227340698242;25.091712951660156;9.7879056930542;0.23472299982167744;0.9982674717571504;0.800000011920929;0.800000011920929;0.800000011920929
lidar;17.0;44.0;25.05205726623535;25.121469497680664;9.732189178466797;0.29864245653152466;25.04818344116211;25.112428665161133;9.752119064331055;0.27641779510022185;0.9986319541210551;0.800000011920929;0.800000011920929;0.800000011920929
lidar;17.0;44.0;25.051631927490234;25.12618064880371;9.734375;0.2985701262950897;25.048768997192383;25.119184494018555;9.749103546142578;0.28201535288767093;0.9988741278038342;0.800000011920929;0.800000011920929;0.800000011920929
lidar;17.0;44.0;25.05118179321289;25.130826950073242;9.736692428588867;0.29843923449516296;25.050518035888672;25.129133224487305;9.740102767944336;0.2945744244721815;0.9993122220145263;0.800000011920929;0.800000011920929;0.800000011920929
lidar;17.0;44.0;25.050731658935547;25.13547134399414;9.739008903503418;0.2983993589878082;25.042749404907227;25.114154815673828;9.780074119567871;0.2514483913402458;0.9994459152317022;0.800000011920929;0.800000011920929;0.800000011920929
lidar;17.0;44.0;25.050281524658203;25.140113830566406;9.741325378417969;0.29845044016838074;25.053869247436523;25.15011215209961;9.722867012023926;0.3197467603540338;0.999275207523015;0.800000011920929;0.800000011920929;0.800000011920929
lidar;17.0;44.0;25.04983139038086;25.144760131835938;9.743642807006836;0.29859256744384766;25.060941696166992;25.17703628540039;9.686487197875977;0.3651658641011065;0.9988000392870423;0.800000011920929;0.800000011920929;0.800000011920929
lidar;17.0;44.0;25.049379348754883;25.149412155151367;9.745964050292969;0.29882580041885376;25.049869537353516;25.150896072387695;9.743443489074707;0.3017907869159764;0.9980206488356208;0.800000011920929;0.800000011920929;0.800000011920929
lidar;17.0;44.0;25.048927307128906;25.15407371520996;9.748289108276367;0.29915061593055725;25.07798194885254;25.245569229125977;9.5988130569458;0.4767978788350697;0.9969372747033801;0.800000011920929;0.800000011920929;0.800000011920929
lidar;17.0;44.0;25.048471450805664;25.158733367919922;9.750640869140625;0.29954224824905396;25.055065155029297;25.180330276489258;9.716712951660156;0.340298319078849;0.9947670694399726;0.800000011920929;0.800000011920929;0.800000011920929
lidar;17.0;44.0;25.047861099243164;25.162891387939453;9.753776550292969;0.2990824282169342;25.033950805664062;25.115549087524414;9.825339317321777;0.21215687716343617;0.9962966442088788;0.800000011920929;0.800000011920929;0.800000011920929
lidar;17.0;44.0;25.047252655029297;25.16703987121582;9.756903648376465;0.29871490597724915;25.04587745666504;25.16217613220215;9.763980865478516;0.2900193938340795;0.9975225329601933;0.800000011920929;0.800000011920929;0.800000011920929
lidar;17.0;44.0;25.046646118164062;25.17117691040039;9.760024070739746;0.29843902587890625;25.051490783691406;25.18895149230957;9.735107421875;0.3294270118998215;0.9984446168266176;0.800000011920929;0.800000011920929;0.800000011920929
lidar;17.0;44.0;25.04604148864746;25.175310134887695;9.763140678405762;0.2982544004917145;25.050872802734375;25.193710327148438;9.738279342651367;0.32955897174759285;0.9990625978078931;0.800000011920929;0.800000011920929;0.800000011920929
lidar;17.0;44.0;25.04543685913086;25.1794376373291;9.766253471374512;0.29816073179244995;25.056596755981445;25.2235107421875;9.708841323852539;0.3713938883795064;0.9993762373805362;0.800000011920929;0.800000011920929;0.800000011920929
lidar;17.0;44.0;25.044830322265625;25.183565139770508;9.769365310668945;0.2981579303741455;25.031925201416016;25.13072395324707;9.835755348205566;0.21233020340508374;0.9993854760509725;0.800000011920929;0.800000011920929;0.800000011920929
lidar;17.0;44.0;25.044225692749023;25.187692642211914;9.772478103637695;0.29824602603912354;25.031169891357422;25.132286071777344;9.839641571044922;0.21020450301395605;0.9990902542931883;0.800000011920929;0.800000011920929;0.800000011920929
lidar;17.0;44.0;25.04361915588379;25.191823959350586;9.775593757629395;0.2984250783920288;25.04450225830078;25.195703506469727;9.7710542678833;0.3044617622540247;0.9984906912735625;0.800000011920929;0.800000011920929;0.800000011920929
lidar;17.0;44.0;25.043012619018555;25.195960998535156;9.77871322631836;0.2986953556537628;25.034931182861328;25.159137725830078;9.820295333862305;0.24256725904664106;0.9975870250043067;0.800000011920929;0.800000011920929;0.800000011920929
lidar;17.0;44.0;25.04240608215332;25.20010757446289;9.781840324401855;0.2990573048591614;25.03559684753418;25.167980194091797;9.816866874694824;0.2510416347984002;0.996379435270949;0.800000011920929;0.800000011920929;0.800000011920929
lidar;17.0;44.0;25.04179573059082;25.204265594482422;9.7849760055542;0.29951152205467224;25.045013427734375;25.219989776611328;9.768424034118652;0.32256664031995297;0.9948683378185451;0.800000011920929;0.800000011920929;0.800000011920929
lidar;17.0;44.0;25.041168212890625;25.208354949951172;9.788206100463867;0.2999385893344879;25.04289436340332;25.217092514038086;9.779325485229492;0.3125156682974992;0.9925158027839011;0.800000011920929;0.800000011920929;0.800000011920929
lidar;17.0;44.0;25.040393829345703;25.211700439453125;9.792189598083496;0.2993890047073364;25.045551300048828;25.238727569580078;9.765658378601074;0.33761240919449487;0.9943377372807839;0.800000011920929;0.800000011920929;0.800000011920929
lidar;17.0;44.0;25.0367431640625;24.788406372070312;9.791621208190918;0.2992381751537323;25.039764404296875;24.771007537841797;9.774486541748047;0.32384383961940283;0.9948390126781681;0.800000011920929;0.800000011920929;0.800000011920929
lidar;17.0;44.0;25.037439346313477;24.791793823242188;9.78767204284668;0.29972416162490845;25.039716720581055;24.779129028320312;9.774755477905273;0.3179568113859992;0.9941620829833778;0.800000011920929;0.800000011920929;0.800000011920929
lidar;17.0;44.0;25.03801727294922;24.79584312438965;9.784395217895508;0.29935014247894287;25.036579132080078;24.80356788635254;9.792552947998047;0.2880235846588514;0.9954043027528484;0.800000011920929;0.800000011920929;0.800000011920929
lidar;17.0;44.0;25.038593292236328;24.799884796142578;9.781126022338867;0.29906806349754333;25.038379669189453;24.800989151000977;9.782334327697754;0.29741647193583165;0.996343493167865;0.800000011920929;0.800000011920929;0.800000011920929
lidar;17.0;44.0;25.039165496826172;24.803932189941406;9.777875900268555;0.298857182264328;25.050588607788086;24.746747970581055;9.713092803955078;0.3860199735869004;0.9970470068869504;0.800000011920929;0.800000011920929;0.800000011920929
lidar;17.0;44.0;25.039718627929688;24.80807113647461;9.77474308013916;0.29858899116516113;25.03790855407715;24.816814422607422;9.785005569458008;0.28498553481366695;0.9979425670665865;0.800000011920929;0.800000011920929;0.800000011920929
lidar;17.0;44.0;25.040271759033203;24.81220245361328;9.771613121032715;0.29841214418411255;25.032182693481445;24.849918365478516;9.817480087280273;0.23848293276572763;0.9985342025923721;0.800000011920929;0.800000011920929;0.800000011920929
lidar;17.0;44.0;25.040822982788086;24.81633186340332;9.768486976623535;0.2983262538909912;25.032777786254883;24.852527618408203;9.814112663269043;0.23953391233261598;0.998821616117318;0.800000011920929;0.800000011920929;0.800000011920929
lidar;17.0;44.0;25.041372299194336;24.820459365844727;9.765361785888672;0.2983313202857971;25.03339958190918;24.85506248474121;9.81058406829834;0.2408333651129135;0.9988047480881423;0.800000011920929;0.800000011920929;0.800000011920929
lidar;17.0;44.0;25.04192352294922;24.824588775634766;9.762235641479492;0.2984272837638855;25.04824447631836;24.798147201538086;9.726395606994629;0.34341111106775224;0.9984837175176774;0.800000011920929;0.800000011920929;0.800000011920929
lidar;17.0;44.0;25.042476654052734;24.82872200012207;9.759105682373047;0.2986142635345459;25.04850959777832;24.80439567565918;9.724891662597656;0.3410255111248514;0.9978584645538473;0.800000011920929;0.800000011920929;0.800000011920929
lidar;17.0;44.0;25.04302978515625;24.832860946655273;9.75597095489502;0.298892617225647;25.02901268005371;24.887304306030273;9.835458755493164;0.20153396253100417;0.9969293475397607;0.800000011920929;0.800000011920929;0.800000011920929
lidar;17.0;44.0;25.043582916259766;24.83700942993164;9.752830505371094;0.29926276206970215;25.04113006591797;24.846179962158203;9.766735076904297;0.2824270490089921;0.9956964851450247;0.800000011920929;0.800000011920929;0.800000011920929
lidar;17.0;44.0;25.044097900390625;24.8413143157959;9.749906539916992;0.2994541525840759;25.038772583007812;24.860475540161133;9.780106544494629;0.26329304878100324;0.9959275128525177;0.800000011920929;0.800000011920929;0.800000011920929
lidar;17.0;44.0;25.044509887695312;24.845985412597656;9.747570037841797;0.29903632402420044;25.033512115478516;24.884042739868164;9.809946060180664;0.2251439867502209;0.9973186850310745;0.800000011920929;0.800000011920929;0.800000011920929
lidar;17.0;44.0;25.044921875;24.850645065307617;9.7452392578125;0.2987106144428253;25.03359603881836;24.8882999420166;9.809468269348145;0.22340157861487792;0.9984059333251551;0.800000011920929;0.800000011920929;0.800000011920929
lidar;17.0;44.0;25.045331954956055;24.855295181274414;9.742912292480469;0.2984763979911804;25.04214859008789;24.86545753479004;9.760965347290039;0.27751739827291333;0.9991891384071605;0.800000011920929;0.800000011920929;0.800000011920929
lidar;17.0;44.0;25.04574203491211;24.859941482543945;9.740589141845703;0.2983333468437195;25.04155731201172;24.872751235961914;9.76431655883789;0.2710456767278511;0.9996680021329075;0.800000011920929;0.800000011920929;0.800000011920929
lidar;17.0;44.0;25.04615020751953;24.86458396911621;9.738266944885254;0.2982812225818634;25.049457550048828;24.854877471923828;9.71950912475586;0.3196592348607937;0.9998422860962265;0.800000011920929;0.800000011920929;0.800000011920929
lidar;17.0;44.0;25.046560287475586;24.869224548339844;9.735945701599121;0.2983199656009674;25.05071449279785;24.857555389404297;9.712383270263672;0.32494012376313;0.9997121095564419;0.800000011920929;0.800000011920929;0.800000011920929
lidar;17.0;44.0;25.04697036743164;24.873868942260742;9.733622550964355;0.29844969511032104;25.041759490966797;24.887861251831055;9.76317310333252;0.2653406712938888;0.9992773533440015;0.800000011920929;0.800000011920929;0.800000011920929
lidar;17.0;44.0;25.047380447387695;24.87851905822754;9.73129653930664;0.29867056012153625;25.039400100708008;24.898983001708984;9.776556968688965;0.2483619192115691;0.9985381365548531;0.800000011920929;0.800000011920929;0.800000011920929
lidar;17.0;44.0;25.04779052734375;24.8831787109375;9.728965759277344;0.29898279905319214;25.038894653320312;24.904924392700195;9.779417037963867;0.24332896761043138;0.9974949360787886;0.800000011920929;0.800000011920929;0.800000011920929
lidar;17.0;44.0;25.04817771911621;24.887903213500977;9.726767539978027;0.29923689365386963;25.046537399291992;24.8917236328125;9.736077308654785;0.28904065477831087;0.9966478942673883;0.800000011920929;0.800000011920929;0.800000011920929
lidar;17.0;44.0;25.048559188842773;24.892658233642578;9.72461223602295;0.2995310425758362;25.051137924194336;24.8869571685791;9.70998764038086;0.3154375965088072;0.9956689479285749;0.800000011920929;0.800000011920929;0.800000011920929
lidar;17.0;44.0;25.048913955688477;24.897476196289062;9.722599983215332;0.29975736141204834;25.05696678161621;24.880596160888672;9.676925659179688;0.3491122375648267;0.9955822231758514;0.800000011920929;0.800000011920929;0.800000011920929
lidar;17.0;44.0;25.049148559570312;24.902545928955078;9.721270561218262;0.2993374466896057;25.061769485473633;24.87751579284668;9.649686813354492;0.37621452956849677;0.9969788193866916;0.800000011920929;0.800000011920929;0.800000011920929
lidar;17.0;44.0;25.049381256103516;24.90760040283203;9.719944953918457;0.29900962114334106;25.059370040893555;24.8889102935791;9.663293838500977;0.35949586193743216;0.9980718492350823;0.800000011920929;0.800000011920929;0.800000011920929
lidar;17.0;44.0;25.04961395263672;24.912647247314453;9.718622207641602;0.29877346754074097;25.053274154663086;24.906206130981445;9.69787311553955;0.3208058683961737;0.9988608360598158;0.800000011920929;0.800000011920929;0.800000011920929
lidar;17.0;44.0;25.049846649169922;24.917686462402344;9.717300415039062;0.298628568649292;25.042259216308594;24.93021583557129;9.760333061218262;0.2531720515273552;0.9993456006316939;0.800000011920929;0.800000011920929;0.800000011920929
lidar;17.0;44.0;25.050079345703125;24.9227237701416;9.715980529785156;0.2985747456550598;25.047632217407227;24.92650032043457;9.729866027832031;0.2839770798780271;0.999525964232883;0.800000011920929;0.800000011920929;0.800000011920929
lidar;17.0;44.0;25.050296783447266;24.92778205871582;9.714753150939941;0.2985147535800934;25.043153762817383;24.938039779663086;9.755264282226562;0.2561184986728612;0.999727010718747;0.800000011920929;0.800000011920929;0.800000011920929
lidar;17.0;44.0;25.050500869750977;24.932859420776367;9.71359634399414;0.29847171902656555;25.05516242980957;24.926660537719727;9.687161445617676;0.32602028433472946;0.9998709559410739;0.800000011920929;0.800000011920929;0.800000011920929
lidar;17.0;44.0;25.050704956054688;24.93793487548828;9.71243953704834;0.29851973056793213;25.060379028320312;24.92609214782715;9.657574653625488;0.3554758638062111;0.9997103810187736;0.800000011920929;0.800000011920929;0.800000011920929
lidar;17.0;44.0;25.0509090423584;24.943012237548828;9.711282730102539;0.29865866899490356;25.05895233154297;24.934009552001953;9.665666580200195;0.34584524889407037;0.9992452263749169;0.800000011920929;0.800000011920929;0.800000011920929
lidar;17.0;44.0;25.05111312866211;24.94809913635254;9.710124015808105;0.2988888621330261;25.040454864501953;24.958921432495117;9.770566940307617;0.23656605645898343;0.9984757304576466;0.800000011920929;0.800000011920929;0.800000011920929
lidar;17.0;44.0;25.051286697387695;24.953222274780273;9.70914077758789;0.2990279495716095;25.034582138061523;24.96845817565918;9.803874015808105;0.20163400608942247;0.9980114100923013;0.800000011920929;0.800000011920929;0.800000011920929
lidar;17.0;44.0;25.051454544067383;24.958354949951172;9.708187103271484;0.2992263734340668;25.045198440551758;24.96341896057129;9.743663787841797;0.2628484015442246;0.9973496797374783;0.800000011920929;0.800000011920929;0.800000011920929
lidar;17.0;44.0;25.05162239074707;24.963497161865234;9.707232475280762;0.29951635003089905;25.044612884521484;24.968454360961914;9.746983528137207;0.2588489068579572;0.996384143940178;0.800000011920929;0.800000011920929;0.800000011920929
lidar;17.0;44.0;25.05176544189453;24.96866798400879;9.706428527832031;0.2997426986694336;25.05985450744629;24.96377182006836;9.660545349121094;0.34658989169308346;0.9956313966726841;0.800000011920929;0.800000011920929;0.800000011920929
lidar;17.0;44.0;25.051883697509766;24.973859786987305;9.705748558044434;0.29993218183517456;25.059917449951172;24.969810485839844;9.660186767578125;0.3463731038172384;0.995362341382773;0.800000011920929;0.800000011920929;0.800000011920929
lidar;17.0;44.0;25.051925659179688;24.979089736938477;9.70551872253418;0.2997542917728424;25.04680824279785;24.981149673461914;9.734539985656738;0.2702131117835789;0.9959527253244388;0.800000011920929;0.800000011920929;0.800000011920929
lidar;17.0;44.0;25.051950454711914;24.98432159423828;9.705370903015137;0.2995847463607788;25.056245803833008;24.98302459716797;9.68101978302002;0.3243458017721371;0.996516346992393;0.800000011920929;0.800000011920929;0.800000011920929
lidar;17.0;44.0;25.051977157592773;24.989547729492188;9.705223083496094;0.29950660467147827;25.04592514038086;24.990764617919922;9.739540100097656;0.264639385595314;0.9967764614988003;0.800000011920929;0.800000011920929;0.800000011920929
lidar;17.0;44.0;25.051986694335938;24.994773864746094;9.705171585083008;0.29942256212234497;25.040571212768555;24.995922088623047;9.76990795135498;0.2336769384810834;0.9970562457227886;0.800000011920929;0.800000011920929;0.800000011920929
lidar;17.0;44.0;25.05199432373047;25.0;9.705121040344238;0.2994275987148285;25.048511505126953;25.0;9.724875450134277;0.27936916878000906;0.997039616296195;0.800000011920929;0.800000011920929;0.800000011920929
lidar;17.0;44.0;25.051986694335938;25.005226135253906;9.705171585083008;0.29942256212234497;25.071882247924805;25.007225036621094;9.592341423034668;0.4140105572532228;0.9970562457227886;0.800000011920929;0.800000011920929;0.800000011920929
lidar;17.0;44.0;25.051977157592773;25.010452270507812;9.705223083496094;0.2995065748691559;25.051172256469727;25.010290145874023;9.709787368774414;0.2948689198614039;0.9967764614988003;0.800000011920929;0.800000011920929;0.800000011920929
lidar;17.0;44.0;25.051950454711914;25.01567840576172;9.705370903015137;0.2995847463607788;25.029661178588867;25.00895118713379;9.831781387329102;0.17104772065636786;0.996516346992393;0.800000011920929;0.800000011920929;0.800000011920929
lidar;17.0;44.0;25.051925659179688;25.020910263061523;9.70551872253418;0.2997542917728424;25.049949645996094;25.02011489868164;9.716723442077637;0.2883492147522241;0.9959527253244388;0.800000011920929;0.800000011920929;0.800000011920929
lidar;17.0;44.0;25.051883697509766;25.026140213012695;9.705748558044434;0.2999321520328522;25.058834075927734;25.02964210510254;9.666335105895996;0.3401068821403914;0.995362341382773;0.800000011920929;0.800000011920929;0.800000011920929
lidar;17.0;44.0;25.05176544189453;25.03133201599121;9.706428527832031;0.299742728471756;25.04745101928711;25.02872085571289;9.730892181396484;0.2747644698680708;0.9956313966726841;0.800000011920929;0.800000011920929;0.800000011920929
lidar;17.0;44.0;25.05162239074707;25.036502838134766;9.707232475280762;0.29951635003089905;25.071054458618164;25.050241470336914;9.597033500671387;0.4122557635871781;0.996384143940178;0.800000011920929;0.800000011920929;0.800000011920929
lidar;17.0;44.0;25.051454544067383;25.041645050048828;9.708187103271484;0.29922640323638916;25.05296516418457;25.042865753173828;9.699625015258789;0.3080061579814182;0.9973496797374783;0.800000011920929;0.800000011920929;0.800000011920929
lidar;17.0;44.0;25.051286697387695;25.046777725219727;9.70914077758789;0.2990280091762543;25.049747467041016;25.045373916625977;9.717869758605957;0.2900536836221615;0.9980114100923013;0.800000011920929;0.800000011920929;0.800000011920929
lidar;17.0;44.0;25.05111312866211;25.05190086364746;9.710124015808105;0.2988888919353485;25.04701042175293;25.0477352142334;9.733396530151367;0.27489274825627;0.9984757304576466;0.800000011920929;0.800000011920929;0.800000011920929
lidar;17.0;44.0;25.0509090423584;25.056987762451172;9.711282730102539;0.2986586093902588;25.06650733947754;25.074447631835938;9.622820854187012;0.39016577337622804;0.9992452263749169;0.800000011920929;0.800000011920929;0.800000011920929
lidar;17.0;44.0;25.050704956054688;25.06206512451172;9.71243953704834;0.2985196113586426;25.065715789794922;25.080440521240234;9.627305030822754;0.3868994126606904;0.9997103810187736;0.800000011920929;0.800000011920929;0.800000011920929
lidar;17.0;44.0;25.050500869750977;25.067140579223633;9.71359634399414;0.2984716594219208;25.05451011657715;25.072473526000977;9.6908540725708;0.32217176991577706;0.9998709559410739;0.800000011920929;0.800000011920929;0.800000011920929
lidar;17.0;44.0;25.050296783447266;25.07221794128418;9.714753150939941;0.298514723777771;25.04668617248535;25.067031860351562;9.73523235321045;0.2770823027385433;0.999727010718747;0.800000011920929;0.800000011920929;0.800000011920929
lidar;17.0;44.0;25.050079345703125;25.0772762298584;9.715980529785156;0.2985747158527374;25.054418563842773;25.08397102355957;9.69137954711914;0.3244364881855694;0.999525964232883;0.800000011920929;0.800000011920929;0.800000011920929
lidar;17.0;44.0;25.049846649169922;25.082313537597656;9.717301368713379;0.29862847924232483;25.04805564880371;25.079355239868164;9.727459907531738;0.287896856601975;0.9993456006316939;0.800000011920929;0.800000011920929;0.800000011920929
lidar;17.0;44.0;25.04961395263672;25.087352752685547;9.718622207641602;0.2987734377384186;25.04642105102539;25.081729888916016;9.736736297607422;0.27954008043314776;0.9988608360598158;0.800000011920929;0.800000011920929;0.800000011920929
lidar;17.0;44.0;25.049381256103516;25.09239959716797;9.719944953918457;0.2990095913410187;25.043020248413086;25.08049774169922;9.75601863861084;0.26049477694072076;0.9980718492350823;0.800000011920929;0.800000011920929;0.800000011920929
lidar;17.0;44.0;25.049148559570312;25.097454071044922;9.721270561218262;0.2993374168872833;25.060609817504883;25.120182037353516;9.656267166137695;0.3691468961965881;0.9969788193866916;0.800000011920929;0.800000011920929;0.800000011920929
lidar;17.0;44.0;25.048913955688477;25.102523803710938;9.722599983215332;0.29975733160972595;25.069011688232422;25.144649505615234;9.60861873626709;0.42292463210225334;0.9955822231758514;0.800000011920929;0.800000011920929;0.800000011920929
lidar;17.0;44.0;25.048559188842773;25.107341766357422;9.72461223602295;0.2995310425758362;25.04939842224121;25.10919952392578;9.719847679138184;0.3047128187912887;0.9956689479285749;0.800000011920929;0.800000011920929;0.800000011920929
lidar;17.0;44.0;25.04817771911621;25.112096786499023;9.726767539978027;0.29923686385154724;25.053659439086914;25.12485122680664;9.695677757263184;0.33328572784016985;0.9966478942673883;0.800000011920929;0.800000011920929;0.800000011920929
lidar;17.0;44.0;25.04779052734375;25.1168212890625;9.728965759277344;0.29898279905319214;25.039836883544922;25.09737777709961;9.774076461791992;0.24922049261649107;0.9974949360787886;0.800000011920929;0.800000011920929;0.800000011920929
lidar;17.0;44.0;25.047380447387695;25.12148094177246;9.73129653930664;0.2986705005168915;25.053552627563477;25.137306213378906;9.6962890625;0.3375815629819464;0.9985381365548531;0.800000011920929;0.800000011920929;0.800000011920929
lidar;17.0;44.0;25.04697036743164;25.126131057739258;9.733622550964355;0.2984496057033539;25.052961349487305;25.142221450805664;9.699639320373535;0.33652362202815617;0.9992773533440015;0.800000011920929;0.800000011920929;0.800000011920929
lidar;17.0;44.0;25.046560287475586;25.130775451660156;9.735945701599121;0.29831981658935547;25.05389976501465;25.151390075683594;9.69432258605957;0.34534441312351066;0.9997121095564419;0.800000011920929;0.800000011920929;0.800000011920929
lidar;17.0;44.0;25.04615020751953;25.13541603088379;9.738266944885254;0.2982810139656067;25.047157287597656;25.138370513916016;9.732559204101562;0.30478589102931897;0.9998422860962265;0.800000011920929;0.800000011920929;0.800000011920929
lidar;17.0;44.0;25.04574203491211;25.140058517456055;9.740589141845703;0.29833313822746277;25.048383712768555;25.148151397705078;9.72559928894043;0.3155717229539085;0.9996680021329075;0.800000011920929;0.800000011920929;0.800000011920929
lidar;17.0;44.0;25.045331954956055;25.144704818725586;9.742913246154785;0.29847630858421326;25.05717658996582;25.182518005371094;9.675732612609863;0.3764716758420893;0.9991891384071605;0.800000011920929;0.800000011920929;0.800000011920929
lidar;17.0;44.0;25.044921875;25.149354934692383;9.7452392578125;0.29871052503585815;25.056337356567383;25.18731117248535;9.680498123168945;0.3746203118515744;0.9984059333251551;0.800000011920929;0.800000011920929;0.800000011920929
lidar;17.0;44.0;25.044509887695312;25.154014587402344;9.747570037841797;0.29903629422187805;25.048973083496094;25.16945457458496;9.722264289855957;0.3290136420769721;0.9973186850310745;0.800000011920929;0.800000011920929;0.800000011920929
lidar;17.0;44.0;25.044097900390625;25.1586856842041;9.749906539916992;0.29945412278175354;25.045621871948242;25.164165496826172;9.741271018981934;0.30979396280981136;0.9959275719642191;0.800000011920929;0.800000011920929;0.800000011920929
lidar;17.0;44.0;25.043582916259766;25.16299057006836;9.752830505371094;0.29926273226737976;25.041101455688477;25.15370750427246;9.766905784606934;0.28222028038136315;0.9956964851450247;0.800000011920929;0.800000011920929;0.800000011920929
lidar;17.0;44.0;25.04302978515625;25.167139053344727;9.75597095489502;0.29889270663261414;25.048017501831055;25.1865177154541;9.727676391601562;0.33354906648338756;0.9969293475397607;0.800000011920929;0.800000011920929;0.800000011920929
lidar;17.0;44.0;25.042476654052734;25.17127799987793;9.759105682373047;0.29861438274383545;25.051013946533203;25.20570182800293;9.710689544677734;0.3586316758683119;0.9978584645538473;0.800000011920929;0.800000011920929;0.800000011920929
lidar;17.0;44.0;25.04192352294922;25.175411224365234;9.762234687805176;0.29842737317085266;25.030927658081055;25.129398345947266;9.824604988098145;0.22014446391832537;0.9984837175176774;0.800000011920929;0.800000011920929;0.800000011920929
lidar;17.0;44.0;25.041372299194336;25.179540634155273;9.765361785888672;0.2983313798904419;25.044408798217773;25.192710876464844;9.748149871826172;0.3202153042330656;0.9988047480881423;0.800000011920929;0.800000011920929;0.800000011920929
lidar;17.0;44.0;25.040822982788086;25.18366813659668;9.768486976623535;0.298326313495636;25.0413875579834;25.186208724975586;9.765284538269043;0.30245356519826505;0.998821616117318;0.800000011920929;0.800000011920929;0.800000011920929
lidar;17.0;44.0;25.040271759033203;25.18779754638672;9.771613121032715;0.29841214418411255;25.04471778869629;25.208534240722656;9.746393203735352;0.3313655417934813;0.9985342025923721;0.800000011920929;0.800000011920929;0.800000011920929
lidar;17.0;44.0;25.039718627929688;25.19192886352539;9.77474308013916;0.29858899116516113;25.02855682373047;25.137990951538086;9.83804702758789;0.21467599536369908;0.9979425670665865;0.800000011920929;0.800000011920929;0.800000011920929
lidar;17.0;44.0;25.039165496826172;25.196067810058594;9.777875900268555;0.298857182264328;25.033004760742188;25.165218353271484;9.812826156616211;0.25183412739933153;0.9970470068869504;0.800000011920929;0.800000011920929;0.800000011920929
lidar;17.0;44.0;25.038593292236328;25.200115203857422;9.781126022338867;0.29906806349754333;25.039043426513672;25.20245361328125;9.778568267822266;0.3025623550283184;0.996343493167865;0.800000011920929;0.800000011920929;0.800000011920929
lidar;17.0;44.0;25.03801727294922;25.20415687561035;9.784395217895508;0.2993501126766205;25.040687561035156;25.21849250793457;9.769255638122559;0.3203701048630163;0.9954043027528484;0.800000011920929;0.800000011920929;0.800000011920929
lidar;17.0;44.0;25.037439346313477;25.208206176757812;9.78767204284668;0.29972416162490845;25.029253005981445;25.162681579589844;9.834096908569336;0.23419061634144497;0.9941620829833778;0.800000011920929;0.800000011920929;0.800000011920929
lidar;17.0;44.0;25.0367431640625;25.211593627929688;9.791621208190918;0.2992381155490875;25.036216735839844;25.20857048034668;9.794599533081055;0.294961943887444;0.9948391321223555;0.800000011920929;0.800000011920929;0.800000011920929
lidar;17.0;44.0;25.03308868408203;24.788484573364258;9.791088104248047;0.29912853240966797;25.03182601928711;24.79654884338379;9.799054145812988;0.2877224181219977;0.995203435658621;0.800000011920929;0.800000011920929;0.800000011920929
lidar;17.0;44.0;25.03369903564453;24.791967391967773;9.787227630615234;0.29947519302368164;25.038108825683594;24.764751434326172;9.759391784667969;0.3386535264883555;0.9949885603588834;0.800000011920929;0.800000011920929;0.800000011920929
lidar;17.0;44.0;25.03421974182129;24.7960147857666;9.783946990966797;0.2990976870059967;25.03159523010254;24.81165313720703;9.800509452819824;0.27616900511118997;0.9962446093468666;0.800000011920929;0.800000011920929;0.800000011920929
lidar;17.0;44.0;25.034738540649414;24.80005645751953;9.780673027038574;0.29881200194358826;25.037052154541016;24.7867374420166;9.766064643859863;0.3187148275355675;0.9971973300840905;0.800000011920929;0.800000011920929;0.800000011920929
lidar;17.0;44.0;25.035255432128906;24.804088592529297;9.77740478515625;0.29861775040626526;25.034202575683594;24.809938430786133;9.784049987792969;0.28970325290013216;0.9978461263234331;0.800000011920929;0.800000011920929;0.800000011920929
lidar;17.0;44.0;25.0357723236084;24.80811882019043;9.774140357971191;0.29851460456848145;25.03693199157715;24.801897048950195;9.766816139221191;0.3081939454653471;0.9981911181499425;0.800000011920929;0.800000011920929;0.800000011920929
lidar;17.0;44.0;25.03628921508789;24.81214714050293;9.770875930786133;0.29850247502326965;25.03811264038086;24.80270767211914;9.759364128112793;0.3134998830718912;0.9982318878449371;0.800000011920929;0.800000011920929;0.800000011920929
lidar;17.0;44.0;25.036802291870117;24.816192626953125;9.767634391784668;0.29855167865753174;25.033666610717773;24.83185386657715;9.787433624267578;0.2731132896593464;0.9980676770578496;0.800000011920929;0.800000011920929;0.800000011920929
lidar;17.0;44.0;25.03730010986328;24.820322036743164;9.764494895935059;0.2985597848892212;25.03708839416504;24.821338653564453;9.765827178955078;0.29687043864821167;0.9980406163989579;0.800000011920929;0.800000011920929;0.800000011920929
lidar;17.0;44.0;25.037797927856445;24.824453353881836;9.761354446411133;0.29865890741348267;25.041187286376953;24.808706283569336;9.739949226379395;0.3254475494594662;0.99770969138691;0.800000011920929;0.800000011920929;0.800000011920929
lidar;17.0;44.0;25.03829574584961;24.82858657836914;9.758211135864258;0.29884907603263855;25.04146385192871;24.814407348632812;9.73820972442627;0.3235706651656121;0.9970747831067758;0.800000011920929;0.800000011920929;0.800000011920929
lidar;17.0;44.0;25.038793563842773;24.832727432250977;9.755062103271484;0.29913070797920227;25.036109924316406;24.844301223754883;9.77200984954834;0.27843411905859294;0.9961361882598425;0.800000011920929;0.800000011920929;0.800000011920929
lidar;17.0;44.0;25.03929328918457;24.836877822875977;9.751907348632812;0.2995041608810425;25.0278377532959;24.884437561035156;9.824239730834961;0.2121828888386621;0.9948941468314272;0.800000011920929;0.800000011920929;0.800000011920929
lidar;17.0;44.0;25.03972053527832;24.841337203979492;9.749212265014648;0.299409955739975;25.03968048095703;24.841501235961914;9.749470710754395;0.2991010295856215;0.9960745574936157;0.800000011920929;0.800000011920929;0.800000011920929
lidar;17.0;44.0;25.04009246826172;24.84600830078125;9.746869087219238;0.2989918887615204;25.046215057373047;24.82248878479004;9.708207130432129;0.3446582132007342;0.9974672792770422;0.800000011920929;0.800000011920929;0.800000011920929
lidar;17.0;44.0;25.040462493896484;24.85066795349121;9.744532585144043;0.29866576194763184;25.042959213256836;24.84145164489746;9.728768348693848;0.31709544008848095;0.9985560774150114;0.800000011920929;0.800000011920929;0.800000011920929
lidar;17.0;44.0;25.040830612182617;24.855318069458008;9.742199897766113;0.2984310984611511;25.045055389404297;24.84035301208496;9.715535163879395;0.3292980201387353;0.999340772599637;0.800000011920929;0.800000011920929;0.800000011920929
lidar;17.0;44.0;25.041200637817383;24.859962463378906;9.739870071411133;0.29828765988349915;25.035669326782227;24.878761291503906;9.77479076385498;0.25824473520642005;0.9998210668426264;0.800000011920929;0.800000011920929;0.800000011920929
lidar;17.0;44.0;25.041568756103516;24.86460304260254;9.737542152404785;0.2982351779937744;25.05194664001465;24.83080291748047;9.672021865844727;0.3726865027852664;0.9999967813493997;0.800000011920929;0.800000011920929;0.800000011920929
lidar;17.0;44.0;25.04193878173828;24.869245529174805;9.735214233398438;0.2982735335826874;25.045852661132812;24.857038497924805;9.710493087768555;0.32612115444826784;0.9998679161198909;0.800000011920929;0.800000011920929;0.800000011920929
lidar;17.0;44.0;25.042306900024414;24.873889923095703;9.732885360717773;0.2984027862548828;25.056028366088867;24.832984924316406;9.646245002746582;0.3951910036458772;0.9994344710703952;0.800000011920929;0.800000011920929;0.800000011920929
lidar;17.0;44.0;25.04267692565918;24.878538131713867;9.730552673339844;0.2986232042312622;25.04814910888672;24.862960815429688;9.69599437713623;0.33692349350465844;0.9986965655486907;0.800000011920929;0.800000011920929;0.800000011920929
lidar;17.0;44.0;25.043046951293945;24.883195877075195;9.728217124938965;0.29893502593040466;25.05750274658203;24.843971252441406;9.636946678161621;0.3993231119643198;0.9976544976585098;0.800000011920929;0.800000011920929;0.800000011920929
lidar;17.0;44.0;25.04341697692871;24.88786506652832;9.725874900817871;0.29933878779411316;25.051654815673828;24.86659049987793;9.673864364624023;0.35613369994721805;0.9963085053993097;0.800000011920929;0.800000011920929;0.800000011920929
lidar;17.0;44.0;25.04378890991211;24.892549514770508;9.723526000976562;0.2998351752758026;25.052114486694336;24.872119903564453;9.670963287353516;0.3568393452525863;0.9946589466488315;0.800000011920929;0.800000011920929;0.800000011920929
lidar;17.0;44.0;25.044048309326172;24.89751434326172;9.721890449523926;0.29964718222618103;25.03911590576172;24.90898895263672;9.753029823303223;0.26609616581810885;0.9959481952306017;0.800000011920929;0.800000011920929;0.800000011920929
lidar;17.0;44.0;25.04425811767578;24.90258026123047;9.720559120178223;0.29922690987586975;25.047332763671875;24.89581298828125;9.701146125793457;0.3200143030802535;0.997347116689293;0.800000011920929;0.800000011920929;0.800000011920929
lidar;17.0;44.0;25.044469833374023;24.907634735107422;9.719230651855469;0.29889872670173645;25.034912109375;24.927486419677734;9.779576301574707;0.23465577778687907;0.9984422922739834;0.800000011920929;0.800000011920929;0.800000011920929
lidar;17.0;44.0;25.044679641723633;24.91267967224121;9.717904090881348;0.2986621558666229;25.042278289794922;24.917373657226562;9.733067512512207;0.2826089112100655;0.9992333650814155;0.800000011920929;0.800000011920929;0.800000011920929
lidar;17.0;44.0;25.044889450073242;24.91771697998047;9.716580390930176;0.29851675033569336;25.0494384765625;24.909381866455078;9.687865257263184;0.32876123693010173;0.9997200369802834;0.800000011920929;0.800000011920929;0.800000011920929
lidar;17.0;44.0;25.04509925842285;24.922752380371094;9.715256690979004;0.2984623908996582;25.057828903198242;24.90094566345215;9.63487720489502;0.3827144244788552;0.9999021291698919;0.800000011920929;0.800000011920929;0.800000011920929
lidar;17.0;44.0;25.04530906677246;24.927785873413086;9.713933944702148;0.2984989583492279;25.043521881103516;24.930633544921875;9.72520923614502;0.28673295614964817;0.9997797012443843;0.800000011920929;0.800000011920929;0.800000011920929
lidar;17.0;44.0;25.045513153076172;24.932830810546875;9.712638854980469;0.29859644174575806;25.02936553955078;24.956663131713867;9.814595222473145;0.19265363685877726;0.9994533657860517;0.800000011920929;0.800000011920929;0.800000011920929
lidar;17.0;44.0;25.045698165893555;24.937908172607422;9.711477279663086;0.2986449897289276;25.051410675048828;24.930145263671875;9.675407409667969;0.3359804110608576;0.999291121923787;0.800000011920929;0.800000011920929;0.800000011920929
lidar;17.0;44.0;25.045881271362305;24.942989349365234;9.710315704345703;0.2987845540046692;25.05270767211914;24.934507369995117;9.667219161987305;0.34323502967640207;0.9988245368851797;0.800000011920929;0.800000011920929;0.800000011920929
lidar;17.0;44.0;25.046066284179688;24.948076248168945;9.709153175354004;0.2990153431892395;25.043180465698242;24.95132827758789;9.727367401123047;0.28028953629008047;0.9980536699741747;0.800000011920929;0.800000011920929;0.800000011920929
lidar;17.0;44.0;25.046249389648438;24.95317268371582;9.707987785339355;0.2993377447128296;25.035079956054688;24.9644832611084;9.778515815734863;0.22704039020399544;0.996978759778691;0.800000011920929;0.800000011920929;0.800000011920929
lidar;17.0;44.0;25.046405792236328;24.958309173583984;9.707006454467773;0.2995607852935791;25.05792999267578;24.947956085205078;9.634247779846191;0.3739505708577741;0.9962363243347657;0.800000011920929;0.800000011920929;0.800000011920929
lidar;17.0;44.0;25.04655647277832;24.963457107543945;9.706047058105469;0.2998522222042084;25.053333282470703;24.958139419555664;9.663267135620117;0.34349068242182174;0.9952681657372109;0.800000011920929;0.800000011920929;0.800000011920929
lidar;17.0;44.0;25.04663848876953;24.968664169311523;9.705535888671875;0.2997770607471466;25.050668716430664;24.965957641601562;9.680093765258789;0.3256783984423892;0.9958775043803779;0.800000011920929;0.800000011920929;0.800000011920929
lidar;17.0;44.0;25.046676635742188;24.973894119262695;9.705292701721191;0.2995211184024811;25.039785385131836;24.97774887084961;9.748809814453125;0.25529270865677267;0.9967284799094036;0.800000011920929;0.800000011920929;0.800000011920929
lidar;17.0;44.0;25.046714782714844;24.97911834716797;9.70505142211914;0.2993538975715637;25.049440383911133;24.9778995513916;9.687847137451172;0.3168154723016816;0.9972852466804496;0.800000011920929;0.800000011920929;0.800000011920929
lidar;17.0;44.0;25.046743392944336;24.98434066772461;9.704876899719238;0.2992117404937744;25.046457290649414;24.98443603515625;9.706677436828613;0.297386290525874;0.9977589843311169;0.800000011920929;0.800000011920929;0.800000011920929
lidar;17.0;44.0;25.04676628112793;24.989561080932617;9.704729080200195;0.2991334795951843;25.05156898498535;24.988489151000977;9.674409866333008;0.32984943914865283;0.9980198742546524;0.800000011920929;0.800000011920929;0.800000011920929
lidar;17.0;44.0;25.046777725219727;24.994781494140625;9.704658508300781;0.2990689277648926;25.051467895507812;24.9942569732666;9.67503833770752;0.32906201153571024;0.9982355833646166;0.800000011920929;0.800000011920929;0.800000011920929
lidar;17.0;44.0;25.046785354614258;25.0;9.704607963562012;0.29907387495040894;25.044261932373047;25.0;9.720545768737793;0.28293733731913645;0.9982190728949937;0.800000011920929;0.800000011920929;0.800000011920929
lidar;17.0;44.0;25.046777725219727;25.005218505859375;9.704658508300781;0.2990688979625702;25.058006286621094;25.006471633911133;9.633760452270508;0.37086122402556176;0.9982355833646166;0.800000011920929;0.800000011920929;0.800000011920929
lidar;17.0;44.0;25.04676628112793;25.010438919067383;9.704729080200195;0.2991334795951843;25.049419403076172;25.011032104492188;9.687976837158203;0.3161056231274843;0.9980198742546524;0.800000011920929;0.800000011920929;0.800000011920929
lidar;17.0;44.0;25.046743392944336;25.01565933227539;9.704876899719238;0.2992117404937744;25.039287567138672;25.01316261291504;9.751944541931152;0.2514925706630416;0.9977589250066365;0.800000011920929;0.800000011920929;0.800000011920929
lidar;17.0;44.0;25.046714782714844;25.02088165283203;9.70505142211914;0.2993538975715637;25.057580947875977;25.025739669799805;9.636453628540039;0.3689766561824207;0.9972852466804496;0.800000011920929;0.800000011920929;0.800000011920929
lidar;17.0;44.0;25.046676635742188;25.026105880737305;9.705292701721191;0.2995211184024811;25.0521240234375;25.029151916503906;9.67090129852295;0.3344736199897094;0.9967284799094036;0.800000011920929;0.800000011920929;0.800000011920929
lidar;17.0;44.0;25.04663848876953;25.031335830688477;9.705535888671875;0.2997770607471466;25.05618667602539;25.037750244140625;9.645243644714355;0.3611568933809627;0.9958774449071658;0.800000011920929;0.800000011920929;0.800000011920929
lidar;17.0;44.0;25.04655647277832;25.036542892456055;9.706047058105469;0.29985225200653076;25.051816940307617;25.04067039489746;9.672839164733887;0.3337262774292395;0.9952681657372109;0.800000011920929;0.800000011920929;0.800000011920929
lidar;17.0;44.0;25.046405792236328;25.041690826416016;9.707006454467773;0.2995607852935791;25.053071975708008;25.047679901123047;9.664924621582031;0.34258656089955086;0.9962363837486993;0.800000011920929;0.800000011920929;0.800000011920929
lidar;17.0;44.0;25.046249389648438;25.04682731628418;9.707987785339355;0.2993377149105072;25.035799026489258;25.036245346069336;9.773975372314453;0.2316949739442994;0.996978759778691;0.800000011920929;0.800000011920929;0.800000011920929
lidar;17.0;44.0;25.046066284179688;25.051923751831055;9.709153175354004;0.2990152835845947;25.05460548400879;25.06155014038086;9.655230522155762;0.35445199425309126;0.9980536699741747;0.800000011920929;0.800000011920929;0.800000011920929
lidar;17.0;44.0;25.045881271362305;25.057010650634766;9.710315704345703;0.29878443479537964;25.03982162475586;25.049480438232422;9.748581886291504;0.25931659970881143;0.9988245368851797;0.800000011920929;0.800000011920929;0.800000011920929
lidar;17.0;44.0;25.045698165893555;25.062091827392578;9.711477279663086;0.29864493012428284;25.046323776245117;25.062944412231445;9.707518577575684;0.3027431535483959;0.999291121923787;0.800000011920929;0.800000011920929;0.800000011920929
lidar;17.0;44.0;25.045513153076172;25.067169189453125;9.712638854980469;0.29859644174575806;25.05288314819336;25.078046798706055;9.666108131408691;0.34694654065543185;0.9994533657860517;0.800000011920929;0.800000011920929;0.800000011920929
lidar;17.0;44.0;25.04530906677246;25.072214126586914;9.713933944702148;0.29849889874458313;25.032855987548828;25.0523681640625;9.79255199432373;0.2164636369921718;0.9997797012443843;0.800000011920929;0.800000011920929;0.800000011920929
lidar;17.0;44.0;25.04509925842285;25.077247619628906;9.715256690979004;0.29846227169036865;25.048215866088867;25.08258628845215;9.695576667785645;0.3190908885716316;0.9999021291698919;0.800000011920929;0.800000011920929;0.800000011920929
lidar;17.0;44.0;25.044889450073242;25.08228302001953;9.716580390930176;0.2985166907310486;25.04410743713379;25.080848693847656;9.721516609191895;0.2933168949494385;0.9997200369802834;0.800000011920929;0.800000011920929;0.800000011920929
lidar;17.0;44.0;25.044679641723633;25.08732032775879;9.717904090881348;0.29866206645965576;25.040681838989258;25.079505920410156;9.743149757385254;0.27193369329640715;0.9992333650814155;0.800000011920929;0.800000011920929;0.800000011920929
lidar;17.0;44.0;25.044469833374023;25.092365264892578;9.719230651855469;0.2988986074924469;25.032333374023438;25.067155838012695;9.795858383178711;0.2173228510747306;0.9984422922739834;0.800000011920929;0.800000011920929;0.800000011920929
lidar;17.0;44.0;25.04425811767578;25.09741973876953;9.720559120178223;0.29922690987586975;25.037778854370117;25.08315658569336;9.761468887329102;0.25541981530055424;0.9973470570309636;0.800000011920929;0.800000011920929;0.800000011920929
lidar;17.0;44.0;25.044048309326172;25.10248565673828;9.721890449523926;0.29964718222618103;25.05002212524414;25.11638641357422;9.684168815612793;0.34028975597789757;0.9959481952306017;0.800000011920929;0.800000011920929;0.800000011920929
lidar;17.0;44.0;25.04378890991211;25.107450485229492;9.723526000976562;0.2998351454734802;25.048147201538086;25.118144989013672;9.696012496948242;0.3296734021604245;0.9946589466488315;0.800000011920929;0.800000011920929;0.800000011920929
lidar;17.0;44.0;25.04341697692871;25.11213493347168;9.725874900817871;0.29933878779411316;25.043071746826172;25.11124038696289;9.728060722351074;0.29695210547066603;0.9963085053993097;0.800000011920929;0.800000011920929;0.800000011920929
lidar;17.0;44.0;25.043046951293945;25.116804122924805;9.728217124938965;0.2989349365234375;25.045026779174805;25.122175216674805;9.715718269348145;0.3126822475875565;0.9976544976585098;0.800000011920929;0.800000011920929;0.800000011920929
lidar;17.0;44.0;25.04267692565918;25.121461868286133;9.730552673339844;0.29862311482429504;25.04735565185547;25.134780883789062;9.70100212097168;0.3313732193115255;0.9986965655486907;0.800000011920929;0.800000011920929;0.800000011920929
lidar;17.0;44.0;25.042306900024414;25.126110076904297;9.732885360717773;0.2984026074409485;25.039918899536133;25.118989944458008;9.747966766357422;0.28155482327599124;0.9994344710703952;0.800000011920929;0.800000011920929;0.800000011920929
lidar;17.0;44.0;25.04193878173828;25.130754470825195;9.735214233398438;0.2982732951641083;25.043800354003906;25.136560440063477;9.723455429077148;0.3115193373026746;0.9998679161198909;0.800000011920929;0.800000011920929;0.800000011920929
lidar;17.0;44.0;25.041568756103516;25.13539695739746;9.737542152404785;0.2982349991798401;25.04447364807129;25.14485740661621;9.719202995300293;0.319073940578165;0.9999967813493997;0.800000011920929;0.800000011920929;0.800000011920929
lidar;17.0;44.0;25.041200637817383;25.140037536621094;9.739870071411133;0.2982875108718872;25.036420822143555;25.123790740966797;9.770051002502441;0.2636797149868433;0.9998210668426264;0.800000011920929;0.800000011920929;0.800000011920929
lidar;17.0;44.0;25.040830612182617;25.144681930541992;9.742199897766113;0.29843100905418396;25.032617568969727;25.115581512451172;9.79405403137207;0.23840439667972022;0.999340772599637;0.800000011920929;0.800000011920929;0.800000011920929
lidar;17.0;44.0;25.040462493896484;25.14933204650879;9.744532585144043;0.2986656725406647;25.04425621032715;25.163331985473633;9.72058391571045;0.3266636451679885;0.9985560774150114;0.800000011920929;0.800000011920929;0.800000011920929
lidar;17.0;44.0;25.04009246826172;25.15399169921875;9.746869087219238;0.2989918291568756;25.047767639160156;25.183475494384766;9.698403358459473;0.35623861629022363;0.9974672792770422;0.800000011920929;0.800000011920929;0.800000011920929
lidar;17.0;44.0;25.03972053527832;25.158662796020508;9.749212265014648;0.299409955739975;25.028301239013672;25.113048553466797;9.821310997009277;0.21333271838506496;0.9960745574936157;0.800000011920929;0.800000011920929;0.800000011920929
lidar;17.0;44.0;25.03929328918457;25.163122177124023;9.751907348632812;0.29950419068336487;25.041927337646484;25.174053192138672;9.73528003692627;0.3195765427646831;0.9948941468314272;0.800000011920929;0.800000011920929;0.800000011920929
lidar;17.0;44.0;25.038793563842773;25.167272567749023;9.755062103271484;0.29913073778152466;25.030853271484375;25.133033752441406;9.805197715759277;0.2379024123687768;0.9961361882598425;0.800000011920929;0.800000011920929;0.800000011920929
lidar;17.0;44.0;25.03829574584961;25.17141342163086;9.758211135864258;0.29884910583496094;25.02718162536621;25.121667861938477;9.82837963104248;0.2121213496728312;0.9970747831067758;0.800000011920929;0.800000011920929;0.800000011920929
lidar;17.0;44.0;25.037797927856445;25.175546646118164;9.761354446411133;0.29865893721580505;25.029443740844727;25.13674545288086;9.814103126525879;0.232645824300977;0.99770969138691;0.800000011920929;0.800000011920929;0.800000011920929
lidar;17.0;44.0;25.03730010986328;25.179677963256836;9.764494895935059;0.29855984449386597;25.038488388061523;25.18539810180664;9.756996154785156;0.30806619859073886;0.9980406163989579;0.800000011920929;0.800000011920929;0.800000011920929
lidar;17.0;44.0;25.036802291870117;25.183807373046875;9.767634391784668;0.2985517084598541;25.044403076171875;25.221763610839844;9.719650268554688;0.36020319165922204;0.9980676770578496;0.800000011920929;0.800000011920929;0.800000011920929
lidar;17.0;44.0;25.03628921508789;25.18785285949707;9.770875930786133;0.29850247502326965;25.040285110473633;25.208534240722656;9.745651245117188;0.33136538668350723;0.9982318878449371;0.800000011920929;0.800000011920929;0.800000011920929
lidar;17.0;44.0;25.0357723236084;25.19188117980957;9.774140357971191;0.29851460456848145;25.044748306274414;25.24003028869629;9.717464447021484;0.3734217063220211;0.9981911181499425;0.800000011920929;0.800000011920929;0.800000011920929
lidar;17.0;44.0;25.035255432128906;25.195911407470703;9.77740478515625;0.29861778020858765;25.03371238708496;25.187334060668945;9.787150382995605;0.28554350186963984;0.9978461263234331;0.800000011920929;0.800000011920929;0.800000011920929
lidar;17.0;44.0;25.034738540649414;25.19994354248047;9.780673027038574;0.2988119423389435;25.031429290771484;25.180904388427734;9.801558494567871;0.27035766273611594;0.9971973300840905;0.800000011920929;0.800000011920929;0.800000011920929
lidar;17.0;44.0;25.03421974182129;25.2039852142334;9.783946990966797;0.2990976572036743;25.031780242919922;25.189449310302734;9.799342155456543;0.27778530191414497;0.9962446093468666;0.800000011920929;0.800000011920929;0.800000011920929
lidar;17.0;44.0;25.03369903564453;25.208032608032227;9.787227630615234;0.29947519302368164;25.043624877929688;25.269298553466797;9.724565505981445;0.38767122294846756;0.9949885603588834;0.800000011920929;0.800000011920929;0.800000011920929
lidar;17.0;44.0;25.03308868408203;25.211515426635742;9.791088104248047;0.2991285026073456;25.03495979309082;25.223478317260742;9.77927303314209;0.31604639123374195;0.995203554463361;0.800000011920929;0.800000011920929;0.800000011920929
lidar;17.0;44.0;25.029430389404297;24.788532257080078;9.790590286254883;0.29906022548675537;25.03206443786621;24.769607543945312;9.771849632263184;0.32582497375424424;0.9954307675264664;0.800000011920929;0.800000011920929;0.800000011920929
lidar;17.0;44.0;25.02996063232422;24.792104721069336;9.786812782287598;0.2992774248123169;25.040407180786133;24.719619750976562;9.712483406066895;0.40362261506961516;0.9956459400219262;0.800000011920929;0.800000011920929;0.800000011920929
lidar;17.0;44.0;25.03042221069336;24.796152114868164;9.783528327941895;0.2988971471786499;25.028118133544922;24.811595916748047;9.799927711486816;0.2762534690624272;0.9969130156188802;0.800000011920929;0.800000011920929;0.800000011920929
lidar;17.0;44.0;25.0308837890625;24.80019187927246;9.780250549316406;0.298608660697937;25.03609275817871;24.76649284362793;9.743188858032227;0.34896991423666807;0.9978764059322078;0.800000011920929;0.800000011920929;0.800000011920929
lidar;17.0;44.0;25.031343460083008;24.804224014282227;9.7769775390625;0.2984115183353424;25.032358169555664;24.797887802124023;9.769760131835938;0.308069523294804;0.9985358119562427;0.800000011920929;0.800000011920929;0.800000011920929
lidar;17.0;44.0;25.031803131103516;24.808252334594727;9.77370834350586;0.2983054220676422;25.023582458496094;24.85782241821289;9.832209587097168;0.2211879967142491;0.9988910556367964;0.800000011920929;0.800000011920929;0.800000011920929
lidar;17.0;44.0;25.032262802124023;24.812280654907227;9.770441055297852;0.2982902228832245;25.02676773071289;24.844247817993164;9.809534072875977;0.24749203063290248;0.998942077077997;0.800000011920929;0.800000011920929;0.800000011920929
lidar;17.0;44.0;25.03272247314453;24.816307067871094;9.767172813415527;0.2983660101890564;25.03238868713379;24.81818199157715;9.769547462463379;0.29532203868262275;0.9986887575038138;0.800000011920929;0.800000011920929;0.800000011920929
lidar;17.0;44.0;25.03318214416504;24.82033920288086;9.763901710510254;0.2985326647758484;25.03189468383789;24.827306747436523;9.773058891296387;0.2869539632826141;0.9981312750797399;0.800000011920929;0.800000011920929;0.800000011920929
lidar;17.0;44.0;25.033641815185547;24.82437515258789;9.760625839233398;0.2987906336784363;25.03663444519043;24.808753967285156;9.739334106445312;0.32536737650029834;0.9972698090202975;0.800000011920929;0.800000011920929;0.800000011920929
lidar;17.0;44.0;25.034103393554688;24.828420639038086;9.757343292236328;0.2991402745246887;25.028671264648438;24.855749130249023;9.79599380493164;0.25149265972306606;0.9961043595783033;0.800000011920929;0.800000011920929;0.800000011920929
lidar;17.0;44.0;25.034547805786133;24.832561492919922;9.754178047180176;0.2994292974472046;25.02749252319336;24.86675262451172;9.804375648498535;0.23828485667074278;0.9951432348665108;0.800000011920929;0.800000011920929;0.800000011920929
lidar;17.0;44.0;25.03499412536621;24.836713790893555;9.751008033752441;0.2998069226741791;25.03972816467285;24.814620971679688;9.717320442199707;0.34036971037131064;0.9938896891711215;0.800000011920929;0.800000011920929;0.800000011920929
lidar;17.0;44.0;25.035341262817383;24.841323852539062;9.748536109924316;0.299435019493103;25.03011131286621;24.86480712890625;9.785750389099121;0.2551214889623565;0.9959912893089145;0.800000011920929;0.800000011920929;0.800000011920929
lidar;17.0;44.0;25.03567123413086;24.84599494934082;9.746186256408691;0.2990171015262604;25.038227081298828;24.834957122802734;9.727995872497559;0.32044787403658553;0.9973830580860732;0.800000011920929;0.800000011920929;0.800000011920929
lidar;17.0;44.0;25.036001205444336;24.85065460205078;9.743843078613281;0.2986912131309509;25.041614532470703;24.827362060546875;9.703893661499023;0.34527472819691263;0.9984710216912323;0.800000011920929;0.800000011920929;0.800000011920929
lidar;17.0;44.0;25.03632926940918;24.855304718017578;9.741503715515137;0.2984568476676941;25.040958404541016;24.83686637878418;9.708563804626465;0.33648949415565044;0.9992548227317614;0.800000011920929;0.800000011920929;0.800000011920929
lidar;17.0;44.0;25.036657333374023;24.85995101928711;9.739168167114258;0.29831361770629883;25.046817779541016;24.821134567260742;9.666875839233398;0.38099366426661774;0.9997343421165876;0.800000011920929;0.800000011920929;0.800000011920929
lidar;17.0;44.0;25.036985397338867;24.864591598510742;9.736833572387695;0.2982613146305084;25.03719711303711;24.863819122314453;9.735329627990723;0.2999654637898639;0.9999092817291726;0.800000011920929;0.800000011920929;0.800000011920929
lidar;17.0;44.0;25.03731346130371;24.869234085083008;9.734498977661133;0.2982999086380005;25.0391845703125;24.862674713134766;9.72118091583252;0.31326319491571236;0.9997795820259572;0.800000011920929;0.800000011920929;0.800000011920929
lidar;17.0;44.0;25.037641525268555;24.873878479003906;9.732163429260254;0.2984294295310974;25.044116973876953;24.85218048095703;9.686086654663086;0.34976883565655115;0.9993454218075838;0.800000011920929;0.800000011920929;0.800000011920929
lidar;17.0;44.0;25.0379695892334;24.878528594970703;9.729825019836426;0.2986500561237335;25.04302406311035;24.86236000061035;9.693864822387695;0.3383998151175923;0.9986068011287764;0.800000011920929;0.800000011920929;0.800000011920929
lidar;17.0;44.0;25.038299560546875;24.88318634033203;9.727481842041016;0.29896217584609985;25.039058685302734;24.880870819091797;9.72208023071289;0.30488811784579467;0.9975640773232373;0.800000011920929;0.800000011920929;0.800000011920929
lidar;17.0;44.0;25.03862953186035;24.887855529785156;9.725133895874023;0.29936617612838745;25.040973663330078;24.88105010986328;9.708454132080078;0.3175328691568914;0.9962174296224694;0.800000011920929;0.800000011920929;0.800000011920929
lidar;17.0;44.0;25.038957595825195;24.892547607421875;9.722800254821777;0.2998386025428772;25.033893585205078;24.90651512145996;9.758831977844238;0.2608644294400681;0.9953122142176383;0.800000011920929;0.800000011920929;0.800000011920929
lidar;17.0;44.0;25.039161682128906;24.8975830078125;9.721349716186523;0.2994473874568939;25.03948211669922;24.89674186706543;9.719063758850098;0.3019045756619779;0.9966126680669811;0.800000011920929;0.800000011920929;0.800000011920929
lidar;17.0;44.0;25.039365768432617;24.902606964111328;9.719902038574219;0.2991481125354767;25.0372257232666;24.907899856567383;9.735126495361328;0.28288872557738043;0.9976095558260798;0.800000011920929;0.800000011920929;0.800000011920929
lidar;17.0;44.0;25.03955841064453;24.907644271850586;9.718522071838379;0.29887157678604126;25.031843185424805;24.925657272338867;9.773425102233887;0.24057648768531925;0.9985328315985741;0.800000011920929;0.800000011920929;0.800000011920929
lidar;17.0;44.0;25.039745330810547;24.912687301635742;9.717193603515625;0.29863491654396057;25.035377502441406;24.922285079956055;9.748278617858887;0.26581002550033894;0.999324321767392;0.800000011920929;0.800000011920929;0.800000011920929
lidar;17.0;44.0;25.039932250976562;24.917724609375;9.715866088867188;0.29848945140838623;25.036128997802734;24.925559997558594;9.742921829223633;0.2700669684470754;0.999811470499133;0.800000011920929;0.800000011920929;0.800000011920929
lidar;17.0;44.0;25.040119171142578;24.922760009765625;9.714539527893066;0.2984349727630615;25.034481048583984;24.93361473083496;9.754658699035645;0.25649235359069933;0.9999940395358194;0.800000011920929;0.800000011920929;0.800000011920929
lidar;17.0;44.0;25.04030418395996;24.927793502807617;9.713212966918945;0.2984714210033417;25.040372848510742;24.927671432495117;9.712727546691895;0.29897606346674704;0.9998720288228753;0.800000011920929;0.800000011920929;0.800000011920929
lidar;17.0;44.0;25.040491104125977;24.932830810546875;9.711885452270508;0.2985988259315491;25.049930572509766;24.917171478271484;9.644723892211914;0.36820497251757567;0.9994454383696235;0.800000011920929;0.800000011920929;0.800000011920929
lidar;17.0;44.0;25.040678024291992;24.9378719329834;9.710556983947754;0.29881739616394043;25.030052185058594;24.9541015625;9.786164283752441;0.22076108889720725;0.9987144469711314;0.800000011920929;0.800000011920929;0.800000011920929
lidar;17.0;44.0;25.040847778320312;24.942949295043945;9.709352493286133;0.2989976406097412;25.037012100219727;24.948305130004883;9.736642837524414;0.27092340953546756;0.9981126189271228;0.800000011920929;0.800000011920929;0.800000011920929
lidar;17.0;44.0;25.041011810302734;24.948040008544922;9.708184242248535;0.2992294430732727;25.045421600341797;24.94245147705078;9.676803588867188;0.3314074342967609;0.9973394277260917;0.800000011920929;0.800000011920929;0.800000011920929
lidar;17.0;44.0;25.041175842285156;24.953140258789062;9.707014083862305;0.29955294728279114;25.04306411743164;24.950990676879883;9.693578720092773;0.3132893899819094;0.9962624907631231;0.800000011920929;0.800000011920929;0.800000011920929
lidar;17.0;44.0;25.04134178161621;24.958251953125;9.705841064453125;0.2999686300754547;25.037044525146484;24.96259117126465;9.736409187316895;0.2687969641060626;0.994882046962244;0.800000011920929;0.800000011920929;0.800000011920929
lidar;17.0;44.0;25.04139518737793;24.96347999572754;9.705459594726562;0.2996683418750763;25.0552978515625;24.951213836669922;9.606531143188477;0.4003194746158961;0.9962390659292522;0.800000011920929;0.800000011920929;0.800000011920929
lidar;17.0;44.0;25.041440963745117;24.968704223632812;9.705135345458984;0.29940247535705566;25.032880783081055;24.975168228149414;9.766046524047852;0.23755439848339835;0.9971235992027804;0.800000011920929;0.800000011920929;0.800000011920929
lidar;17.0;44.0;25.04148292541504;24.973922729492188;9.704837799072266;0.2992017865180969;25.04254913330078;24.97325325012207;9.69725227355957;0.30689090806371433;0.9977923633959849;0.800000011920929;0.800000011920929;0.800000011920929
lidar;17.0;44.0;25.041515350341797;24.97913932800293;9.704597473144531;0.2990344762802124;25.049489974975586;24.975133895874023;9.647863388061523;0.35646513006064784;0.9983505606265274;0.800000011920929;0.800000011920929;0.800000011920929
lidar;17.0;44.0;25.041545867919922;24.984355926513672;9.704384803771973;0.29893046617507935;25.049726486206055;24.98127555847168;9.646183967590332;0.35778319420278804;0.9986979961651831;0.800000011920929;0.800000011920929;0.800000011920929
lidar;17.0;44.0;25.041566848754883;24.98957061767578;9.70423698425293;0.2988521456718445;25.045915603637695;24.988479614257812;9.673285484313965;0.33012637007482615;0.9989597201744381;0.800000011920929;0.800000011920929;0.800000011920929
lidar;17.0;44.0;25.041580200195312;24.99478530883789;9.704146385192871;0.29880693554878235;25.04102897644043;24.994853973388672;9.708070755004883;0.29484265454913733;0.9991107582395697;0.800000011920929;0.800000011920929;0.800000011920929
lidar;17.0;44.0;25.04158592224121;25.0;9.704095840454102;0.2988118827342987;25.044057846069336;25.0;9.686517715454102;0.3165626064685769;0.999094426615914;0.800000011920929;0.800000011920929;0.800000011920929
lidar;17.0;44.0;25.041580200195312;25.00521469116211;9.704146385192871;0.29880693554878235;25.055362701416016;25.006942749023438;9.606074333190918;0.3978578949687394;0.9991107582395697;0.800000011920929;0.800000011920929;0.800000011920929
lidar;17.0;44.0;25.041566848754883;25.01042938232422;9.70423698425293;0.2988521456718445;25.036256790161133;25.009098052978516;9.74201774597168;0.2606760393460882;0.9989597201744381;0.800000011920929;0.800000011920929;0.800000011920929
lidar;17.0;44.0;25.041545867919922;25.015644073486328;9.704384803771973;0.29893043637275696;25.03776741027832;25.01422119140625;9.731274604797363;0.2717387928780389;0.9986979961651831;0.800000011920929;0.800000011920929;0.800000011920929
lidar;17.0;44.0;25.041515350341797;25.02086067199707;9.704597473144531;0.2990344762802124;25.039411544799805;25.01980209350586;9.719573020935059;0.28387394585356307;0.9983505606265274;0.800000011920929;0.800000011920929;0.800000011920929
lidar;17.0;44.0;25.04148292541504;25.026077270507812;9.704837799072266;0.2992017865180969;25.0524959564209;25.033000946044922;9.626476287841797;0.3786351137897027;0.9977923633959849;0.800000011920929;0.800000011920929;0.800000011920929
lidar;17.0;44.0;25.041440963745117;25.031295776367188;9.705135345458984;0.29940247535705566;25.04438018798828;25.03351593017578;9.68421459197998;0.32064496137863185;0.9971235992027804;0.800000011920929;0.800000011920929;0.800000011920929
lidar;17.0;44.0;25.04139518737793;25.03652000427246;9.705459594726562;0.2996683418750763;25.0452880859375;25.039955139160156;9.677760124206543;0.32785042937575515;0.9962390659292522;0.800000011920929;0.800000011920929;0.800000011920929
lidar;17.0;44.0;25.04134178161621;25.041748046875;9.705841064453125;0.2999686300754547;25.051986694335938;25.05249786376953;9.630097389221191;0.3772091504417497;0.9948821064356361;0.800000011920929;0.800000011920929;0.800000011920929
lidar;17.0;44.0;25.041175842285156;25.046859741210938;9.707014083862305;0.29955291748046875;25.038082122802734;25.043338775634766;9.729035377502441;0.2770386402971783;0.9962624907631231;0.800000011920929;0.800000011920929;0.800000011920929
lidar;17.0;44.0;25.041011810302734;25.051959991455078;9.708184242248535;0.29922938346862793;25.045434951782227;25.05756378173828;9.676717758178711;0.33149538201415585;0.9973394869269047;0.800000011920929;0.800000011920929;0.800000011920929
lidar;17.0;44.0;25.040847778320312;25.057050704956055;9.709352493286133;0.29899758100509644;25.05556869506836;25.077613830566406;9.60460090637207;0.4067581995187091;0.9981126189271228;0.800000011920929;0.800000011920929;0.800000011920929
lidar;17.0;44.0;25.040678024291992;25.0621280670166;9.710556983947754;0.2988174259662628;25.03806495666504;25.058135986328125;9.729150772094727;0.27962159985056934;0.9987144469711314;0.800000011920929;0.800000011920929;0.800000011920929
lidar;17.0;44.0;25.040491104125977;25.067169189453125;9.711885452270508;0.2985987365245819;25.0401611328125;25.066619873046875;9.714242935180664;0.29615574151801877;0.9994454383696235;0.800000011920929;0.800000011920929;0.800000011920929
lidar;17.0;44.0;25.04030418395996;25.072206497192383;9.713212966918945;0.29847124218940735;25.04880142211914;25.08742904663086;9.652751922607422;0.361395965505122;0.9998720288228753;0.800000011920929;0.800000011920929;0.800000011920929
lidar;17.0;44.0;25.040119171142578;25.077239990234375;9.714539527893066;0.2984348237514496;25.047470092773438;25.09139633178711;9.662223815917969;0.35312837807410813;0.9999940395358194;0.800000011920929;0.800000011920929;0.800000011920929
lidar;17.0;44.0;25.039932250976562;25.082275390625;9.715866088867188;0.2984893321990967;25.040983200073242;25.084440231323242;9.70838737487793;0.3063457609837102;0.999811470499133;0.800000011920929;0.800000011920929;0.800000011920929
lidar;17.0;44.0;25.039745330810547;25.087312698364258;9.717193603515625;0.2986348271369934;25.03089714050293;25.067873001098633;9.780155181884766;0.23214890368883107;0.999324321767392;0.800000011920929;0.800000011920929;0.800000011920929
lidar;17.0;44.0;25.03955841064453;25.092355728149414;9.718522071838379;0.29887154698371887;25.03657341003418;25.085384368896484;9.739770889282227;0.27631031849558724;0.9985327720896411;0.800000011920929;0.800000011920929;0.800000011920929
lidar;17.0;44.0;25.039365768432617;25.097393035888672;9.719902038574219;0.2991480529308319;25.03519058227539;25.08706283569336;9.749608993530273;0.2674213422789103;0.9976095558260798;0.800000011920929;0.800000011920929;0.800000011920929
lidar;17.0;44.0;25.039161682128906;25.1024169921875;9.721349716186523;0.29944735765457153;25.036714553833008;25.096017837524414;9.738758087158203;0.2807399572276699;0.9966126680669811;0.800000011920929;0.800000011920929;0.800000011920929
lidar;17.0;44.0;25.038957595825195;25.107452392578125;9.722801208496094;0.2998385727405548;25.051963806152344;25.143327713012695;9.630250930786133;0.3999466078109098;0.9953122142176383;0.800000011920929;0.800000011920929;0.800000011920929
lidar;17.0;44.0;25.03862953186035;25.112144470214844;9.725133895874023;0.2993660867214203;25.036191940307617;25.105066299438477;9.742480278015137;0.280473140609936;0.9962174296224694;0.800000011920929;0.800000011920929;0.800000011920929
lidar;17.0;44.0;25.038299560546875;25.11681365966797;9.727481842041016;0.2989620268344879;25.03585433959961;25.109357833862305;9.744878768920898;0.27987721970851487;0.9975640773232373;0.800000011920929;0.800000011920929;0.800000011920929
lidar;17.0;44.0;25.0379695892334;25.121471405029297;9.729825019836426;0.29864993691444397;25.03604507446289;25.115312576293945;9.743521690368652;0.28350908458600454;0.9986068011287764;0.800000011920929;0.800000011920929;0.800000011920929
lidar;17.0;44.0;25.037641525268555;25.126121520996094;9.732163429260254;0.2984291911125183;25.03997230529785;25.13393211364746;9.715575218200684;0.3169120531683439;0.9993454218075838;0.800000011920929;0.800000011920929;0.800000011920929
lidar;17.0;44.0;25.03731346130371;25.130765914916992;9.734498977661133;0.29829972982406616;25.038291931152344;25.134193420410156;9.727540969848633;0.3061177321128777;0.9997795820259572;0.800000011920929;0.800000011920929;0.800000011920929
lidar;17.0;44.0;25.036985397338867;25.135408401489258;9.736833572387695;0.2982611358165741;25.03260040283203;25.11935043334961;9.76804256439209;0.2628906797859864;0.9999092817291726;0.800000011920929;0.800000011920929;0.800000011920929
lidar;17.0;44.0;25.036657333374023;25.14004898071289;9.739168167114258;0.2983134388923645;25.03827667236328;25.146238327026367;9.727643013000488;0.31149432347371003;0.9997343421165876;0.800000011920929;0.800000011920929;0.800000011920929
lidar;17.0;44.0;25.03632926940918;25.144695281982422;9.741504669189453;0.29845672845840454;25.030864715576172;25.1229305267334;9.780384063720703;0.2535661654866316;0.9992548227317614;0.800000011920929;0.800000011920929;0.800000011920929
lidar;17.0;44.0;25.036001205444336;25.14934539794922;9.743843078613281;0.29869112372398376;25.038986206054688;25.161731719970703;9.722597122192383;0.3234648778105825;0.9984710216912323;0.800000011920929;0.800000011920929;0.800000011920929
lidar;17.0;44.0;25.03567123413086;25.15400505065918;9.746186256408691;0.299017071723938;25.045366287231445;25.19586181640625;9.677202224731445;0.38028702741378356;0.9973830580860732;0.800000011920929;0.800000011920929;0.800000011920929
lidar;17.0;44.0;25.035341262817383;25.158676147460938;9.748536109924316;0.299435019493103;25.03030014038086;25.136043548583984;9.784401893615723;0.2567268487124803;0.9959912893089145;0.800000011920929;0.800000011920929;0.800000011920929
lidar;17.0;44.0;25.03499412536621;25.163286209106445;9.751008033752441;0.29980695247650146;25.036781311035156;25.171630859375;9.738285064697266;0.3151267200280155;0.9938896891711215;0.800000011920929;0.800000011920929;0.800000011920929
lidar;17.0;44.0;25.034547805786133;25.167438507080078;9.754178047180176;0.2994292974472046;25.031517028808594;25.152751922607422;9.775738716125488;0.27316623842072557;0.9951432348665108;0.800000011920929;0.800000011920929;0.800000011920929
lidar;17.0;44.0;25.034103393554688;25.171579360961914;9.757343292236328;0.2991402745246887;25.036338806152344;25.182823181152344;9.74144172668457;0.31874350773812005;0.996104419365873;0.800000011920929;0.800000011920929;0.800000011920929
lidar;17.0;44.0;25.033641815185547;25.17562484741211;9.760625839233398;0.2987906336784363;25.03620719909668;25.18901824951172;9.74237060546875;0.3215769623841176;0.9972698090202975;0.800000011920929;0.800000011920929;0.800000011920929
lidar;17.0;44.0;25.03318214416504;25.17966079711914;9.763901710510254;0.2985326647758484;25.031322479248047;25.169597625732422;9.77712631225586;0.2818105438842981;0.9981312750797399;0.800000011920929;0.800000011920929;0.800000011920929
lidar;17.0;44.0;25.03272247314453;25.183692932128906;9.767172813415527;0.2983660101890564;25.035436630249023;25.19892692565918;9.747862815856934;0.323111012300866;0.9986887575038138;0.800000011920929;0.800000011920929;0.800000011920929
lidar;17.0;44.0;25.032262802124023;25.187719345092773;9.770441055297852;0.2982902228832245;25.030359268188477;25.17664909362793;9.783980369567871;0.28069694842602827;0.998942077077997;0.800000011920929;0.800000011920929;0.800000011920929
lidar;17.0;44.0;25.031803131103516;25.191747665405273;9.77370834350586;0.2983054220676422;25.0239200592041;25.144222259521484;9.829794883728027;0.22437057203970656;0.9988910556367964;0.800000011920929;0.800000011920929;0.800000011920929
lidar;17.0;44.0;25.031343460083008;25.195775985717773;9.7769775390625;0.2984115183353424;25.019624710083008;25.12257194519043;9.860368728637695;0.1868310064941029;0.9985358119562427;0.800000011920929;0.800000011920929;0.800000011920929
lidar;17.0;44.0;25.0308837890625;25.19980812072754;9.780250549316406;0.298608660697937;25.03182601928711;25.205909729003906;9.773540496826172;0.30772656962742284;0.9978764059322078;0.800000011920929;0.800000011920929;0.800000011920929
lidar;17.0;44.0;25.03042221069336;25.203847885131836;9.783528327941895;0.2988971769809723;25.02838134765625;25.190170288085938;9.798052787780762;0.2788416498318742;0.9969130156188802;0.800000011920929;0.800000011920929;0.800000011920929
lidar;17.0;44.0;25.02996063232422;25.207895278930664;9.786812782287598;0.2992774546146393;25.0288143157959;25.199932098388672;9.7949800491333;0.2878123044688659;0.9956459400219262;0.800000011920929;0.800000011920929;0.800000011920929
lidar;17.0;44.0;25.029430389404297;25.211467742919922;9.790590286254883;0.2990601658821106;25.028470993041992;25.20457649230957;9.797414779663086;0.28931441430025634;0.9954308272861027;0.800000011920929;0.800000011920929;0.800000011920929
lidar;17.0;44.0;25.025768280029297;24.788551330566406;9.790127754211426;0.29903316497802734;25.020734786987305;24.829853057861328;9.831122398376465;0.24062330951307964;0.995520890017529;0.800000011920929;0.800000011920929;0.800000011920929
lidar;17.0;44.0;25.02622413635254;24.792205810546875;9.78642749786377;0.29913079738616943;25.028812408447266;24.77169418334961;9.765344619750977;0.32865920871285476;0.9961339828722884;0.800000011920929;0.800000011920929;0.800000011920929
lidar;17.0;44.0;25.026628494262695;24.796253204345703;9.783138275146484;0.2987484633922577;25.02567481994629;24.803550720214844;9.790904998779297;0.28804865288066617;0.9974091647954847;0.800000011920929;0.800000011920929;0.800000011920929
lidar;17.0;44.0;25.02703094482422;24.80029296875;9.779855728149414;0.2984578013420105;25.026256561279297;24.806005477905273;9.786151885986328;0.28992180671803325;0.9983806609389205;0.800000011920929;0.800000011920929;0.800000011920929
lidar;17.0;44.0;25.027433395385742;24.804325103759766;9.776578903198242;0.29825857281684875;25.0280704498291;24.799776077270508;9.771385192871094;0.30519197461406455;0.9990478753291637;0.800000011920929;0.800000011920929;0.800000011920929
lidar;17.0;44.0;25.027833938598633;24.808353424072266;9.773305892944336;0.2981502413749695;25.030057907104492;24.793048858642578;9.755204200744629;0.3219584718851993;0.9994108677073613;0.800000011920929;0.800000011920929;0.800000011920929
lidar;17.0;44.0;25.028236389160156;24.8123779296875;9.770033836364746;0.29813286662101746;25.028181076049805;24.812742233276367;9.770480155944824;0.2975544079392475;0.9994693994564072;0.800000011920929;0.800000011920929;0.800000011920929
lidar;17.0;44.0;25.02863883972168;24.81640625;9.766761779785156;0.2982063293457031;25.025211334228516;24.83837127685547;9.79466724395752;0.26252780557836497;0.9992234111331427;0.800000011920929;0.800000011920929;0.800000011920929
lidar;17.0;44.0;25.029041290283203;24.820436477661133;9.763486862182617;0.29837071895599365;25.02943229675293;24.818012237548828;9.760293006896973;0.30239968155076274;0.9986730814861178;0.800000011920929;0.800000011920929;0.800000011920929
lidar;17.0;44.0;25.029443740844727;24.824472427368164;9.760207176208496;0.29862627387046814;25.025737762451172;24.846559524536133;9.790382385253906;0.261047887435416;0.9978186486687505;0.800000011920929;0.800000011920929;0.800000011920929
lidar;17.0;44.0;25.02984619140625;24.828516006469727;9.75692081451416;0.29897341132164;25.02936553955078;24.831274032592773;9.760830879211426;0.29416459583682636;0.9966601731055896;0.800000011920929;0.800000011920929;0.800000011920929
lidar;17.0;44.0;25.030250549316406;24.832571029663086;9.753625869750977;0.29941272735595703;25.039072036743164;24.783750534057617;9.681785583496094;0.3867185278672788;0.9951981309531729;0.800000011920929;0.800000011920929;0.800000011920929
lidar;17.0;44.0;25.030649185180664;24.83667755126953;9.750381469726562;0.2998711168766022;25.026676177978516;24.857851028442383;9.782740592956543;0.26099786601795294;0.9945432545946009;0.800000011920929;0.800000011920929;0.800000011920929
lidar;17.0;44.0;25.03095054626465;24.8413028717041;9.747925758361816;0.2994730770587921;25.034324645996094;24.824003219604492;9.720446586608887;0.33211909232474496;0.9958646895155685;0.800000011920929;0.800000011920929;0.800000011920929
lidar;17.0;44.0;25.031246185302734;24.845945358276367;9.745521545410156;0.29911211133003235;25.02589225769043;24.872343063354492;9.789127349853516;0.2478586459851557;0.997066021054961;0.800000011920929;0.800000011920929;0.800000011920929
lidar;17.0;44.0;25.03153419494629;24.85060691833496;9.743171691894531;0.29878702759742737;25.03104591369629;24.85291862487793;9.747146606445312;0.2941620738409087;0.9981507658528732;0.800000011920929;0.800000011920929;0.800000011920929
lidar;17.0;44.0;25.031822204589844;24.85525894165039;9.740825653076172;0.2985534369945526;25.036937713623047;24.831998825073242;9.699176788330078;0.34653049772114913;0.998931467496395;0.800000011920929;0.800000011920929;0.800000011920929
lidar;17.0;44.0;25.0321102142334;24.859905242919922;9.738482475280762;0.2984110414981842;25.027681350708008;24.879228591918945;9.774554252624512;0.2572501531625406;0.9994078278814678;0.800000011920929;0.800000011920929;0.800000011920929
lidar;17.0;44.0;25.032398223876953;24.864547729492188;9.736141204833984;0.29835957288742065;25.02408218383789;24.899314880371094;9.803869247436523;0.22177629207787067;0.9995797872395183;0.800000011920929;0.800000011920929;0.800000011920929
lidar;17.0;44.0;25.032684326171875;24.869190216064453;9.733799934387207;0.29839906096458435;25.027080535888672;24.891624450683594;9.779454231262207;0.24722268733807537;0.9994472265668446;0.800000011920929;0.800000011920929;0.800000011920929
lidar;17.0;44.0;25.03297233581543;24.873836517333984;9.731456756591797;0.2985294461250305;25.038719177246094;24.851844787597656;9.684649467468262;0.350563578373261;0.9990102648732598;0.800000011920929;0.800000011920929;0.800000011920929
lidar;17.0;44.0;25.033260345458984;24.87848663330078;9.729111671447754;0.2987510561943054;25.04236602783203;24.845226287841797;9.654961585998535;0.3805280093563882;0.9982689619506644;0.800000011920929;0.800000011920929;0.800000011920929
lidar;17.0;44.0;25.03354835510254;24.883146286010742;9.726761817932129;0.29906412959098816;25.03615379333496;24.874074935913086;9.705551147460938;0.3222802766832655;0.9972236155077773;0.800000011920929;0.800000011920929;0.800000011920929
lidar;17.0;44.0;25.033838272094727;24.8878173828125;9.724407196044922;0.2994691729545593;25.037492752075195;24.875703811645508;9.694648742675781;0.3318047559111436;0.9958745241106839;0.800000011920929;0.800000011920929;0.800000011920929
lidar;17.0;44.0;25.03409194946289;24.892620086669922;9.722349166870117;0.2996377944946289;25.02751350402832;24.91333770751953;9.775918006896973;0.24182716489247946;0.9959792494279901;0.800000011920929;0.800000011920929;0.800000011920929
lidar;17.0;44.0;25.034269332885742;24.89765167236328;9.72089672088623;0.2992457449436188;25.022722244262695;24.93213653564453;9.81493854522705;0.19841705851262909;0.9972841142011637;0.800000011920929;0.800000011920929;0.800000011920929
lidar;17.0;44.0;25.034446716308594;24.902671813964844;9.71944808959961;0.29894569516181946;25.044099807739258;24.87540054321289;9.640837669372559;0.3827100981527638;0.9982849955941102;0.800000011920929;0.800000011920929;0.800000011920929
lidar;17.0;44.0;25.034624099731445;24.907684326171875;9.718001365661621;0.29873713850975037;25.027482986450195;24.926729202270508;9.776175498962402;0.237110732992302;0.9989820122055539;0.800000011920929;0.800000011920929;0.800000011920929
lidar;17.0;44.0;25.03480339050293;24.912691116333008;9.716557502746582;0.29861974716186523;25.03935432434082;24.90127182006836;9.679483413696289;0.33767887384633266;0.9993746280483726;0.800000011920929;0.800000011920929;0.800000011920929
lidar;17.0;44.0;25.03497314453125;24.917709350585938;9.715157508850098;0.29854652285575867;25.0393123626709;24.907503128051758;9.679827690124512;0.3355766848297795;0.9996199607907376;0.800000011920929;0.800000011920929;0.800000011920929
lidar;17.0;44.0;25.035137176513672;24.922744750976562;9.713827133178711;0.2984923720359802;25.0340576171875;24.925119400024414;9.722626686096191;0.2893143947802685;0.9998015761482014;0.800000011920929;0.800000011920929;0.800000011920929
lidar;17.0;44.0;25.035301208496094;24.927778244018555;9.71249771118164;0.29852908849716187;25.036212921142578;24.92591094970703;9.705063819885254;0.3062476072557412;0.9996787309608748;0.800000011920929;0.800000011920929;0.800000011920929
lidar;17.0;44.0;25.035463333129883;24.932817459106445;9.711166381835938;0.2986568510532379;25.035432815551758;24.932876586914062;9.711426734924316;0.2983876491209668;0.9992513059858857;0.800000011920929;0.800000011920929;0.800000011920929
lidar;17.0;44.0;25.035627365112305;24.9378604888916;9.709834098815918;0.2988757789134979;25.043018341064453;24.924970626831055;9.649648666381836;0.36086865021137626;0.9985195397665825;0.800000011920929;0.800000011920929;0.800000011920929
lidar;17.0;44.0;25.035791397094727;24.942913055419922;9.708499908447266;0.29918619990348816;25.035009384155273;24.94415855407715;9.714866638183594;0.29265187837040557;0.9974836109687639;0.800000011920929;0.800000011920929;0.800000011920929
lidar;17.0;44.0;25.03594970703125;24.947986602783203;9.707218170166016;0.29953160881996155;25.046480178833008;24.932748794555664;9.621442794799805;0.38728414312595805;0.9963334202925711;0.800000011920929;0.800000011920929;0.800000011920929
lidar;17.0;44.0;25.03609275817871;24.953092575073242;9.706042289733887;0.29985666275024414;25.037641525268555;24.951080322265625;9.693435668945312;0.31271634984163127;0.9952535032260297;0.800000011920929;0.800000011920929;0.800000011920929
lidar;17.0;44.0;25.036165237426758;24.958293914794922;9.705461502075195;0.2996668517589569;25.044008255004883;24.949251174926758;9.641590118408203;0.3646505965235402;0.9962439539004754;0.800000011920929;0.800000011920929;0.800000011920929
lidar;17.0;44.0;25.036212921142578;24.96351432800293;9.70506477355957;0.2993813455104828;25.03827476501465;24.961437225341797;9.688267707824707;0.31643189882284994;0.9971941111461053;0.800000011920929;0.800000011920929;0.800000011920929
lidar;17.0;44.0;25.0362548828125;24.968732833862305;9.704736709594727;0.299119234085083;25.03754425048828;24.967620849609375;9.694229125976562;0.3097637682540851;0.998068034671001;0.800000011920929;0.800000011920929;0.800000011920929
lidar;17.0;44.0;25.036293029785156;24.97394561767578;9.704412460327148;0.2989448606967926;25.028501510620117;24.979537963867188;9.76786994934082;0.2347670150638409;0.9986503125165949;0.800000011920929;0.800000011920929;0.800000011920929
lidar;17.0;44.0;25.036327362060547;24.979156494140625;9.704143524169922;0.29880645871162415;25.035110473632812;24.9798526763916;9.714043617248535;0.288807413714749;0.9991127252166124;0.800000011920929;0.800000011920929;0.800000011920929
lidar;17.0;44.0;25.03635597229004;24.984365463256836;9.703903198242188;0.29873016476631165;25.046836853027344;24.9798583984375;9.618539810180664;0.3848524794536329;0.9993676542993948;0.800000011920929;0.800000011920929;0.800000011920929
lidar;17.0;44.0;25.036375045776367;24.98957633972168;9.703744888305664;0.29866212606430054;25.028736114501953;24.99176597595215;9.76596450805664;0.2359372196417387;0.9995955228858315;0.800000011920929;0.800000011920929;0.800000011920929
lidar;17.0;44.0;25.036388397216797;24.994787216186523;9.703635215759277;0.2986363470554352;25.027267456054688;24.99609375;9.77792739868164;0.22377478820809088;0.9996817112099441;0.800000011920929;0.800000011920929;0.800000011920929
lidar;17.0;44.0;25.036396026611328;25.0;9.703584671020508;0.29864129424095154;25.030887603759766;25.0;9.748442649841309;0.25344661327019913;0.999665439138244;0.800000011920929;0.800000011920929;0.800000011920929
lidar;17.0;44.0;25.036388397216797;25.005212783813477;9.703635215759277;0.2986363470554352;25.02640151977539;25.003782272338867;9.7849702835083;0.21667723473047723;0.9996817112099441;0.800000011920929;0.800000011920929;0.800000011920929
lidar;17.0;44.0;25.036375045776367;25.01042366027832;9.703744888305664;0.29866212606430054;25.038183212280273;25.010940551757812;9.68902587890625;0.3135004523832514;0.9995955228858315;0.800000011920929;0.800000011920929;0.800000011920929
lidar;17.0;44.0;25.03635597229004;25.015634536743164;9.703903198242188;0.29873016476631165;25.04167938232422;25.01792335510254;9.660552978515625;0.34246554496426795;0.9993676542993948;0.800000011920929;0.800000011920929;0.800000011920929
lidar;17.0;44.0;25.036327362060547;25.020843505859375;9.704143524169922;0.29880645871162415;25.0317325592041;25.018207550048828;9.741565704345703;0.2610104349192239;0.9991127252166124;0.800000011920929;0.800000011920929;0.800000011920929
lidar;17.0;44.0;25.036293029785156;25.02605438232422;9.704412460327148;0.2989448606967926;25.039838790893555;25.028600692749023;9.675537109375;0.3281481725959028;0.9986503125165949;0.800000011920929;0.800000011920929;0.800000011920929
lidar;17.0;44.0;25.0362548828125;25.031267166137695;9.704736709594727;0.299119234085083;25.042224884033203;25.036415100097656;9.656111717224121;0.348379470002414;0.998068034671001;0.800000011920929;0.800000011920929;0.800000011920929
lidar;17.0;44.0;25.036212921142578;25.03648567199707;9.70506477355957;0.2993813157081604;25.043344497680664;25.043670654296875;9.646979331970215;0.35834287145355614;0.9971940514671007;0.800000011920929;0.800000011920929;0.800000011920929
lidar;17.0;44.0;25.036165237426758;25.041706085205078;9.705461502075195;0.2996668517589569;25.038829803466797;25.04477882385254;9.683754920959473;0.3217515632077642;0.9962439539004754;0.800000011920929;0.800000011920929;0.800000011920929
lidar;17.0;44.0;25.03609275817871;25.046907424926758;9.706042289733887;0.29985663294792175;25.028650283813477;25.037233352661133;9.7666654586792;0.23801735720894382;0.9952535032260297;0.800000011920929;0.800000011920929;0.800000011920929
lidar;17.0;44.0;25.03594970703125;25.052013397216797;9.707218170166016;0.29953157901763916;25.028797149658203;25.041664123535156;9.765469551086426;0.2399367026796241;0.9963334202925711;0.800000011920929;0.800000011920929;0.800000011920929
lidar;17.0;44.0;25.035791397094727;25.057086944580078;9.708499908447266;0.2991861402988434;25.044321060180664;25.070690155029297;9.639041900634766;0.37047569038302897;0.9974836109687639;0.800000011920929;0.800000011920929;0.800000011920929
lidar;17.0;44.0;25.035627365112305;25.0621395111084;9.709835052490234;0.298875629901886;25.03435516357422;25.059921264648438;9.720191955566406;0.28820709451509874;0.9985195397665825;0.800000011920929;0.800000011920929;0.800000011920929
lidar;17.0;44.0;25.035463333129883;25.067182540893555;9.711167335510254;0.2986566722393036;25.03651237487793;25.069169998168945;9.702624320983887;0.30749033217740684;0.9992513059858857;0.800000011920929;0.800000011920929;0.800000011920929
lidar;17.0;44.0;25.035301208496094;25.072221755981445;9.71249771118164;0.2985289692878723;25.026105880737305;25.053409576416016;9.787384986877441;0.22076972106240583;0.9996787309608748;0.800000011920929;0.800000011920929;0.800000011920929
lidar;17.0;44.0;25.035137176513672;25.077255249023438;9.713828086853027;0.29849228262901306;25.04651641845703;25.102275848388672;9.621145248413086;0.39516474423179204;0.9998015761482014;0.800000011920929;0.800000011920929;0.800000011920929
lidar;17.0;44.0;25.03497314453125;25.082290649414062;9.715157508850098;0.29854652285575867;25.04207992553711;25.099008560180664;9.657286643981934;0.3592016999558091;0.9996199607907376;0.800000011920929;0.800000011920929;0.800000011920929
lidar;17.0;44.0;25.03480339050293;25.087308883666992;9.716557502746582;0.29861980676651;25.02947425842285;25.073938369750977;9.75995922088623;0.2528932997049549;0.9993746280483726;0.800000011920929;0.800000011920929;0.800000011920929
lidar;17.0;44.0;25.034624099731445;25.092315673828125;9.718002319335938;0.2987370491027832;25.032365798950195;25.086292266845703;9.736396789550781;0.2792497861604414;0.9989820122055539;0.800000011920929;0.800000011920929;0.800000011920929
lidar;17.0;44.0;25.034446716308594;25.097328186035156;9.71944808959961;0.2989456355571747;25.029735565185547;25.084014892578125;9.757824897766113;0.2580530751301199;0.9982849955941102;0.800000011920929;0.800000011920929;0.800000011920929
lidar;17.0;44.0;25.034269332885742;25.10234832763672;9.72089672088623;0.299245685338974;25.035478591918945;25.105960845947266;9.711045265197754;0.30980819374838003;0.9972841142011637;0.800000011920929;0.800000011920929;0.800000011920929
lidar;17.0;44.0;25.03409194946289;25.107379913330078;9.722349166870117;0.2996377944946289;25.039260864257812;25.12366485595703;9.680244445800781;0.34507692450247157;0.9959792494279901;0.800000011920929;0.800000011920929;0.800000011920929
lidar;17.0;44.0;25.033838272094727;25.1121826171875;9.724407196044922;0.29946911334991455;25.038740158081055;25.128433227539062;9.684486389160156;0.3428478383504465;0.9958745241106839;0.800000011920929;0.800000011920929;0.800000011920929
lidar;17.0;44.0;25.03354835510254;25.116853713989258;9.726761817932129;0.29906409978866577;25.034709930419922;25.120899200439453;9.717301368713379;0.30941859405370536;0.9972236155077773;0.800000011920929;0.800000011920929;0.800000011920929
lidar;17.0;44.0;25.033260345458984;25.12151336669922;9.729111671447754;0.2987509071826935;25.038068771362305;25.139074325561523;9.689962387084961;0.3419274667796554;0.9982689619506644;0.800000011920929;0.800000011920929;0.800000011920929
lidar;17.0;44.0;25.03297233581543;25.126163482666016;9.731457710266113;0.29852938652038574;25.036579132080078;25.13996124267578;9.702088356018066;0.3311781925110268;0.9990102648732598;0.800000011920929;0.800000011920929;0.800000011920929
lidar;17.0;44.0;25.032684326171875;25.130809783935547;9.733799934387207;0.2983989417552948;25.038280487060547;25.153202056884766;9.688230514526367;0.34948052319320533;0.9994472265668446;0.800000011920929;0.800000011920929;0.800000011920929
lidar;17.0;44.0;25.032398223876953;25.135452270507812;9.736141204833984;0.2983594834804535;25.038572311401367;25.161270141601562;9.685850143432617;0.35522696308944796;0.9995797872395183;0.800000011920929;0.800000011920929;0.800000011920929
lidar;17.0;44.0;25.0321102142334;25.140094757080078;9.738482475280762;0.29841095209121704;25.03209686279297;25.140039443969727;9.738587379455566;0.29829099489229705;0.9994078278814678;0.800000011920929;0.800000011920929;0.800000011920929
lidar;17.0;44.0;25.031822204589844;25.14474105834961;9.740825653076172;0.29855334758758545;25.030845642089844;25.140295028686523;9.748788833618164;0.28938062563686073;0.998931467496395;0.800000011920929;0.800000011920929;0.800000011920929
lidar;17.0;44.0;25.03153419494629;25.14939308166504;9.743171691894531;0.29878702759742737;25.026994705200195;25.12788963317871;9.78014087677002;0.25577814867010434;0.9981507658528732;0.800000011920929;0.800000011920929;0.800000011920929
lidar;17.0;44.0;25.031246185302734;25.154054641723633;9.745521545410156;0.2991121709346771;25.025638580322266;25.12640953063965;9.791187286376953;0.24543705922108258;0.997066021054961;0.800000011920929;0.800000011920929;0.800000011920929
lidar;17.0;44.0;25.03095054626465;25.1586971282959;9.747925758361816;0.2994730770587921;25.02250862121582;25.115406036376953;9.816688537597656;0.21777974356006286;0.9958646895155685;0.800000011920929;0.800000011920929;0.800000011920929
lidar;17.0;44.0;25.030649185180664;25.16332244873047;9.750381469726562;0.2998711168766022;25.02559471130371;25.136381149291992;9.791555404663086;0.25040784675505046;0.9945431947437119;0.800000011920929;0.800000011920929;0.800000011920929
lidar;17.0;44.0;25.030250549316406;25.167428970336914;9.753625869750977;0.29941269755363464;25.023883819580078;25.132190704345703;9.805480003356934;0.23639561284534572;0.9951981900238535;0.800000011920929;0.800000011920929;0.800000011920929
lidar;17.0;44.0;25.02984619140625;25.171483993530273;9.75692081451416;0.29897341132164;25.027732849121094;25.159345626831055;9.774126052856445;0.27781166144862546;0.9966602327305789;0.800000011920929;0.800000011920929;0.800000011920929
lidar;17.0;44.0;25.029443740844727;25.175527572631836;9.760207176208496;0.29862624406814575;25.0229434967041;25.136775970458984;9.813146591186523;0.23269813941486517;0.9978186486687505;0.800000011920929;0.800000011920929;0.800000011920929
lidar;17.0;44.0;25.029041290283203;25.179563522338867;9.763486862182617;0.2983706593513489;25.027414321899414;25.169509887695312;9.776729583740234;0.28166412323640505;0.9986730814861178;0.800000011920929;0.800000011920929;0.800000011920929
lidar;17.0;44.0;25.02863883972168;25.18359375;9.766761779785156;0.29820629954338074;25.034269332885742;25.219697952270508;9.720895767211914;0.35684834168870605;0.9992234111331427;0.800000011920929;0.800000011920929;0.800000011920929
lidar;17.0;44.0;25.028236389160156;25.1876220703125;9.770033836364746;0.29813286662101746;25.022235870361328;25.147750854492188;9.818902969360352;0.2347781982398448;0.9994693994564072;0.800000011920929;0.800000011920929;0.800000011920929
lidar;17.0;44.0;25.027833938598633;25.191646575927734;9.773305892944336;0.29815027117729187;25.022281646728516;25.153409957885742;9.818536758422852;0.238662735010499;0.9994108677073613;0.800000011920929;0.800000011920929;0.800000011920929
lidar;17.0;44.0;25.027433395385742;25.195674896240234;9.776578903198242;0.29825857281684875;25.03376007080078;25.240808486938477;9.72504711151123;0.36705198569318287;0.9990478753291637;0.800000011920929;0.800000011920929;0.800000011920929
lidar;17.0;44.0;25.02703094482422;25.19970703125;9.779855728149414;0.2984578013420105;25.01747703552246;25.129117965698242;9.857667922973633;0.1929647685093944;0.9983806609389205;0.800000011920929;0.800000011920929;0.800000011920929
lidar;17.0;44.0;25.026628494262695;25.203746795654297;9.783138275146484;0.2987484633922577;25.025876998901367;25.1980037689209;9.789250373840332;0.2903276656455918;0.9974091647954847;0.800000011920929;0.800000011920929;0.800000011920929
lidar;17.0;44.0;25.02622413635254;25.207794189453125;9.78642749786377;0.29913079738616943;25.026533126831055;25.210247039794922;9.783905982971191;0.3026615164933566;0.9961339828722884;0.800000011920929;0.800000011920929;0.800000011920929
lidar;17.0;44.0;25.025768280029297;25.211448669433594;9.790127754211426;0.29903316497802734;25.023773193359375;25.195068359375;9.806385040283203;0.275869274137791;0.9955209491862218;0.800000011920929;0.800000011920929;0.800000011920929
lidar;17.0;44.0;25.022104263305664;24.788541793823242;9.789700508117676;0.2990473210811615;25.029582977294922;24.71698760986328;9.718539237976074;0.4002384751304854;0.9954737423999336;0.800000011920929;0.800000011920929;0.800000011920929
lidar;17.0;44.0;25.022485733032227;24.792272567749023;9.786070823669434;0.2990351915359497;25.026756286621094;24.752811431884766;9.745430946350098;0.3558423370320753;0.9964526296251056;0.800000011920929;0.800000011920929;0.800000011920929
lidar;17.0;44.0;25.022830963134766;24.79631996154785;9.782776832580566;0.29865148663520813;25.015544891357422;24.861328125;9.852107048034668;0.20333144144307463;0.9977331161791577;0.800000011920929;0.800000011920929;0.800000011920929
lidar;17.0;44.0;25.023176193237305;24.800357818603516;9.77949047088623;0.2983594238758087;25.02143669128418;24.815343856811523;9.796042442321777;0.27596335724618215;0.9987097382452794;0.800000011920929;0.800000011920929;0.800000011920929
lidar;17.0;44.0;25.023521423339844;24.80438995361328;9.776209831237793;0.2981588542461395;25.022579193115234;24.812227249145508;9.785175323486328;0.2862140183359181;0.9993821382078474;0.800000011920929;0.800000011920929;0.800000011920929
lidar;17.0;44.0;25.023866653442383;24.80841827392578;9.772932052612305;0.29804906249046326;25.023014068603516;24.815256118774414;9.781037330627441;0.2874095767827885;0.9997501373200411;0.800000011920929;0.800000011920929;0.800000011920929
lidar;17.0;44.0;25.02420997619629;24.812442779541016;9.76965618133545;0.29803019762039185;25.025068283081055;24.805797576904297;9.761492729187012;0.3085918162461937;0.9998135566767737;0.800000011920929;0.800000011920929;0.800000011920929
lidar;17.0;44.0;25.024555206298828;24.816469192504883;9.766379356384277;0.2981022000312805;25.02096939086914;24.84326934814453;9.800494194030762;0.25457122621896217;0.9995724559098624;0.800000011920929;0.800000011920929;0.800000011920929
lidar;17.0;44.0;25.024898529052734;24.820499420166016;9.763099670410156;0.2982650399208069;25.02224349975586;24.839645385742188;9.788366317749023;0.2664531684522496;0.9990268349043095;0.800000011920929;0.800000011920929;0.800000011920929
lidar;17.0;44.0;25.025243759155273;24.824535369873047;9.75981616973877;0.2985190749168396;25.023860931396484;24.83415412902832;9.77298355102539;0.28215320515367176;0.9981769324072969;0.800000011920929;0.800000011920929;0.800000011920929
lidar;17.0;44.0;25.025590896606445;24.82857894897461;9.756525039672852;0.29886460304260254;25.028732299804688;24.807527542114258;9.726627349853516;0.33556489808128503;0.9970229866339207;0.800000011920929;0.800000011920929;0.800000011920929
lidar;17.0;44.0;25.025936126708984;24.832632064819336;9.753226280212402;0.2993023097515106;25.02606964111328;24.8317813873291;9.751971244812012;0.3008242825466301;0.9955652950914512;0.800000011920929;0.800000011920929;0.800000011920929
lidar;17.0;44.0;25.026268005371094;24.836807250976562;9.750082015991211;0.29963451623916626;25.02696990966797;24.832447052001953;9.743403434753418;0.3076414008360129;0.9953284858307543;0.800000011920929;0.800000011920929;0.800000011920929
lidar;17.0;44.0;25.026525497436523;24.8414306640625;9.747625350952148;0.29923442006111145;25.02085304260254;24.875337600708008;9.801590919494629;0.23524792400993655;0.9966587425549931;0.800000011920929;0.800000011920929;0.800000011920929
lidar;17.0;44.0;25.026782989501953;24.846040725708008;9.745173454284668;0.29892638325691223;25.027311325073242;24.843002319335938;9.740141868591309;0.3048291839769856;0.9976853727596549;0.800000011920929;0.800000011920929;0.800000011920929
lidar;17.0;44.0;25.027040481567383;24.850645065307617;9.74272632598877;0.2987099587917328;25.02288246154785;24.87361717224121;9.782297134399414;0.25276647967448373;0.9984079600012749;0.800000011920929;0.800000011920929;0.800000011920929
lidar;17.0;44.0;25.027297973632812;24.855243682861328;9.740283012390137;0.2985846698284149;25.022645950317383;24.879913330078125;9.7845458984375;0.24769762878095275;0.9988265037623075;0.800000011920929;0.800000011920929;0.800000011920929
lidar;17.0;44.0;25.02755355834961;24.859838485717773;9.737839698791504;0.29855042695999146;25.02555274963379;24.870018005371094;9.756875991821289;0.27687102980802347;0.9989408254469333;0.800000011920929;0.800000011920929;0.800000011920929
lidar;17.0;44.0;25.027803421020508;24.864469528198242;9.735465049743652;0.2985302209854126;25.026390075683594;24.87136459350586;9.748923301696777;0.2833417238037191;0.9990084171002367;0.800000011920929;0.800000011920929;0.800000011920929
lidar;17.0;44.0;25.028051376342773;24.869115829467773;9.733116149902344;0.2985711991786957;25.03963851928711;24.815048217773438;9.622870445251465;0.42190674015657054;0.9988709092943943;0.800000011920929;0.800000011920929;0.800000011920929
lidar;17.0;44.0;25.028297424316406;24.873762130737305;9.730766296386719;0.2987031638622284;25.03133201599121;24.860225677490234;9.701896667480469;0.3307319682757803;0.9984290600527788;0.800000011920929;0.800000011920929;0.800000011920929
lidar;17.0;44.0;25.028545379638672;24.878416061401367;9.728412628173828;0.298926442861557;25.030187606811523;24.871421813964844;9.712791442871094;0.3161203751448787;0.9976831673647262;0.800000011920929;0.800000011920929;0.800000011920929
lidar;17.0;44.0;25.028793334960938;24.88307762145996;9.726056098937988;0.29924118518829346;25.018054962158203;24.926679611206055;9.82821273803711;0.18765129377572684;0.9966334107242001;0.800000011920929;0.800000011920929;0.800000011920929
lidar;17.0;44.0;25.029041290283203;24.88775062561035;9.723692893981934;0.2996480464935303;25.02341079711914;24.909509658813477;9.77725601196289;0.24156025474804455;0.9952800273886172;0.800000011920929;0.800000011920929;0.800000011920929
lidar;17.0;44.0;25.02922821044922;24.892662048339844;9.721906661987305;0.29951921105384827;25.03434944152832;24.873859405517578;9.673192024230957;0.35198717911127314;0.9963734151735835;0.800000011920929;0.800000011920929;0.800000011920929
lidar;17.0;44.0;25.029380798339844;24.89769172668457;9.720452308654785;0.2991268038749695;25.030479431152344;24.89386749267578;9.710002899169922;0.3103088050308256;0.9976807834269051;0.800000011920929;0.800000011920929;0.800000011920929
lidar;17.0;44.0;25.02953338623047;24.902711868286133;9.719001770019531;0.2988261580467224;25.02189064025879;24.927886962890625;9.791716575622559;0.22149801748751952;0.9986843466781486;0.800000011920929;0.800000011920929;0.800000011920929
lidar;17.0;44.0;25.029685974121094;24.90772247314453;9.717554092407227;0.29861709475517273;25.030248641967773;24.905973434448242;9.712203025817871;0.3042741632456512;0.99938350911536;0.800000011920929;0.800000011920929;0.800000011920929
lidar;17.0;44.0;25.02983856201172;24.91272735595703;9.716107368469238;0.29849913716316223;25.035797119140625;24.895299911499023;9.659416198730469;0.35810704320208797;0.9997783899110958;0.800000011920929;0.800000011920929;0.800000011920929
lidar;17.0;44.0;25.029991149902344;24.9177303314209;9.714661598205566;0.29847219586372375;25.03132438659668;24.914072036743164;9.701976776123047;0.3117407855440414;0.9998686909684608;0.800000011920929;0.800000011920929;0.800000011920929
lidar;17.0;44.0;25.030141830444336;24.922733306884766;9.713215827941895;0.29853618144989014;25.030611038208008;24.92152976989746;9.70875072479248;0.3031843418436536;0.9996544122592912;0.800000011920929;0.800000011920929;0.800000011920929
lidar;17.0;44.0;25.030292510986328;24.927743911743164;9.711787223815918;0.29867202043533325;25.030128479003906;24.92813491821289;9.71334171295166;0.29706090472641666;0.9991998672810225;0.800000011920929;0.800000011920929;0.800000011920929
lidar;17.0;44.0;25.030431747436523;24.932785034179688;9.71045207977295;0.2988005578517914;25.025039672851562;24.944692611694336;9.76175308227539;0.24586023885147001;0.9987704156969563;0.800000011920929;0.800000011920929;0.800000011920929
lidar;17.0;44.0;25.03057289123535;24.937829971313477;9.70911693572998;0.2990201711654663;25.030324935913086;24.938335418701172;9.7114839553833;0.2965868558573798;0.9980368614023126;0.800000011920929;0.800000011920929;0.800000011920929
lidar;17.0;44.0;25.03071403503418;24.94288444519043;9.707777976989746;0.29933151602745056;25.02857208251953;24.946866989135742;9.728153228759766;0.278460620285394;0.9969990849464598;0.800000011920929;0.800000011920929;0.800000011920929
lidar;17.0;44.0;25.030855178833008;24.947952270507812;9.706436157226562;0.29973477125167847;25.034055709838867;24.94255256652832;9.675982475280762;0.3308283472125565;0.9956577421886412;0.800000011920929;0.800000011920929;0.800000011920929
lidar;17.0;44.0;25.030948638916016;24.95310401916504;9.705536842346191;0.2997754216194153;25.03352165222168;24.949207305908203;9.681069374084473;0.32468499950492186;0.9958828687241958;0.800000011920929;0.800000011920929;0.800000011920929
lidar;17.0;44.0;25.03099250793457;24.958330154418945;9.705133438110352;0.29940420389175415;25.02451515197754;24.967037200927734;9.766748428344727;0.2368415693202298;0.9971180557082558;0.800000011920929;0.800000011920929;0.800000011920929
lidar;17.0;44.0;25.031034469604492;24.963546752929688;9.704737663269043;0.2991185784339905;25.02855682373047;24.966455459594727;9.728294372558594;0.2752543899968529;0.9980701208984131;0.800000011920929;0.800000011920929;0.800000011920929
lidar;17.0;44.0;25.03107452392578;24.968753814697266;9.704341888427734;0.2989245355129242;25.030004501342773;24.969831466674805;9.714529991149902;0.2886237692770874;0.9987182617982966;0.800000011920929;0.800000011920929;0.800000011920929
lidar;17.0;44.0;25.031108856201172;24.973962783813477;9.704014778137207;0.2987523376941681;25.029558181762695;24.97525978088379;9.718770980834961;0.2838584568038784;0.9992938638408713;0.800000011920929;0.800000011920929;0.800000011920929
lidar;17.0;44.0;25.031143188476562;24.97916603088379;9.703690528869629;0.2986689805984497;25.028852462768555;24.980697631835938;9.725484848022461;0.27670153759031507;0.9995728730916511;0.800000011920929;0.800000011920929;0.800000011920929
lidar;17.0;44.0;25.03116798400879;24.984373092651367;9.703449249267578;0.29859307408332825;25.03742027282715;24.981239318847656;9.643970489501953;0.35848167721675267;0.9998269677157284;0.800000011920929;0.800000011920929;0.800000011920929
lidar;17.0;44.0;25.03118896484375;24.989580154418945;9.703253746032715;0.29856306314468384;25.03106689453125;24.989622116088867;9.704418182373047;0.2973910814250626;0.9999271035218951;0.800000011920929;0.800000011920929;0.800000011920929
lidar;17.0;44.0;25.03120231628418;24.994789123535156;9.703124046325684;0.2985568344593048;25.02708625793457;24.9954776763916;9.74229621887207;0.25916304292647496;0.9999481439634481;0.800000011920929;0.800000011920929;0.800000011920929
lidar;17.0;44.0;25.031208038330078;25.0;9.703073501586914;0.2985617220401764;25.02285385131836;25.0;9.782553672790527;0.21864374228840272;0.9999319911025861;0.800000011920929;0.800000011920929;0.800000011920929
lidar;17.0;44.0;25.03120231628418;25.005210876464844;9.703124046325684;0.2985568046569824;25.029499053955078;25.004926681518555;9.719330787658691;0.28225837767205514;0.9999481439634481;0.800000011920929;0.800000011920929;0.800000011920929
lidar;17.0;44.0;25.03118896484375;25.010419845581055;9.703253746032715;0.29856306314468384;25.0291748046875;25.009746551513672;9.722424507141113;0.279274836255532;0.9999271035218951;0.800000011920929;0.800000011920929;0.800000011920929
lidar;17.0;44.0;25.03116798400879;25.015626907348633;9.703449249267578;0.29859304428100586;25.032033920288086;25.016061782836914;9.695210456848145;0.3068889379105338;0.9998269677157284;0.800000011920929;0.800000011920929;0.800000011920929
lidar;17.0;44.0;25.031143188476562;25.02083396911621;9.703690528869629;0.2986689805984497;25.023696899414062;25.015851974487305;9.774538040161133;0.2272578083758687;0.9995728730916511;0.800000011920929;0.800000011920929;0.800000011920929
lidar;17.0;44.0;25.031108856201172;25.026037216186523;9.704014778137207;0.2987523376941681;25.031810760498047;25.02662467956543;9.697351455688477;0.3054784945902557;0.9992938638408713;0.800000011920929;0.800000011920929;0.800000011920929
lidar;17.0;44.0;25.03107452392578;25.031246185302734;9.704341888427734;0.2989245355129242;25.031795501708984;25.031970977783203;9.69748306274414;0.30585871514441265;0.9987182617982966;0.800000011920929;0.800000011920929;0.800000011920929
lidar;17.0;44.0;25.031034469604492;25.036453247070312;9.704737663269043;0.29911860823631287;25.026552200317383;25.031190872192383;9.747367858886719;0.2559316197371711;0.9980701208984131;0.800000011920929;0.800000011920929;0.800000011920929
lidar;17.0;44.0;25.03099250793457;25.041669845581055;9.705133438110352;0.29940420389175415;25.038738250732422;25.05208396911621;9.631440162658691;0.37423179401464923;0.9971180557082558;0.800000011920929;0.800000011920929;0.800000011920929
lidar;17.0;44.0;25.030948638916016;25.04689598083496;9.705536842346191;0.2997754216194153;25.026826858520508;25.0406494140625;9.744757652282715;0.259847504829503;0.9958828687241958;0.800000011920929;0.800000011920929;0.800000011920929
lidar;17.0;44.0;25.030855178833008;25.052047729492188;9.706436157226562;0.29973477125167847;25.036623001098633;25.061779022216797;9.6515531539917;0.35577075928228336;0.9956577421886412;0.800000011920929;0.800000011920929;0.800000011920929
lidar;17.0;44.0;25.03071403503418;25.05711555480957;9.707777976989746;0.2993314564228058;25.025617599487305;25.047639846801758;9.756257057189941;0.2496725126172028;0.9969991443539191;0.800000011920929;0.800000011920929;0.800000011920929
lidar;17.0;44.0;25.03057289123535;25.062170028686523;9.70911693572998;0.29902008175849915;25.025575637817383;25.05200958251953;9.756659507751465;0.2501469752718429;0.9980368614023126;0.800000011920929;0.800000011920929;0.800000011920929
lidar;17.0;44.0;25.030431747436523;25.067214965820312;9.710453033447266;0.2988004982471466;25.03724479675293;25.08226203918457;9.645634651184082;0.3656899751806424;0.9987704156969563;0.800000011920929;0.800000011920929;0.800000011920929
lidar;17.0;44.0;25.030292510986328;25.072256088256836;9.711787223815918;0.298672080039978;25.02536392211914;25.060501098632812;9.758672714233398;0.25008535280637917;0.9991998672810225;0.800000011920929;0.800000011920929;0.800000011920929
lidar;17.0;44.0;25.030141830444336;25.077266693115234;9.713215827941895;0.29853615164756775;25.029510498046875;25.075645446777344;9.719237327575684;0.2922683387934091;0.9996544122592912;0.800000011920929;0.800000011920929;0.800000011920929
lidar;17.0;44.0;25.029991149902344;25.0822696685791;9.714661598205566;0.29847219586372375;25.032135009765625;25.088153839111328;9.694252014160156;0.3198213155997452;0.9998686909684608;0.800000011920929;0.800000011920929;0.800000011920929
lidar;17.0;44.0;25.02983856201172;25.08727264404297;9.716107368469238;0.29849910736083984;25.03238296508789;25.094717025756836;9.69189453125;0.32395836310520354;0.9997783899110958;0.800000011920929;0.800000011920929;0.800000011920929
lidar;17.0;44.0;25.029685974121094;25.09227752685547;9.717554092407227;0.29861706495285034;25.03036117553711;25.09437370300293;9.711136817932129;0.30540181712129194;0.99938350911536;0.800000011920929;0.800000011920929;0.800000011920929
lidar;17.0;44.0;25.02953338623047;25.097288131713867;9.719001770019531;0.2988261282444;25.03862762451172;25.12724494934082;9.632476806640625;0.39084107905403154;0.9986843466781486;0.800000011920929;0.800000011920929;0.800000011920929
lidar;17.0;44.0;25.029380798339844;25.10230827331543;9.720452308654785;0.2991267144680023;25.021808624267578;25.07593536376953;9.792512893676758;0.22201922714286074;0.9976807834269051;0.800000011920929;0.800000011920929;0.800000011920929
lidar;17.0;44.0;25.02922821044922;25.107337951660156;9.721906661987305;0.29951921105384827;25.02708625793457;25.099470138549805;9.742290496826172;0.2775650022591119;0.9963734151735835;0.800000011920929;0.800000011920929;0.800000011920929
lidar;17.0;44.0;25.029041290283203;25.11224937438965;9.723692893981934;0.2996480464935303;25.028156280517578;25.10883140563965;9.732108116149902;0.2905219439262267;0.9952800273886172;0.800000011920929;0.800000011920929;0.800000011920929
lidar;17.0;44.0;25.028793334960938;25.11692237854004;9.726056098937988;0.2992411255836487;25.031782150268555;25.129060745239258;9.697617530822754;0.33030553389928935;0.9966334107242001;0.800000011920929;0.800000011920929;0.800000011920929
lidar;17.0;44.0;25.028545379638672;25.121583938598633;9.728412628173828;0.29892638325691223;25.034772872924805;25.14811134338379;9.669158935546875;0.3641453051682598;0.9976831673647262;0.800000011920929;0.800000011920929;0.800000011920929
lidar;17.0;44.0;25.028297424316406;25.126237869262695;9.730766296386719;0.298703134059906;25.02064323425293;25.09209632873535;9.803583145141602;0.21791622024062596;0.9984290600527788;0.800000011920929;0.800000011920929;0.800000011920929
lidar;17.0;44.0;25.028051376342773;25.130884170532227;9.733116149902344;0.2985711395740509;25.025005340576172;25.116670608520508;9.762100219726562;0.2661453686095423;0.9988709092943943;0.800000011920929;0.800000011920929;0.800000011920929
lidar;17.0;44.0;25.027803421020508;25.135530471801758;9.735465049743652;0.2985301911830902;25.02878761291504;25.140323638916016;9.726107597351074;0.30908985203219713;0.9990084171002367;0.800000011920929;0.800000011920929;0.800000011920929
lidar;17.0;44.0;25.02755355834961;25.140161514282227;9.737839698791504;0.29855039715766907;25.029190063476562;25.148483276367188;9.722273826599121;0.3162763142747614;0.9989408254469333;0.800000011920929;0.800000011920929;0.800000011920929
lidar;17.0;44.0;25.027297973632812;25.144756317138672;9.740283012390137;0.2985846996307373;25.02454948425293;25.130184173583984;9.76642894744873;0.2685257563902988;0.9988265037623075;0.800000011920929;0.800000011920929;0.800000011920929
lidar;17.0;44.0;25.027040481567383;25.149354934692383;9.74272632598877;0.29871001839637756;25.02419090270996;25.133617401123047;9.76983642578125;0.26723396434765184;0.9984079600012749;0.800000011920929;0.800000011920929;0.800000011920929
lidar;17.0;44.0;25.026782989501953;25.153959274291992;9.745173454284668;0.2989265024662018;25.023345947265625;25.134204864501953;9.777868270874023;0.26057362388611727;0.9976853129764766;0.800000011920929;0.800000011920929;0.800000011920929
lidar;17.0;44.0;25.026525497436523;25.1585693359375;9.747624397277832;0.2992344796657562;25.026107788085938;25.156070709228516;9.751601219177246;0.29451954741415337;0.9966587425549931;0.800000011920929;0.800000011920929;0.800000011920929
lidar;17.0;44.0;25.026268005371094;25.163192749023438;9.750082015991211;0.29963451623916626;25.029151916503906;25.181106567382812;9.722647666931152;0.3325260441226682;0.9953284858307543;0.800000011920929;0.800000011920929;0.800000011920929
lidar;17.0;44.0;25.025936126708984;25.167367935180664;9.753226280212402;0.29930227994918823;25.0264835357666;25.170896530151367;9.74802303314209;0.3056134475514996;0.9955652950914512;0.800000011920929;0.800000011920929;0.800000011920929
lidar;17.0;44.0;25.025590896606445;25.17142105102539;9.756525039672852;0.2988646328449249;25.030498504638672;25.204299926757812;9.70982837677002;0.35618517086696927;0.9970229866339207;0.800000011920929;0.800000011920929;0.800000011920929
lidar;17.0;44.0;25.025243759155273;25.175464630126953;9.75981616973877;0.2985190451145172;25.029598236083984;25.205720901489258;9.718400955200195;0.34999353016014945;0.9981769919900828;0.800000011920929;0.800000011920929;0.800000011920929
lidar;17.0;44.0;25.024898529052734;25.179500579833984;9.763099670410156;0.2982650101184845;25.01395606994629;25.10060691833496;9.867219924926758;0.1671740281397718;0.9990268349043095;0.800000011920929;0.800000011920929;0.800000011920929
lidar;17.0;44.0;25.024555206298828;25.183530807495117;9.766379356384277;0.2981022000312805;25.02782440185547;25.20796775817871;9.735271453857422;0.3377960082387948;0.9995724559098624;0.800000011920929;0.800000011920929;0.800000011920929
lidar;17.0;44.0;25.02420997619629;25.187557220458984;9.76965618133545;0.2980302572250366;25.026823043823242;25.20779800415039;9.744796752929688;0.3301936639770514;0.9998135566767737;0.800000011920929;0.800000011920929;0.800000011920929
lidar;17.0;44.0;25.023866653442383;25.19158172607422;9.772932052612305;0.29804909229278564;25.03272819519043;25.26271629333496;9.688623428344727;0.40871232977613864;0.9997501373200411;0.800000011920929;0.800000011920929;0.800000011920929
lidar;17.0;44.0;25.023521423339844;25.19561004638672;9.776209831237793;0.29815879464149475;25.024768829345703;25.205989837646484;9.764334678649902;0.31397966140060807;0.9993821382078474;0.800000011920929;0.800000011920929;0.800000011920929
lidar;17.0;44.0;25.023176193237305;25.199642181396484;9.77949047088623;0.2983594536781311;25.024065017700195;25.20729637145996;9.771035194396973;0.30979948035331295;0.9987097382452794;0.800000011920929;0.800000011920929;0.800000011920929
lidar;17.0;44.0;25.022830963134766;25.20368003845215;9.782776832580566;0.29865145683288574;25.022279739379883;25.198772430419922;9.78801155090332;0.2914546894176437;0.9977331161791577;0.800000011920929;0.800000011920929;0.800000011920929
lidar;17.0;44.0;25.022485733032227;25.207727432250977;9.786070823669434;0.2990351915359497;25.0158748626709;25.146665573120117;9.848956108093262;0.211132429674176;0.9964525700591225;0.800000011920929;0.800000011920929;0.800000011920929
lidar;17.0;44.0;25.022104263305664;25.211458206176758;9.789700508117676;0.2990472912788391;25.024953842163086;25.238718032836914;9.762589454650879;0.33759864770002335;0.9954738018785178;0.800000011920929;0.800000011920929;0.800000011920929
lidar;17.0;44.0;25.0184326171875;24.788501739501953;9.789307594299316;0.29910269379615784;25.016054153442383;24.81580924987793;9.816511154174805;0.26048427704963456;0.9952893254368722;0.800000011920929;0.800000011920929;0.800000011920929
lidar;17.0;44.0;25.01874542236328;24.79230308532715;9.78574275970459;0.2989904582500458;25.018024444580078;24.80027961730957;9.793970108032227;0.2875094926436968;0.9966016410938746;0.800000011920929;0.800000011920929;0.800000011920929
lidar;17.0;44.0;25.019033432006836;24.796350479125977;9.78244400024414;0.29860612750053406;25.017946243286133;24.8079891204834;9.794876098632812;0.28154258055687154;0.9978846906490089;0.800000011920929;0.800000011920929;0.800000011920929
lidar;17.0;44.0;25.01932144165039;24.800390243530273;9.779153823852539;0.2983134388923645;25.025346755981445;24.7381534576416;9.710296630859375;0.3913235038976997;0.9988637566314297;0.800000011920929;0.800000011920929;0.800000011920929
lidar;17.0;44.0;25.019609451293945;24.804420471191406;9.77586841583252;0.2981121242046356;25.01966094970703;24.803905487060547;9.775278091430664;0.2988972010745126;0.9995385408470983;0.800000011920929;0.800000011920929;0.800000011920929
lidar;17.0;44.0;25.019895553588867;24.808448791503906;9.77258586883545;0.29800179600715637;25.02191162109375;24.789045333862305;9.749551773071289;0.32818577660286224;0.9999088644978509;0.800000011920929;0.800000011920929;0.800000011920929
lidar;17.0;44.0;25.020183563232422;24.81247329711914;9.769305229187012;0.29798224568367004;25.021915435791016;24.79637908935547;9.749505996704102;0.32355619689102777;0.999974608422259;0.800000011920929;0.800000011920929;0.800000011920929
lidar;17.0;44.0;25.020469665527344;24.816499710083008;9.766024589538574;0.2980535328388214;25.0209903717041;24.81182861328125;9.760068893432617;0.30564003111646626;0.9997357726006396;0.800000011920929;0.800000011920929;0.800000011920929
lidar;17.0;44.0;25.0207576751709;24.82052993774414;9.762741088867188;0.2982156276702881;25.02145767211914;24.814472198486328;9.75473403930664;0.30827931108984913;0.9991923571291824;0.800000011920929;0.800000011920929;0.800000011920929
lidar;17.0;44.0;25.021045684814453;24.82456398010254;9.759452819824219;0.2984689772129059;25.019182205200195;24.840087890625;9.780738830566406;0.27205752907500047;0.998344600278093;0.800000011920929;0.800000011920929;0.800000011920929
lidar;17.0;44.0;25.021333694458008;24.8286075592041;9.756157875061035;0.2988137900829315;25.023427963256836;24.811786651611328;9.732226371765137;0.3281392578225886;0.9971926809066224;0.800000011920929;0.800000011920929;0.800000011920929
lidar;17.0;44.0;25.021623611450195;24.832660675048828;9.752854347229004;0.29925069212913513;25.01987075805664;24.84621810913086;9.772876739501953;0.2750061574653168;0.99573707552525;0.800000011920929;0.800000011920929;0.800000011920929
lidar;17.0;44.0;25.021888732910156;24.836898803710938;9.749802589416504;0.2994658946990967;25.02253532409668;24.83209228515625;9.742429733276367;0.3082906388660229;0.9958887101343515;0.800000011920929;0.800000011920929;0.800000011920929
lidar;17.0;44.0;25.022104263305664;24.841520309448242;9.747344017028809;0.29906442761421204;25.023101806640625;24.834362030029297;9.735933303833008;0.3125713494679192;0.9972252846765737;0.800000011920929;0.800000011920929;0.800000011920929
lidar;17.0;44.0;25.022319793701172;24.84613037109375;9.744891166687012;0.2987549304962158;25.01934242248535;24.866655349731445;9.778922080993652;0.2589015759845175;0.9982579349548505;0.800000011920929;0.800000011920929;0.800000011920929
lidar;17.0;44.0;25.022533416748047;24.850730895996094;9.742443084716797;0.2985369563102722;25.016714096069336;24.889284133911133;9.808965682983398;0.2214304364763145;0.9989864826014905;0.800000011920929;0.800000011920929;0.800000011920929
lidar;17.0;44.0;25.022747039794922;24.855327606201172;9.739997863769531;0.2984101176261902;25.020145416259766;24.871877670288086;9.769742012023926;0.2642716971118831;0.9994107485405205;0.800000011920929;0.800000011920929;0.800000011920929
lidar;17.0;44.0;25.022960662841797;24.859922409057617;9.737553596496582;0.298374205827713;25.022825241088867;24.860755920410156;9.739114761352539;0.29659904030729567;0.9995306134192642;0.800000011920929;0.800000011920929;0.800000011920929
lidar;17.0;44.0;25.023174285888672;24.86451530456543;9.735109329223633;0.2984292209148407;25.02153205871582;24.874114990234375;9.753875732421875;0.27728647459481975;0.9993460178827808;0.800000011920929;0.800000011920929;0.800000011920929
lidar;17.0;44.0;25.023387908935547;24.86911392211914;9.73266315460205;0.2985752522945404;25.02356719970703;24.868114471435547;9.73062515258789;0.30085157325538386;0.9988570212513895;0.800000011920929;0.800000011920929;0.800000011920929
lidar;17.0;44.0;25.023603439331055;24.873716354370117;9.73021411895752;0.2988124489784241;25.025381088256836;24.86420249938965;9.70988941192627;0.3213240913751329;0.9980637432164519;0.800000011920929;0.800000011920929;0.800000011920929
lidar;17.0;44.0;25.02381706237793;24.878328323364258;9.727760314941406;0.2991413176059723;25.019577026367188;24.899993896484375;9.776236534118652;0.24587550669301342;0.9969663618904261;0.800000011920929;0.800000011920929;0.800000011920929
lidar;17.0;44.0;25.02402687072754;24.882978439331055;9.725363731384277;0.29949358105659485;25.02389907836914;24.883604049682617;9.726832389831543;0.2978918227354936;0.9957934021339699;0.800000011920929;0.800000011920929;0.800000011920929
lidar;17.0;44.0;25.024234771728516;24.887653350830078;9.722992897033691;0.29990291595458984;25.022314071655273;24.89655876159668;9.744949340820312;0.27613223170033724;0.9944338799429383;0.800000011920929;0.800000011920929;0.800000011920929
lidar;17.0;44.0;25.024368286132812;24.892675399780273;9.72147274017334;0.2994828224182129;25.03077507019043;24.864456176757812;9.648237228393555;0.37822792702865193;0.9964945318170655;0.800000011920929;0.800000011920929;0.800000011920929
lidar;17.0;44.0;25.02449607849121;24.897705078125;9.720016479492188;0.2990902066230774;25.025667190551758;24.89281463623047;9.706631660461426;0.31338910288713645;0.9978027345636994;0.800000011920929;0.800000011920929;0.800000011920929
lidar;17.0;44.0;25.024621963500977;24.90272331237793;9.7185640335083;0.29878950119018555;25.027362823486328;24.891895294189453;9.687234878540039;0.3320501519330634;0.9988068939111642;0.800000011920929;0.800000011920929;0.800000011920929
lidar;17.0;44.0;25.024749755859375;24.907733917236328;9.717113494873047;0.29858022928237915;25.02619743347168;24.902334213256836;9.7005615234375;0.3160510217316103;0.9995068908246401;0.800000011920929;0.800000011920929;0.800000011920929
lidar;17.0;44.0;25.02487564086914;24.912738800048828;9.715665817260742;0.2984621226787567;25.022388458251953;24.921466827392578;9.744107246398926;0.2686072016167764;0.9999024271902672;0.800000011920929;0.800000011920929;0.800000011920929
lidar;17.0;44.0;25.02500343322754;24.917739868164062;9.714217185974121;0.2984349727630615;25.031631469726562;24.89593505859375;9.63846206665039;0.37754415371829114;0.9999933838845475;0.800000011920929;0.800000011920929;0.800000011920929
lidar;17.0;44.0;25.025129318237305;24.92274284362793;9.712769508361816;0.2984987497329712;25.0261287689209;24.9196720123291;9.701355934143066;0.3103601021043666;0.9997797012443843;0.800000011920929;0.800000011920929;0.800000011920929
lidar;17.0;44.0;25.02525520324707;24.927749633789062;9.711320877075195;0.29865357279777527;25.022409439086914;24.93589210510254;9.743852615356445;0.26499738882903945;0.9992614984827138;0.800000011920929;0.800000011920929;0.800000011920929
lidar;17.0;44.0;25.02538299560547;24.932762145996094;9.709869384765625;0.2988996207714081;25.02791976928711;24.92604637145996;9.680886268615723;0.32875853927235377;0.9984388947881604;0.800000011920929;0.800000011920929;0.800000011920929
lidar;17.0;44.0;25.025510787963867;24.93778419494629;9.708415985107422;0.29923728108406067;25.0224609375;24.945220947265625;9.743269920349121;0.26346791413495163;0.9973122478905522;0.800000011920929;0.800000011920929;0.800000011920929
lidar;17.0;44.0;25.0256290435791;24.942840576171875;9.707058906555176;0.2995636761188507;25.030460357666016;24.932065963745117;9.65184211730957;0.35602910841499225;0.9962258931734135;0.800000011920929;0.800000011920929;0.800000011920929
lidar;17.0;44.0;25.02574348449707;24.94791603088379;9.705747604370117;0.29993340373039246;25.022159576416016;24.955169677734375;9.746718406677246;0.2581717004841247;0.9953582286426331;0.800000011920929;0.800000011920929;0.800000011920929
lidar;17.0;44.0;25.02578353881836;24.953144073486328;9.705292701721191;0.2995205521583557;25.02754020690918;24.949953079223633;9.685215950012207;0.3199251533386755;0.9967303873296114;0.800000011920929;0.800000011920929;0.800000011920929
lidar;17.0;44.0;25.02582359313965;24.958358764648438;9.704839706420898;0.29919981956481934;25.021926879882812;24.964641571044922;9.749374389648438;0.2540557364077033;0.9977989793468328;0.800000011920929;0.800000011920929;0.800000011920929
lidar;17.0;44.0;25.025859832763672;24.96356773376465;9.704410552978516;0.2989463806152344;25.021825790405273;24.969249725341797;9.750519752502441;0.25231382031105326;0.9986450673057066;0.800000011920929;0.800000011920929;0.800000011920929
lidar;17.0;44.0;25.025894165039062;24.96877098083496;9.704014778137207;0.29875215888023376;25.02506446838379;24.96977424621582;9.713513374328613;0.2891650805010201;0.9992943406466299;0.800000011920929;0.800000011920929;0.800000011920929
lidar;17.0;44.0;25.025930404663086;24.973970413208008;9.703619003295898;0.29864922165870667;25.026514053344727;24.973384857177734;9.696951866149902;0.30536770668383145;0.9996391534905466;0.800000011920929;0.800000011920929;0.800000011920929
lidar;17.0;44.0;25.025959014892578;24.97917366027832;9.703293800354004;0.2985670864582062;25.027408599853516;24.978008270263672;9.686708450317383;0.31525570848502693;0.9999141097061532;0.800000011920929;0.800000011920929;0.800000011920929
lidar;17.0;44.0;25.025983810424805;24.984375;9.702997207641602;0.2985466420650482;25.02100944519043;24.98736572265625;9.759849548339844;0.24139845513013136;0.9999824762342119;0.800000011920929;0.800000011920929;0.800000011920929
lidar;17.0;44.0;25.026004791259766;24.989580154418945;9.702762603759766;0.29855504631996155;25.03618812561035;24.98550033569336;9.586366653442383;0.41546683435537857;0.9999544620480533;0.800000011920929;0.800000011920929;0.800000011920929
lidar;17.0;44.0;25.026018142700195;24.994789123535156;9.702613830566406;0.298567533493042;25.027448654174805;24.994503021240234;9.686260223388672;0.3149865126313671;0.9999123215623773;0.800000011920929;0.800000011920929;0.800000011920929
lidar;17.0;44.0;25.02602195739746;25.0;9.702563285827637;0.2985731065273285;25.027244567871094;25.0;9.688591003417969;0.31259852519165887;0.9998939037305891;0.800000011920929;0.800000011920929;0.800000011920929
lidar;17.0;44.0;25.026018142700195;25.005210876464844;9.702613830566406;0.2985675632953644;25.024282455444336;25.004863739013672;9.722460746765137;0.2786422877491639;0.9999123215623773;0.800000011920929;0.800000011920929;0.800000011920929
lidar;17.0;44.0;25.026004791259766;25.010419845581055;9.702762603759766;0.29855501651763916;25.025787353515625;25.010332107543945;9.705249786376953;0.29605648827273595;0.9999544620480533;0.800000011920929;0.800000011920929;0.800000011920929
lidar;17.0;44.0;25.025983810424805;25.015625;9.702997207641602;0.29854661226272583;25.020490646362305;25.01232147216797;9.765791893005371;0.23542552771408265;0.9999824762342119;0.800000011920929;0.800000011920929;0.800000011920929
lidar;17.0;44.0;25.025959014892578;25.02082633972168;9.703293800354004;0.2985670864582062;25.02239990234375;25.01797103881836;9.743971824645996;0.257633863589205;0.9999141097061532;0.800000011920929;0.800000011920929;0.800000011920929
lidar;17.0;44.0;25.025930404663086;25.026029586791992;9.703619003295898;0.29864922165870667;25.029136657714844;25.029247283935547;9.66696548461914;0.33558364393218193;0.9996391534905466;0.800000011920929;0.800000011920929;0.800000011920929
lidar;17.0;44.0;25.025894165039062;25.03122901916504;9.704014778137207;0.29875215888023376;25.0363712310791;25.04386329650879;9.584263801574707;0.4196229361192704;0.9992943406466299;0.800000011920929;0.800000011920929;0.800000011920929
lidar;17.0;44.0;25.025859832763672;25.03643226623535;9.704410552978516;0.2989463806152344;25.02796173095703;25.039392471313477;9.680397033691406;0.32323343863353327;0.9986450673057066;0.800000011920929;0.800000011920929;0.800000011920929
lidar;17.0;44.0;25.02582359313965;25.041641235351562;9.704839706420898;0.2991998493671417;25.023773193359375;25.038333892822266;9.72828197479248;0.27543694612322694;0.9977989793468328;0.800000011920929;0.800000011920929;0.800000011920929
lidar;17.0;44.0;25.02578353881836;25.046855926513672;9.705292701721191;0.2995205521583557;25.02782440185547;25.050565719604492;9.681954383850098;0.32323967986136265;0.9967303873296114;0.800000011920929;0.800000011920929;0.800000011920929
lidar;17.0;44.0;25.02574348449707;25.05208396911621;9.705747604370117;0.29993340373039246;25.02747917175293;25.055593490600586;9.685911178588867;0.3201527237860162;0.9953582286426331;0.800000011920929;0.800000011920929;0.800000011920929
lidar;17.0;44.0;25.0256290435791;25.057159423828125;9.707058906555176;0.2995636761188507;25.02519416809082;25.05619239807129;9.712018013000488;0.2944929404165741;0.9962258931734135;0.800000011920929;0.800000011920929;0.800000011920929
lidar;17.0;44.0;25.025510787963867;25.06221580505371;9.708415985107422;0.29923731088638306;25.02313804626465;25.056428909301758;9.735538482666016;0.2714028515875134;0.9973122478905522;0.800000011920929;0.800000011920929;0.800000011920929
lidar;17.0;44.0;25.02538299560547;25.067237854003906;9.709869384765625;0.2988995611667633;25.031705856323242;25.083986282348633;9.63759708404541;0.3733567334595912;0.9984388947881604;0.800000011920929;0.800000011920929;0.800000011920929
lidar;17.0;44.0;25.02525520324707;25.072250366210938;9.711320877075195;0.2986534833908081;25.027666091918945;25.079147338867188;9.68376350402832;0.32716308393502175;0.9992614984827138;0.800000011920929;0.800000011920929;0.800000011920929
lidar;17.0;44.0;25.025129318237305;25.07725715637207;9.712769508361816;0.29849863052368164;25.02532196044922;25.07784652709961;9.710579872131348;0.30077443978460217;0.9997797012443843;0.800000011920929;0.800000011920929;0.800000011920929
lidar;17.0;44.0;25.02500343322754;25.082260131835938;9.714217185974121;0.2984348237514496;25.026426315307617;25.086942672729492;9.697945594787598;0.3154274429460911;0.9999933838845475;0.800000011920929;0.800000011920929;0.800000011920929
lidar;17.0;44.0;25.02487564086914;25.087261199951172;9.715665817260742;0.29846206307411194;25.023561477661133;25.082653045654297;9.730679512023926;0.28270161006877853;0.9999024271902672;0.800000011920929;0.800000011920929;0.800000011920929
lidar;17.0;44.0;25.024749755859375;25.092266082763672;9.717113494873047;0.298580139875412;25.023303985595703;25.08687973022461;9.73363208770752;0.28114576142786496;0.9995068908246401;0.800000011920929;0.800000011920929;0.800000011920929
lidar;17.0;44.0;25.024621963500977;25.09727668762207;9.7185640335083;0.29878947138786316;25.0234375;25.092592239379883;9.732114791870117;0.2844035605128;0.9988068939111642;0.800000011920929;0.800000011920929;0.800000011920929
lidar;17.0;44.0;25.02449607849121;25.102294921875;9.720016479492188;0.299090176820755;25.025684356689453;25.10725975036621;9.706428527832031;0.313605473758661;0.99780267483322;0.800000011920929;0.800000011920929;0.800000011920929
lidar;17.0;44.0;25.024368286132812;25.107324600219727;9.72147274017334;0.2994828224182129;25.0230655670166;25.101585388183594;9.736369132995605;0.283465538443061;0.9964945318170655;0.800000011920929;0.800000011920929;0.800000011920929
lidar;17.0;44.0;25.024234771728516;25.112346649169922;9.722992897033691;0.2999029755592346;25.019548416137695;25.090618133544922;9.776568412780762;0.24189952385429345;0.9944338799429383;0.800000011920929;0.800000011920929;0.800000011920929
lidar;17.0;44.0;25.02402687072754;25.117021560668945;9.725363731384277;0.29949361085891724;25.023681640625;25.115339279174805;9.729313850402832;0.2951864791531922;0.9957934021339699;0.800000011920929;0.800000011920929;0.800000011920929
lidar;17.0;44.0;25.02381706237793;25.121671676635742;9.727760314941406;0.2991412281990051;25.021352767944336;25.10907554626465;9.75594425201416;0.2681731938120087;0.9969663618904261;0.800000011920929;0.800000011920929;0.800000011920929
lidar;17.0;44.0;25.023603439331055;25.126283645629883;9.73021411895752;0.2988124489784241;25.019603729248047;25.10488510131836;9.77592945098877;0.2481793313082786;0.9980637432164519;0.800000011920929;0.800000011920929;0.800000011920929
lidar;17.0;44.0;25.023387908935547;25.13088607788086;9.73266315460205;0.2985752820968628;25.0269775390625;25.150964736938477;9.69165325164795;0.3443777950671051;0.9988569617780704;0.800000011920929;0.800000011920929;0.800000011920929
lidar;17.0;44.0;25.023174285888672;25.13548469543457;9.735109329223633;0.29842931032180786;25.025936126708984;25.151626586914062;9.703547477722168;0.3339876347391936;0.9993460178827808;0.800000011920929;0.800000011920929;0.800000011920929
lidar;17.0;44.0;25.022960662841797;25.140077590942383;9.737553596496582;0.2983742952346802;25.022663116455078;25.138259887695312;9.740960121154785;0.29450096772459483;0.9995306134192642;0.800000011920929;0.800000011920929;0.800000011920929
lidar;17.0;44.0;25.022747039794922;25.144672393798828;9.739997863769531;0.29841023683547974;25.02162742614746;25.13755226135254;9.752793312072754;0.28372477762248355;0.9994107485405205;0.800000011920929;0.800000011920929;0.800000011920929
lidar;17.0;44.0;25.022533416748047;25.149269104003906;9.742443084716797;0.29853710532188416;25.025657653808594;25.169960021972656;9.706741333007812;0.3399199274191011;0.9989864230743006;0.800000011920929;0.800000011920929;0.800000011920929
lidar;17.0;44.0;25.022319793701172;25.15386962890625;9.744891166687012;0.29875504970550537;25.01883888244629;25.129878997802734;9.78466796875;0.2521729974305868;0.9982578753898598;0.800000011920929;0.800000011920929;0.800000011920929
lidar;17.0;44.0;25.022104263305664;25.158479690551758;9.747344017028809;0.2990644574165344;25.0257625579834;25.184709548950195;9.705528259277344;0.3485607220679327;0.9972252247748999;0.800000011920929;0.800000011920929;0.800000011920929
lidar;17.0;44.0;25.021888732910156;25.163101196289062;9.749802589416504;0.29946592450141907;25.023897171020508;25.17806053161621;9.726853370666504;0.32693377065318696;0.9958887101343515;0.800000011920929;0.800000011920929;0.800000011920929
lidar;17.0;44.0;25.021623611450195;25.167339324951172;9.752854347229004;0.29925066232681274;25.02008628845215;25.155445098876953;9.770421028137207;0.27798002413954553;0.9957371353131546;0.800000011920929;0.800000011920929;0.800000011920929
lidar;17.0;44.0;25.021333694458008;25.1713924407959;9.756157875061035;0.29881376028060913;25.01848030090332;25.148469924926758;9.788768768310547;0.25885115685418325;0.9971926809066224;0.800000011920929;0.800000011920929;0.800000011920929
lidar;17.0;44.0;25.021045684814453;25.17543601989746;9.759452819824219;0.2984688878059387;25.0244197845459;25.203569412231445;9.720876693725586;0.3463336903762833;0.998344600278093;0.800000011920929;0.800000011920929;0.800000011920929
lidar;17.0;44.0;25.0207576751709;25.17947006225586;9.762741088867188;0.2982156276702881;25.019878387451172;25.171875;9.772781372070312;0.28559501240311364;0.9991923571291824;0.800000011920929;0.800000011920929;0.800000011920929
lidar;17.0;44.0;25.020469665527344;25.183500289916992;9.766024589538574;0.29805347323417664;25.022924423217773;25.20549964904785;9.7379732131958;0.33378727585837065;0.9997357726006396;0.800000011920929;0.800000011920929;0.800000011920929
lidar;17.0;44.0;25.020183563232422;25.18752670288086;9.769305229187012;0.29798221588134766;25.022979736328125;25.213518142700195;9.737330436706543;0.33928327525468704;0.999974608422259;0.800000011920929;0.800000011920929;0.800000011920929
lidar;17.0;44.0;25.019895553588867;25.191551208496094;9.77258586883545;0.29800179600715637;25.022464752197266;25.21627426147461;9.743234634399414;0.3364636482987119;0.9999088644978509;0.800000011920929;0.800000011920929;0.800000011920929
lidar;17.0;44.0;25.019609451293945;25.195579528808594;9.77586841583252;0.2981121242046356;25.014421463012695;25.143840789794922;9.835159301757812;0.21925008613065197;0.9995385408470983;0.800000011920929;0.800000011920929;0.800000011920929
lidar;17.0;44.0;25.01932144165039;25.199609756469727;9.779153823852539;0.2983134388923645;25.01940155029297;25.200429916381836;9.778247833251953;0.2995372026192548;0.9988637566314297;0.800000011920929;0.800000011920929;0.800000011920929
lidar;17.0;44.0;25.019033432006836;25.203649520874023;9.78244400024414;0.29860609769821167;25.01692008972168;25.181028366088867;9.806610107421875;0.2654376126216711;0.9978846310731327;0.800000011920929;0.800000011920929;0.800000011920929
lidar;17.0;44.0;25.01874542236328;25.20769691467285;9.78574275970459;0.2989904284477234;25.01662826538086;25.18423843383789;9.809940338134766;0.26522290632572443;0.9966016410938746;0.800000011920929;0.800000011920929;0.800000011920929
lidar;17.0;44.0;25.0184326171875;25.211498260498047;9.789307594299316;0.2991027235984802;25.018922805786133;25.21710968017578;9.783717155456543;0.30703818746424194;0.9952894446202833;0.800000011920929;0.800000011920929;0.800000011920929
lidar;17.0;44.0;25.014759063720703;24.788433074951172;9.788949966430664;0.29919931292533875;25.015058517456055;24.78413200378418;9.78465747833252;0.3052837675175604;0.9949678779864253;0.800000011920929;0.800000011920929;0.800000011920929
lidar;17.0;44.0;25.015003204345703;24.792299270629883;9.785443305969238;0.2989966869354248;25.018102645874023;24.7493896484375;9.741117477416992;0.360768044806397;0.9965811372183135;0.800000011920929;0.800000011920929;0.800000011920929
lidar;17.0;44.0;25.015233993530273;24.79634666442871;9.782140731811523;0.2986123263835907;25.014530181884766;24.80575942993164;9.79220962524414;0.2848107824075932;0.9978637694126586;0.800000011920929;0.800000011920929;0.800000011920929
lidar;17.0;44.0;25.015464782714844;24.800384521484375;9.778844833374023;0.29831981658935547;25.01748275756836;24.774328231811523;9.74997615814209;0.33726228115369433;0.9988425373849404;0.800000011920929;0.800000011920929;0.800000011920929
lidar;17.0;44.0;25.015695571899414;24.80441665649414;9.775554656982422;0.29811856150627136;25.017976760864258;24.77597999572754;9.742921829223633;0.34146362931927127;0.9995169639854075;0.800000011920929;0.800000011920929;0.800000011920929
lidar;17.0;44.0;25.01592445373535;24.808443069458008;9.772268295288086;0.2980083227157593;25.018939971923828;24.772165298461914;9.72913932800293;0.3544475550330276;0.9998869895985528;0.800000011920929;0.800000011920929;0.800000011920929
lidar;17.0;44.0;25.01615333557129;24.812469482421875;9.768982887268066;0.2979888617992401;25.017009735107422;24.802528381347656;9.756735801696777;0.3137870658715072;0.9999523758882767;0.800000011920929;0.800000011920929;0.800000011920929
lidar;17.0;44.0;25.01638412475586;24.816495895385742;9.765697479248047;0.29806023836135864;25.01748275756836;24.804183959960938;9.749979019165039;0.31805661731328166;0.9997132420472429;0.800000011920929;0.800000011920929;0.800000011920929
lidar;17.0;44.0;25.016613006591797;24.820526123046875;9.762409210205078;0.29822245240211487;25.01435661315918;24.84490394592285;9.794682502746582;0.25771332561804156;0.999169528539847;0.800000011920929;0.800000011920929;0.800000011920929
lidar;17.0;44.0;25.016843795776367;24.824560165405273;9.759116172790527;0.29847583174705505;25.015649795532227;24.837005615234375;9.776204109191895;0.2773023048459885;0.9983215331448297;0.800000011920929;0.800000011920929;0.800000011920929
lidar;17.0;44.0;25.017074584960938;24.828603744506836;9.755816459655762;0.29882076382637024;25.01959991455078;24.803264617919922;9.719717025756836;0.34299753529406535;0.9971693156854129;0.800000011920929;0.800000011920929;0.800000011920929
lidar;17.0;44.0;25.01730728149414;24.832656860351562;9.752508163452148;0.2992578148841858;25.016653060913086;24.838972091674805;9.761848449707031;0.28796434259566694;0.9957134127999029;0.800000011920929;0.800000011920929;0.800000011920929
lidar;17.0;44.0;25.017513275146484;24.83695411682129;9.749543190002441;0.29936516284942627;25.0212459564209;24.80220603942871;9.6961669921875;0.3631636861923471;0.9962237477692729;0.800000011920929;0.800000011920929;0.800000011920929
lidar;17.0;44.0;25.017684936523438;24.84157371520996;9.747082710266113;0.29896286129951477;25.020235061645508;24.818727493286133;9.710611343383789;0.34207450533809897;0.997563958305139;0.800000011920929;0.800000011920929;0.800000011920929
lidar;17.0;44.0;25.01785659790039;24.846181869506836;9.744627952575684;0.2986525297164917;25.013513565063477;24.88360023498535;9.806748390197754;0.2260042553394856;0.9986002445107118;0.800000011920929;0.800000011920929;0.800000011920929
lidar;17.0;44.0;25.018028259277344;24.85078239440918;9.742178916931152;0.2984336018562317;25.018718719482422;24.84507942199707;9.732324600219727;0.30983973453688957;0.9993323683772019;0.800000011920929;0.800000011920929;0.800000011920929
lidar;17.0;44.0;25.018199920654297;24.855379104614258;9.739731788635254;0.29830583930015564;25.018314361572266;24.854475021362305;9.738104820251465;0.30016994900536176;0.9997600912996375;0.800000011920929;0.800000011920929;0.800000011920929
lidar;17.0;44.0;25.01837158203125;24.85997200012207;9.737285614013672;0.2982689440250397;25.019853591918945;24.848676681518555;9.716095924377441;0.3223262937527345;0.9998832344966296;0.800000011920929;0.800000011920929;0.800000011920929
lidar;17.0;44.0;25.01854133605957;24.864564895629883;9.73483943939209;0.29832300543785095;25.01151466369629;24.915897369384766;9.835339546203613;0.18525364285535176;0.9997019171848849;0.800000011920929;0.800000011920929;0.800000011920929
lidar;17.0;44.0;25.018712997436523;24.869159698486328;9.732392311096191;0.2984679639339447;25.021484375;24.849788665771484;9.692770004272461;0.342659504388187;0.9992159605226549;0.800000011920929;0.800000011920929;0.800000011920929
lidar;17.0;44.0;25.018884658813477;24.873762130737305;9.729941368103027;0.2987041175365448;25.01613426208496;24.89214324951172;9.769262313842773;0.2552122945103235;0.9984257221559374;0.800000011920929;0.800000011920929;0.800000011920929
lidar;17.0;44.0;25.01905632019043;24.878372192382812;9.727486610412598;0.2990317642688751;25.01976203918457;24.873865127563477;9.717386245727539;0.3101146135372633;0.997331261496538;0.800000011920929;0.800000011920929;0.800000011920929
lidar;17.0;44.0;25.019227981567383;24.88299560546875;9.725025177001953;0.2994515001773834;25.022539138793945;24.86284637451172;9.677675247192383;0.351015989157773;0.9959331158123279;0.800000011920929;0.800000011920929;0.800000011920929
lidar;17.0;44.0;25.019393920898438;24.88767433166504;9.722663879394531;0.29984724521636963;25.02596092224121;24.84963607788086;9.628742218017578;0.40139196978015634;0.9952833058028066;0.800000011920929;0.800000011920929;0.800000011920929
lidar;17.0;44.0;25.019498825073242;24.892696380615234;9.72114372253418;0.2994246780872345;25.0194034576416;24.893226623535156;9.722522735595703;0.29794382929833363;0.9966879486465876;0.800000011920929;0.800000011920929;0.800000011920929
lidar;17.0;44.0;25.01960563659668;24.897703170776367;9.71962833404541;0.2990942895412445;25.018768310546875;24.902069091796875;9.73159408569336;0.28632890628221486;0.9977889058716007;0.800000011920929;0.800000011920929;0.800000011920929
lidar;17.0;44.0;25.019710540771484;24.902708053588867;9.718133926391602;0.29883551597595215;25.020137786865234;24.900592803955078;9.712005615234375;0.30533297303481327;0.9986529350792697;0.800000011920929;0.800000011920929;0.800000011920929
lidar;17.0;44.0;25.019811630249023;24.907718658447266;9.716681480407715;0.29862648248672485;25.017681121826172;24.917644500732422;9.747156143188477;0.266505260307853;0.9993520975231664;0.800000011920929;0.800000011920929;0.800000011920929
lidar;17.0;44.0;25.019912719726562;24.9127254486084;9.715229988098145;0.29850858449935913;25.02570152282715;24.88735580444336;9.632455825805664;0.38527626471771653;0.9997467398465154;0.800000011920929;0.800000011920929;0.800000011920929
lidar;17.0;44.0;25.0200138092041;24.917728424072266;9.71377944946289;0.29848164319992065;25.022075653076172;24.909255981445312;9.684306144714355;0.3292183228802527;0.999836862101933;0.800000011920929;0.800000011920929;0.800000011920929
lidar;17.0;44.0;25.02011489868164;24.922731399536133;9.712329864501953;0.2985456585884094;25.019775390625;24.924034118652344;9.717184066772461;0.29350747772243396;0.9996224642032228;0.800000011920929;0.800000011920929;0.800000011920929
lidar;17.0;44.0;25.020217895507812;24.927738189697266;9.710878372192383;0.2987006902694702;25.020626068115234;24.92627716064453;9.705036163330078;0.3047356382369023;0.9991035461853626;0.800000011920929;0.800000011920929;0.800000011920929
lidar;17.0;44.0;25.02031898498535;24.932750701904297;9.709424018859863;0.2989470660686493;25.01361846923828;24.95492935180664;9.805252075195312;0.2003584824463131;0.9982802867961199;0.800000011920929;0.800000011920929;0.800000011920929
lidar;17.0;44.0;25.02042007446289;24.937774658203125;9.707967758178711;0.29928508400917053;25.020183563232422;24.93849754333496;9.711363792419434;0.29580503365979977;0.9971529842419073;0.800000011920929;0.800000011920929;0.800000011920929
lidar;17.0;44.0;25.020523071289062;24.942811965942383;9.706507682800293;0.29971519112586975;25.018848419189453;24.947477340698242;9.73045539855957;0.2752596974130894;0.9957218765370155;0.800000011920929;0.800000011920929;0.800000011920929
lidar;17.0;44.0;25.020591735839844;24.947948455810547;9.705521583557129;0.2997514307498932;25.024269104003906;24.93865203857422;9.652929306030273;0.3532850822794233;0.9959622621952494;0.800000011920929;0.800000011920929;0.800000011920929
lidar;17.0;44.0;25.0206241607666;24.953170776367188;9.705049514770508;0.2993559241294861;25.016355514526367;24.962865829467773;9.766112327575684;0.23738149533090136;0.9972784521123016;0.800000011920929;0.800000011920929;0.800000011920929
lidar;17.0;44.0;25.02065658569336;24.95838165283203;9.704596519470215;0.29903507232666016;25.027198791503906;24.94520378112793;9.611051559448242;0.39373032286020354;0.9983484744529626;0.800000011920929;0.800000011920929;0.800000011920929
lidar;17.0;44.0;25.020689010620117;24.963584899902344;9.704143524169922;0.2988060414791107;25.02461814880371;24.956666946411133;9.647943496704102;0.3555664696126545;0.9991143942599158;0.800000011920929;0.800000011920929;0.800000011920929
lidar;17.0;44.0;25.020719528198242;24.968780517578125;9.703691482543945;0.2986680269241333;25.020553588867188;24.969032287597656;9.706071853637695;0.29626932455532445;0.9995759725778646;0.800000011920929;0.800000011920929;0.800000011920929
lidar;17.0;44.0;25.020748138427734;24.97397804260254;9.703293800354004;0.2985672056674957;25.026599884033203;24.966636657714844;9.619589805603027;0.38279612574935834;0.9999136924713492;0.800000011920929;0.800000011920929;0.800000011920929
lidar;17.0;44.0;25.020774841308594;24.97917366027832;9.702898025512695;0.2985551059246063;25.019250869750977;24.980701446533203;9.724689483642578;0.27665639916249257;0.9999544620480533;0.800000011920929;0.800000011920929;0.800000011920929
lidar;17.0;44.0;25.020797729492188;24.984375;9.702571868896484;0.29856327176094055;25.024295806884766;24.981746673583984;9.652548789978027;0.3487780836273747;0.999927043911073;0.800000011920929;0.800000011920929;0.800000011920929
lidar;17.0;44.0;25.020816802978516;24.989578247070312;9.702302932739258;0.29860565066337585;25.017133712768555;24.991422653198242;9.754983901977539;0.245763780972099;0.999784946452409;0.800000011920929;0.800000011920929;0.800000011920929
lidar;17.0;44.0;25.020830154418945;24.994787216186523;9.702122688293457;0.2986503541469574;25.02120018005371;24.99469566345215;9.696821212768555;0.3039658976913044;0.9996352791551252;0.800000011920929;0.800000011920929;0.800000011920929
lidar;17.0;44.0;25.02083396911621;25.0;9.702052116394043;0.2986755073070526;25.026546478271484;25.0;9.620369911193848;0.38055721250958063;0.9995512962369434;0.800000011920929;0.800000011920929;0.800000011920929
lidar;17.0;44.0;25.020830154418945;25.005212783813477;9.702122688293457;0.298650324344635;25.014190673828125;25.003551483154297;9.797077178955078;0.20344960013827718;0.9996352791551252;0.800000011920929;0.800000011920929;0.800000011920929
lidar;17.0;44.0;25.020816802978516;25.010421752929688;9.702302932739258;0.29860565066337585;25.024024963378906;25.012027740478516;9.656425476074219;0.344623279453706;0.999784946452409;0.800000011920929;0.800000011920929;0.800000011920929
lidar;17.0;44.0;25.020797729492188;25.015625;9.702571868896484;0.29856327176094055;25.021486282348633;25.016143798828125;9.692719459533691;0.30845376405090874;0.999927043911073;0.800000011920929;0.800000011920929;0.800000011920929
lidar;17.0;44.0;25.020774841308594;25.02082633972168;9.702898025512695;0.2985551059246063;25.020938873291016;25.0209903717041;9.700562477111816;0.3009015033022142;0.9999544620480533;0.800000011920929;0.800000011920929;0.800000011920929
lidar;17.0;44.0;25.020748138427734;25.02602195739746;9.703293800354004;0.29856717586517334;25.017852783203125;25.02239227294922;9.744686126708984;0.25691524453857567;0.9999136924713492;0.800000011920929;0.800000011920929;0.800000011920929
lidar;17.0;44.0;25.020719528198242;25.031219482421875;9.703691482543945;0.2986680269241333;25.020105361938477;25.030292510986328;9.712491989135742;0.28979802429782126;0.9995759725778646;0.800000011920929;0.800000011920929;0.800000011920929
lidar;17.0;44.0;25.020689010620117;25.036415100097656;9.704143524169922;0.29880598187446594;25.023252487182617;25.04092788696289;9.667481422424316;0.33583341275912587;0.9991143942599158;0.800000011920929;0.800000011920929;0.800000011920929
lidar;17.0;44.0;25.02065658569336;25.04161834716797;9.704596519470215;0.29903507232666016;25.017118453979492;25.034486770629883;9.755208969116211;0.2478006006580753;0.9983484744529626;0.800000011920929;0.800000011920929;0.800000011920929
lidar;17.0;44.0;25.0206241607666;25.046829223632812;9.705049514770508;0.2993559241294861;25.018579483032227;25.042184829711914;9.734299659729004;0.2696690225966027;0.9972784521123016;0.800000011920929;0.800000011920929;0.800000011920929
lidar;17.0;44.0;25.020591735839844;25.052051544189453;9.705521583557129;0.2997514009475708;25.018396377563477;25.0465030670166;9.73691463470459;0.2677965982225781;0.9959622621952494;0.800000011920929;0.800000011920929;0.800000011920929
lidar;17.0;44.0;25.020523071289062;25.057188034057617;9.706507682800293;0.29971519112586975;25.02585792541504;25.072052001953125;9.630229949951172;0.3776109346431653;0.9957219364311811;0.800000011920929;0.800000011920929;0.800000011920929
lidar;17.0;44.0;25.02042007446289;25.062225341796875;9.707968711853027;0.29928499460220337;25.020530700683594;25.062559127807617;9.706399917602539;0.3008924474636693;0.9971529842419073;0.800000011920929;0.800000011920929;0.800000011920929
lidar;17.0;44.0;25.02031898498535;25.067249298095703;9.70942497253418;0.2989470064640045;25.023086547851562;25.07640838623047;9.669841766357422;0.33967015587715227;0.9982802867961199;0.800000011920929;0.800000011920929;0.800000011920929
lidar;17.0;44.0;25.020217895507812;25.072261810302734;9.710878372192383;0.2987006604671478;25.021032333374023;25.075178146362305;9.699211120605469;0.31075408162145446;0.9991035461853626;0.800000011920929;0.800000011920929;0.800000011920929
lidar;17.0;44.0;25.02011489868164;25.077268600463867;9.712329864501953;0.29854556918144226;25.016357421875;25.062829971313477;9.766085624694824;0.24275727797119223;0.9996224642032228;0.800000011920929;0.800000011920929;0.800000011920929
lidar;17.0;44.0;25.0200138092041;25.082271575927734;9.71377944946289;0.29848161339759827;25.016910552978516;25.069509506225586;9.7581787109375;0.2521809261604056;0.999836862101933;0.800000011920929;0.800000011920929;0.800000011920929
lidar;17.0;44.0;25.019912719726562;25.0872745513916;9.715229988098145;0.29850858449935913;25.014631271362305;25.064123153686523;9.79077434539795;0.21932026897244764;0.9997467398465154;0.800000011920929;0.800000011920929;0.800000011920929
lidar;17.0;44.0;25.019811630249023;25.092281341552734;9.716681480407715;0.29862645268440247;25.01778221130371;25.08282470703125;9.745711326599121;0.2680280677702065;0.9993520975231664;0.800000011920929;0.800000011920929;0.800000011920929
lidar;17.0;44.0;25.019710540771484;25.097291946411133;9.718133926391602;0.29883551597595215;25.018991470336914;25.093748092651367;9.728402137756348;0.2879490490029537;0.9986529350792697;0.800000011920929;0.800000011920929;0.800000011920929
lidar;17.0;44.0;25.01960563659668;25.102296829223633;9.71962833404541;0.2990942597389221;25.025514602661133;25.13312530517578;9.635133743286133;0.3892306531136465;0.9977888464488582;0.800000011920929;0.800000011920929;0.800000011920929
lidar;17.0;44.0;25.019498825073242;25.107303619384766;9.72114372253418;0.2994247078895569;25.024824142456055;25.13661003112793;9.64498519897461;0.38120063453285835;0.9966878892691071;0.800000011920929;0.800000011920929;0.800000011920929
lidar;17.0;44.0;25.019393920898438;25.11232566833496;9.722663879394531;0.29984724521636963;25.01873779296875;25.1085262298584;9.732044219970703;0.2897057289212402;0.9952832458111669;0.800000011920929;0.800000011920929;0.800000011920929
lidar;17.0;44.0;25.019227981567383;25.11700439453125;9.725025177001953;0.2994515299797058;25.01493263244629;25.090862274169922;9.78646469116211;0.2325426569747564;0.9959331158123279;0.800000011920929;0.800000011920929;0.800000011920929
lidar;17.0;44.0;25.01905632019043;25.121627807617188;9.727486610412598;0.2990318834781647;25.019004821777344;25.121301651000977;9.728215217590332;0.2982317274721768;0.997331261496538;0.800000011920929;0.800000011920929;0.800000011920929
lidar;17.0;44.0;25.018884658813477;25.126237869262695;9.729941368103027;0.29870420694351196;25.01555633544922;25.103986740112305;9.777544975280762;0.24605119844123755;0.9984257221559374;0.800000011920929;0.800000011920929;0.800000011920929
lidar;17.0;44.0;25.018712997436523;25.130840301513672;9.732392311096191;0.29846811294555664;25.025279998779297;25.176753997802734;9.638484001159668;0.40320546884982417;0.9992159605226549;0.800000011920929;0.800000011920929;0.800000011920929
lidar;17.0;44.0;25.01854133605957;25.135435104370117;9.73483943939209;0.2983231842517853;25.018924713134766;25.138235092163086;9.729358673095703;0.3044897910845902;0.9997018575630098;0.800000011920929;0.800000011920929;0.800000011920929
lidar;17.0;44.0;25.01837158203125;25.14002799987793;9.737285614013672;0.2982691824436188;25.011032104492188;25.084095001220703;9.842225074768066;0.17912776584222295;0.9998832344966296;0.800000011920929;0.800000011920929;0.800000011920929
lidar;17.0;44.0;25.018199920654297;25.144620895385742;9.739730834960938;0.29830601811408997;25.01595115661621;25.12674903869629;9.771897315979004;0.2614391157150529;0.9997600912996375;0.800000011920929;0.800000011920929;0.800000011920929
lidar;17.0;44.0;25.018028259277344;25.14921760559082;9.742177963256836;0.29843372106552124;25.016836166381836;25.13934326171875;9.759239196777344;0.2786858707800965;0.9993323683772019;0.800000011920929;0.800000011920929;0.800000011920929
lidar;17.0;44.0;25.01785659790039;25.153818130493164;9.744627952575684;0.29865261912345886;25.01328468322754;25.11443519592285;9.81001091003418;0.2221885397833825;0.9986002445107118;0.800000011920929;0.800000011920929;0.800000011920929
lidar;17.0;44.0;25.017684936523438;25.15842628479004;9.747082710266113;0.29896292090415955;25.023273468017578;25.20848846435547;9.667160034179688;0.3934359029565048;0.997563958305139;0.800000011920929;0.800000011920929;0.800000011920929
lidar;17.0;44.0;25.017513275146484;25.16304588317871;9.749543190002441;0.29936519265174866;25.012874603271484;25.119863510131836;9.815875053405762;0.22008043402740285;0.9962237477692729;0.800000011920929;0.800000011920929;0.800000011920929
lidar;17.0;44.0;25.01730728149414;25.167343139648438;9.752508163452148;0.2992577850818634;25.0134334564209;25.12989616394043;9.807888984680176;0.23229343618888887;0.9957134720640434;0.800000011920929;0.800000011920929;0.800000011920929
lidar;17.0;44.0;25.017074584960938;25.171396255493164;9.755816459655762;0.29882076382637024;25.013042449951172;25.130918502807617;9.813483238220215;0.22825096658259483;0.9971693156854129;0.800000011920929;0.800000011920929;0.800000011920929
lidar;17.0;44.0;25.016843795776367;25.175439834594727;9.759116172790527;0.29847586154937744;25.016681671142578;25.173744201660156;9.761445045471191;0.2955899727942359;0.9983215331448297;0.800000011920929;0.800000011920929;0.800000011920929
lidar;17.0;44.0;25.016613006591797;25.179473876953125;9.762409210205078;0.29822248220443726;25.014429092407227;25.155864715576172;9.79366397857666;0.25899153988209156;0.999169528539847;0.800000011920929;0.800000011920929;0.800000011920929
lidar;17.0;44.0;25.01638412475586;25.183504104614258;9.765697479248047;0.29806020855903625;25.020132064819336;25.22547149658203;9.712113380432129;0.36622585090383153;0.9997132420472429;0.800000011920929;0.800000011920929;0.800000011920929
lidar;17.0;44.0;25.01615333557129;25.187530517578125;9.768982887268066;0.2979888617992401;25.016170501708984;25.187715530395508;9.768754959106445;0.2982829949547799;0.9999523758882767;0.800000011920929;0.800000011920929;0.800000011920929
lidar;17.0;44.0;25.01592445373535;25.191556930541992;9.772268295288086;0.29800835251808167;25.016565322875977;25.199260711669922;9.76310920715332;0.3099938477332559;0.9998869895985528;0.800000011920929;0.800000011920929;0.800000011920929
lidar;17.0;44.0;25.015695571899414;25.19558334350586;9.775555610656738;0.2981185019016266;25.017393112182617;25.216745376586914;9.751270294189453;0.3303744571405845;0.9995169639854075;0.800000011920929;0.800000011920929;0.800000011920929
lidar;17.0;44.0;25.015464782714844;25.199615478515625;9.778844833374023;0.29831981658935547;25.013471603393555;25.17387580871582;9.807360649108887;0.2598546507775081;0.9988425373849404;0.800000011920929;0.800000011920929;0.800000011920929
lidar;17.0;44.0;25.015233993530273;25.20365333557129;9.782140731811523;0.2986123561859131;25.015350341796875;25.205211639404297;9.780473709106445;0.30089793104945406;0.9978637694126586;0.800000011920929;0.800000011920929;0.800000011920929
lidar;17.0;44.0;25.015003204345703;25.207700729370117;9.785443305969238;0.29899662733078003;25.013811111450195;25.191194534301758;9.802494049072266;0.2752356089908582;0.9965811372183135;0.800000011920929;0.800000011920929;0.800000011920929
lidar;17.0;44.0;25.014759063720703;25.211566925048828;9.788949966430664;0.29919931292533875;25.012653350830078;25.181386947631836;9.81905460357666;0.25652035443972454;0.9949679377067765;0.800000011920929;0.800000011920929;0.800000011920929
lidar;17.0;44.0;25.011077880859375;24.7883358001709;9.788626670837402;0.29933732748031616;25.010377883911133;24.801687240600586;9.801959991455078;0.2804557879688884;0.9945092798722966;0.800000011920929;0.800000011920929;0.800000011920929
lidar;17.0;44.0;25.011259078979492;24.792259216308594;9.785173416137695;0.2990536689758301;25.017353057861328;24.679811477661133;9.668889045715332;0.4609305811032489;0.9963909982052515;0.800000011920929;0.800000011920929;0.800000011920929
lidar;17.0;44.0;25.011432647705078;24.796306610107422;9.781866073608398;0.2986702024936676;25.013263702392578;24.763671875;9.746915817260742;0.3465234481212822;0.9976704715788306;0.800000011920929;0.800000011920929;0.800000011920929
lidar;17.0;44.0;25.01160430908203;24.80034637451172;9.778565406799316;0.29837849736213684;25.011960983276367;24.79422950744629;9.771780967712402;0.3075200356533328;0.9986460804193642;0.800000011920929;0.800000011920929;0.800000011920929
lidar;17.0;44.0;25.011777877807617;24.804378509521484;9.775270462036133;0.298178106546402;25.014978408813477;24.7512149810791;9.714198112487793;0.3792107388645691;0.9993175267488552;0.800000011920929;0.800000011920929;0.800000011920929
lidar;17.0;44.0;25.01194953918457;24.80840492248535;9.771979331970215;0.298068642616272;25.011215209960938;24.820186614990234;9.78600025177002;0.2797406497799166;0.9996845126330647;0.800000011920929;0.800000011920929;0.800000011920929
lidar;17.0;44.0;25.012123107910156;24.81243133544922;9.768689155578613;0.29805007576942444;25.01491928100586;24.76914405822754;9.715307235717773;0.3668338672214565;0.9997469782621645;0.800000011920929;0.800000011920929;0.800000011920929
lidar;17.0;44.0;25.01229476928711;24.816457748413086;9.765398025512695;0.2981223464012146;25.01205062866211;24.820114135742188;9.770071029663086;0.29218432620929513;0.9995049238041015;0.800000011920929;0.800000011920929;0.800000011920929
lidar;17.0;44.0;25.012468338012695;24.82048797607422;9.762104988098145;0.29828551411628723;25.011276245117188;24.837636947631836;9.784832954406738;0.269788114738535;0.9989584088128398;0.800000011920929;0.800000011920929;0.800000011920929
lidar;17.0;44.0;25.01263999938965;24.824522018432617;9.758807182312012;0.29853981733322144;25.012311935424805;24.829097747802734;9.765094757080078;0.2907573576020814;0.998107671734637;0.800000011920929;0.800000011920929;0.800000011920929
lidar;17.0;44.0;25.012813568115234;24.82856559753418;9.755502700805664;0.298885703086853;25.013370513916016;24.821117401123047;9.744879722595215;0.31187182429597;0.9969527722957701;0.800000011920929;0.800000011920929;0.800000011920929
lidar;17.0;44.0;25.01298713684082;24.83262062072754;9.752189636230469;0.29932358860969543;25.009977340698242;24.871410369873047;9.809619903564453;0.22995439508683851;0.9954942464386108;0.800000011920929;0.800000011920929;0.800000011920929
lidar;17.0;44.0;25.013137817382812;24.836971282958984;9.749302864074707;0.2993322014808655;25.012502670288086;24.8448486328125;9.761415481567383;0.2848697751450797;0.9963333603732553;0.800000011920929;0.800000011920929;0.800000011920929
lidar;17.0;44.0;25.013267517089844;24.841590881347656;9.746840476989746;0.2989296615123749;25.013057708740234;24.844099044799805;9.750847816467285;0.2941976689222566;0.9976748227955133;0.800000011920929;0.800000011920929;0.800000011920929
lidar;17.0;44.0;25.013397216796875;24.84619903564453;9.744384765625;0.29861894249916077;25.016447067260742;24.811168670654297;9.686163902282715;0.36663422282554625;0.998712301299071;0.800000011920929;0.800000011920929;0.800000011920929
lidar;17.0;44.0;25.013525009155273;24.850799560546875;9.741931915283203;0.29839974641799927;25.013362884521484;24.85258674621582;9.74502182006836;0.29482714764712403;0.9994455575733585;0.800000011920929;0.800000011920929;0.800000011920929
lidar;17.0;44.0;25.013652801513672;24.85539436340332;9.739482879638672;0.29827168583869934;25.00990867614746;24.89504623413086;9.810916900634766;0.21648537213635488;0.9998744130168197;0.800000011920929;0.800000011920929;0.800000011920929
lidar;17.0;44.0;25.01378059387207;24.859987258911133;9.737035751342773;0.2982344925403595;25.014781951904297;24.849822998046875;9.717945098876953;0.31988556792048617;0.9999986886978423;0.800000011920929;0.800000011920929;0.800000011920929
lidar;17.0;44.0;25.0139102935791;24.864580154418945;9.734587669372559;0.2982882559299469;25.013547897338867;24.868106842041016;9.741497993469238;0.29052128335256816;0.9998183250581673;0.800000011920929;0.800000011920929;0.800000011920929
lidar;17.0;44.0;25.0140380859375;24.86917495727539;9.732137680053711;0.2984327971935272;25.018756866455078;24.825193405151367;9.642083168029785;0.3987654203664138;0.9993335008269008;0.800000011920929;0.800000011920929;0.800000011920929
lidar;17.0;44.0;25.0141658782959;24.873777389526367;9.729684829711914;0.29866868257522583;25.015840530395508;24.858863830566406;9.697750091552734;0.3339541539361509;0.9985442160816782;0.800000011920929;0.800000011920929;0.800000011920929
lidar;17.0;44.0;25.01429557800293;24.878387451171875;9.727228164672852;0.29899606108665466;25.013811111450195;24.882503509521484;9.736458778381348;0.2888774542264255;0.9974506497319963;0.800000011920929;0.800000011920929;0.800000011920929
lidar;17.0;44.0;25.01442527770996;24.88300895690918;9.724764823913574;0.2994154095649719;25.011491775512695;24.90679168701172;9.780716896057129;0.23854717799611697;0.996053457197301;0.800000011920929;0.800000011920929;0.800000011920929
lidar;17.0;44.0;25.014543533325195;24.88772964477539;9.722501754760742;0.2997017800807953;25.020299911499023;24.843280792236328;9.612639427185059;0.4183550043317506;0.9957666399302735;0.800000011920929;0.800000011920929;0.800000011920929
lidar;17.0;44.0;25.014623641967773;24.89274787902832;9.720982551574707;0.2992785573005676;25.014408111572266;24.894329071044922;9.725095748901367;0.2948663670638654;0.9971745612121963;0.800000011920929;0.800000011920929;0.800000011920929
lidar;17.0;44.0;25.01470184326172;24.897754669189453;9.719466209411621;0.2989475429058075;25.011995315551758;24.91657066345215;9.771096229553223;0.24392851567399626;0.9982787966734621;0.800000011920929;0.800000011920929;0.800000011920929
lidar;17.0;44.0;25.014781951904297;24.90275001525879;9.717952728271484;0.2987081706523895;25.014497756958008;24.904613494873047;9.723359107971191;0.29298308817713603;0.9990788102357544;0.800000011920929;0.800000011920929;0.800000011920929
lidar;17.0;44.0;25.014860153198242;24.907739639282227;9.716442108154297;0.2985599935054779;25.016836166381836;24.895477294921875;9.678751945495605;0.338244064954028;0.999574601660903;0.800000011920929;0.800000011920929;0.800000011920929
lidar;17.0;44.0;25.01494026184082;24.9127254486084;9.71493148803711;0.2985028028488159;25.00979232788086;24.94279670715332;9.813154220581055;0.19565157986869136;0.9997658729435239;0.800000011920929;0.800000011920929;0.800000011920929
lidar;17.0;44.0;25.015018463134766;24.917713165283203;9.713421821594238;0.29853662848472595;25.01434898376465;24.92138671875;9.726218223571777;0.28520628279621457;0.999652624146033;0.800000011920929;0.800000011920929;0.800000011920929
lidar;17.0;44.0;25.015098571777344;24.922700881958008;9.711910247802734;0.2986614406108856;25.01089096069336;24.94423484802246;9.792169570922852;0.21545754748459317;0.9992348551660541;0.800000011920929;0.800000011920929;0.800000011920929
lidar;17.0;44.0;25.015174865722656;24.927705764770508;9.710441589355469;0.2988327741622925;25.01795196533203;24.91447639465332;9.657458305358887;0.35351297203488524;0.9986618160824443;0.800000011920929;0.800000011920929;0.800000011920929
lidar;17.0;44.0;25.01525115966797;24.932722091674805;9.708984375;0.29907989501953125;25.015193939208984;24.93297576904297;9.710081100463867;0.29795365365742177;0.9978367092119792;0.800000011920929;0.800000011920929;0.800000011920929
lidar;17.0;44.0;25.01532745361328;24.937747955322266;9.707525253295898;0.29941868782043457;25.020498275756836;24.916749954223633;9.608880996704102;0.40040605797368595;0.9967076779037783;0.800000011920929;0.800000011920929;0.800000011920929
lidar;17.0;44.0;25.015403747558594;24.942785263061523;9.706063270568848;0.29984962940216064;25.017183303833008;24.93617820739746;9.672111511230469;0.3344834559719817;0.9952750204649347;0.800000011920929;0.800000011920929;0.800000011920929
lidar;17.0;44.0;25.015439987182617;24.94797706604004;9.705370903015137;0.29958489537239075;25.017805099487305;24.94001007080078;9.660245895385742;0.345468755913816;0.996516048732736;0.800000011920929;0.800000011920929;0.800000011920929
lidar;17.0;44.0;25.015466690063477;24.95319366455078;9.704877853393555;0.29921120405197144;25.015256881713867;24.953824996948242;9.708867073059082;0.2951661591600756;0.99776065356985;0.800000011920929;0.800000011920929;0.800000011920929
lidar;17.0;44.0;25.015493392944336;24.958396911621094;9.704385757446289;0.2989293932914734;25.012392044067383;24.966720581054688;9.763527870178223;0.23912401826437032;0.9987013935325231;0.800000011920929;0.800000011920929;0.800000011920929
lidar;17.0;44.0;25.015518188476562;24.963594436645508;9.703901290893555;0.29873135685920715;25.016948699951172;24.960235595703125;9.676589012145996;0.3262871652083113;0.9993640185021619;0.800000011920929;0.800000011920929;0.800000011920929
lidar;17.0;44.0;25.015541076660156;24.968788146972656;9.703449249267578;0.29859328269958496;25.019697189331055;24.960445404052734;9.624173164367676;0.3784154789441725;0.9998261332666865;0.800000011920929;0.800000011920929;0.800000011920929
lidar;17.0;44.0;25.015565872192383;24.973979949951172;9.702997207641602;0.29854628443717957;25.011184692382812;24.981304168701172;9.786592483520508;0.21451669728570721;0.9999836087234456;0.800000011920929;0.800000011920929;0.800000011920929
lidar;17.0;44.0;25.015586853027344;24.97917366027832;9.702571868896484;0.2985634505748749;25.016311645507812;24.97820472717285;9.68875789642334;0.3124306095844958;0.9999263882678292;0.800000011920929;0.800000011920929;0.800000011920929
lidar;17.0;44.0;25.015607833862305;24.984371185302734;9.702176094055176;0.2986423075199127;25.020431518554688;24.979541778564453;9.610151290893555;0.39091929031082356;0.9996624589057953;0.800000011920929;0.800000011920929;0.800000011920929
lidar;17.0;44.0;25.015625;24.989574432373047;9.701849937438965;0.29874101281166077;25.016016006469727;24.98931312561035;9.694390296936035;0.3062155438409343;0.9993323683772019;0.800000011920929;0.800000011920929;0.800000011920929
lidar;17.0;44.0;25.015636444091797;24.99478530883789;9.701630592346191;0.2988242506980896;25.01131820678711;24.996225357055664;9.784043312072754;0.21628580008252438;0.9990538358228691;0.800000011920929;0.800000011920929;0.800000011920929
lidar;17.0;44.0;25.015642166137695;25.0;9.70154094696045;0.2988690435886383;25.015926361083984;25.0;9.696100234985352;0.30431682236892577;0.9989041089717636;0.800000011920929;0.800000011920929;0.800000011920929
lidar;17.0;44.0;25.015636444091797;25.00521469116211;9.701630592346191;0.2988242506980896;25.013959884643555;25.004655838012695;9.73363208770752;0.2667741511413159;0.9990538358228691;0.800000011920929;0.800000011920929;0.800000011920929
lidar;17.0;44.0;25.015625;25.010425567626953;9.701849937438965;0.29874101281166077;25.01700210571289;25.01134490966797;9.675581932067871;0.3250609521589613;0.9993323683772019;0.800000011920929;0.800000011920929;0.800000011920929
lidar;17.0;44.0;25.015607833862305;25.015628814697266;9.70217514038086;0.2986423373222351;25.01061248779297;25.01062774658203;9.7974853515625;0.203071297139846;0.9996624589057953;0.800000011920929;0.800000011920929;0.800000011920929
lidar;17.0;44.0;25.015586853027344;25.02082633972168;9.702571868896484;0.2985634505748749;25.012802124023438;25.017105102539062;9.755715370178223;0.24521681405313756;0.9999263882678292;0.800000011920929;0.800000011920929;0.800000011920929
lidar;17.0;44.0;25.015565872192383;25.026020050048828;9.702997207641602;0.29854628443717957;25.014591217041016;25.024391174316406;9.72158432006836;0.2798632192113316;0.9999836087234456;0.800000011920929;0.800000011920929;0.800000011920929
lidar;17.0;44.0;25.015541076660156;25.031211853027344;9.703449249267578;0.29859328269958496;25.01275062561035;25.025606155395508;9.756715774536133;0.2449596815602188;0.9998261332666865;0.800000011920929;0.800000011920929;0.800000011920929
lidar;17.0;44.0;25.015518188476562;25.036405563354492;9.703901290893555;0.29873135685920715;25.016660690307617;25.039085388183594;9.68211555480957;0.32071128075401967;0.9993640185021619;0.800000011920929;0.800000011920929;0.800000011920929
lidar;17.0;44.0;25.015493392944336;25.041603088378906;9.704385757446289;0.2989293932914734;25.01290512084961;25.034652709960938;9.753772735595703;0.24898787254444885;0.9987013935325231;0.800000011920929;0.800000011920929;0.800000011920929
lidar;17.0;44.0;25.015466690063477;25.04680633544922;9.704877853393555;0.29921120405197144;25.016071319580078;25.04863739013672;9.693334579467773;0.31091427678012573;0.99776065356985;0.800000011920929;0.800000011920929;0.800000011920929
lidar;17.0;44.0;25.015439987182617;25.05202293395996;9.705370903015137;0.29958489537239075;25.01942253112793;25.065439224243164;9.629389762878418;0.37684385162574463;0.996516048732736;0.800000011920929;0.800000011920929;0.800000011920929
lidar;17.0;44.0;25.015403747558594;25.057214736938477;9.706063270568848;0.29984962940216064;25.014446258544922;25.05365562438965;9.724346160888672;0.2811990440171044;0.9952750204649347;0.800000011920929;0.800000011920929;0.800000011920929
lidar;17.0;44.0;25.01532745361328;25.062252044677734;9.707526206970215;0.2994186282157898;25.01632308959961;25.066299438476562;9.688517570495605;0.3188777672934162;0.9967076779037783;0.800000011920929;0.800000011920929;0.800000011920929
lidar;17.0;44.0;25.01525115966797;25.067277908325195;9.708985328674316;0.2990798354148865;25.010910034179688;25.048126220703125;9.791829109191895;0.21393947732921942;0.9978367092119792;0.800000011920929;0.800000011920929;0.800000011920929
lidar;17.0;44.0;25.015174865722656;25.072294235229492;9.710441589355469;0.2988327443599701;25.018293380737305;25.087148666381836;9.6509428024292;0.36023703377041744;0.9986618160824443;0.800000011920929;0.800000011920929;0.800000011920929
lidar;17.0;44.0;25.015098571777344;25.077299118041992;9.711910247802734;0.29866141080856323;25.016305923461914;25.083486557006836;9.68885326385498;0.32256521585723913;0.9992348551660541;0.800000011920929;0.800000011920929;0.800000011920929
lidar;17.0;44.0;25.015018463134766;25.082286834716797;9.713420867919922;0.29853665828704834;25.017681121826172;25.09687042236328;9.662637710571289;0.3514392877434365;0.9996525645462706;0.800000011920929;0.800000011920929;0.800000011920929
lidar;17.0;44.0;25.01494026184082;25.0872745513916;9.71493148803711;0.2985028624534607;25.01958465576172;25.114412307739258;9.626288414001465;0.3913233309973154;0.9997658729435239;0.800000011920929;0.800000011920929;0.800000011920929
lidar;17.0;44.0;25.014860153198242;25.092260360717773;9.716442108154297;0.2985600233078003;25.01152992248535;25.07158088684082;9.779996871948242;0.23164256640517195;0.999574601660903;0.800000011920929;0.800000011920929;0.800000011920929
lidar;17.0;44.0;25.014781951904297;25.09724998474121;9.717952728271484;0.2987082004547119;25.01729393005371;25.113779067993164;9.67001724243164;0.34947585994649244;0.9990788102357544;0.800000011920929;0.800000011920929;0.800000011920929
lidar;17.0;44.0;25.01470184326172;25.102245330810547;9.719466209411621;0.29894760251045227;25.013031005859375;25.09063148498535;9.751335144042969;0.26498708093098117;0.9982787966734621;0.800000011920929;0.800000011920929;0.800000011920929
lidar;17.0;44.0;25.014623641967773;25.10725212097168;9.720982551574707;0.2992786169052124;25.01185417175293;25.086950302124023;9.773797988891602;0.24262719082017115;0.9971745612121963;0.800000011920929;0.800000011920929;0.800000011920929
lidar;17.0;44.0;25.014543533325195;25.11227035522461;9.722502708435059;0.2997017502784729;25.01679039001465;25.129623413085938;9.679609298706055;0.3460269633381443;0.9957666399302735;0.800000011920929;0.800000011920929;0.800000011920929
lidar;17.0;44.0;25.01442527770996;25.11699104309082;9.724764823913574;0.2994154393672943;25.014963150024414;25.12135124206543;9.714505195617676;0.3105763806872021;0.996053457197301;0.800000011920929;0.800000011920929;0.800000011920929
lidar;17.0;44.0;25.01429557800293;25.121612548828125;9.727228164672852;0.2989961504936218;25.014925003051758;25.12696647644043;9.715221405029297;0.31215699482434134;0.9974506497319963;0.800000011920929;0.800000011920929;0.800000011920929
lidar;17.0;44.0;25.0141658782959;25.126222610473633;9.729684829711914;0.2986688017845154;25.015941619873047;25.14203643798828;9.695817947387695;0.3360880152108733;0.9985442160816782;0.800000011920929;0.800000011920929;0.800000011920929
lidar;17.0;44.0;25.0140380859375;25.13082504272461;9.732137680053711;0.2984330356121063;25.01326560974121;25.123620986938477;9.74688720703125;0.28200044457726314;0.9993335008269008;0.800000011920929;0.800000011920929;0.800000011920929
lidar;17.0;44.0;25.0139102935791;25.135419845581055;9.734587669372559;0.2982884645462036;25.013195037841797;25.128467559814453;9.748215675354004;0.2829724921737228;0.9998183846638937;0.800000011920929;0.800000011920929;0.800000011920929
lidar;17.0;44.0;25.01378059387207;25.140012741088867;9.737034797668457;0.2982347011566162;25.007688522338867;25.078113555908203;9.853290557861328;0.16638698061283116;0.9999986886978423;0.800000011920929;0.800000011920929;0.800000011920929
lidar;17.0;44.0;25.013652801513672;25.14460563659668;9.739482879638672;0.29827189445495605;25.01150894165039;25.12189292907715;9.780401229858398;0.25142380737214565;0.9998744130168197;0.800000011920929;0.800000011920929;0.800000011920929
lidar;17.0;44.0;25.013525009155273;25.149200439453125;9.741931915283203;0.298399955034256;25.013059616088867;25.144073486328125;9.750799179077148;0.2881468273556156;0.9994455575733585;0.800000011920929;0.800000011920929;0.800000011920929
lidar;17.0;44.0;25.013397216796875;25.15380096435547;9.744383811950684;0.2986190617084503;25.01656150817871;25.190143585205078;9.683981895446777;0.36918264298917425;0.998712301299071;0.800000011920929;0.800000011920929;0.800000011920929
lidar;17.0;44.0;25.013267517089844;25.158409118652344;9.746840476989746;0.29892969131469727;25.010997772216797;25.131309509277344;9.79014778137207;0.24779238389576638;0.9976748227955133;0.800000011920929;0.800000011920929;0.800000011920929
lidar;17.0;44.0;25.013137817382812;25.163028717041016;9.749302864074707;0.29933226108551025;25.007349014282227;25.091190338134766;9.859770774841309;0.16743373238317474;0.9963333603732553;0.800000011920929;0.800000011920929;0.800000011920929
lidar;17.0;44.0;25.01298713684082;25.16737937927246;9.752189636230469;0.29932358860969543;25.01468276977539;25.18922996520996;9.719841003417969;0.3383969427095163;0.9954942464386108;0.800000011920929;0.800000011920929;0.800000011920929
lidar;17.0;44.0;25.012813568115234;25.17143440246582;9.755502700805664;0.29888564348220825;25.010713577270508;25.143327713012695;9.795587539672852;0.2498840815220081;0.9969528315779999;0.800000011920929;0.800000011920929;0.800000011920929
lidar;17.0;44.0;25.01263999938965;25.175477981567383;9.758807182312012;0.29853975772857666;25.011123657226562;25.1544246673584;9.787745475769043;0.26272143083337485;0.998107671734637;0.800000011920929;0.800000011920929;0.800000011920929
lidar;17.0;44.0;25.012468338012695;25.17951202392578;9.762104988098145;0.29828548431396484;25.011226654052734;25.161632537841797;9.785799980163574;0.2685760025142048;0.9989584088128398;0.800000011920929;0.800000011920929;0.800000011920929
lidar;17.0;44.0;25.01229476928711;25.183542251586914;9.765398025512695;0.2981223464012146;25.0126895904541;25.18943214416504;9.757869720458984;0.30768897728315336;0.9995049238041015;0.800000011920929;0.800000011920929;0.800000011920929
lidar;17.0;44.0;25.012123107910156;25.18756866455078;9.768689155578613;0.29805007576942444;25.01162338256836;25.179859161376953;9.77819538116455;0.2858006396158283;0.9997469782621645;0.800000011920929;0.800000011920929;0.800000011920929
lidar;17.0;44.0;25.01194953918457;25.19159507751465;9.771979331970215;0.29806867241859436;25.014007568359375;25.224576950073242;9.732726097106934;0.349380251398311;0.9996845126330647;0.800000011920929;0.800000011920929;0.800000011920929
lidar;17.0;44.0;25.011777877807617;25.195621490478516;9.775270462036133;0.2981780767440796;25.013198852539062;25.219219207763672;9.748163223266602;0.3341447226730696;0.9993175267488552;0.800000011920929;0.800000011920929;0.800000011920929
lidar;17.0;44.0;25.01160430908203;25.19965362548828;9.778565406799316;0.29837849736213684;25.00918960571289;25.158117294311523;9.82463264465332;0.23630346017337614;0.9986460804193642;0.800000011920929;0.800000011920929;0.800000011920929
lidar;17.0;44.0;25.011432647705078;25.203693389892578;9.781866073608398;0.2986701726913452;25.01276206970215;25.227401733398438;9.756476402282715;0.3334334535575927;0.9976704715788306;0.800000011920929;0.800000011920929;0.800000011920929
lidar;17.0;44.0;25.011259078979492;25.207740783691406;9.785173416137695;0.29905369877815247;25.012508392333984;25.230812072753906;9.761313438415527;0.33226817761259897;0.9963909982052515;0.800000011920929;0.800000011920929;0.800000011920929
lidar;17.0;44.0;25.011077880859375;25.2116641998291;9.788626670837402;0.29933735728263855;25.00859260559082;25.164186477661133;9.836039543151855;0.23219370499035458;0.9945093391286914;0.800000011920929;0.800000011920929;0.800000011920929
lidar;17.0;44.0;25.00739097595215;24.788209915161133;9.788338661193848;0.29951658844947815;25.0076904296875;24.779638290405273;9.779773712158203;0.31163694212929527;0.9939138293342749;0.800000011920929;0.800000011920929;0.800000011920929
lidar;17.0;44.0;25.007511138916016;24.792184829711914;9.784932136535645;0.2991616129875183;25.007421493530273;24.794654846191406;9.78748893737793;0.2956053347891471;0.9960312846046772;0.800000011920929;0.800000011920929;0.800000011920929
lidar;17.0;44.0;25.007625579833984;24.796232223510742;9.78161907196045;0.29877975583076477;25.008787155151367;24.765209197998047;9.748372077941895;0.3442675649807916;0.997304797303573;0.800000011920929;0.800000011920929;0.800000011920929
lidar;17.0;44.0;25.007741928100586;24.80027198791504;9.778314590454102;0.298489511013031;25.010080337524414;24.73992919921875;9.711338996887207;0.3886684274038413;0.9982745648143008;0.800000011920929;0.800000011920929;0.800000011920929
lidar;17.0;44.0;25.007856369018555;24.804304122924805;9.77501392364502;0.2982907295227051;25.008132934570312;24.79741096496582;9.76708984375;0.3087969410486945;0.9989401101910791;0.800000011920929;0.800000011920929;0.800000011920929
lidar;17.0;44.0;25.007972717285156;24.808332443237305;9.77171802520752;0.2981829047203064;25.00775718688965;24.813505172729492;9.77787971496582;0.2901344516592818;0.9993014931845924;0.800000011920929;0.800000011920929;0.800000011920929
lidar;17.0;44.0;25.008087158203125;24.812358856201172;9.768423080444336;0.2981659173965454;25.009811401367188;24.772361755371094;9.719061851501465;0.3617196778761411;0.9993584156561213;0.800000011920929;0.800000011920929;0.800000011920929
lidar;17.0;44.0;25.008201599121094;24.81638526916504;9.765127182006836;0.2982398569583893;25.008235931396484;24.815637588500977;9.764171600341797;0.29945349185956455;0.9991109371313411;0.800000011920929;0.800000011920929;0.800000011920929
lidar;17.0;44.0;25.008317947387695;24.820415496826172;9.761828422546387;0.298404723405838;25.00608253479004;24.868663787841797;9.825818061828613;0.21823212711498602;0.9985591172366015;0.800000011920929;0.800000011920929;0.800000011920929
lidar;17.0;44.0;25.008432388305664;24.824451446533203;9.758525848388672;0.2986608147621155;25.00777244567871;24.838207244873047;9.777445793151855;0.27525946177051913;0.9977031351177339;0.800000011920929;0.800000011920929;0.800000011920929
lidar;17.0;44.0;25.008548736572266;24.828495025634766;9.755215644836426;0.2990085184574127;25.008697509765625;24.825475692749023;9.750904083251953;0.3042756558966847;0.9965431691178958;0.800000011920929;0.800000011920929;0.800000011920929
lidar;17.0;44.0;25.008663177490234;24.832550048828125;9.751896858215332;0.29944831132888794;25.011119842529297;24.78506851196289;9.681544303894043;0.3843610807415683;0.9950797559804574;0.800000011920929;0.800000011920929;0.800000011920929
lidar;17.0;44.0;25.00876235961914;24.836952209472656;9.749082565307617;0.2993669807910919;25.009620666503906;24.82099151611328;9.724518775939941;0.3286739180233003;0.9962176083088738;0.800000011920929;0.800000011920929;0.800000011920929
lidar;17.0;44.0;25.008848190307617;24.84157371520996;9.746618270874023;0.29896464943885803;25.010021209716797;24.82056999206543;9.713025093078613;0.33860030012332315;0.9975577591176189;0.800000011920929;0.800000011920929;0.800000011920929
lidar;17.0;44.0;25.008934020996094;24.846181869506836;9.744158744812012;0.29865434765815735;25.009765625;24.83187484741211;9.720361709594727;0.3264339098130694;0.9985940455628937;0.800000011920929;0.800000011920929;0.800000011920929
lidar;17.0;44.0;25.00901985168457;24.85078239440918;9.741704940795898;0.2984354496002197;25.009857177734375;24.836923599243164;9.717714309692383;0.3261536110395901;0.9993260502535521;0.800000011920929;0.800000011920929;0.800000011920929
lidar;17.0;44.0;25.009105682373047;24.855377197265625;9.739253044128418;0.2983076870441437;25.005590438842773;24.91121482849121;9.839926719665527;0.18313233568245335;0.9997537136194772;0.800000011920929;0.800000011920929;0.800000011920929
lidar;17.0;44.0;25.009191513061523;24.859970092773438;9.73680305480957;0.29827091097831726;25.00922966003418;24.85938262939453;9.735697746276855;0.2995236791600174;0.999876856798551;0.800000011920929;0.800000011920929;0.800000011920929
lidar;17.0;44.0;25.00927734375;24.86456298828125;9.734352111816406;0.29832494258880615;25.007715225219727;24.887351989746094;9.779051780700684;0.24812724645523326;0.9996954202727393;0.800000011920929;0.800000011920929;0.800000011920929
lidar;17.0;44.0;25.009363174438477;24.869159698486328;9.731900215148926;0.29846999049186707;25.011661529541016;24.837026596069336;9.666057586669922;0.37177101508055177;0.9992094636658608;0.800000011920929;0.800000011920929;0.800000011920929
lidar;17.0;44.0;25.00944709777832;24.873762130737305;9.729445457458496;0.29870617389678955;25.00837516784668;24.888107299804688;9.760191917419434;0.2647599573690627;0.9984191060991381;0.800000011920929;0.800000011920929;0.800000011920929
lidar;17.0;44.0;25.00953483581543;24.878372192382812;9.726984977722168;0.2990339696407318;25.01124382019043;24.85655975341797;9.678025245666504;0.3526605125597067;0.9973246455545115;0.800000011920929;0.800000011920929;0.800000011920929
lidar;17.0;44.0;25.009620666503906;24.882993698120117;9.724519729614258;0.2994536757469177;25.010995864868164;24.866256713867188;9.685114860534668;0.3422868933718209;0.9959264400350967;0.800000011920929;0.800000011920929;0.800000011920929
lidar;17.0;44.0;25.009695053100586;24.887754440307617;9.722350120544434;0.29963767528533936;25.012250900268555;24.85816192626953;9.649152755737305;0.3786318808233772;0.9959797860435742;0.800000011920929;0.800000011920929;0.800000011920929
lidar;17.0;44.0;25.009748458862305;24.892770767211914;9.720829963684082;0.299214243888855;25.011844635009766;24.869714736938477;9.660802841186523;0.36355118611885895;0.9973892571297972;0.800000011920929;0.800000011920929;0.800000011920929
lidar;17.0;44.0;25.009801864624023;24.897775650024414;9.71931266784668;0.29888293147087097;25.010242462158203;24.89318084716797;9.706697463989258;0.3123160701552875;0.9984948039480407;0.800000011920929;0.800000011920929;0.800000011920929
lidar;17.0;44.0;25.009855270385742;24.90277099609375;9.717799186706543;0.29864323139190674;25.009197235107422;24.90926742553711;9.736655235290527;0.27868839128815504;0.9992961884079233;0.800000011920929;0.800000011920929;0.800000011920929
lidar;17.0;44.0;25.009906768798828;24.907760620117188;9.716287612915039;0.29849472641944885;25.00877571105957;24.918306350708008;9.748724937438965;0.2643671953804584;0.9997932314683242;0.800000011920929;0.800000011920929;0.800000011920929
lidar;17.0;44.0;25.009960174560547;24.912744522094727;9.714776992797852;0.298437237739563;25.00973129272461;24.914752960205078;9.721338272094727;0.291571661457156;0.999985754489485;0.800000011920929;0.800000011920929;0.800000011920929
lidar;17.0;44.0;25.010013580322266;24.9177303314209;9.713266372680664;0.29847073554992676;25.007123947143555;24.94146728515625;9.795994758605957;0.21235600058951984;0.999873578545956;0.800000011920929;0.800000011920929;0.800000011920929
lidar;17.0;44.0;25.01006507873535;24.922718048095703;9.71175479888916;0.2985951006412506;25.011674880981445;24.91036033630371;9.665663719177246;0.34634096205264103;0.9994568824446904;0.800000011920929;0.800000011920929;0.800000011920929
lidar;17.0;44.0;25.01011848449707;24.927711486816406;9.71024227142334;0.2988107204437256;25.00955581665039;24.931732177734375;9.726361274719238;0.282187475831513;0.998735785501977;0.800000011920929;0.800000011920929;0.800000011920929
lidar;17.0;44.0;25.01017189025879;24.93271255493164;9.708725929260254;0.2991178035736084;25.013288497924805;24.912092208862305;9.619462013244629;0.3907858532016079;0.9977103470029306;0.800000011920929;0.800000011920929;0.800000011920929
lidar;17.0;44.0;25.010225296020508;24.937726974487305;9.707206726074219;0.2995167672634125;25.009845733642578;24.94003677368164;9.718072891235352;0.28840158565338264;0.9963811637001988;0.800000011920929;0.800000011920929;0.800000011920929
lidar;17.0;44.0;25.01027488708496;24.942766189575195;9.705737113952637;0.2999531924724579;25.01036262512207;24.942285537719727;9.703267097473145;0.3024711719105188;0.9952921868678076;0.800000011920929;0.800000011920929;0.800000011920929
lidar;17.0;44.0;25.01029396057129;24.94799041748047;9.705223083496094;0.299507200717926;25.012773513793945;24.935462951660156;9.634215354919434;0.3716534760742364;0.9967744348004859;0.800000011920929;0.800000011920929;0.800000011920929
lidar;17.0;44.0;25.010311126708984;24.953205108642578;9.704728126525879;0.2991344928741455;25.011117935180664;24.949539184570312;9.681600570678711;0.3225647046777541;0.9980165957227787;0.800000011920929;0.800000011920929;0.800000011920929
lidar;17.0;44.0;25.01032829284668;24.95840835571289;9.704236030578613;0.2988526225090027;25.012920379638672;24.947965621948242;9.629985809326172;0.37387831026476603;0.9989579916278593;0.800000011920929;0.800000011920929;0.800000011920929
lidar;17.0;44.0;25.010345458984375;24.96360206604004;9.703744888305664;0.2986622452735901;25.0106143951416;24.962657928466797;9.696065902709961;0.30640363586290265;0.9995950460483922;0.800000011920929;0.800000011920929;0.800000011920929
lidar;17.0;44.0;25.01036262512207;24.968791961669922;9.703253746032715;0.2985629141330719;25.011018753051758;24.96681785583496;9.684478759765625;0.3174526646815801;0.9999276995668701;0.800000011920929;0.800000011920929;0.800000011920929
lidar;17.0;44.0;25.010379791259766;24.973979949951172;9.702762603759766;0.29855459928512573;25.01091957092285;24.972625732421875;9.687298774719238;0.31408695995625663;0.9999556541452508;0.800000011920929;0.800000011920929;0.800000011920929
lidar;17.0;44.0;25.010395050048828;24.979169845581055;9.702302932739258;0.298605740070343;25.012868881225586;24.974212646484375;9.631462097167969;0.36966343448581557;0.9997847080168959;0.800000011920929;0.800000011920929;0.800000011920929
lidar;17.0;44.0;25.010412216186523;24.984365463256836;9.701849937438965;0.29874080419540405;25.010332107543945;24.98448371887207;9.70409870147705;0.2964883606404532;0.99933296437994;0.800000011920929;0.800000011920929;0.800000011920929
lidar;17.0;44.0;25.010425567626953;24.98956871032715;9.701452255249023;0.29891154170036316;25.00928497314453;24.990711212158203;9.73413372039795;0.26619055207587594;0.998762369172259;0.800000011920929;0.800000011920929;0.800000011920929
lidar;17.0;44.0;25.01043701171875;24.994779586791992;9.701154708862305;0.29907339811325073;25.01076889038086;24.994613647460938;9.691650390625;0.3085849967926592;0.998221755102961;0.800000011920929;0.800000011920929;0.800000011920929
lidar;17.0;44.0;25.010440826416016;25.0;9.701027870178223;0.29915401339530945;25.011831283569336;25.0;9.66116714477539;0.33903982450734477;0.9979526997138365;0.800000011920929;0.800000011920929;0.800000011920929
lidar;17.0;44.0;25.01043701171875;25.005220413208008;9.701154708862305;0.29907339811325073;25.009567260742188;25.004785537719727;9.726027488708496;0.2741811557122203;0.998221755102961;0.800000011920929;0.800000011920929;0.800000011920929
lidar;17.0;44.0;25.010425567626953;25.01043128967285;9.701452255249023;0.29891151189804077;25.012195587158203;25.012203216552734;9.65076732635498;0.34965881342606675;0.998762369172259;0.800000011920929;0.800000011920929;0.800000011920929
lidar;17.0;44.0;25.010412216186523;25.015634536743164;9.701849937438965;0.29874080419540405;25.006759643554688;25.010150909423828;9.80642318725586;0.19396081322685557;0.99933296437994;0.800000011920929;0.800000011920929;0.800000011920929
lidar;17.0;44.0;25.010395050048828;25.020830154418945;9.702302932739258;0.298605740070343;25.007164001464844;25.01435661315918;9.794830322265625;0.20579625827433579;0.9997847080168959;0.800000011920929;0.800000011920929;0.800000011920929
lidar;17.0;44.0;25.010379791259766;25.026020050048828;9.702762603759766;0.2985546290874481;25.01132583618164;25.028392791748047;9.675657272338867;0.3257797956429075;0.9999556541452508;0.800000011920929;0.800000011920929;0.800000011920929
lidar;17.0;44.0;25.01036262512207;25.031208038330078;9.703253746032715;0.2985629141330719;25.01039695739746;25.03131103515625;9.702268600463867;0.29955382684027726;0.9999276995668701;0.800000011920929;0.800000011920929;0.800000011920929
lidar;17.0;44.0;25.010345458984375;25.03639793395996;9.703744888305664;0.2986622452735901;25.008882522583008;25.03125;9.745640754699707;0.2564255644303866;0.9995950460483922;0.800000011920929;0.800000011920929;0.800000011920929
lidar;17.0;44.0;25.01032829284668;25.04159164428711;9.704236030578613;0.2988526225090027;25.008304595947266;25.033443450927734;9.762182235717773;0.24030097104718853;0.9989579916278593;0.800000011920929;0.800000011920929;0.800000011920929
lidar;17.0;44.0;25.010311126708984;25.046794891357422;9.704728126525879;0.2991344630718231;25.011281967163086;25.05120277404785;9.676920890808105;0.3273060247299306;0.9980165361562537;0.800000011920929;0.800000011920929;0.800000011920929
lidar;17.0;44.0;25.01029396057129;25.05200958251953;9.705223083496094;0.299507200717926;25.008777618408203;25.044347763061523;9.748649597167969;0.2553833526060759;0.9967744348004859;0.800000011920929;0.800000011920929;0.800000011920929
lidar;17.0;44.0;25.01027488708496;25.057233810424805;9.705737113952637;0.2999531924724579;25.012121200561523;25.067508697509766;9.652910232543945;0.353802088880072;0.9952921868678076;0.800000011920929;0.800000011920929;0.800000011920929
lidar;17.0;44.0;25.010225296020508;25.062273025512695;9.707206726074219;0.2995167672634125;25.009862899780273;25.06007194519043;9.717558860778809;0.28892690149340583;0.9963811637001988;0.800000011920929;0.800000011920929;0.800000011920929
lidar;17.0;44.0;25.01017189025879;25.06728744506836;9.708725929260254;0.2991178035736084;25.008625030517578;25.057056427001953;9.753013610839844;0.2536380463417342;0.9977103470029306;0.800000011920929;0.800000011920929;0.800000011920929
lidar;17.0;44.0;25.01011848449707;25.072288513183594;9.71024227142334;0.29881078004837036;25.011920928955078;25.085168838500977;9.658617973327637;0.3520477167190532;0.998735785501977;0.800000011920929;0.800000011920929;0.800000011920929
lidar;17.0;44.0;25.01006507873535;25.077281951904297;9.71175479888916;0.2985951602458954;25.011255264282227;25.086416244506836;9.677687644958496;0.3338854928098971;0.9994568824446904;0.800000011920929;0.800000011920929;0.800000011920929
lidar;17.0;44.0;25.010013580322266;25.0822696685791;9.713266372680664;0.29847076535224915;25.009496688842773;25.07802391052246;9.728060722351074;0.28307056033915323;0.999873578545956;0.800000011920929;0.800000011920929;0.800000011920929
lidar;17.0;44.0;25.009960174560547;25.087255477905273;9.714776992797852;0.298437237739563;25.00922393798828;25.0808048248291;9.735861778259277;0.27637591944214257;0.9999856948859072;0.800000011920929;0.800000011920929;0.800000011920929
lidar;17.0;44.0;25.009906768798828;25.092239379882812;9.716287612915039;0.29849475622177124;25.006784439086914;25.06316566467285;9.805712699890137;0.20441001949869053;0.9997932314683242;0.800000011920929;0.800000011920929;0.800000011920929
lidar;17.0;44.0;25.009855270385742;25.09722900390625;9.717799186706543;0.2986432611942291;25.010541915893555;25.104015350341797;9.698101043701172;0.3194895008908457;0.9992961884079233;0.800000011920929;0.800000011920929;0.800000011920929
lidar;17.0;44.0;25.009801864624023;25.102224349975586;9.71931266784668;0.29888296127319336;25.01268196105957;25.132259368896484;9.636842727661133;0.386699577093763;0.9984948039480407;0.800000011920929;0.800000011920929;0.800000011920929
lidar;17.0;44.0;25.009748458862305;25.107229232788086;9.720829963684082;0.299214243888855;25.009105682373047;25.100147247314453;9.739266395568848;0.27945357687156125;0.9973892571297972;0.800000011920929;0.800000011920929;0.800000011920929
lidar;17.0;44.0;25.009695053100586;25.112245559692383;9.722350120544434;0.29963767528533936;25.00889778137207;25.103012084960938;9.745192527770996;0.2749860212328159;0.9959797860435742;0.800000011920929;0.800000011920929;0.800000011920929
lidar;17.0;44.0;25.009620666503906;25.117006301879883;9.724519729614258;0.2994537353515625;25.01014518737793;25.123384475708008;9.709502220153809;0.3157781853389978;0.9959264400350967;0.800000011920929;0.800000011920929;0.800000011920929
lidar;17.0;44.0;25.00953483581543;25.121627807617188;9.726984977722168;0.2990340292453766;25.008056640625;25.102783203125;9.76928424835205;0.2527035469630543;0.9973246455545115;0.800000011920929;0.800000011920929;0.800000011920929
lidar;17.0;44.0;25.00944709777832;25.126239776611328;9.729445457458496;0.2987063229084015;25.009193420410156;25.122838973999023;9.73673152923584;0.29066219350669775;0.9984191060991381;0.800000011920929;0.800000011920929;0.800000011920929
lidar;17.0;44.0;25.009363174438477;25.130840301513672;9.731900215148926;0.2984701693058014;25.009788513183594;25.136781692504883;9.719727516174316;0.31202167914993845;0.9992094636658608;0.800000011920929;0.800000011920929;0.800000011920929
lidar;17.0;44.0;25.00927734375;25.13543701171875;9.734352111816406;0.29832515120506287;25.013216018676758;25.19295883178711;9.621528625488281;0.42502714208581605;0.9996954202727393;0.800000011920929;0.800000011920929;0.800000011920929
lidar;17.0;44.0;25.009191513061523;25.140029907226562;9.73680305480957;0.2982710301876068;25.00598907470703;25.091243743896484;9.828498840332031;0.1943548839742283;0.999876856798551;0.800000011920929;0.800000011920929;0.800000011920929
lidar;17.0;44.0;25.009105682373047;25.144622802734375;9.739253044128418;0.298307865858078;25.010272979736328;25.163156509399414;9.70583724975586;0.33653768850660326;0.9997537136194772;0.800000011920929;0.800000011920929;0.800000011920929
lidar;17.0;44.0;25.00901985168457;25.14921760559082;9.741704940795898;0.29843559861183167;25.008272171020508;25.13684844970703;9.763116836547852;0.2736961626567296;0.9993260502535521;0.800000011920929;0.800000011920929;0.800000011920929
lidar;17.0;44.0;25.008934020996094;25.153818130493164;9.744158744812012;0.2986544668674469;25.00912094116211;25.157033920288086;9.738811492919922;0.30489728205422584;0.9985940455628937;0.800000011920929;0.800000011920929;0.800000011920929
lidar;17.0;44.0;25.008848190307617;25.15842628479004;9.746618270874023;0.2989647090435028;25.008920669555664;25.15972900390625;9.744537353515625;0.3014201192053619;0.9975578189628049;0.800000011920929;0.800000011920929;0.800000011920929
lidar;17.0;44.0;25.00876235961914;25.163047790527344;9.749082565307617;0.2993669807910919;25.011375427246094;25.21168327331543;9.674235343933105;0.3886668839755086;0.9962176083088738;0.800000011920929;0.800000011920929;0.800000011920929
lidar;17.0;44.0;25.008663177490234;25.167449951171875;9.751896858215332;0.29944831132888794;25.00917625427246;25.177343368530273;9.737238883972168;0.3171400892086871;0.9950797559804574;0.800000011920929;0.800000011920929;0.800000011920929
lidar;17.0;44.0;25.008548736572266;25.171504974365234;9.755215644836426;0.2990085482597351;25.013261795043945;25.266101837158203;9.620199203491211;0.4639331768510722;0.9965431691178958;0.800000011920929;0.800000011920929;0.800000011920929
lidar;17.0;44.0;25.008432388305664;25.175548553466797;9.758525848388672;0.29866084456443787;25.008729934692383;25.181753158569336;9.749991416931152;0.3092164306733259;0.9977031351177339;0.800000011920929;0.800000011920929;0.800000011920929
lidar;17.0;44.0;25.008317947387695;25.179584503173828;9.761828422546387;0.2984047532081604;25.00937843322754;25.202518463134766;9.73141098022461;0.3365143880822962;0.9985591172366015;0.800000011920929;0.800000011920929;0.800000011920929
lidar;17.0;44.0;25.008201599121094;25.18361473083496;9.765127182006836;0.2982398569583893;25.007858276367188;25.175931930541992;9.774955749511719;0.2857599277255948;0.9991109371313411;0.800000011920929;0.800000011920929;0.800000011920929
lidar;17.0;44.0;25.008087158203125;25.187641143798828;9.768423080444336;0.2981659173965454;25.008878707885742;25.20600700378418;9.745758056640625;0.32734799360191036;0.9993584156561213;0.800000011920929;0.800000011920929;0.800000011920929
lidar;17.0;44.0;25.007972717285156;25.191667556762695;9.77171802520752;0.2981829047203064;25.009403228759766;25.226099014282227;9.730709075927734;0.35174861701060645;0.9993014931845924;0.800000011920929;0.800000011920929;0.800000011920929
lidar;17.0;44.0;25.007856369018555;25.195695877075195;9.77501392364502;0.2982906699180603;25.008995056152344;25.22406578063965;9.742398262023926;0.3415332434436096;0.9989401101910791;0.800000011920929;0.800000011920929;0.800000011920929
lidar;17.0;44.0;25.007741928100586;25.19972801208496;9.778314590454102;0.2984895408153534;25.003856658935547;25.099475860595703;9.88958740234375;0.1486648151071843;0.9982745050965519;0.800000011920929;0.800000011920929;0.800000011920929
lidar;17.0;44.0;25.007625579833984;25.203767776489258;9.781620025634766;0.29877969622612;25.006044387817383;25.16149139404297;9.82692813873291;0.23679017534065291;0.997304737718579;0.800000011920929;0.800000011920929;0.800000011920929
lidar;17.0;44.0;25.007511138916016;25.207815170288086;9.784932136535645;0.2991616129875183;25.0075740814209;25.209569931030273;9.783116340637207;0.30168743700924466;0.9960312846046772;0.800000011920929;0.800000011920929;0.800000011920929
lidar;17.0;44.0;25.00739097595215;25.211790084838867;9.788338661193848;0.29951658844947815;25.008316040039062;25.238296508789062;9.761849403381348;0.33700107528591067;0.9939138892494961;0.800000011920929;0.800000011920929;0.800000011920929
lidar;17.0;44.0;25.003698348999023;24.788053512573242;9.7880859375;0.29973742365837097;25.00335693359375;24.807689666748047;9.807718276977539;0.2719686688787827;0.9931816461002695;0.800000011920929;0.800000011920929;0.800000011920929
lidar;17.0;44.0;25.00375747680664;24.79207420349121;9.784719467163086;0.29932066798210144;25.00353240966797;24.80454444885254;9.797630310058594;0.28136970607253925;0.9955022331783427;0.800000011920929;0.800000011920929;0.800000011920929
lidar;17.0;44.0;25.003816604614258;24.796123504638672;9.781401634216309;0.2989409863948822;25.004077911376953;24.782154083251953;9.766425132751465;0.3194216189710494;0.9967668053720394;0.800000011920929;0.800000011920929;0.800000011920929
lidar;17.0;44.0;25.003873825073242;24.800161361694336;9.778091430664062;0.2986530363559723;25.003028869628906;24.843769073486328;9.82651424407959;0.2334841094083409;0.9977279303777487;0.800000011920929;0.800000011920929;0.800000011920929
lidar;17.0;44.0;25.003931045532227;24.804195404052734;9.774785995483398;0.2984565198421478;25.003087997436523;24.84620475769043;9.82310676574707;0.23442205677094247;0.9983850717646079;0.800000011920929;0.800000011920929;0.800000011920929
lidar;17.0;44.0;25.00398826599121;24.808223724365234;9.771484375;0.29835110902786255;25.004302978515625;24.793109893798828;9.7534761428833;0.32186333039473647;0.9987379908534413;0.800000011920929;0.800000011920929;0.800000011920929
lidar;17.0;44.0;25.004045486450195;24.8122501373291;9.768184661865234;0.29833659529685974;25.00304412841797;24.85875129699707;9.82559871673584;0.22444615204313462;0.9987868070767315;0.800000011920929;0.800000011920929;0.800000011920929
lidar;17.0;44.0;25.004104614257812;24.8162784576416;9.764883041381836;0.2984130084514618;25.004064559936523;24.818016052246094;9.767107963562012;0.29558967947381365;0.9985312819560879;0.800000011920929;0.800000011920929;0.800000011920929
lidar;17.0;44.0;25.004161834716797;24.820310592651367;9.761579513549805;0.2985803782939911;25.00480079650879;24.79275131225586;9.72501277923584;0.34437348978265175;0.9979717134887064;0.800000011920929;0.800000011920929;0.800000011920929
lidar;17.0;44.0;25.00421905517578;24.8243465423584;9.758271217346191;0.2988390624523163;25.004552841186523;24.810508728027344;9.739228248596191;0.3223809780205721;0.9971081016993021;0.800000011920929;0.800000011920929;0.800000011920929
lidar;17.0;44.0;25.004276275634766;24.828392028808594;9.754955291748047;0.29918938875198364;25.004924774169922;24.802387237548828;9.71782398223877;0.34452581051405545;0.9959406855057307;0.800000011920929;0.800000011920929;0.800000011920929
lidar;17.0;44.0;25.004335403442383;24.832448959350586;9.751631736755371;0.29963189363479614;25.00403594970703;24.844039916992188;9.768813133239746;0.2789037300256569;0.9944700001592297;0.800000011920929;0.800000011920929;0.800000011920929
lidar;17.0;44.0;25.004383087158203;24.836896896362305;9.748882293701172;0.2994694709777832;25.004566192626953;24.830078125;9.738382339477539;0.31199063200304705;0.9958765507298885;0.800000011920929;0.800000011920929;0.800000011920929
lidar;17.0;44.0;25.004426956176758;24.84151840209961;9.746414184570312;0.29906806349754333;25.006681442260742;24.76080894470215;9.61727237701416;0.45137309487517807;0.9972129463067638;0.800000011920929;0.800000011920929;0.800000011920929
lidar;17.0;44.0;25.00446891784668;24.846128463745117;9.743952751159668;0.2987586259841919;25.0037841796875;24.86969566345215;9.783169746398926;0.2529995707684155;0.9982454180968805;0.800000011920929;0.800000011920929;0.800000011920929
lidar;17.0;44.0;25.004512786865234;24.85072898864746;9.741495132446289;0.29854074120521545;25.004911422729492;24.837541580200195;9.718655586242676;0.3249184900481683;0.9989738463688566;0.800000011920929;0.800000011920929;0.800000011920929
lidar;17.0;44.0;25.004554748535156;24.85532569885254;9.739041328430176;0.2984139621257782;25.004690170288086;24.851022720336914;9.731279373168945;0.3072893521463167;0.9993980526700572;0.800000011920929;0.800000011920929;0.800000011920929
lidar;17.0;44.0;25.00459861755371;24.859920501708984;9.736587524414062;0.2983781397342682;25.004554748535156;24.86125946044922;9.739107131958008;0.295524420766714;0.9995177388417793;0.800000011920929;0.800000011920929;0.800000011920929
lidar;17.0;44.0;25.004640579223633;24.864513397216797;9.734134674072266;0.29843321442604065;25.004850387573242;24.858400344848633;9.722136497497559;0.31190102138620623;0.9993330239655805;0.800000011920929;0.800000011920929;0.800000011920929
lidar;17.0;44.0;25.004684448242188;24.869112014770508;9.731679916381836;0.29857927560806274;25.00371742248535;24.896102905273438;9.787012100219727;0.23700690033186925;0.998843908285757;0.800000011920929;0.800000011920929;0.800000011920929
lidar;17.0;44.0;25.00472640991211;24.873714447021484;9.72922134399414;0.2988165616989136;25.005382537841797;24.856189727783203;9.691643714904785;0.3402852451259734;0.9980505703950785;0.800000011920929;0.800000011920929;0.800000011920929
lidar;17.0;44.0;25.004770278930664;24.878326416015625;9.72675895690918;0.2991454601287842;25.004776000976562;24.8781795501709;9.726426124572754;0.29950935235113163;0.99695307044468;0.800000011920929;0.800000011920929;0.800000011920929
lidar;17.0;44.0;25.004812240600586;24.882949829101562;9.724289894104004;0.2995662987232208;25.005186080932617;24.873863220214844;9.702886581420898;0.3228216981483473;0.99555206279744;0.800000011920929;0.800000011920929;0.800000011920929
lidar;17.0;44.0;25.00484848022461;24.887746810913086;9.722207069396973;0.29965490102767944;25.004606246948242;24.89337730407715;9.736141204833984;0.28462456127677155;0.9959226843998158;0.800000011920929;0.800000011920929;0.800000011920929
lidar;17.0;44.0;25.00487518310547;24.892765045166016;9.720685958862305;0.29923152923583984;25.005191802978516;24.885818481445312;9.702592849731445;0.31861442311718624;0.9973317385294991;0.800000011920929;0.800000011920929;0.800000011920929
lidar;17.0;44.0;25.004901885986328;24.897769927978516;9.719168663024902;0.298900306224823;25.004457473754883;24.90704917907715;9.744659423828125;0.271768936030647;0.9984369278528317;0.800000011920929;0.800000011920929;0.800000011920929
lidar;17.0;44.0;25.004928588867188;24.90276527404785;9.717653274536133;0.29866066575050354;25.00515365600586;24.8983154296875;9.704730033874512;0.31233122932594065;0.9992380142040176;0.800000011920929;0.800000011920929;0.800000011920929
lidar;17.0;44.0;25.004955291748047;24.90775489807129;9.716141700744629;0.29851222038269043;25.003957748413086;24.92632293701172;9.773279190063477;0.2384246292137025;0.9997346401074688;0.800000011920929;0.800000011920929;0.800000011920929
lidar;17.0;44.0;25.004980087280273;24.91274070739746;9.714630126953125;0.2984548807144165;25.003889083862305;24.931865692138672;9.777174949645996;0.23304174863836002;0.9999268054945926;0.800000011920929;0.800000011920929;0.800000011920929
lidar;17.0;44.0;25.005008697509766;24.917726516723633;9.713118553161621;0.29848840832710266;25.006145477294922;24.89903450012207;9.647947311401367;0.3662956108876319;0.9998143911352022;0.800000011920929;0.800000011920929;0.800000011920929
lidar;17.0;44.0;25.005033493041992;24.922712326049805;9.7116060256958;0.29861295223236084;25.005197525024414;24.920202255249023;9.702239036560059;0.30831160841074173;0.9993973969983787;0.800000011920929;0.800000011920929;0.800000011920929
lidar;17.0;44.0;25.00506019592285;24.927705764770508;9.710091590881348;0.29882869124412537;25.005529403686523;24.920989990234375;9.683159828186035;0.326589496393805;0.9986760020791711;0.800000011920929;0.800000011920929;0.800000011920929
lidar;17.0;44.0;25.00508689880371;24.932708740234375;9.708575248718262;0.29913589358329773;25.0041561126709;24.945016860961914;9.761874198913574;0.24442696788072268;0.9976503250451642;0.800000011920929;0.800000011920929;0.800000011920929
lidar;17.0;44.0;25.00511360168457;24.93772315979004;9.70705509185791;0.29953500628471375;25.00380516052246;24.953645706176758;9.781954765319824;0.22295091184276422;0.9963209031348651;0.800000011920929;0.800000011920929;0.800000011920929
lidar;17.0;44.0;25.005136489868164;24.942781448364258;9.70568561553955;0.2998686134815216;25.00428581237793;24.952266693115234;9.754471778869629;0.25016206230437915;0.9955731627026028;0.800000011920929;0.800000011920929;0.800000011920929
lidar;17.0;44.0;25.005146026611328;24.94800567626953;9.705171585083008;0.29942259192466736;25.00635528564453;24.935787200927734;9.635892868041992;0.3697805771565188;0.997056305133834;0.800000011920929;0.800000011920929;0.800000011920929
lidar;17.0;44.0;25.005155563354492;24.953214645385742;9.704658508300781;0.2990688383579254;25.004671096801758;24.95760154724121;9.732343673706055;0.2710343788148754;0.9982357620892478;0.800000011920929;0.800000011920929;0.800000011920929
lidar;17.0;44.0;25.005163192749023;24.95841407775879;9.704146385192871;0.2988068163394928;25.004474639892578;24.963964462280273;9.743634223937988;0.25892477787106105;0.9991111755210341;0.800000011920929;0.800000011920929;0.800000011920929
lidar;17.0;44.0;25.005172729492188;24.963605880737305;9.703635215759277;0.29863622784614563;25.005420684814453;24.96186637878418;9.689481735229492;0.31289782386517156;0.9996822476290901;0.800000011920929;0.800000011920929;0.800000011920929
lidar;17.0;44.0;25.00518226623535;24.968791961669922;9.703124046325684;0.2985566556453705;25.004663467407227;24.97191619873047;9.732837677001953;0.2686751110780401;0.9999487996104504;0.800000011920929;0.800000011920929;0.800000011920929
lidar;17.0;44.0;25.005189895629883;24.97397804260254;9.702613830566406;0.2985677421092987;25.00568199157715;24.97151756286621;9.674500465393066;0.32679266957739816;0.9999116659158388;0.800000011920929;0.800000011920929;0.800000011920929
lidar;17.0;44.0;25.005199432373047;24.97916603088379;9.702122688293457;0.29865044355392456;25.005170822143555;24.97928237915039;9.70378589630127;0.2969823313189069;0.9996351003596832;0.800000011920929;0.800000011920929;0.800000011920929
lidar;17.0;44.0;25.005207061767578;24.98436164855957;9.701630592346191;0.2988242208957672;25.005163192749023;24.984493255615234;9.704139709472656;0.2963110480179315;0.9990538954435041;0.800000011920929;0.800000011920929;0.800000011920929
lidar;17.0;44.0;25.005216598510742;24.98956298828125;9.701154708862305;0.2990734279155731;25.004507064819336;24.990982055664062;9.741786003112793;0.2584107975860128;0.9982216358527081;0.800000011920929;0.800000011920929;0.800000011920929
lidar;17.0;44.0;25.005224227905273;24.994775772094727;9.700727462768555;0.2993636429309845;25.003829956054688;24.99616813659668;9.780556678771973;0.21951055668526553;0.9972541930255857;0.800000011920929;0.800000011920929;0.800000011920929
lidar;17.0;44.0;25.00522804260254;25.0;9.700514793395996;0.29953089356422424;25.002805709838867;25.0;9.839245796203613;0.16077878089827857;0.9966973066730691;0.800000011920929;0.800000011920929;0.800000011920929
lidar;17.0;44.0;25.005224227905273;25.005224227905273;9.700727462768555;0.2993636131286621;25.003755569458008;25.003755569458008;9.784895896911621;0.21516950374328506;0.9972541930255857;0.800000011920929;0.800000011920929;0.800000011920929
lidar;17.0;44.0;25.005216598510742;25.01043701171875;9.701154708862305;0.2990734279155731;25.003692626953125;25.007389068603516;9.788410186767578;0.21175066004412668;0.9982216358527081;0.800000011920929;0.800000011920929;0.800000011920929
lidar;17.0;44.0;25.005207061767578;25.01563835144043;9.701630592346191;0.2988242506980896;25.00455093383789;25.01366424560547;9.739300727844238;0.2610966077693928;0.9990538954435041;0.800000011920929;0.800000011920929;0.800000011920929
lidar;17.0;44.0;25.005199432373047;25.02083396911621;9.702122688293457;0.29865044355392456;25.004886627197266;25.019580841064453;9.720019340515137;0.28070728219369684;0.9996351003596832;0.800000011920929;0.800000011920929;0.800000011920929
lidar;17.0;44.0;25.005189895629883;25.02602195739746;9.702613830566406;0.2985677421092987;25.00442123413086;25.022167205810547;9.746678352355957;0.25432846835613276;0.9999116659158388;0.800000011920929;0.800000011920929;0.800000011920929
lidar;17.0;44.0;25.00518226623535;25.031208038330078;9.703124046325684;0.2985566258430481;25.006059646606445;25.036489486694336;9.652886390686035;0.34907880564070876;0.9999487996104504;0.800000011920929;0.800000011920929;0.800000011920929
lidar;17.0;44.0;25.005172729492188;25.036394119262695;9.703635215759277;0.29863622784614563;25.006052017211914;25.042579650878906;9.653278350830078;0.3493782784961429;0.9996822476290901;0.800000011920929;0.800000011920929;0.800000011920929
lidar;17.0;44.0;25.005163192749023;25.04158592224121;9.704146385192871;0.2988068163394928;25.003599166870117;25.028987884521484;9.793779373168945;0.20827907220092262;0.9991111755210341;0.800000011920929;0.800000011920929;0.800000011920929
lidar;17.0;44.0;25.005155563354492;25.046785354614258;9.704658508300781;0.2990688681602478;25.005475997924805;25.049701690673828;9.686246871948242;0.3177122338966905;0.9982357620892478;0.800000011920929;0.800000011920929;0.800000011920929
lidar;17.0;44.0;25.005146026611328;25.05199432373047;9.705171585083008;0.29942256212234497;25.005504608154297;25.05560874938965;9.684673309326172;0.3202401012309782;0.997056305133834;0.800000011920929;0.800000011920929;0.800000011920929
lidar;17.0;44.0;25.005136489868164;25.057218551635742;9.70568561553955;0.2998686134815216;25.00605010986328;25.0673828125;9.653399467468262;0.3531411010715365;0.9955731627026028;0.800000011920929;0.800000011920929;0.800000011920929
lidar;17.0;44.0;25.00511360168457;25.06227684020996;9.70705509185791;0.29953503608703613;25.003538131713867;25.04309844970703;9.797268867492676;0.2072918684104547;0.9963209031348651;0.800000011920929;0.800000011920929;0.800000011920929
lidar;17.0;44.0;25.00508689880371;25.067291259765625;9.708575248718262;0.2991359233856201;25.00347900390625;25.046018600463867;9.800699234008789;0.2045739380484472;0.9976503250451642;0.800000011920929;0.800000011920929;0.800000011920929
lidar;17.0;44.0;25.00506019592285;25.072294235229492;9.710091590881348;0.29882872104644775;25.004356384277344;25.062240600585938;9.750402450561523;0.2572773794234271;0.9986760020791711;0.800000011920929;0.800000011920929;0.800000011920929
lidar;17.0;44.0;25.005033493041992;25.077287673950195;9.7116060256958;0.2986130118370056;25.00501251220703;25.076974868774414;9.71277141571045;0.29740603494209306;0.9993973969983787;0.800000011920929;0.800000011920929;0.800000011920929
lidar;17.0;44.0;25.005008697509766;25.082273483276367;9.713118553161621;0.29848846793174744;25.004709243774414;25.077363967895508;9.730240821838379;0.28067307484540754;0.9998143911352022;0.800000011920929;0.800000011920929;0.800000011920929
lidar;17.0;44.0;25.004980087280273;25.08725929260254;9.714629173278809;0.2984549105167389;25.004253387451172;25.07449722290039;9.756369590759277;0.2548014140770982;0.9999268054945926;0.800000011920929;0.800000011920929;0.800000011920929
lidar;17.0;44.0;25.004955291748047;25.09224510192871;9.716140747070312;0.2985122799873352;25.00364875793457;25.06792640686035;9.790976524353027;0.21981361799573723;0.9997346401074688;0.800000011920929;0.800000011920929;0.800000011920929
lidar;17.0;44.0;25.004928588867188;25.09723472595215;9.717653274536133;0.2986606955528259;25.005094528198242;25.100513458251953;9.70813274383545;0.3087316285922712;0.9992380142040176;0.800000011920929;0.800000011920929;0.800000011920929
lidar;17.0;44.0;25.004901885986328;25.102230072021484;9.719168663024902;0.2989002764225006;25.00562286376953;25.117277145385742;9.677834510803223;0.34289313022783463;0.9984369278528317;0.800000011920929;0.800000011920929;0.800000011920929
lidar;17.0;44.0;25.00487518310547;25.107234954833984;9.720685958862305;0.29923155903816223;25.00531578063965;25.1169376373291;9.695415496826172;0.3263038354819094;0.9973317385294991;0.800000011920929;0.800000011920929;0.800000011920929
lidar;17.0;44.0;25.00484848022461;25.112253189086914;9.722207069396973;0.29965487122535706;25.005298614501953;25.12265968322754;9.696454048156738;0.32743438983632345;0.9959227442185964;0.800000011920929;0.800000011920929;0.800000011920929
lidar;17.0;44.0;25.004812240600586;25.117050170898438;9.724289894104004;0.2995663583278656;25.00370979309082;25.090240478515625;9.78744125366211;0.23095018147325125;0.9955521224622751;0.800000011920929;0.800000011920929;0.800000011920929
lidar;17.0;44.0;25.004770278930664;25.121673583984375;9.72675895690918;0.29914551973342896;25.004730224609375;25.120689392089844;9.728970527648926;0.2967242529316796;0.99695307044468;0.800000011920929;0.800000011920929;0.800000011920929
lidar;17.0;44.0;25.00472640991211;25.126285552978516;9.72922134399414;0.29881662130355835;25.004302978515625;25.11497688293457;9.753470420837402;0.2720563980888219;0.9980505703950785;0.800000011920929;0.800000011920929;0.800000011920929
lidar;17.0;44.0;25.004684448242188;25.130887985229492;9.731679916381836;0.2985793650150299;25.0045108795166;25.126056671142578;9.741585731506348;0.2875564634568746;0.998843908285757;0.800000011920929;0.800000011920929;0.800000011920929
lidar;17.0;44.0;25.004640579223633;25.135486602783203;9.734134674072266;0.2984332740306854;25.004539489746094;25.132511138916016;9.739972114562988;0.29188091132162414;0.9993330836845916;0.800000011920929;0.800000011920929;0.800000011920929
lidar;17.0;44.0;25.00459861755371;25.140079498291016;9.736587524414062;0.2983781695365906;25.005746841430664;25.17509651184082;9.670741081237793;0.372965259721431;0.99951779841591;0.800000011920929;0.800000011920929;0.800000011920929
lidar;17.0;44.0;25.004554748535156;25.14467430114746;9.739041328430176;0.298414021730423;25.00459098815918;25.14581871032715;9.736976623535156;0.3007749433763778;0.9993980526700572;0.800000011920929;0.800000011920929;0.800000011920929
lidar;17.0;44.0;25.004512786865234;25.14927101135254;9.741495132446289;0.29854077100753784;25.00269889831543;25.089313507080078;9.845329284667969;0.1786254584654735;0.9989738463688566;0.800000011920929;0.800000011920929;0.800000011920929
lidar;17.0;44.0;25.00446891784668;25.153871536254883;9.743952751159668;0.29875868558883667;25.003774642944336;25.129961013793945;9.78374195098877;0.2523325588752102;0.9982454180968805;0.800000011920929;0.800000011920929;0.800000011920929
lidar;17.0;44.0;25.004426956176758;25.15848159790039;9.746414184570312;0.2990680932998657;25.004121780395508;25.14760398864746;9.76382064819336;0.27853956003104346;0.9972129463067638;0.800000011920929;0.800000011920929;0.800000011920929
lidar;17.0;44.0;25.004383087158203;25.163103103637695;9.748882293701172;0.299469530582428;25.004613876342773;25.17165184020996;9.735721588134766;0.3151644857761972;0.9958765507298885;0.800000011920929;0.800000011920929;0.800000011920929
lidar;17.0;44.0;25.004335403442383;25.167551040649414;9.751631736755371;0.29963189363479614;25.003908157348633;25.151065826416016;9.776069641113281;0.2701500840692517;0.9944700001592297;0.800000011920929;0.800000011920929;0.800000011920929
lidar;17.0;44.0;25.004276275634766;25.171607971191406;9.754955291748047;0.29918938875198364;25.00529670715332;25.212539672851562;9.696508407592773;0.3705507290156086;0.9959406855057307;0.800000011920929;0.800000011920929;0.800000011920929
lidar;17.0;44.0;25.00421905517578;25.1756534576416;9.758271217346191;0.2988390028476715;25.00315284729004;25.131240844726562;9.819389343261719;0.22328088815948066;0.9971081016993021;0.800000011920929;0.800000011920929;0.800000011920929
lidar;17.0;44.0;25.004161834716797;25.179689407348633;9.761579513549805;0.2985803782939911;25.004554748535156;25.196666717529297;9.739052772521973;0.3267908180595997;0.9979717134887064;0.800000011920929;0.800000011920929;0.800000011920929
lidar;17.0;44.0;25.004104614257812;25.1837215423584;9.764883041381836;0.2984130084514618;25.003253936767578;25.14569854736328;9.813541412353516;0.23665495847421278;0.9985312819560879;0.800000011920929;0.800000011920929;0.800000011920929
lidar;17.0;44.0;25.004045486450195;25.1877498626709;9.768184661865234;0.29833659529685974;25.004133224487305;25.191783905029297;9.763203620910645;0.3047461954974189;0.9987868070767315;0.800000011920929;0.800000011920929;0.800000011920929
lidar;17.0;44.0;25.00398826599121;25.191776275634766;9.771484375;0.29835107922554016;25.004650115966797;25.223556518554688;9.733617782592773;0.34779063124918214;0.9987379908534413;0.800000011920929;0.800000011920929;0.800000011920929
lidar;17.0;44.0;25.003931045532227;25.195804595947266;9.774785995483398;0.29845649003982544;25.003215789794922;25.160144805908203;9.815802574157715;0.24410078691274792;0.9983850120845217;0.800000011920929;0.800000011920929;0.800000011920929
lidar;17.0;44.0;25.003873825073242;25.199838638305664;9.778091430664062;0.2986530363559723;25.004220962524414;25.2177677154541;9.758180618286133;0.32544948331766793;0.9977279303777487;0.800000011920929;0.800000011920929;0.800000011920929
lidar;17.0;44.0;25.003816604614258;25.203876495361328;9.781401634216309;0.2989409267902374;25.003646850585938;25.194896697998047;9.791031837463379;0.285771736641644;0.9967668053720394;0.800000011920929;0.800000011920929;0.800000011920929
lidar;17.0;44.0;25.00375747680664;25.20792579650879;9.784719467163086;0.29932069778442383;25.004180908203125;25.231367111206055;9.760449409484863;0.33306499459634786;0.9955022331783427;0.800000011920929;0.800000011920929;0.800000011920929
lidar;17.0;44.0;25.003698348999023;25.211946487426758;9.7880859375;0.29973742365837097;25.004833221435547;25.276935577392578;9.72310733795166;0.3916457108355453;0.9931817051626982;0.800000011920929;0.800000011920929;0.800000011920929
lidar;17.0;44.0;25.0;24.78786849975586;9.78786849975586;0.29999983310699463;25.0;24.805444717407227;9.805445671081543;0.2751412478605725;0.9923129085801324;0.800000011920929;0.800000011920929;0.800000011920929
lidar;17.0;44.0;25.0;24.791929244995117;9.78453540802002;0.29953083395957947;25.0;24.727720260620117;9.718047142028809;0.3919608278736585;0.9948038461646302;0.800000011920929;0.800000011920929;0.800000011920929
lidar;17.0;44.0;25.0;24.795976638793945;9.78121280670166;0.29915404319763184;25.0;24.76215934753418;9.744946479797363;0.34874180346417977;0.9960567952892743;0.800000011920929;0.800000011920929;0.800000011920929
lidar;17.0;44.0;25.0;24.800018310546875;9.777896881103516;0.29886919260025024;25.0;24.829252243041992;9.810365676879883;0.2551780697487327;0.9970064164621479;0.800000011920929;0.800000011920929;0.800000011920929
lidar;17.0;44.0;25.0;24.80405044555664;9.77458667755127;0.2986757159233093;25.0;24.792686462402344;9.761512756347656;0.31599852656839605;0.9976522924208442;0.800000011920929;0.800000011920929;0.800000011920929
lidar;17.0;44.0;25.0;24.808080673217773;9.771279335021973;0.29857349395751953;25.0;24.847789764404297;9.818602561950684;0.2367980977177112;0.9979943036245876;0.800000011920929;0.800000011920929;0.800000011920929
lidar;17.0;44.0;25.0;24.812108993530273;9.767973899841309;0.29856210947036743;25.0;24.723962783813477;9.659122467041016;0.4386271007495735;0.9980323316059432;0.800000011920929;0.800000011920929;0.800000011920929
lidar;17.0;44.0;25.0;24.816137313842773;9.764667510986328;0.29864177107810974;25.0;24.801074981689453;9.74538803100586;0.3231067138681857;0.9977663160729817;0.800000011920929;0.800000011920929;0.800000011920929
lidar;17.0;44.0;25.0;24.82016944885254;9.761357307434082;0.2988125681877136;25.0;24.86037826538086;9.814715385437012;0.2320018290886423;0.9971963165936379;0.800000011920929;0.800000011920929;0.800000011920929
lidar;17.0;44.0;25.0;24.824209213256836;9.75804328918457;0.299074649810791;25.0;24.817584991455078;9.748927116394043;0.31034302206555475;0.9963226914181939;0.800000011920929;0.800000011920929;0.800000011920929
lidar;17.0;44.0;25.0;24.82825469970703;9.754722595214844;0.29942840337753296;25.0;24.849014282226562;9.784369468688965;0.2632366062246419;0.9951454400003393;0.800000011920929;0.800000011920929;0.800000011920929
lidar;17.0;44.0;25.0;24.832311630249023;9.751392364501953;0.29987460374832153;25.0;24.845840454101562;9.77145004272461;0.27568134093344865;0.993665099105453;0.800000011920929;0.800000011920929;0.800000011920929
lidar;17.0;44.0;25.0;24.836803436279297;9.748701095581055;0.29963988065719604;25.0;24.84792137145996;9.76581859588623;0.27922948235796957;0.9953102468409298;0.800000011920929;0.800000011920929;0.800000011920929
lidar;17.0;44.0;25.0;24.841426849365234;9.746230125427246;0.2992399334907532;25.0;24.860734939575195;9.777130126953125;0.2628028578447335;0.9966402652468809;0.800000011920929;0.800000011920929;0.800000011920929
lidar;17.0;44.0;25.0;24.846038818359375;9.743764877319336;0.2989319860935211;25.0;24.85691261291504;9.761861801147461;0.27781948184103933;0.9976666570528429;0.800000011920929;0.800000011920929;0.800000011920929
lidar;17.0;44.0;25.0;24.85064125061035;9.741304397583008;0.29871559143066406;25.0;24.847599029541016;9.736034393310547;0.3048017724187149;0.9983890652839797;0.800000011920929;0.800000011920929;0.800000011920929
lidar;17.0;44.0;25.0;24.855239868164062;9.738846778869629;0.29859042167663574;25.0;24.860179901123047;9.747759819030762;0.28840005716611167;0.998807430338684;0.800000011920929;0.800000011920929;0.800000011920929
lidar;17.0;44.0;25.0;24.85983657836914;9.736390113830566;0.29855626821517944;25.0;24.894248962402344;9.801112174987793;0.22525392554349022;0.9989215731008487;0.800000011920929;0.800000011920929;0.800000011920929
lidar;17.0;44.0;25.0;24.86443328857422;9.733933448791504;0.298613041639328;25.0;24.898653030395508;9.801095008850098;0.22323673911938072;0.9987313746546346;0.800000011920929;0.800000011920929;0.800000011920929
lidar;17.0;44.0;25.0;24.86903190612793;9.731475830078125;0.29876089096069336;25.0;24.887460708618164;9.769262313842773;0.2567196170254033;0.9982370137928649;0.800000011920929;0.800000011920929;0.800000011920929
lidar;17.0;44.0;25.0;24.87363624572754;9.72901439666748;0.29899996519088745;25.0;24.874225616455078;9.730276107788086;0.2976072094047399;0.9974385500158426;0.800000011920929;0.800000011920929;0.800000011920929
lidar;17.0;44.0;25.0;24.878252029418945;9.726548194885254;0.2993307113647461;25.0;24.877342224121094;9.724506378173828;0.3015657219886018;0.9963362219309113;0.800000011920929;0.800000011920929;0.800000011920929
lidar;17.0;44.0;25.0;24.882877349853516;9.724075317382812;0.2997535467147827;25.0;24.87633514404297;9.708663940429688;0.3164961594271545;0.9949305060955091;0.800000011920929;0.800000011920929;0.800000011920929
lidar;17.0;44.0;25.0;24.887710571289062;9.722073554992676;0.29975348711013794;25.0;24.881826400756836;9.707509994506836;0.315460311031354;0.9955953358551095;0.800000011920929;0.800000011920929;0.800000011920929
lidar;17.0;44.0;25.0;24.892728805541992;9.720550537109375;0.29933056235313416;25.0;24.89165687561035;9.717755317687988;0.3023249980675162;0.9970021249314476;0.800000011920929;0.800000011920929;0.800000011920929
lidar;17.0;44.0;25.0;24.897735595703125;9.719032287597656;0.29899969696998596;25.0;24.90167236328125;9.72984790802002;0.2874901366250949;0.9981051087226795;0.800000011920929;0.800000011920929;0.800000011920929
lidar;17.0;44.0;25.0;24.902732849121094;9.71751594543457;0.2987605631351471;25.0;24.932781219482422;9.804779052734375;0.20646932857567302;0.9989041686011019;0.800000011920929;0.800000011920929;0.800000011920929
lidar;17.0;44.0;25.0;24.907724380493164;9.716002464294434;0.29861265420913696;25.0;24.907310485839844;9.714730262756348;0.29995044916162444;0.9993988871266305;0.800000011920929;0.800000011920929;0.800000011920929
lidar;17.0;44.0;25.0;24.912710189819336;9.714489936828613;0.29855579137802124;25.0;24.91109848022461;9.709216117858887;0.3040707438705692;0.9995891452002079;0.800000011920929;0.800000011920929;0.800000011920929
lidar;17.0;44.0;25.0;24.91769790649414;9.712976455688477;0.29858991503715515;25.0;24.910707473754883;9.688599586486816;0.3239494691219332;0.9994749427297979;0.800000011920929;0.800000011920929;0.800000011920929
lidar;17.0;44.0;25.0;24.922687530517578;9.711463928222656;0.2987150251865387;25.0;24.933399200439453;9.751442909240723;0.25732573906329065;0.9990563392437225;0.800000011920929;0.800000011920929;0.800000011920929
lidar;17.0;44.0;25.0;24.92768096923828;9.709948539733887;0.2989313006401062;25.0;24.958723068237305;9.834444046020508;0.1706240095961811;0.9983333945197235;0.800000011920929;0.800000011920929;0.800000011920929
lidar;17.0;44.0;25.0;24.93268585205078;9.708430290222168;0.2992391884326935;25.0;24.925451278686523;9.677095413208008;0.3313980919695545;0.9973062872611547;0.800000011920929;0.800000011920929;0.800000011920929
lidar;17.0;44.0;25.0;24.937702178955078;9.7069091796875;0.299638956785202;25.0;24.93917465209961;9.71384048461914;0.292552860452174;0.9959755542201812;0.800000011920929;0.800000011920929;0.800000011920929
lidar;17.0;44.0;25.0;24.942781448364258;9.705636024475098;0.29987362027168274;25.0;24.943567276000977;9.709674835205078;0.2957592443033787;0.9955565330441091;0.800000011920929;0.800000011920929;0.800000011920929
lidar;17.0;44.0;25.0;24.94800567626953;9.705121040344238;0.2994275987148285;25.0;24.950883865356445;9.721446990966797;0.2828503165233966;0.997039616296195;0.800000011920929;0.800000011920929;0.800000011920929
lidar;17.0;44.0;25.0;24.953214645385742;9.704607963562012;0.29907387495040894;25.0;24.954620361328125;9.713482856750488;0.290088711144601;0.9982190728949937;0.800000011920929;0.800000011920929;0.800000011920929
lidar;17.0;44.0;25.0;24.95841407775879;9.704095840454102;0.2988118827342987;25.0;24.947139739990234;9.623878479003906;0.37981784981380406;0.999094426615914;0.800000011920929;0.800000011920929;0.800000011920929
lidar;17.0;44.0;25.0;24.963603973388672;9.703584671020508;0.29864129424095154;25.0;24.968629837036133;9.744514465332031;0.2574043357234814;0.999665439138244;0.800000011920929;0.800000011920929;0.800000011920929
lidar;17.0;44.0;25.0;24.968791961669922;9.703073501586914;0.2985617220401764;25.0;24.97185516357422;9.732219696044922;0.2692551050199209;0.9999319911025861;0.800000011920929;0.800000011920929;0.800000011920929
lidar;17.0;44.0;25.0;24.97397804260254;9.702563285827637;0.2985731065273285;25.0;24.967758178710938;9.631476402282715;0.36993141882829084;0.9998939037305891;0.800000011920929;0.800000011920929;0.800000011920929
lidar;17.0;44.0;25.0;24.97916603088379;9.702052116394043;0.2986755073070526;25.0;24.983163833618164;9.759222984313965;0.24136453841651717;0.9995512962369434;0.800000011920929;0.800000011920929;0.800000011920929
lidar;17.0;44.0;25.0;24.984357833862305;9.70154094696045;0.2988690435886383;25.0;24.986003875732422;9.732952117919922;0.2674143960271907;0.9989041089717636;0.800000011920929;0.800000011920929;0.800000011920929
lidar;17.0;44.0;25.0;24.989559173583984;9.701027870178223;0.29915401339530945;25.0;24.989086151123047;9.687488555908203;0.312701913262706;0.9979526997138365;0.800000011920929;0.800000011920929;0.800000011920929
lidar;17.0;44.0;25.0;24.99477195739746;9.700514793395996;0.29953089356422424;25.0;24.995054244995117;9.7166748046875;0.28336841839639293;0.9966973066730691;0.800000011920929;0.800000011920929;0.800000011920929
lidar;17.0;44.0;25.0;25.0;9.699999809265137;0.3000001907348633;25.0;25.0;9.646395683288574;0.35360468385400007;0.9951383468857753;0.800000011920929;0.800000011920929;0.800000011920929
lidar;17.0;44.0;25.0;25.00522804260254;9.700514793395996;0.29953089356422424;25.0;25.00535011291504;9.693482398986816;0.3065645892532223;0.9966973066730691;0.800000011920929;0.800000011920929;0.800000011920929
lidar;17.0;44.0;25.0;25.010440826416016;9.701027870178223;0.29915401339530945;25.0;25.009401321411133;9.730769157409668;0.26939528746703856;0.9979526997138365;0.800000011920929;0.800000011920929;0.800000011920929
lidar;17.0;44.0;25.0;25.015642166137695;9.70154094696045;0.2988690435886383;25.0;25.01687240600586;9.67803955078125;0.32240206097847446;0.9989041089717636;0.800000011920929;0.800000011920929;0.800000011920929
lidar;17.0;44.0;25.0;25.02083396911621;9.702052116394043;0.2986755073070526;25.0;25.020095825195312;9.712608337402344;0.2880937111417084;0.9995512962369434;0.800000011920929;0.800000011920929;0.800000011920929
lidar;17.0;44.0;25.0;25.02602195739746;9.702563285827637;0.2985731065273285;25.0;25.0247745513916;9.716821670532227;0.28426003878508666;0.9998939037305891;0.800000011920929;0.800000011920929;0.800000011920929
lidar;17.0;44.0;25.0;25.031208038330078;9.703073501586914;0.2985617220401764;25.0;25.03683090209961;9.649578094482422;0.3523525217608529;0.9999319911025861;0.800000011920929;0.800000011920929;0.800000011920929
lidar;17.0;44.0;25.0;25.036396026611328;9.703584671020508;0.29864129424095154;25.0;25.03085708618164;9.748692512512207;0.25319457529938594;0.999665439138244;0.800000011920929;0.800000011920929;0.800000011920929
lidar;17.0;44.0;25.0;25.04158592224121;9.704095840454102;0.2988118827342987;25.0;25.045696258544922;9.67485237121582;0.32834337764597565;0.999094426615914;0.800000011920929;0.800000011920929;0.800000011920929
lidar;17.0;44.0;25.0;25.046785354614258;9.704607963562012;0.29907387495040894;25.0;25.04998207092285;9.684422492980957;0.31951093675238096;0.9982190728949937;0.800000011920929;0.800000011920929;0.800000011920929
lidar;17.0;44.0;25.0;25.05199432373047;9.705121040344238;0.2994275987148285;25.0;25.050012588500977;9.716362953186035;0.28801277967721184;0.997039616296195;0.800000011920929;0.800000011920929;0.800000011920929
lidar;17.0;44.0;25.0;25.057218551635742;9.705636024475098;0.29987362027168274;25.0;25.054439544677734;9.719932556152344;0.2853093356784287;0.9955565330441091;0.800000011920929;0.800000011920929;0.800000011920929
lidar;17.0;44.0;25.0;25.062297821044922;9.7069091796875;0.299638956785202;25.0;25.05510139465332;9.740771293640137;0.26502018913049874;0.9959755542201812;0.800000011920929;0.800000011920929;0.800000011920929
lidar;17.0;44.0;25.0;25.06731414794922;9.708430290222168;0.2992391586303711;25.0;25.045263290405273;9.803940773010254;0.20121665058184024;0.9973063468290412;0.800000011920929;0.800000011920929;0.800000011920929
lidar;17.0;44.0;25.0;25.07231903076172;9.709948539733887;0.2989313006401062;25.0;25.045734405517578;9.816571235656738;0.18904412500312892;0.9983334540703575;0.800000011920929;0.800000011920929;0.800000011920929
lidar;17.0;44.0;25.0;25.077312469482422;9.711463928222656;0.2987149655818939;25.0;25.094470977783203;9.647427558898926;0.36501017482247694;0.999056398947263;0.800000011920929;0.800000011920929;0.800000011920929
lidar;17.0;44.0;25.0;25.08230209350586;9.712976455688477;0.29858994483947754;25.0;25.07915496826172;9.723953247070312;0.2871711512060544;0.9994750022351542;0.800000011920929;0.800000011920929;0.800000011920929
lidar;17.0;44.0;25.0;25.087289810180664;9.714489936828613;0.29855579137802124;25.0;25.084247589111328;9.724440574645996;0.28814994663654314;0.9995892047791991;0.800000011920929;0.800000011920929;0.800000011920929
lidar;17.0;44.0;25.0;25.092275619506836;9.716002464294434;0.29861265420913696;25.0;25.078609466552734;9.75806713104248;0.2543835611157035;0.9993988871266305;0.800000011920929;0.800000011920929;0.800000011920929
lidar;17.0;44.0;25.0;25.097267150878906;9.71751594543457;0.2987605631351471;25.0;25.103654861450195;9.69896411895752;0.3183817464917628;0.9989041686011019;0.800000011920929;0.800000011920929;0.800000011920929
lidar;17.0;44.0;25.0;25.102264404296875;9.719032287597656;0.29899969696998596;25.0;25.09711456298828;9.73318099975586;0.2839423208682391;0.9981051683206363;0.800000011920929;0.800000011920929;0.800000011920929
lidar;17.0;44.0;25.0;25.107271194458008;9.720550537109375;0.2993305027484894;25.0;25.118629455566406;9.690961837768555;0.33102501497011133;0.9970021249314476;0.800000011920929;0.800000011920929;0.800000011920929
lidar;17.0;44.0;25.0;25.112289428710938;9.722073554992676;0.29975348711013794;25.0;25.11497688293457;9.715420722961426;0.30692864436533;0.9955953358551095;0.800000011920929;0.800000011920929;0.800000011920929
lidar;17.0;44.0;25.0;25.117122650146484;9.724075317382812;0.2997535765171051;25.0;25.10151481628418;9.760846138000488;0.25980739771247713;0.994930565287389;0.800000011920929;0.800000011920929;0.800000011920929
lidar;17.0;44.0;25.0;25.121747970581055;9.726548194885254;0.2993307113647461;25.0;25.107948303222656;9.757542610168457;0.2654025675538599;0.9963362219309113;0.800000011920929;0.800000011920929;0.800000011920929
lidar;17.0;44.0;25.0;25.12636375427246;9.72901439666748;0.29899993538856506;25.0;25.13124656677246;9.71854019165039;0.31055709860702463;0.9974385500158426;0.800000011920929;0.800000011920929;0.800000011920929
lidar;17.0;44.0;25.0;25.13096809387207;9.731475830078125;0.29876092076301575;25.0;25.111160278320312;9.772089958190918;0.25357350129775896;0.9982370137928649;0.800000011920929;0.800000011920929;0.800000011920929
lidar;17.0;44.0;25.0;25.13556671142578;9.733933448791504;0.2986130714416504;25.0;25.09800148010254;9.807662010192871;0.21586603955002254;0.998731434306777;0.800000011920929;0.800000011920929;0.800000011920929
lidar;17.0;44.0;25.0;25.14016342163086;9.736390113830566;0.29855626821517944;25.0;25.16498565673828;9.689704895019531;0.35143078559304175;0.9989215731008487;0.800000011920929;0.800000011920929;0.800000011920929
lidar;17.0;44.0;25.0;25.144760131835938;9.738846778869629;0.29859045147895813;25.0;25.13794708251953;9.751136779785156;0.2845388897442129;0.9988074898130497;0.800000011920929;0.800000011920929;0.800000011920929
lidar;17.0;44.0;25.0;25.14935874938965;9.741304397583008;0.29871559143066406;25.0;25.195755004882812;9.660943984985352;0.39150847874065564;0.9983891248891877;0.800000011920929;0.800000011920929;0.800000011920929
lidar;17.0;44.0;25.0;25.153961181640625;9.743764877319336;0.2989320158958435;25.0;25.129444122314453;9.78456974029541;0.25132859371469835;0.9976666570528429;0.800000011920929;0.800000011920929;0.800000011920929
lidar;17.0;44.0;25.0;25.158573150634766;9.746230125427246;0.2992399334907532;25.0;25.16778564453125;9.731486320495605;0.31662523506263857;0.9966403244387904;0.800000011920929;0.800000011920929;0.800000011920929
lidar;17.0;44.0;25.0;25.163196563720703;9.748701095581055;0.29963988065719604;25.0;25.197967529296875;9.69515609741211;0.3634841918633034;0.9953102468409298;0.800000011920929;0.800000011920929;0.800000011920929
lidar;17.0;44.0;25.0;25.167688369750977;9.751392364501953;0.29987457394599915;25.0;25.132091522216797;9.80416488647461;0.23621938070916837;0.993665099105453;0.800000011920929;0.800000011920929;0.800000011920929
lidar;17.0;44.0;25.0;25.17174530029297;9.754722595214844;0.29942843317985535;25.0;25.15364646911621;9.780570030212402;0.26787397654201867;0.9951454400003393;0.800000011920929;0.800000011920929;0.800000011920929
lidar;17.0;44.0;25.0;25.175790786743164;9.75804328918457;0.299074649810791;25.0;25.166120529174805;9.771354675292969;0.2826214058212787;0.9963226320498103;0.800000011920929;0.800000011920929;0.800000011920929
lidar;17.0;44.0;25.0;25.17983055114746;9.761357307434082;0.29881253838539124;25.0;25.17856216430664;9.763038635253906;0.2967078027011491;0.9971963165936379;0.800000011920929;0.800000011920929;0.800000011920929
lidar;17.0;44.0;25.0;25.183862686157227;9.764667510986328;0.29864177107810974;25.0;25.15308380126953;9.804061889648438;0.24864896842002532;0.9977663160729817;0.800000011920929;0.800000011920929;0.800000011920929
lidar;17.0;44.0;25.0;25.187891006469727;9.767973899841309;0.2985621392726898;25.0;25.20730209350586;9.744003295898438;0.32940636402732854;0.9980322718087783;0.800000011920929;0.800000011920929;0.800000011920929
lidar;17.0;44.0;25.0;25.191919326782227;9.771279335021973;0.29857346415519714;25.0;25.170061111450195;9.79732894897461;0.2645682723463348;0.9979943036245876;0.800000011920929;0.800000011920929;0.800000011920929
lidar;17.0;44.0;25.0;25.19594955444336;9.77458667755127;0.2986757457256317;25.0;25.14655303955078;9.831409454345703;0.22338432325376703;0.9976522924208442;0.800000011920929;0.800000011920929;0.800000011920929
lidar;17.0;44.0;25.0;25.199981689453125;9.777896881103516;0.29886916279792786;25.0;25.178539276123047;9.801712989807129;0.26682148295694413;0.9970064164621479;0.800000011920929;0.800000011920929;0.800000011920929
lidar;17.0;44.0;25.0;25.204023361206055;9.78121280670166;0.2991540729999542;25.0;25.19944953918457;9.786117553710938;0.29244810506781826;0.9960567952892743;0.800000011920929;0.800000011920929;0.800000011920929
lidar;17.0;44.0;25.0;25.208070755004883;9.78453540802002;0.29953083395957947;25.0;25.212177276611328;9.78028392791748;0.30544137752318845;0.9948037862394215;0.800000011920929;0.800000011920929;0.800000011920929
lidar;17.0;44.0;25.0;25.21213150024414;9.78786849975586;0.29999980330467224;25.0;25.20810890197754;9.791890144348145;0.29431151657219984;0.9923129675906004;0.800000011920929;0.800000011920929;0.800000011920929
lidar;17.0;44.0;24.996301651000977;24.788053512573242;9.7880859375;0.29973742365837097;24.996990203857422;24.82752227783203;9.827548027038574;0.2439214708740666;0.9931815861690151;0.800000011920929;0.800000011920929;0.800000011920929
lidar;17.0;44.0;24.99624252319336;24.79207420349121;9.784719467163086;0.29932069778442383;24.996185302734375;24.78889274597168;9.781426429748535;0.30389982017684825;0.9955022331783427;0.800000011920929;0.800000011920929;0.800000011920929
lidar;17.0;44.0;24.996183395385742;24.796123504638672;9.781401634216309;0.2989409267902374;24.995054244995117;24.735715866088867;9.716632843017578;0.38751514462226055;0.9967668053720394;0.800000011920929;0.800000011920929;0.800000011920929
lidar;17.0;44.0;24.996126174926758;24.800161361694336;9.778091430664062;0.2986530363559723;24.996017456054688;24.794578552246094;9.771891593933105;0.3069966606104519;0.9977279303777487;0.800000011920929;0.800000011920929;0.800000011920929
lidar;17.0;44.0;24.996068954467773;24.804195404052734;9.774785995483398;0.29845649003982544;24.996028900146484;24.802234649658203;9.77253246307373;0.30144307925348085;0.9983850120845217;0.800000011920929;0.800000011920929;0.800000011920929
lidar;17.0;44.0;24.99601173400879;24.808223724365234;9.771484375;0.29835107922554016;24.995553970336914;24.786226272583008;9.74527359008789;0.3325720060936142;0.998737931168452;0.800000011920929;0.800000011920929;0.800000011920929
lidar;17.0;44.0;24.995954513549805;24.8122501373291;9.768184661865234;0.29833659529685974;24.995241165161133;24.779190063476562;9.727362632751465;0.35087192347962814;0.9987867474560431;0.800000011920929;0.800000011920929;0.800000011920929
lidar;17.0;44.0;24.995895385742188;24.8162784576416;9.764883041381836;0.2984130084514618;24.99616813659668;24.828489303588867;9.780509948730469;0.278579074971143;0.9985312819560879;0.800000011920929;0.800000011920929;0.800000011920929
lidar;17.0;44.0;24.995838165283203;24.820310592651367;9.761579513549805;0.2985803782939911;24.995988845825195;24.826778411865234;9.770160675048828;0.28783339486402526;0.9979716537269743;0.800000011920929;0.800000011920929;0.800000011920929
lidar;17.0;44.0;24.99578094482422;24.8243465423584;9.758271217346191;0.2988390028476715;24.996166229248047;24.840438842773438;9.780415534973145;0.2714622036419791;0.9971081016993021;0.800000011920929;0.800000011920929;0.800000011920929
lidar;17.0;44.0;24.995723724365234;24.828392028808594;9.754955291748047;0.29918938875198364;24.99409294128418;24.76300048828125;9.661581039428711;0.4131959336236006;0.9959406258184377;0.800000011920929;0.800000011920929;0.800000011920929
lidar;17.0;44.0;24.995664596557617;24.832448959350586;9.751631736755371;0.29963189363479614;24.995986938476562;24.844921112060547;9.770121574401855;0.27732515620144993;0.9944699406915235;0.800000011920929;0.800000011920929;0.800000011920929
lidar;17.0;44.0;24.995616912841797;24.836896896362305;9.748882293701172;0.299469530582428;24.996028900146484;24.852237701416016;9.772500038146973;0.27130447916139816;0.9958765507298885;0.800000011920929;0.800000011920929;0.800000011920929
lidar;17.0;44.0;24.995573043823242;24.84151840209961;9.746414184570312;0.2990680932998657;24.994447708129883;24.80120086669922;9.681902885437012;0.37514981453625995;0.9972129463067638;0.800000011920929;0.800000011920929;0.800000011920929
lidar;17.0;44.0;24.99553108215332;24.846128463745117;9.743952751159668;0.29875868558883667;24.99531364440918;24.838645935058594;9.731501579284668;0.3132873560749957;0.9982454180968805;0.800000011920929;0.800000011920929;0.800000011920929
lidar;17.0;44.0;24.995487213134766;24.85072898864746;9.741495132446289;0.29854077100753784;24.995132446289062;24.839000701904297;9.721181869506836;0.3220004024518173;0.9989738463688566;0.800000011920929;0.800000011920929;0.800000011920929
lidar;17.0;44.0;24.995445251464844;24.85532569885254;9.739041328430176;0.298414021730423;24.99604034423828;24.874235153198242;9.773149490356445;0.2594098178050523;0.9993980526700572;0.800000011920929;0.800000011920929;0.800000011920929
lidar;17.0;44.0;24.99540138244629;24.859920501708984;9.736587524414062;0.2983781695365906;24.99529266357422;24.856578826904297;9.730302810668945;0.3054972721604259;0.9995177388417793;0.800000011920929;0.800000011920929;0.800000011920929
lidar;17.0;44.0;24.995359420776367;24.864513397216797;9.734134674072266;0.2984332740306854;24.996522903442383;24.898500442504883;9.800827026367188;0.22357151989876958;0.9993330239655805;0.800000011920929;0.800000011920929;0.800000011920929
lidar;17.0;44.0;24.995315551757812;24.869112014770508;9.731679916381836;0.2985793650150299;24.995773315429688;24.88186264038086;9.757819175720215;0.26949168587412536;0.998843908285757;0.800000011920929;0.800000011920929;0.800000011920929
lidar;17.0;44.0;24.99527359008789;24.873714447021484;9.72922134399414;0.29881662130355835;24.994293212890625;24.847511291503906;9.673036575317383;0.360819002697469;0.9980505703950785;0.800000011920929;0.800000011920929;0.800000011920929
lidar;17.0;44.0;24.995229721069336;24.878326416015625;9.72675895690918;0.29914551973342896;24.995271682739258;24.879365921020508;9.72909164428711;0.29659096553553516;0.99695307044468;0.800000011920929;0.800000011920929;0.800000011920929
lidar;17.0;44.0;24.995187759399414;24.882949829101562;9.724289894104004;0.2995663583278656;24.994348526000977;24.862552642822266;9.67624282836914;0.3517705274690735;0.99555206279744;0.800000011920929;0.800000011920929;0.800000011920929
lidar;17.0;44.0;24.99515151977539;24.887746810913086;9.722207069396973;0.29965487122535706;24.99564552307129;24.899198532104492;9.750545501708984;0.2690860805628668;0.9959226843998158;0.800000011920929;0.800000011920929;0.800000011920929
lidar;17.0;44.0;24.99512481689453;24.892765045166016;9.720685958862305;0.29923155903816223;24.99616241455078;24.915586471557617;9.780126571655273;0.23555230710763728;0.9973317385294991;0.800000011920929;0.800000011920929;0.800000011920929
lidar;17.0;44.0;24.995098114013672;24.897769927978516;9.719168663024902;0.2989002764225006;24.99630355834961;24.922901153564453;9.788204193115234;0.22542314396496393;0.9984369278528317;0.800000011920929;0.800000011920929;0.800000011920929
lidar;17.0;44.0;24.995071411132812;24.90276527404785;9.717653274536133;0.2986606955528259;24.996402740478516;24.92902946472168;9.79391860961914;0.21798915491689444;0.9992380142040176;0.800000011920929;0.800000011920929;0.800000011920929
lidar;17.0;44.0;24.995044708251953;24.90775489807129;9.716140747070312;0.2985122799873352;24.99619483947754;24.929170608520508;9.782042503356934;0.2292091501188036;0.9997346401074688;0.800000011920929;0.800000011920929;0.800000011920929
lidar;17.0;44.0;24.995019912719727;24.91274070739746;9.714629173278809;0.2984549105167389;24.995506286621094;24.921262741088867;9.742499351501465;0.26930718669026665;0.9999268054945926;0.800000011920929;0.800000011920929;0.800000011920929
lidar;17.0;44.0;24.994991302490234;24.917726516723633;9.713118553161621;0.29848846793174744;24.99730682373047;24.955764770507812;9.845757484436035;0.16048308781851;0.9998143911352022;0.800000011920929;0.800000011920929;0.800000011920929
lidar;17.0;44.0;24.994966506958008;24.922712326049805;9.7116060256958;0.2986130118370056;24.995296478271484;24.927770614624023;9.730476379394531;0.27907343064537526;0.9993973969983787;0.800000011920929;0.800000011920929;0.800000011920929
lidar;17.0;44.0;24.99493980407715;24.927705764770508;9.710091590881348;0.29882872104644775;24.995147705078125;24.930679321289062;9.72200870513916;0.28654499268077366;0.9986760020791711;0.800000011920929;0.800000011920929;0.800000011920929
lidar;17.0;44.0;24.99491310119629;24.932708740234375;9.708575248718262;0.2991359233856201;24.9936466217041;24.91596031188965;9.636038780212402;0.373591446702225;0.9976503250451642;0.800000011920929;0.800000011920929;0.800000011920929
lidar;17.0;44.0;24.99488639831543;24.93772315979004;9.70705509185791;0.29953503608703613;24.994768142700195;24.9362850189209;9.700291633605957;0.30645040904717985;0.9963209031348651;0.800000011920929;0.800000011920929;0.800000011920929
lidar;17.0;44.0;24.994863510131836;24.942781448364258;9.70568561553955;0.2998686134815216;24.994796752929688;24.942052841186523;9.701937675476074;0.303687567643503;0.9955731627026028;0.800000011920929;0.800000011920929;0.800000011920929
lidar;17.0;44.0;24.994853973388672;24.94800567626953;9.705171585083008;0.29942256212234497;24.99496841430664;24.949159622192383;9.711714744567871;0.29277709311048433;0.997056305133834;0.800000011920929;0.800000011920929;0.800000011920929
lidar;17.0;44.0;24.994844436645508;24.953214645385742;9.704658508300781;0.2990688681602478;24.99471664428711;24.95204734802246;9.697282791137695;0.3065369586020931;0.9982357620892478;0.800000011920929;0.800000011920929;0.800000011920929
lidar;17.0;44.0;24.994836807250977;24.95841407775879;9.704146385192871;0.2988068163394928;24.994199752807617;24.953285217285156;9.667654037475586;0.3356633138911815;0.9991111755210341;0.800000011920929;0.800000011920929;0.800000011920929
lidar;17.0;44.0;24.994827270507812;24.963605880737305;9.703635215759277;0.29863622784614563;24.994813919067383;24.963512420654297;9.702885627746582;0.2993913632352702;0.9996822476290901;0.800000011920929;0.800000011920929;0.800000011920929
lidar;17.0;44.0;24.99481773376465;24.968791961669922;9.703124046325684;0.2985566258430481;24.994020462036133;24.963987350463867;9.6574068069458;0.3445329566666126;0.9999487996104504;0.800000011920929;0.800000011920929;0.800000011920929
lidar;17.0;44.0;24.994810104370117;24.97397804260254;9.702613830566406;0.2985677421092987;24.993982315063477;24.969829559326172;9.65519905090332;0.3461704246702303;0.9999116659158388;0.800000011920929;0.800000011920929;0.800000011920929
lidar;17.0;44.0;24.994800567626953;24.97916603088379;9.702122688293457;0.29865044355392456;24.994487762451172;24.9779109954834;9.684175491333008;0.3166444190275942;0.9996351003596832;0.800000011920929;0.800000011920929;0.800000011920929
lidar;17.0;44.0;24.994792938232422;24.98436164855957;9.701630592346191;0.2988242506980896;24.994428634643555;24.983266830444336;9.680776596069336;0.3197105682457914;0.9990538954435041;0.800000011920929;0.800000011920929;0.800000011920929
lidar;17.0;44.0;24.994783401489258;24.98956298828125;9.701154708862305;0.2990734279155731;24.995773315429688;24.991540908813477;9.7578125;0.2423721643734265;0.9982216358527081;0.800000011920929;0.800000011920929;0.800000011920929
lidar;17.0;44.0;24.994775772094727;24.994775772094727;9.700727462768555;0.2993636131286621;24.995588302612305;24.995588302612305;9.747302055358887;0.25277463922708215;0.9972541930255857;0.800000011920929;0.800000011920929;0.800000011920929
lidar;17.0;44.0;24.99477195739746;25.0;9.700514793395996;0.29953089356422424;24.993989944458008;25.0;9.655719757080078;0.34433267944506324;0.9966973066730691;0.800000011920929;0.800000011920929;0.800000011920929
lidar;17.0;44.0;24.994775772094727;25.005224227905273;9.700727462768555;0.2993636429309845;24.993850708007812;25.006149291992188;9.647754669189453;0.35235240766947656;0.9972541930255857;0.800000011920929;0.800000011920929;0.800000011920929
lidar;17.0;44.0;24.994783401489258;25.01043701171875;9.701154708862305;0.2990734279155731;24.99541664123535;25.009172439575195;9.737393379211426;0.26280641575119157;0.9982216358527081;0.800000011920929;0.800000011920929;0.800000011920929
lidar;17.0;44.0;24.994792938232422;25.01563835144043;9.701630592346191;0.2988242208957672;24.99520492553711;25.0143985748291;9.725288391113281;0.2751309269749332;0.9990538954435041;0.800000011920929;0.800000011920929;0.800000011920929
lidar;17.0;44.0;24.994800567626953;25.02083396911621;9.702122688293457;0.29865044355392456;24.99502182006836;25.019943237304688;9.714834213256836;0.2859055326607534;0.9996351003596832;0.800000011920929;0.800000011920929;0.800000011920929
lidar;17.0;44.0;24.994810104370117;25.02602195739746;9.702613830566406;0.2985677421092987;24.99534797668457;25.023319244384766;9.733503341674805;0.2675551798192644;0.9999116659158388;0.800000011920929;0.800000011920929;0.800000011920929
lidar;17.0;44.0;24.99481773376465;25.031208038330078;9.703124046325684;0.2985566556453705;24.99344825744629;25.039453506469727;9.624690055847168;0.3774343140409862;0.9999487996104504;0.800000011920929;0.800000011920929;0.800000011920929
lidar;17.0;44.0;24.994827270507812;25.036394119262695;9.703635215759277;0.29863622784614563;24.993837356567383;25.043352127075195;9.646988868713379;0.35571683187493863;0.9996822476290901;0.800000011920929;0.800000011920929;0.800000011920929
lidar;17.0;44.0;24.994836807250977;25.04158592224121;9.704146385192871;0.2988068163394928;24.995468139648438;25.0364990234375;9.740341186523438;0.2622504902085859;0.9991111755210341;0.800000011920929;0.800000011920929;0.800000011920929
lidar;17.0;44.0;24.994844436645508;25.046785354614258;9.704658508300781;0.2990688383579254;24.994897842407227;25.046310424804688;9.707653999328613;0.2960347733180943;0.9982357620892478;0.800000011920929;0.800000011920929;0.800000011920929
lidar;17.0;44.0;24.994853973388672;25.05199432373047;9.705171585083008;0.29942259192466736;24.99502944946289;25.050214767456055;9.71525764465332;0.2891788165619581;0.997056305133834;0.800000011920929;0.800000011920929;0.800000011920929
lidar;17.0;44.0;24.994863510131836;25.057218551635742;9.70568561553955;0.2998686134815216;24.99492835998535;25.056489944458008;9.709426879882812;0.29605678429497934;0.9955731627026028;0.800000011920929;0.800000011920929;0.800000011920929
lidar;17.0;44.0;24.99488639831543;25.06227684020996;9.70705509185791;0.29953500628471375;24.99477767944336;25.0636043548584;9.700810432434082;0.30592069484723533;0.9963209031348651;0.800000011920929;0.800000011920929;0.800000011920929
lidar;17.0;44.0;24.99491310119629;25.067291259765625;9.708575248718262;0.29913589358329773;24.99350357055664;25.08592414855957;9.627873420715332;0.3819728636311129;0.9976503250451642;0.800000011920929;0.800000011920929;0.800000011920929
lidar;17.0;44.0;24.99493980407715;25.072294235229492;9.710091590881348;0.29882869124412537;24.994489669799805;25.078716278076172;9.684337615966797;0.32537596995128687;0.9986760020791711;0.800000011920929;0.800000011920929;0.800000011920929
lidar;17.0;44.0;24.994966506958008;25.077287673950195;9.7116060256958;0.29861295223236084;24.99555015563965;25.06833267211914;9.745015144348145;0.26401953542402884;0.9993973969983787;0.800000011920929;0.800000011920929;0.800000011920929
lidar;17.0;44.0;24.994991302490234;25.082273483276367;9.713118553161621;0.29848840832710266;24.996374130249023;25.0595645904541;9.792302131652832;0.2161005232679909;0.9998143911352022;0.800000011920929;0.800000011920929;0.800000011920929
lidar;17.0;44.0;24.995019912719727;25.08725929260254;9.714630126953125;0.2984548807144165;24.99436378479004;25.098745346069336;9.677068710327148;0.33773792544569103;0.9999268054945926;0.800000011920929;0.800000011920929;0.800000011920929
lidar;17.0;44.0;24.995044708251953;25.09224510192871;9.716141700744629;0.29851222038269043;24.99466896057129;25.099254608154297;9.694572448730469;0.32119496090543953;0.9997346401074688;0.800000011920929;0.800000011920929;0.800000011920929
lidar;17.0;44.0;24.995071411132812;25.09723472595215;9.717653274536133;0.29866066575050354;24.995384216308594;25.091047286987305;9.735621452331543;0.2796547615208913;0.9992380142040176;0.800000011920929;0.800000011920929;0.800000011920929
lidar;17.0;44.0;24.995098114013672;25.102230072021484;9.719168663024902;0.298900306224823;24.99500846862793;25.104101181030273;9.714025497436523;0.30437407091085306;0.9984369278528317;0.800000011920929;0.800000011920929;0.800000011920929
lidar;17.0;44.0;24.99512481689453;25.107234954833984;9.720685958862305;0.29923152923583984;24.99579429626465;25.092525482177734;9.758999824523926;0.25818504114384655;0.9973317385294991;0.800000011920929;0.800000011920929;0.800000011920929
lidar;17.0;44.0;24.99515151977539;25.112253189086914;9.722207069396973;0.29965490102767944;24.99623680114746;25.087121963500977;9.78439998626709;0.23256713868299292;0.9959227442185964;0.800000011920929;0.800000011920929;0.800000011920929
lidar;17.0;44.0;24.995187759399414;25.117050170898438;9.724289894104004;0.2995662987232208;24.99380874633789;25.150571823120117;9.645329475402832;0.38535871354937334;0.99555206279744;0.800000011920929;0.800000011920929;0.800000011920929
lidar;17.0;44.0;24.995229721069336;25.121673583984375;9.72675895690918;0.2991454601287842;24.995990753173828;25.102270126342773;9.770331382751465;0.2514420975753917;0.99695307044468;0.800000011920929;0.800000011920929;0.800000011920929
lidar;17.0;44.0;24.99527359008789;25.126285552978516;9.72922134399414;0.2988165616989136;24.995742797851562;25.113754272460938;9.756091117858887;0.26916420533788377;0.9980505108754222;0.800000011920929;0.800000011920929;0.800000011920929
lidar;17.0;44.0;24.995315551757812;25.130887985229492;9.731679916381836;0.29857927560806274;24.9951229095459;25.136314392089844;9.720556259155273;0.31095663208047575;0.998843908285757;0.800000011920929;0.800000011920929;0.800000011920929
lidar;17.0;44.0;24.995359420776367;25.135486602783203;9.734134674072266;0.29843321442604065;24.995269775390625;25.138084411621094;9.729034423828125;0.30415777121382576;0.9993330239655805;0.800000011920929;0.800000011920929;0.800000011920929
lidar;17.0;44.0;24.99540138244629;25.140079498291016;9.736587524414062;0.2983781397342682;24.994571685791016;25.165390014648438;9.688993453979492;0.3522896864490092;0.9995177388417793;0.800000011920929;0.800000011920929;0.800000011920929
lidar;17.0;44.0;24.995445251464844;25.14467430114746;9.739041328430176;0.2984139621257782;24.9945011138916;25.17462158203125;9.68502140045166;0.3601870112337532;0.999397993090034;0.800000011920929;0.800000011920929;0.800000011920929
lidar;17.0;44.0;24.995487213134766;25.14927101135254;9.741495132446289;0.29854074120521545;24.997304916381836;25.089170455932617;9.845576286315918;0.1783399338973297;0.9989738463688566;0.800000011920929;0.800000011920929;0.800000011920929
lidar;17.0;44.0;24.99553108215332;25.153871536254883;9.743952751159668;0.2987586259841919;24.996828079223633;25.109195709228516;9.818293571472168;0.21201663384473923;0.9982454180968805;0.800000011920929;0.800000011920929;0.800000011920929
lidar;17.0;44.0;24.995573043823242;25.15848159790039;9.746414184570312;0.29906806349754333;24.99569320678711;25.154211044311523;9.753246307373047;0.29101058054395906;0.9972129463067638;0.800000011920929;0.800000011920929;0.800000011920929
lidar;17.0;44.0;24.995616912841797;25.163103103637695;9.748882293701172;0.2994694709777832;24.995119094848633;25.18159294128418;9.720415115356445;0.33341785658042633;0.9958765507298885;0.800000011920929;0.800000011920929;0.800000011920929
lidar;17.0;44.0;24.995664596557617;25.167551040649414;9.751631736755371;0.29963189363479614;24.996421813964844;25.13826560974121;9.7950439453125;0.24725918469310187;0.9944698217551545;0.800000011920929;0.800000011920929;0.800000011920929
lidar;17.0;44.0;24.995723724365234;25.171607971191406;9.754955291748047;0.29918938875198364;24.99464988708496;25.214683532714844;9.693448066711426;0.374288288818973;0.9959405661307069;0.800000011920929;0.800000011920929;0.800000011920929
lidar;17.0;44.0;24.99578094482422;25.1756534576416;9.758271217346191;0.2988390624523163;24.995311737060547;25.19512367248535;9.731475830078125;0.3319646517393644;0.9971079827926466;0.800000011920929;0.800000011920929;0.800000011920929
lidar;17.0;44.0;24.995838165283203;25.179689407348633;9.761579513549805;0.2985803782939911;24.994335174560547;25.244609832763672;9.675440788269043;0.40645352784278554;0.9979715346751883;0.800000011920929;0.800000011920929;0.800000011920929
lidar;17.0;44.0;24.995895385742188;25.1837215423584;9.764883041381836;0.2984130084514618;24.99555778503418;25.19890022277832;9.745458602905273;0.3230665071035638;0.9985311626723874;0.800000011920929;0.800000011920929;0.800000011920929
lidar;17.0;44.0;24.995954513549805;25.1877498626709;9.768184661865234;0.29833659529685974;24.995145797729492;25.225210189819336;9.721929550170898;0.357863850618035;0.9987866878338907;0.800000011920929;0.800000011920929;0.800000011920929
lidar;17.0;44.0;24.99601173400879;25.191776275634766;9.771484375;0.29835110902786255;24.995750427246094;25.204301834106445;9.756561279296875;0.3178356152455395;0.9987378716691591;0.800000011920929;0.800000011920929;0.800000011920929
lidar;17.0;44.0;24.996068954467773;25.195804595947266;9.774785995483398;0.2984565198421478;24.9959659576416;25.20091438293457;9.768909454345703;0.3062451857480893;0.9983849526149712;0.800000011920929;0.800000011920929;0.800000011920929
lidar;17.0;44.0;24.996126174926758;25.199838638305664;9.778091430664062;0.2986530363559723;24.996906280517578;25.15965461730957;9.822711944580078;0.2386006622225842;0.9977278114116745;0.800000011920929;0.800000011920929;0.800000011920929
lidar;17.0;44.0;24.996183395385742;25.203876495361328;9.781401634216309;0.2989409863948822;24.99566650390625;25.231563568115234;9.751715660095215;0.339537509791299;0.9967666862404913;0.800000011920929;0.800000011920929;0.800000011920929
lidar;17.0;44.0;24.99624252319336;25.20792579650879;9.784719467163086;0.29932066798210144;24.996259689331055;25.206989288330078;9.785688400268555;0.2979736594852092;0.9955021145941416;0.800000011920929;0.800000011920929;0.800000011920929
lidar;17.0;44.0;24.996301651000977;25.211946487426758;9.7880859375;0.29973742365837097;24.99635887145996;25.20866584777832;9.791366577148438;0.29509799226150224;0.9931815262374981;0.800000011920929;0.800000011920929;0.800000011920929
lidar;17.0;44.0;24.99260902404785;24.788209915161133;9.788338661193848;0.29951658844947815;24.992908477783203;24.796823501586914;9.79694652557373;0.287335708321121;0.9939138293342749;0.800000011920929;0.800000011920929;0.800000011920929
lidar;17.0;44.0;24.992488861083984;24.792184829711914;9.784932136535645;0.2991616129875183;24.991191864013672;24.756269454956055;9.747763633728027;0.3508635097134518;0.9960312846046772;0.800000011920929;0.800000011920929;0.800000011920929
lidar;17.0;44.0;24.992374420166016;24.796232223510742;9.781620025634766;0.29877969622612;24.992460250854492;24.79852294921875;9.784073829650879;0.29542130493787366;0.997304797303573;0.800000011920929;0.800000011920929;0.800000011920929
lidar;17.0;44.0;24.992258071899414;24.80027198791504;9.778314590454102;0.2984895408153534;24.991151809692383;24.771717071533203;9.746620178222656;0.34116413875074014;0.9982745648143008;0.800000011920929;0.800000011920929;0.800000011920929
lidar;17.0;44.0;24.992143630981445;24.804304122924805;9.77501392364502;0.2982906699180603;24.99159049987793;24.790517807006836;9.75916576385498;0.31930345220252226;0.9989401101910791;0.800000011920929;0.800000011920929;0.800000011920929
lidar;17.0;44.0;24.992027282714844;24.808332443237305;9.77171802520752;0.2981829047203064;24.99077606201172;24.778221130371094;9.735856056213379;0.3450253490307326;0.9993014931845924;0.800000011920929;0.800000011920929;0.800000011920929
lidar;17.0;44.0;24.991912841796875;24.812358856201172;9.768423080444336;0.2981659173965454;24.992136001586914;24.81755256652832;9.774833679199219;0.28991158119845817;0.9993584156561213;0.800000011920929;0.800000011920929;0.800000011920929
lidar;17.0;44.0;24.991798400878906;24.81638526916504;9.765127182006836;0.2982398569583893;24.990671157836914;24.79114532470703;9.732841491699219;0.3392359841130582;0.9991109371313411;0.800000011920929;0.800000011920929;0.800000011920929
lidar;17.0;44.0;24.991682052612305;24.820415496826172;9.761828422546387;0.2984047532081604;24.991228103637695;24.810592651367188;9.748800277709961;0.3147275476827349;0.9985590576630223;0.800000011920929;0.800000011920929;0.800000011920929
lidar;17.0;44.0;24.991567611694336;24.824451446533203;9.758525848388672;0.29866084456443787;24.993410110473633;24.862823486328125;9.811306953430176;0.23337920618068442;0.9977031351177339;0.800000011920929;0.800000011920929;0.800000011920929
lidar;17.0;44.0;24.991451263427734;24.828495025634766;9.755215644836426;0.2990085482597351;24.992834091186523;24.85624122619629;9.794815063476562;0.25063703140204263;0.9965431691178958;0.800000011920929;0.800000011920929;0.800000011920929
lidar;17.0;44.0;24.991336822509766;24.832550048828125;9.751896858215332;0.29944831132888794;24.993314743041992;24.87077522277832;9.808533668518066;0.2310909579899897;0.9950797559804574;0.800000011920929;0.800000011920929;0.800000011920929
lidar;17.0;44.0;24.99123764038086;24.836952209472656;9.749082565307617;0.2993669807910919;24.993831634521484;24.885217666625977;9.823357582092285;0.2107499187991113;0.9962176083088738;0.800000011920929;0.800000011920929;0.800000011920929
lidar;17.0;44.0;24.991151809692383;24.84157371520996;9.746618270874023;0.2989647090435028;24.989391326904297;24.810041427612305;9.696187973022461;0.3584666739030671;0.9975577591176189;0.800000011920929;0.800000011920929;0.800000011920929
lidar;17.0;44.0;24.991065979003906;24.846181869506836;9.744158744812012;0.2986544668674469;24.990230560302734;24.831789016723633;9.720220565795898;0.32659921580327844;0.9985940455628937;0.800000011920929;0.800000011920929;0.800000011920929
lidar;17.0;44.0;24.99098014831543;24.85078239440918;9.741704940795898;0.29843559861183167;24.98856544494629;24.810840606689453;9.672566413879395;0.37831826339229746;0.9993260502535521;0.800000011920929;0.800000011920929;0.800000011920929
lidar;17.0;44.0;24.990894317626953;24.855377197265625;9.739253044128418;0.298307865858078;24.988779067993164;24.821775436401367;9.678671836853027;0.36761615722047686;0.9997537136194772;0.800000011920929;0.800000011920929;0.800000011920929
lidar;17.0;44.0;24.990808486938477;24.859970092773438;9.73680305480957;0.2982710301876068;24.990581512451172;24.85649871826172;9.730277061462402;0.3056659851527116;0.999876856798551;0.800000011920929;0.800000011920929;0.800000011920929
lidar;17.0;44.0;24.99072265625;24.86456298828125;9.734352111816406;0.29832515120506287;24.990427017211914;24.86023712158203;9.725865364074707;0.30785558085929415;0.9996954202727393;0.800000011920929;0.800000011920929;0.800000011920929
lidar;17.0;44.0;24.990636825561523;24.869159698486328;9.731900215148926;0.2984701693058014;24.99015235900879;24.862384796142578;9.718019485473633;0.31392353113188126;0.9992094636658608;0.800000011920929;0.800000011920929;0.800000011920929
lidar;17.0;44.0;24.99055290222168;24.873760223388672;9.729445457458496;0.2987063229084015;24.988615036010742;24.84787940979004;9.67397403717041;0.35994951039612266;0.9984191060991381;0.800000011920929;0.800000011920929;0.800000011920929
lidar;17.0;44.0;24.99046516418457;24.878372192382812;9.726984977722168;0.2990340292453766;24.988712310791016;24.85599708557129;9.676759719848633;0.35404641721218566;0.9973246455545115;0.800000011920929;0.800000011920929;0.800000011920929
lidar;17.0;44.0;24.990379333496094;24.882993698120117;9.724519729614258;0.2994537353515625;24.991657257080078;24.898523330688477;9.761083602905273;0.2597073025748663;0.9959264400350967;0.800000011920929;0.800000011920929;0.800000011920929
lidar;17.0;44.0;24.990304946899414;24.887754440307617;9.722350120544434;0.29963767528533936;24.989110946655273;24.873937606811523;9.688173294067383;0.3365208058511008;0.9959797860435742;0.800000011920929;0.800000011920929;0.800000011920929
lidar;17.0;44.0;24.990251541137695;24.892770767211914;9.720829963684082;0.299214243888855;24.989885330200195;24.888750076293945;9.71036148071289;0.3104337953753768;0.9973892571297972;0.800000011920929;0.800000011920929;0.800000011920929
lidar;17.0;44.0;24.990198135375977;24.897775650024414;9.71931266784668;0.29888296127319336;24.98885726928711;24.8837890625;9.68090534210205;0.3397804398471271;0.9984948039480407;0.800000011920929;0.800000011920929;0.800000011920929
lidar;17.0;44.0;24.990144729614258;24.90277099609375;9.717799186706543;0.2986432611942291;24.985071182250977;24.852712631225586;9.572510719299316;0.4523972931567848;0.9992961884079233;0.800000011920929;0.800000011920929;0.800000011920929
lidar;17.0;44.0;24.990093231201172;24.907760620117188;9.716287612915039;0.29849475622177124;24.991960525512695;24.925155639648438;9.769792556762695;0.2422014761135382;0.9997932314683242;0.800000011920929;0.800000011920929;0.800000011920929
lidar;17.0;44.0;24.990039825439453;24.912744522094727;9.714776992797852;0.298437237739563;24.988727569580078;24.9012451171875;9.677183151245117;0.33777278670125305;0.999985754489485;0.800000011920929;0.800000011920929;0.800000011920929
lidar;17.0;44.0;24.989986419677734;24.9177303314209;9.713266372680664;0.29847076535224915;24.992170333862305;24.93567657470703;9.775812149047852;0.23336472816129872;0.999873578545956;0.800000011920929;0.800000011920929;0.800000011920929
lidar;17.0;44.0;24.98993492126465;24.922718048095703;9.71175479888916;0.2985951602458954;24.987773895263672;24.906131744384766;9.649894714355469;0.36267618304378824;0.9994568824446904;0.800000011920929;0.800000011920929;0.800000011920929
lidar;17.0;44.0;24.98988151550293;24.927711486816406;9.71024227142334;0.29881078004837036;24.99177360534668;24.941225051879883;9.764409065246582;0.24295077672020943;0.998735785501977;0.800000011920929;0.800000011920929;0.800000011920929
lidar;17.0;44.0;24.98982810974121;24.93271255493164;9.708725929260254;0.2991178035736084;24.99259376525879;24.951004028320312;9.78790283203125;0.217808572086455;0.9977103470029306;0.800000011920929;0.800000011920929;0.800000011920929
lidar;17.0;44.0;24.989774703979492;24.937726974487305;9.707206726074219;0.2995167672634125;24.989362716674805;24.935216903686523;9.695406913757324;0.3115876304621323;0.9963811637001988;0.800000011920929;0.800000011920929;0.800000011920929
lidar;17.0;44.0;24.98972511291504;24.942766189575195;9.705737113952637;0.2999531924724579;24.991025924682617;24.95001983642578;9.74302864074707;0.261940950793462;0.9952921868678076;0.800000011920929;0.800000011920929;0.800000011920929
lidar;17.0;44.0;24.98970603942871;24.94799041748047;9.705223083496094;0.299507200717926;24.989688873291016;24.947900772094727;9.704710006713867;0.30002770922869615;0.9967744348004859;0.800000011920929;0.800000011920929;0.800000011920929
lidar;17.0;44.0;24.989688873291016;24.953205108642578;9.704728126525879;0.2991344630718231;24.98990821838379;24.954200744628906;9.711014747619629;0.29276552289279556;0.9980165957227787;0.800000011920929;0.800000011920929;0.800000011920929
lidar;17.0;44.0;24.98967170715332;24.95840835571289;9.704236030578613;0.2988526225090027;24.99016761779785;24.960399627685547;9.718405723571777;0.28453528300701836;0.9989579916278593;0.800000011920929;0.800000011920929;0.800000011920929
lidar;17.0;44.0;24.989654541015625;24.96360206604004;9.703744888305664;0.2986622452735901;24.989002227783203;24.9613094329834;9.685081481933594;0.3174771769086011;0.9995950460483922;0.800000011920929;0.800000011920929;0.800000011920929
lidar;17.0;44.0;24.98963737487793;24.968791961669922;9.703253746032715;0.2985629141330719;24.987060546875;24.96103286743164;9.629469871520996;0.3727978845978165;0.9999276995668701;0.800000011920929;0.800000011920929;0.800000011920929
lidar;17.0;44.0;24.989620208740234;24.973979949951172;9.702762603759766;0.2985546290874481;24.99047088623047;24.976110458374023;9.727110862731934;0.2740988262691112;0.9999556541452508;0.800000011920929;0.800000011920929;0.800000011920929
lidar;17.0;44.0;24.989604949951172;24.979169845581055;9.702302932739258;0.298605740070343;24.987525939941406;24.975004196166992;9.64277172088623;0.3583185613787059;0.9997847080168959;0.800000011920929;0.800000011920929;0.800000011920929
lidar;17.0;44.0;24.989587783813477;24.984365463256836;9.701849937438965;0.29874080419540405;24.99375343322754;24.990617752075195;9.821099281311035;0.1792551877076786;0.99933296437994;0.800000011920929;0.800000011920929;0.800000011920929
lidar;17.0;44.0;24.989574432373047;24.98956871032715;9.701452255249023;0.29891151189804077;24.9926815032959;24.992677688598633;9.79042911529541;0.20982645646125286;0.998762369172259;0.800000011920929;0.800000011920929;0.800000011920929
lidar;17.0;44.0;24.98956298828125;24.994779586791992;9.701154708862305;0.29907339811325073;24.990070343017578;24.995033264160156;9.715676307678223;0.28454023555556157;0.998221755102961;0.800000011920929;0.800000011920929;0.800000011920929
lidar;17.0;44.0;24.989559173583984;25.0;9.701027870178223;0.29915401339530945;24.988208770751953;25.0;9.662327766418457;0.33787762369571506;0.9979526997138365;0.800000011920929;0.800000011920929;0.800000011920929
lidar;17.0;44.0;24.98956298828125;25.005220413208008;9.701154708862305;0.29907339811325073;24.98982810974121;25.00508689880371;9.708739280700684;0.29148252703459454;0.998221755102961;0.800000011920929;0.800000011920929;0.800000011920929
lidar;17.0;44.0;24.989574432373047;25.01043128967285;9.701452255249023;0.29891154170036316;24.988359451293945;25.011648178100586;9.666633605957031;0.3337730743330708;0.998762369172259;0.800000011920929;0.800000011920929;0.800000011920929
lidar;17.0;44.0;24.989587783813477;25.015634536743164;9.701849937438965;0.29874080419540405;24.99087142944336;25.013708114624023;9.738608360290527;0.2619097737196451;0.99933296437994;0.800000011920929;0.800000011920929;0.800000011920929
lidar;17.0;44.0;24.989604949951172;25.020830154418945;9.702302932739258;0.298605740070343;24.991283416748047;25.01746368408203;9.75041675567627;0.25034557911867816;0.9997847080168959;0.800000011920929;0.800000011920929;0.800000011920929
lidar;17.0;44.0;24.989620208740234;25.026020050048828;9.702762603759766;0.29855459928512573;24.98750877380371;25.031314849853516;9.64228630065918;0.3592993803370672;0.9999556541452508;0.800000011920929;0.800000011920929;0.800000011920929
lidar;17.0;44.0;24.98963737487793;25.031208038330078;9.703253746032715;0.2985629141330719;24.991119384765625;25.026742935180664;9.745709419250488;0.25584677530515665;0.9999276995668701;0.800000011920929;0.800000011920929;0.800000011920929
lidar;17.0;44.0;24.989654541015625;25.03639793395996;9.703744888305664;0.2986622452735901;24.991003036499023;25.031652450561523;9.742366790771484;0.2597265165497048;0.9995950460483922;0.800000011920929;0.800000011920929;0.800000011920929
lidar;17.0;44.0;24.98967170715332;25.04159164428711;9.704236030578613;0.2988526225090027;24.988632202148438;25.045778274536133;9.674473762512207;0.32892539289405653;0.9989579916278593;0.800000011920929;0.800000011920929;0.800000011920929
lidar;17.0;44.0;24.989688873291016;25.046794891357422;9.704728126525879;0.2991344928741455;24.989673614501953;25.0468692779541;9.704264640808105;0.29960424692129506;0.9980165957227787;0.800000011920929;0.800000011920929;0.800000011920929
lidar;17.0;44.0;24.98970603942871;25.05200958251953;9.705223083496094;0.299507200717926;24.987104415893555;25.065153121948242;9.630722045898438;0.3752030007196716;0.9967744348004859;0.800000011920929;0.800000011920929;0.800000011920929
lidar;17.0;44.0;24.98972511291504;25.057233810424805;9.705737113952637;0.2999531924724579;24.986862182617188;25.073179244995117;9.623751640319824;0.38352426372448967;0.9952921868678076;0.800000011920929;0.800000011920929;0.800000011920929
lidar;17.0;44.0;24.989774703979492;25.062273025512695;9.707206726074219;0.2995167672634125;24.98890495300293;25.06757164001465;9.682294845581055;0.3250011456436599;0.9963811637001988;0.800000011920929;0.800000011920929;0.800000011920929
lidar;17.0;44.0;24.98982810974121;25.06728744506836;9.708725929260254;0.2991178035736084;24.99312973022461;25.04544448852539;9.803275108337402;0.20202250139555333;0.9977103470029306;0.800000011920929;0.800000011920929;0.800000011920929
lidar;17.0;44.0;24.98988151550293;25.072288513183594;9.71024227142334;0.2988107204437256;24.987802505493164;25.087139129638672;9.650716781616211;0.3601953729357448;0.998735785501977;0.800000011920929;0.800000011920929;0.800000011920929
lidar;17.0;44.0;24.98993492126465;25.077281951904297;9.71175479888916;0.2985951006412506;24.992361068725586;25.058643341064453;9.781274795532227;0.22657920264659354;0.9994568824446904;0.800000011920929;0.800000011920929;0.800000011920929
lidar;17.0;44.0;24.989986419677734;25.0822696685791;9.713266372680664;0.29847073554992676;24.99244499206543;25.062074661254883;9.783652305603027;0.225203944139993;0.999873578545956;0.800000011920929;0.800000011920929;0.800000011920929
lidar;17.0;44.0;24.990039825439453;25.087255477905273;9.714776992797852;0.298437237739563;24.992050170898438;25.069644927978516;9.772343635559082;0.23820393390166664;0.999985754489485;0.800000011920929;0.800000011920929;0.800000011920929
lidar;17.0;44.0;24.990093231201172;25.092239379882812;9.716287612915039;0.29849472641944885;24.99118995666504;25.0820255279541;9.747703552246094;0.2654422061576884;0.9997932314683242;0.800000011920929;0.800000011920929;0.800000011920929
lidar;17.0;44.0;24.990144729614258;25.09722900390625;9.717799186706543;0.29864323139190674;24.989778518676758;25.100845336914062;9.707304000854492;0.30975018015260414;0.9992961884079233;0.800000011920929;0.800000011920929;0.800000011920929
lidar;17.0;44.0;24.990198135375977;25.102224349975586;9.71931266784668;0.29888293147087097;24.989608764648438;25.108379364013672;9.702410697937012;0.3168805280496368;0.9984948039480407;0.800000011920929;0.800000011920929;0.800000011920929
lidar;17.0;44.0;24.990251541137695;25.107229232788086;9.720829963684082;0.299214243888855;24.990198135375977;25.107816696166992;9.719300270080566;0.30085349670719447;0.9973892571297972;0.800000011920929;0.800000011920929;0.800000011920929
lidar;17.0;44.0;24.990304946899414;25.112245559692383;9.722350120544434;0.29963767528533936;24.986440658569336;25.156984329223633;9.611686706542969;0.41906460383810423;0.9959797860435742;0.800000011920929;0.800000011920929;0.800000011920929
lidar;17.0;44.0;24.990379333496094;25.117006301879883;9.724519729614258;0.2994536757469177;24.991878509521484;25.09876823425293;9.767459869384766;0.25277652353608626;0.9959264400350967;0.800000011920929;0.800000011920929;0.800000011920929
lidar;17.0;44.0;24.99046516418457;25.121627807617188;9.726984977722168;0.2990339696407318;24.9926700592041;25.09351348876953;9.790093421936035;0.22991092125059384;0.9973246455545115;0.800000011920929;0.800000011920929;0.800000011920929
lidar;17.0;44.0;24.99055290222168;25.126237869262695;9.729445457458496;0.29870617389678955;24.990663528442383;25.124759674072266;9.732614517211914;0.29520710876814;0.9984191060991381;0.800000011920929;0.800000011920929;0.800000011920929
lidar;17.0;44.0;24.990636825561523;25.130840301513672;9.731900215148926;0.29846999049186707;24.989099502563477;25.152326583862305;9.687872886657715;0.3474848493159757;0.9992094636658608;0.800000011920929;0.800000011920929;0.800000011920929
lidar;17.0;44.0;24.99072265625;25.13543701171875;9.734352111816406;0.29832494258880615;24.992494583129883;25.10958480834961;9.785058975219727;0.24138059994905636;0.9996953606483733;0.800000011920929;0.800000011920929;0.800000011920929
lidar;17.0;44.0;24.990808486938477;25.140029907226562;9.73680305480957;0.29827091097831726;24.993532180786133;25.098529815673828;9.81480598449707;0.20987253820711815;0.999876856798551;0.800000011920929;0.800000011920929;0.800000011920929
lidar;17.0;44.0;24.990894317626953;25.144622802734375;9.739253044128418;0.2983076870441437;24.991771697998047;25.13068389892578;9.764383316040039;0.2695576044872222;0.9997537136194772;0.800000011920929;0.800000011920929;0.800000011920929
lidar;17.0;44.0;24.99098014831543;25.14921760559082;9.741704940795898;0.2984354496002197;24.991844177246094;25.13492202758789;9.766449928283691;0.2698453289627428;0.9993260502535521;0.800000011920929;0.800000011920929;0.800000011920929
lidar;17.0;44.0;24.991065979003906;25.153818130493164;9.744158744812012;0.29865434765815735;24.991600036621094;25.14461898803711;9.75946044921875;0.2807923292921636;0.9985940455628937;0.800000011920929;0.800000011920929;0.800000011920929
lidar;17.0;44.0;24.991151809692383;25.15842628479004;9.746618270874023;0.29896464943885803;24.988954544067383;25.19775390625;9.683720588684082;0.37317749356681007;0.9975577591176189;0.800000011920929;0.800000011920929;0.800000011920929
lidar;17.0;44.0;24.99123764038086;25.163047790527344;9.749082565307617;0.2993669807910919;24.992568969726562;25.13826560974121;9.787220001220703;0.2538661656253507;0.9962175487472071;0.800000011920929;0.800000011920929;0.800000011920929
lidar;17.0;44.0;24.991336822509766;25.167449951171875;9.751896858215332;0.29944831132888794;24.99371910095215;25.12139320373535;9.820137977600098;0.217085429409101;0.995079636394216;0.800000011920929;0.800000011920929;0.800000011920929
lidar;17.0;44.0;24.991451263427734;25.171504974365234;9.755215644836426;0.2990085184574127;24.992097854614258;25.158536911010742;9.773723602294922;0.27640116469765014;0.9965431096966665;0.800000011920929;0.800000011920929;0.800000011920929
lidar;17.0;44.0;24.991567611694336;25.175548553466797;9.758525848388672;0.2986608147621155;24.99129295349121;25.18126106262207;9.750667572021484;0.30837922826794306;0.997703075564118;0.800000011920929;0.800000011920929;0.800000011920929
lidar;17.0;44.0;24.991682052612305;25.179584503173828;9.761828422546387;0.298404723405838;24.991708755493164;25.17902946472168;9.76256275177002;0.2974842715244046;0.9985589980882124;0.800000011920929;0.800000011920929;0.800000011920929
lidar;17.0;44.0;24.991798400878906;25.18361473083496;9.765127182006836;0.2982398569583893;24.992767333984375;25.161914825439453;9.79288387298584;0.26299380508523695;0.9991108774503967;0.800000011920929;0.800000011920929;0.800000011920929
lidar;17.0;44.0;24.991912841796875;25.187641143798828;9.768423080444336;0.2981659173965454;24.993797302246094;25.1439208984375;9.822381973266602;0.22869143707839912;0.9993583560144315;0.800000011920929;0.800000011920929;0.800000011920929
lidar;17.0;44.0;24.992027282714844;25.191667556762695;9.77171802520752;0.2981829047203064;24.991151809692383;25.212724685668945;9.746639251708984;0.3309403202703937;0.999301374011867;0.800000011920929;0.800000011920929;0.800000011920929
lidar;17.0;44.0;24.992143630981445;25.195695877075195;9.77501392364502;0.2982907295227051;24.99310302734375;25.171812057495117;9.802473068237305;0.26188532039044676;0.9989399910154709;0.800000011920929;0.800000011920929;0.800000011920929
lidar;17.0;44.0;24.992258071899414;25.19972801208496;9.778314590454102;0.298489511013031;24.991357803344727;25.222963333129883;9.752525329589844;0.33321324995428725;0.9982744455965226;0.800000011920929;0.800000011920929;0.800000011920929
lidar;17.0;44.0;24.992374420166016;25.203767776489258;9.78161907196045;0.29877975583076477;24.99283790588379;25.191373825073242;9.794901847839355;0.2806068071206756;0.997304678132927;0.800000011920929;0.800000011920929;0.800000011920929
lidar;17.0;44.0;24.992488861083984;25.207815170288086;9.784932136535645;0.2991616129875183;24.99352264404297;25.17925262451172;9.814492225646973;0.25804300482803844;0.9960312249227407;0.800000011920929;0.800000011920929;0.800000011920929
lidar;17.0;44.0;24.99260902404785;25.211790084838867;9.788338661193848;0.29951658844947815;24.99090003967285;25.260778427124023;9.739380836486816;0.36879674035139653;0.9939137694187595;0.800000011920929;0.800000011920929;0.800000011920929
lidar;17.0;44.0;24.988922119140625;24.7883358001709;9.788626670837402;0.29933735728263855;24.988508224487305;24.780410766601562;9.780712127685547;0.31054607744304324;0.9945092798722966;0.800000011920929;0.800000011920929;0.800000011920929
lidar;17.0;44.0;24.988740921020508;24.792259216308594;9.785173416137695;0.29905369877815247;24.985309600830078;24.72895050048828;9.719703674316406;0.39019215482356995;0.9963909982052515;0.800000011920929;0.800000011920929;0.800000011920929
lidar;17.0;44.0;24.988567352294922;24.796306610107422;9.781866073608398;0.2986701726913452;24.988155364990234;24.788965225219727;9.774003028869629;0.30943621409785216;0.9976704715788306;0.800000011920929;0.800000011920929;0.800000011920929
lidar;17.0;44.0;24.98839569091797;24.80034637451172;9.778565406799316;0.29837849736213684;24.98944664001465;24.818418502807617;9.798609733581543;0.27136866799378023;0.9986460804193642;0.800000011920929;0.800000011920929;0.800000011920929
lidar;17.0;44.0;24.988222122192383;24.804378509521484;9.775270462036133;0.2981780767440796;24.985811233520508;24.764320373535156;9.729252815246582;0.35923557194034506;0.9993175267488552;0.800000011920929;0.800000011920929;0.800000011920929
lidar;17.0;44.0;24.98805046081543;24.80840492248535;9.771979331970215;0.29806867241859436;24.992692947387695;24.882844924926758;9.86057186126709;0.18226024586215683;0.9996845126330647;0.800000011920929;0.800000011920929;0.800000011920929
lidar;17.0;44.0;24.987876892089844;24.81243133544922;9.768689155578613;0.29805007576942444;24.987194061279297;24.801841735839844;9.755630493164062;0.3148762026477119;0.9997469782621645;0.800000011920929;0.800000011920929;0.800000011920929
lidar;17.0;44.0;24.98770523071289;24.816457748413086;9.765398025512695;0.2981223464012146;24.98818588256836;24.823627471923828;9.774563789367676;0.2864754978772975;0.9995049238041015;0.800000011920929;0.800000011920929;0.800000011920929
lidar;17.0;44.0;24.987531661987305;24.82048797607422;9.762104988098145;0.29828548431396484;24.986909866333008;24.811525344848633;9.750227928161621;0.31317784936397314;0.9989584088128398;0.800000011920929;0.800000011920929;0.800000011920929
lidar;17.0;44.0;24.98736000061035;24.824522018432617;9.758807182312012;0.29853975772857666;24.98871421813965;24.843341827392578;9.784673690795898;0.26652297654975526;0.998107671734637;0.800000011920929;0.800000011920929;0.800000011920929
lidar;17.0;44.0;24.987186431884766;24.82856559753418;9.755502700805664;0.29888564348220825;24.98046112060547;24.738595962524414;9.62718677520752;0.45574509706013355;0.9969527722957701;0.800000011920929;0.800000011920929;0.800000011920929
lidar;17.0;44.0;24.98701286315918;24.83262062072754;9.752189636230469;0.29932358860969543;24.98297119140625;24.78054428100586;9.675087928771973;0.39245251733272885;0.9954942464386108;0.800000011920929;0.800000011920929;0.800000011920929
lidar;17.0;44.0;24.986862182617188;24.836971282958984;9.749302864074707;0.29933226108551025;24.988128662109375;24.85270118713379;9.773490905761719;0.27045152618548585;0.9963333603732553;0.800000011920929;0.800000011920929;0.800000011920929
lidar;17.0;44.0;24.986732482910156;24.841590881347656;9.746840476989746;0.29892969131469727;24.984397888183594;24.813716888427734;9.702291488647461;0.35153309067249167;0.9976748227955133;0.800000011920929;0.800000011920929;0.800000011920929
lidar;17.0;44.0;24.986602783203125;24.84619903564453;9.744383811950684;0.2986190617084503;24.985595703125;24.834632873535156;9.725159645080566;0.3210776714332903;0.998712301299071;0.800000011920929;0.800000011920929;0.800000011920929
lidar;17.0;44.0;24.986474990844727;24.850799560546875;9.741931915283203;0.298399955034256;24.98572540283203;24.842533111572266;9.727633476257324;0.3149333708140927;0.9994455575733585;0.800000011920929;0.800000011920929;0.800000011920929
lidar;17.0;44.0;24.986347198486328;24.85539436340332;9.739482879638672;0.29827189445495605;24.989665985107422;24.890548706054688;9.802814483642578;0.2257622822353213;0.9998744130168197;0.800000011920929;0.800000011920929;0.800000011920929
lidar;17.0;44.0;24.98621940612793;24.859987258911133;9.737034797668457;0.2982347011566162;24.985132217407227;24.84894371032715;9.716294288635254;0.3217578994708163;0.9999986886978423;0.800000011920929;0.800000011920929;0.800000011920929
lidar;17.0;44.0;24.9860897064209;24.864580154418945;9.734587669372559;0.2982884645462036;24.988292694091797;24.88602638244629;9.776620864868164;0.25104886331887266;0.9998183250581673;0.800000011920929;0.800000011920929;0.800000011920929
lidar;17.0;44.0;24.9859619140625;24.86917495727539;9.732137680053711;0.2984330356121063;24.983047485351562;24.842012405395508;9.676523208618164;0.3603954554393231;0.9993335008269008;0.800000011920929;0.800000011920929;0.800000011920929
lidar;17.0;44.0;24.9858341217041;24.873777389526367;9.729684829711914;0.2986688017845154;24.98484230041504;24.864952087402344;9.710785865783691;0.319550487021461;0.9985442160816782;0.800000011920929;0.800000011920929;0.800000011920929
lidar;17.0;44.0;24.98570442199707;24.878387451171875;9.727228164672852;0.2989961504936218;24.98719596862793;24.89107894897461;9.755694389343262;0.2677925070416531;0.9974506497319963;0.800000011920929;0.800000011920929;0.800000011920929
lidar;17.0;44.0;24.98557472229004;24.88300895690918;9.724764823913574;0.2994154393672943;24.985010147094727;24.878421783447266;9.713972091674805;0.3111560814820127;0.996053457197301;0.800000011920929;0.800000011920929;0.800000011920929
lidar;17.0;44.0;24.985456466674805;24.88772964477539;9.722502708435059;0.2997017502784729;24.985815048217773;24.89048957824707;9.729325294494629;0.2923329924373338;0.9957666399302735;0.800000011920929;0.800000011920929;0.800000011920929
lidar;17.0;44.0;24.985376358032227;24.89274787902832;9.720982551574707;0.2992786169052124;24.983797073364258;24.88116455078125;9.690848350524902;0.3316005358348886;0.9971745612121963;0.800000011920929;0.800000011920929;0.800000011920929
lidar;17.0;44.0;24.98529815673828;24.897754669189453;9.719466209411621;0.29894760251045227;24.984678268432617;24.8934383392334;9.707625389099121;0.31156579553102676;0.9982787966734621;0.800000011920929;0.800000011920929;0.800000011920929
lidar;17.0;44.0;24.985218048095703;24.90275001525879;9.717952728271484;0.2987082004547119;24.984498977661133;24.89801025390625;9.704207420349121;0.3132656837927406;0.9990788102357544;0.800000011920929;0.800000011920929;0.800000011920929
lidar;17.0;44.0;24.985139846801758;24.907739639282227;9.716442108154297;0.2985600233078003;24.988588333129883;24.929147720336914;9.78223991394043;0.22928053299444623;0.999574601660903;0.800000011920929;0.800000011920929;0.800000011920929
lidar;17.0;44.0;24.98505973815918;24.9127254486084;9.71493148803711;0.2985028624534607;24.983369827270508;24.90284538269043;9.682660102844238;0.3322954793556838;0.9997658729435239;0.800000011920929;0.800000011920929;0.800000011920929
lidar;17.0;44.0;24.984981536865234;24.917713165283203;9.713420867919922;0.29853665828704834;24.981027603149414;24.896053314208984;9.637992858886719;0.37711263348557034;0.999652624146033;0.800000011920929;0.800000011920929;0.800000011920929
lidar;17.0;44.0;24.984901428222656;24.922700881958008;9.711910247802734;0.29866141080856323;24.986230850219727;24.929506301879883;9.737274169921875;0.27236665837402424;0.9992348551660541;0.800000011920929;0.800000011920929;0.800000011920929
lidar;17.0;44.0;24.984825134277344;24.927705764770508;9.710441589355469;0.2988327443599701;24.985069274902344;24.928869247436523;9.715100288391113;0.29402437050840735;0.9986618160824443;0.800000011920929;0.800000011920929;0.800000011920929
lidar;17.0;44.0;24.98474884033203;24.932722091674805;9.708985328674316;0.2990798354148865;24.988069534301758;24.94737434387207;9.77236270904541;0.23394532169542348;0.9978367092119792;0.800000011920929;0.800000011920929;0.800000011920929
lidar;17.0;44.0;24.98467254638672;24.937747955322266;9.707526206970215;0.2994186282157898;24.986181259155273;24.943876266479492;9.73632526397705;0.2699355380184889;0.9967076779037783;0.800000011920929;0.800000011920929;0.800000011920929
lidar;17.0;44.0;24.984596252441406;24.942785263061523;9.706063270568848;0.29984962940216064;24.98137092590332;24.930810928344727;9.644539833068848;0.3626106095917231;0.9952750204649347;0.800000011920929;0.800000011920929;0.800000011920929
lidar;17.0;44.0;24.984560012817383;24.94797706604004;9.705370903015137;0.29958489537239075;24.982418060302734;24.940765380859375;9.664522171020508;0.34112044483140125;0.996516048732736;0.800000011920929;0.800000011920929;0.800000011920929
lidar;17.0;44.0;24.984533309936523;24.95319366455078;9.704877853393555;0.29921120405197144;24.986818313598633;24.960105895996094;9.748458862304688;0.25502575103075803;0.99776065356985;0.800000011920929;0.800000011920929;0.800000011920929
lidar;17.0;44.0;24.984506607055664;24.958396911621094;9.704385757446289;0.2989293932914734;24.98244857788086;24.952869415283203;9.6651029586792;0.33865256451840153;0.9987013935325231;0.800000011920929;0.800000011920929;0.800000011920929
lidar;17.0;44.0;24.984481811523438;24.963594436645508;9.703901290893555;0.29873135685920715;24.981033325195312;24.955503463745117;9.63810920715332;0.3651093444893011;0.9993640185021619;0.800000011920929;0.800000011920929;0.800000011920929
lidar;17.0;44.0;24.984458923339844;24.968788146972656;9.703449249267578;0.29859328269958496;24.984577178955078;24.96902847290039;9.705727577209473;0.29629946176597177;0.9998261332666865;0.800000011920929;0.800000011920929;0.800000011920929
lidar;17.0;44.0;24.984434127807617;24.973979949951172;9.702997207641602;0.29854628443717957;24.980770111083984;24.967853546142578;9.633061408996582;0.36884577565940324;0.9999836087234456;0.800000011920929;0.800000011920929;0.800000011920929
lidar;17.0;44.0;24.984413146972656;24.97917366027832;9.702571868896484;0.2985634505748749;24.983062744140625;24.97736930847168;9.676823616027832;0.3244100388596441;0.9999263882678292;0.800000011920929;0.800000011920929;0.800000011920929
lidar;17.0;44.0;24.984392166137695;24.984371185302734;9.70217514038086;0.2986423373222351;24.987884521484375;24.98786735534668;9.768815040588379;0.2318198835600766;0.9996624589057953;0.800000011920929;0.800000011920929;0.800000011920929
lidar;17.0;44.0;24.984375;24.989574432373047;9.701849937438965;0.29874101281166077;24.98453140258789;24.98967933654785;9.704846382141113;0.29573880097397565;0.9993323683772019;0.800000011920929;0.800000011920929;0.800000011920929
lidar;17.0;44.0;24.984363555908203;24.99478530883789;9.701630592346191;0.2988242506980896;24.98773956298828;24.99591064453125;9.766051292419434;0.23430540429738322;0.9990538358228691;0.800000011920929;0.800000011920929;0.800000011920929
lidar;17.0;44.0;24.984357833862305;25.0;9.70154094696045;0.2988690435886383;24.986005783081055;25.0;9.732976913452148;0.26738914741809355;0.9989041089717636;0.800000011920929;0.800000011920929;0.800000011920929
lidar;17.0;44.0;24.984363555908203;25.00521469116211;9.701630592346191;0.2988242506980896;24.983409881591797;25.00553321838379;9.683448791503906;0.3170339100304393;0.9990538358228691;0.800000011920929;0.800000011920929;0.800000011920929
lidar;17.0;44.0;24.984375;25.010425567626953;9.701849937438965;0.29874101281166077;24.984512329101562;25.010334014892578;9.704486846923828;0.29609877183228284;0.9993323683772019;0.800000011920929;0.800000011920929;0.800000011920929
lidar;17.0;44.0;24.984392166137695;25.015628814697266;9.702176094055176;0.2986423075199127;24.98065757751465;25.01936912536621;9.630915641784668;0.3700976048300259;0.9996624589057953;0.800000011920929;0.800000011920929;0.800000011920929
lidar;17.0;44.0;24.984413146972656;25.02082633972168;9.702571868896484;0.2985634505748749;24.985004425048828;25.020036697387695;9.713854789733887;0.28723791186365827;0.9999263882678292;0.800000011920929;0.800000011920929;0.800000011920929
lidar;17.0;44.0;24.984434127807617;25.026020050048828;9.702997207641602;0.29854628443717957;24.98725128173828;25.021312713623047;9.756733894348145;0.244530202081047;0.9999836087234456;0.800000011920929;0.800000011920929;0.800000011920929
lidar;17.0;44.0;24.984458923339844;25.031211853027344;9.703449249267578;0.29859328269958496;24.98470115661621;25.03072166442871;9.708100318908691;0.29391061533634166;0.9998261332666865;0.800000011920929;0.800000011920929;0.800000011920929
lidar;17.0;44.0;24.984481811523438;25.036405563354492;9.703901290893555;0.29873135685920715;24.98552703857422;25.03395652770996;9.72382926940918;0.278626297177655;0.9993640185021619;0.800000011920929;0.800000011920929;0.800000011920929
lidar;17.0;44.0;24.984506607055664;25.041603088378906;9.704385757446289;0.2989293932914734;24.984233856201172;25.042335510253906;9.699176788330078;0.3041968270288289;0.9987013935325231;0.800000011920929;0.800000011920929;0.800000011920929
lidar;17.0;44.0;24.984533309936523;25.04680633544922;9.704877853393555;0.29921120405197144;24.985698699951172;25.04328155517578;9.727106094360352;0.2766748735356148;0.99776065356985;0.800000011920929;0.800000011920929;0.800000011920929
lidar;17.0;44.0;24.984560012817383;25.05202293395996;9.705370903015137;0.29958489537239075;24.98331642150879;25.05620765686035;9.68166446685791;0.323690406455696;0.996516048732736;0.800000011920929;0.800000011920929;0.800000011920929
lidar;17.0;44.0;24.984596252441406;25.057214736938477;9.706063270568848;0.29984962940216064;24.985509872436523;25.05381965637207;9.72350025177002;0.28206111571468695;0.9952749611441785;0.800000011920929;0.800000011920929;0.800000011920929
lidar;17.0;44.0;24.98467254638672;25.062252044677734;9.707525253295898;0.29941868782043457;24.98431968688965;25.063684463500977;9.700798034667969;0.30630604501376163;0.9967076779037783;0.800000011920929;0.800000011920929;0.800000011920929
lidar;17.0;44.0;24.98474884033203;25.067277908325195;9.708984375;0.29907989501953125;24.98598861694336;25.061811447143555;9.732633590698242;0.27477615091072444;0.9978367092119792;0.800000011920929;0.800000011920929;0.800000011920929
lidar;17.0;44.0;24.984825134277344;25.072294235229492;9.710441589355469;0.2988327741622925;24.9856014251709;25.0685977935791;9.725250244140625;0.2835491055007219;0.9986618160824443;0.800000011920929;0.800000011920929;0.800000011920929
lidar;17.0;44.0;24.984901428222656;25.077299118041992;9.711910247802734;0.2986614406108856;24.984474182128906;25.07948875427246;9.703752517700195;0.30711924865786183;0.9992348551660541;0.800000011920929;0.800000011920929;0.800000011920929
lidar;17.0;44.0;24.984981536865234;25.082286834716797;9.713421821594238;0.29853662848472595;24.982389450073242;25.09648323059082;9.663981437683105;0.35003970312065624;0.999652624146033;0.800000011920929;0.800000011920929;0.800000011920929
lidar;17.0;44.0;24.98505973815918;25.0872745513916;9.71493148803711;0.2985028028488159;24.98434829711914;25.0914306640625;9.701351165771484;0.31272321583363877;0.9997658729435239;0.800000011920929;0.800000011920929;0.800000011920929
lidar;17.0;44.0;24.985139846801758;25.092260360717773;9.716442108154297;0.2985599935054779;24.987079620361328;25.080209732055664;9.753480911254883;0.2595612267304447;0.999574601660903;0.800000011920929;0.800000011920929;0.800000011920929
lidar;17.0;44.0;24.985218048095703;25.09724998474121;9.717952728271484;0.2987081706523895;24.986942291259766;25.085914611816406;9.75083065032959;0.2638880507338655;0.9990788102357544;0.800000011920929;0.800000011920929;0.800000011920929
lidar;17.0;44.0;24.98529815673828;25.102245330810547;9.719466209411621;0.2989475429058075;24.98919105529785;25.075172424316406;9.793750762939453;0.21978750698857002;0.9982787966734621;0.800000011920929;0.800000011920929;0.800000011920929
lidar;17.0;44.0;24.985376358032227;25.10725212097168;9.720982551574707;0.2992785573005676;24.982927322387695;25.125213623046875;9.67425537109375;0.3493984261767768;0.9971745612121963;0.800000011920929;0.800000011920929;0.800000011920929
lidar;17.0;44.0;24.985456466674805;25.11227035522461;9.722501754760742;0.2997017800807953;24.984838485717773;25.117042541503906;9.71070671081543;0.3124411752107074;0.9957666399302735;0.800000011920929;0.800000011920929;0.800000011920929
lidar;17.0;44.0;24.98557472229004;25.11699104309082;9.724764823913574;0.2994154095649719;24.989643096923828;25.083999633789062;9.802380561828613;0.21498032383062113;0.996053457197301;0.800000011920929;0.800000011920929;0.800000011920929
lidar;17.0;44.0;24.98570442199707;25.121612548828125;9.727228164672852;0.29899606108665466;24.995386123657227;25.039243698120117;9.91197681427002;0.09648517919742736;0.9974507092787912;0.800000011920929;0.800000011920929;0.800000011920929
lidar;17.0;44.0;24.9858341217041;25.126222610473633;9.729684829711914;0.29866868257522583;24.983583450317383;25.146276473999023;9.686739921569824;0.34611916161501316;0.9985442160816782;0.800000011920929;0.800000011920929;0.800000011920929
lidar;17.0;44.0;24.9859619140625;25.13082504272461;9.732137680053711;0.2984327971935272;24.98566436767578;25.133602142333984;9.726449966430664;0.3047697837945577;0.9993335008269008;0.800000011920929;0.800000011920929;0.800000011920929
lidar;17.0;44.0;24.9860897064209;25.135419845581055;9.734587669372559;0.2982882559299469;24.98873519897461;25.109676361083984;9.785043716430664;0.24158191654455893;0.9998183846638937;0.800000011920929;0.800000011920929;0.800000011920929
lidar;17.0;44.0;24.98621940612793;25.140012741088867;9.737035751342773;0.2982344925403595;24.982521057128906;25.17757797241211;9.666482925415039;0.3782491113628463;0.9999986886978423;0.800000011920929;0.800000011920929;0.800000011920929
lidar;17.0;44.0;24.986347198486328;25.14460563659668;9.739482879638672;0.29827168583869934;24.986616134643555;25.14175033569336;9.744626998901367;0.2923820002631534;0.9998744130168197;0.800000011920929;0.800000011920929;0.800000011920929
lidar;17.0;44.0;24.986474990844727;25.149200439453125;9.741931915283203;0.29839974641799927;24.98484992980957;25.167129516601562;9.710920333862305;0.334258956773681;0.9994455575733585;0.800000011920929;0.800000011920929;0.800000011920929
lidar;17.0;44.0;24.986602783203125;25.15380096435547;9.744384765625;0.29861894249916077;24.984926223754883;25.173067092895508;9.712363243103027;0.3360266578910885;0.998712301299071;0.800000011920929;0.800000011920929;0.800000011920929
lidar;17.0;44.0;24.986732482910156;25.158409118652344;9.746840476989746;0.2989296615123749;24.989334106445312;25.127344131469727;9.79648494720459;0.24030975184060258;0.9976748227955133;0.800000011920929;0.800000011920929;0.800000011920929
lidar;17.0;44.0;24.986862182617188;25.163028717041016;9.749302864074707;0.2993322014808655;24.99143409729004;25.106298446655273;9.836538314819336;0.1951732724916882;0.9963333603732553;0.800000011920929;0.800000011920929;0.800000011920929
lidar;17.0;44.0;24.98701286315918;25.16737937927246;9.752189636230469;0.29932358860969543;24.9842529296875;25.202951431274414;9.699524879455566;0.36293557906515594;0.9954941870942048;0.800000011920929;0.800000011920929;0.800000011920929
lidar;17.0;44.0;24.987186431884766;25.17143440246582;9.755502700805664;0.298885703086853;24.989072799682617;25.146190643310547;9.79150390625;0.25487543046116634;0.9969527124317575;0.800000011920929;0.800000011920929;0.800000011920929
lidar;17.0;44.0;24.98736000061035;25.175477981567383;9.758807182312012;0.29853981733322144;24.98772430419922;25.170400619506836;9.76578426361084;0.2899042080446467;0.9981076121760254;0.800000011920929;0.800000011920929;0.800000011920929
lidar;17.0;44.0;24.987531661987305;25.17951202392578;9.762104988098145;0.29828551411628723;24.98764419555664;25.177894592285156;9.764249801635742;0.29559633267458646;0.9989583491472441;0.800000011920929;0.800000011920929;0.800000011920929
lidar;17.0;44.0;24.98770523071289;25.183542251586914;9.765398025512695;0.2981223464012146;24.99047088623047;25.14226722717285;9.818155288696289;0.23108100139240828;0.9995048642606302;0.800000011920929;0.800000011920929;0.800000011920929
lidar;17.0;44.0;24.987876892089844;25.18756866455078;9.768689155578613;0.29805007576942444;24.988109588623047;25.183988571166992;9.773104667663574;0.29236045993658416;0.9997469186792524;0.800000011920929;0.800000011920929;0.800000011920929
lidar;17.0;44.0;24.98805046081543;25.19159507751465;9.771979331970215;0.298068642616272;24.989267349243164;25.17208480834961;9.795197486877441;0.2677175356844037;0.999684453026816;0.800000011920929;0.800000011920929;0.800000011920929
lidar;17.0;44.0;24.988222122192383;25.195621490478516;9.775270462036133;0.298178106546402;24.986780166625977;25.219579696655273;9.747748374938965;0.334695713150759;0.9993174671632716;0.800000011920929;0.800000011920929;0.800000011920929
lidar;17.0;44.0;24.98839569091797;25.19965362548828;9.778565406799316;0.29837849736213684;24.991167068481445;25.151962280273438;9.831459045410156;0.22710542360417768;0.9986460209261206;0.800000011920929;0.800000011920929;0.800000011920929
lidar;17.0;44.0;24.988567352294922;25.203693389892578;9.781866073608398;0.2986702024936676;24.988826751708984;25.199092864990234;9.78679084777832;0.2919268038663856;0.9976704121120156;0.800000011920929;0.800000011920929;0.800000011920929
lidar;17.0;44.0;24.988740921020508;25.207740783691406;9.785173416137695;0.2990536689758301;24.98701286315918;25.239641189575195;9.752184867858887;0.34497690565371547;0.9963909387574078;0.800000011920929;0.800000011920929;0.800000011920929
lidar;17.0;44.0;24.988922119140625;25.2116641998291;9.788626670837402;0.29933732748031616;24.987865447998047;25.23187255859375;9.76844596862793;0.327916461762035;0.9945092798722966;0.800000011920929;0.800000011920929;0.800000011920929
lidar;17.0;44.0;24.985240936279297;24.788433074951172;9.788949966430664;0.29919931292533875;24.99039649963379;24.862335205078125;9.8626708984375;0.19468746235796167;0.9949678779864253;0.800000011920929;0.800000011920929;0.800000011920929
lidar;17.0;44.0;24.984996795654297;24.792299270629883;9.785443305969238;0.29899662733078003;24.987548828125;24.827640533447266;9.821950912475586;0.24812179654894306;0.9965811372183135;0.800000011920929;0.800000011920929;0.800000011920929
lidar;17.0;44.0;24.984766006469727;24.79634666442871;9.782140731811523;0.2986123561859131;24.98356819152832;24.780338287353516;9.765016555786133;0.32208430497666973;0.9978637694126586;0.800000011920929;0.800000011920929;0.800000011920929
lidar;17.0;44.0;24.984535217285156;24.800384521484375;9.778844833374023;0.29831981658935547;24.98447608947754;24.799612045288086;9.777989387512207;0.29947420176839495;0.9988425373849404;0.800000011920929;0.800000011920929;0.800000011920929
lidar;17.0;44.0;24.984304428100586;24.80441665649414;9.775555610656738;0.2981185019016266;24.983686447143555;24.79670524597168;9.766706466674805;0.3098717176196702;0.9995169639854075;0.800000011920929;0.800000011920929;0.800000011920929
lidar;17.0;44.0;24.98407554626465;24.808443069458008;9.772268295288086;0.29800835251808167;24.98296356201172;24.79507827758789;9.756378173828125;0.31880222786167967;0.9998869895985528;0.800000011920929;0.800000011920929;0.800000011920929
lidar;17.0;44.0;24.98384666442871;24.812469482421875;9.768982887268066;0.2979888617992401;24.97970962524414;24.76445960998535;9.709840774536133;0.3742764317600493;0.9999523758882767;0.800000011920929;0.800000011920929;0.800000011920929
lidar;17.0;44.0;24.98361587524414;24.816495895385742;9.765697479248047;0.29806020855903625;24.983293533325195;24.81289291381836;9.76109790802002;0.303911275949392;0.9997132420472429;0.800000011920929;0.800000011920929;0.800000011920929
lidar;17.0;44.0;24.983386993408203;24.820526123046875;9.762409210205078;0.29822248220443726;24.981931686401367;24.804811477661133;9.741606712341309;0.3243334414241084;0.999169528539847;0.800000011920929;0.800000011920929;0.800000011920929
lidar;17.0;44.0;24.983156204223633;24.824560165405273;9.759116172790527;0.29847586154937744;24.98834991455078;24.87865447998047;9.833389282226562;0.20644552252300113;0.9983215331448297;0.800000011920929;0.800000011920929;0.800000011920929
lidar;17.0;44.0;24.982925415039062;24.828603744506836;9.755816459655762;0.29882076382637024;24.984146118164062;24.840864181518555;9.773284912109375;0.2774436787306128;0.9971693156854129;0.800000011920929;0.800000011920929;0.800000011920929
lidar;17.0;44.0;24.98269271850586;24.832656860351562;9.752508163452148;0.2992577850818634;24.980031967163086;24.80691909790039;9.714442253112793;0.3452855034911606;0.9957134127999029;0.800000011920929;0.800000011920929;0.800000011920929
lidar;17.0;44.0;24.982486724853516;24.83695411682129;9.749543190002441;0.29936519265174866;24.9798583984375;24.8124942779541;9.711970329284668;0.3442743803999425;0.9962237477692729;0.800000011920929;0.800000011920929;0.800000011920929
lidar;17.0;44.0;24.982315063476562;24.84157371520996;9.747082710266113;0.29896292090415955;24.989013671875;24.901582717895508;9.84288215637207;0.1857221579471247;0.997563958305139;0.800000011920929;0.800000011920929;0.800000011920929
lidar;17.0;44.0;24.98214340209961;24.846181869506836;9.744627952575684;0.29865261912345886;24.980894088745117;24.835433959960938;9.726781845092773;0.3195241423898002;0.9986002445107118;0.800000011920929;0.800000011920929;0.800000011920929
lidar;17.0;44.0;24.981971740722656;24.85078239440918;9.742177963256836;0.29843372106552124;24.984304428100586;24.87009048461914;9.775537490844727;0.25981963425946597;0.9993323683772019;0.800000011920929;0.800000011920929;0.800000011920929
lidar;17.0;44.0;24.981800079345703;24.855379104614258;9.739730834960938;0.29830601811408997;24.982534408569336;24.86121368408203;9.750232696533203;0.2862697962162191;0.9997600912996375;0.800000011920929;0.800000011920929;0.800000011920929
lidar;17.0;44.0;24.98162841796875;24.85997200012207;9.737285614013672;0.2982691824436188;24.980924606323242;24.85460662841797;9.727218627929688;0.3096979873771628;0.9998832344966296;0.800000011920929;0.800000011920929;0.800000011920929
lidar;17.0;44.0;24.98145866394043;24.864564895629883;9.73483943939209;0.2983231842517853;24.98056983947754;24.85806655883789;9.72212028503418;0.31263289701940267;0.9997019171848849;0.800000011920929;0.800000011920929;0.800000011920929
lidar;17.0;44.0;24.981287002563477;24.869159698486328;9.732392311096191;0.29846811294555664;24.981042861938477;24.867454528808594;9.72890567779541;0.3023568614801591;0.9992159605226549;0.800000011920929;0.800000011920929;0.800000011920929
lidar;17.0;44.0;24.981115341186523;24.873762130737305;9.729941368103027;0.29870420694351196;24.980478286743164;24.869495391845703;9.72081470489502;0.30879890527142123;0.9984257221559374;0.800000011920929;0.800000011920929;0.800000011920929
lidar;17.0;44.0;24.98094367980957;24.878372192382812;9.727486610412598;0.2990318834781647;24.977458953857422;24.856124877929688;9.677639961242676;0.35372876298369804;0.997331261496538;0.800000011920929;0.800000011920929;0.800000011920929
lidar;17.0;44.0;24.980772018432617;24.88299560546875;9.725025177001953;0.2994515299797058;24.978836059570312;24.871212005615234;9.697333335876465;0.3296084087983901;0.9959331158123279;0.800000011920929;0.800000011920929;0.800000011920929
lidar;17.0;44.0;24.980606079101562;24.88767433166504;9.722663879394531;0.29984724521636963;24.980173110961914;24.885164260864258;9.71646499633789;0.3065492905397793;0.9952833058028066;0.800000011920929;0.800000011920929;0.800000011920929
lidar;17.0;44.0;24.980501174926758;24.892696380615234;9.72114372253418;0.2994247078895569;24.979001998901367;24.88445281982422;9.69972038269043;0.3224279793879189;0.9966879486465876;0.800000011920929;0.800000011920929;0.800000011920929
lidar;17.0;44.0;24.98039436340332;24.897703170776367;9.71962833404541;0.2990942597389221;24.97875213623047;24.889135360717773;9.696145057678223;0.32414556339952466;0.9977889058716007;0.800000011920929;0.800000011920929;0.800000011920929
lidar;17.0;44.0;24.980289459228516;24.902708053588867;9.718133926391602;0.29883551597595215;24.978076934814453;24.891788482666016;9.68649673461914;0.33237726257210154;0.9986529350792697;0.800000011920929;0.800000011920929;0.800000011920929
lidar;17.0;44.0;24.980188369750977;24.907718658447266;9.716681480407715;0.29862645268440247;24.981889724731445;24.915647506713867;9.741022109985352;0.27297084271132493;0.9993520975231664;0.800000011920929;0.800000011920929;0.800000011920929
lidar;17.0;44.0;24.980087280273438;24.9127254486084;9.715229988098145;0.29850858449935913;24.976350784301758;24.896352767944336;9.661808967590332;0.3545071720384476;0.9997467398465154;0.800000011920929;0.800000011920929;0.800000011920929
lidar;17.0;44.0;24.9799861907959;24.917728424072266;9.71377944946289;0.29848161339759827;24.980817794799805;24.92115020751953;9.725687026977539;0.286064334326858;0.999836862101933;0.800000011920929;0.800000011920929;0.800000011920929
lidar;17.0;44.0;24.97988510131836;24.922731399536133;9.712329864501953;0.29854556918144226;24.982297897338867;24.932003021240234;9.746853828430176;0.26271620428100356;0.9996224642032228;0.800000011920929;0.800000011920929;0.800000011920929
lidar;17.0;44.0;24.979782104492188;24.927738189697266;9.710878372192383;0.2987006604671478;24.982635498046875;24.93793487548828;9.751681327819824;0.2565460180349422;0.9991035461853626;0.800000011920929;0.800000011920929;0.800000011920929
lidar;17.0;44.0;24.97968101501465;24.932750701904297;9.70942497253418;0.2989470064640045;24.983552932739258;24.94556427001953;9.764785766601562;0.2419905025322741;0.9982802867961199;0.800000011920929;0.800000011920929;0.800000011920929
lidar;17.0;44.0;24.97957992553711;24.937774658203125;9.707968711853027;0.29928499460220337;24.9735164642334;24.919300079345703;9.621267318725586;0.38813978529640164;0.9971529842419073;0.800000011920929;0.800000011920929;0.800000011920929
lidar;17.0;44.0;24.979476928710938;24.942811965942383;9.706507682800293;0.29971519112586975;24.9843692779541;24.95644760131836;9.776485443115234;0.22825373632969043;0.9957218765370155;0.800000011920929;0.800000011920929;0.800000011920929
lidar;17.0;44.0;24.979408264160156;24.947948455810547;9.705521583557129;0.2997514009475708;24.98541259765625;24.963125228881836;9.791379928588867;0.21235607821339206;0.9959622621952494;0.800000011920929;0.800000011920929;0.800000011920929
lidar;17.0;44.0;24.9793758392334;24.953170776367188;9.705049514770508;0.2993559241294861;24.977310180664062;24.948482513427734;9.67552661895752;0.32932039265590346;0.9972784521123016;0.800000011920929;0.800000011920929;0.800000011920929
lidar;17.0;44.0;24.97934341430664;24.95838165283203;9.704596519470215;0.29903507232666016;24.9836368560791;24.9670352935791;9.766010284423828;0.23686593098158776;0.9983484744529626;0.800000011920929;0.800000011920929;0.800000011920929
lidar;17.0;44.0;24.979310989379883;24.963584899902344;9.704143524169922;0.29880598187446594;24.97389793395996;24.954055786132812;9.626731872558594;0.3769900959417821;0.9991143942599158;0.800000011920929;0.800000011920929;0.800000011920929
lidar;17.0;44.0;24.979280471801758;24.968780517578125;9.703691482543945;0.2986680269241333;24.972105026245117;24.957969665527344;9.601078987121582;0.40209744825814936;0.9995759725778646;0.800000011920929;0.800000011920929;0.800000011920929
lidar;17.0;44.0;24.979251861572266;24.97397804260254;9.703293800354004;0.29856717586517334;24.97425651550293;24.967710494995117;9.631837844848633;0.3704706265886582;0.9999136924713492;0.800000011920929;0.800000011920929;0.800000011920929
lidar;17.0;44.0;24.979225158691406;24.97917366027832;9.702898025512695;0.2985551059246063;24.978113174438477;24.978059768676758;9.687003135681152;0.31452739714035866;0.9999544620480533;0.800000011920929;0.800000011920929;0.800000011920929
lidar;17.0;44.0;24.979202270507812;24.984375;9.702571868896484;0.29856327176094055;24.98064422607422;24.985458374023438;9.72319221496582;0.27786473045271304;0.999927043911073;0.800000011920929;0.800000011920929;0.800000011920929
lidar;17.0;44.0;24.979183197021484;24.989578247070312;9.702302932739258;0.29860565066337585;24.97956085205078;24.98976707458496;9.707701683044434;0.29319109554843353;0.999784946452409;0.800000011920929;0.800000011920929;0.800000011920929
lidar;17.0;44.0;24.979169845581055;24.994787216186523;9.702122688293457;0.298650324344635;24.977933883666992;24.994478225708008;9.684441566467285;0.31637701233618576;0.9996352791551252;0.800000011920929;0.800000011920929;0.800000011920929
lidar;17.0;44.0;24.97916603088379;25.0;9.702052116394043;0.2986755073070526;24.982316970825195;25.0;9.747137069702148;0.2534805037333389;0.9995512962369434;0.800000011920929;0.800000011920929;0.800000011920929
lidar;17.0;44.0;24.979169845581055;25.005212783813477;9.702122688293457;0.2986503541469574;24.9736385345459;25.006595611572266;9.623021125793457;0.37795722697673284;0.9996352791551252;0.800000011920929;0.800000011920929;0.800000011920929
lidar;17.0;44.0;24.979183197021484;25.010421752929688;9.702302932739258;0.29860565066337585;24.97813606262207;25.010944366455078;9.68732738494873;0.3136275171437912;0.999784946452409;0.800000011920929;0.800000011920929;0.800000011920929
lidar;17.0;44.0;24.979202270507812;25.015625;9.702571868896484;0.29856327176094055;24.98087501525879;25.014368057250977;9.72649097442627;0.2745533935797826;0.999927043911073;0.800000011920929;0.800000011920929;0.800000011920929
lidar;17.0;44.0;24.979225158691406;25.02082633972168;9.702898025512695;0.2985551059246063;24.98188018798828;25.018165588378906;9.74086856842041;0.26039835639272463;0.9999544620480533;0.800000011920929;0.800000011920929;0.800000011920929
lidar;17.0;44.0;24.979251861572266;25.02602195739746;9.703293800354004;0.2985672056674957;24.976856231689453;25.02902603149414;9.669034957885742;0.33304005909575846;0.9999136924713492;0.800000011920929;0.800000011920929;0.800000011920929
lidar;17.0;44.0;24.979280471801758;25.031219482421875;9.703691482543945;0.2986680269241333;24.98351287841797;25.02484130859375;9.764226913452148;0.2376506619826128;0.9995759725778646;0.800000011920929;0.800000011920929;0.800000011920929
lidar;17.0;44.0;24.979310989379883;25.036415100097656;9.704143524169922;0.2988060414791107;24.9814510345459;25.032649993896484;9.734740257263184;0.2679041789175229;0.9991143942599158;0.800000011920929;0.800000011920929;0.800000011920929
lidar;17.0;44.0;24.97934341430664;25.04161834716797;9.704596519470215;0.29903507232666016;24.976606369018555;25.04713249206543;9.665454864501953;0.3386575881756485;0.9983484744529626;0.800000011920929;0.800000011920929;0.800000011920929
lidar;17.0;44.0;24.9793758392334;25.046829223632812;9.705049514770508;0.2993559241294861;24.982614517211914;25.03947639465332;9.751360893249512;0.2523527253717248;0.9972784521123016;0.800000011920929;0.800000011920929;0.800000011920929
lidar;17.0;44.0;24.979408264160156;25.052051544189453;9.705521583557129;0.2997514307498932;24.975543975830078;25.061817169189453;9.650269508361816;0.35599316662097297;0.9959622621952494;0.800000011920929;0.800000011920929;0.800000011920929
lidar;17.0;44.0;24.979476928710938;25.057188034057617;9.706507682800293;0.29971519112586975;24.979366302490234;25.057497024536133;9.704927444458008;0.3013290531845306;0.9957218765370155;0.800000011920929;0.800000011920929;0.800000011920929
lidar;17.0;44.0;24.97957992553711;25.062225341796875;9.707967758178711;0.29928508400917053;24.98295021057129;25.05195426940918;9.756166458129883;0.24988925637243947;0.9971529842419073;0.800000011920929;0.800000011920929;0.800000011920929
lidar;17.0;44.0;24.97968101501465;25.067249298095703;9.709424018859863;0.2989470660686493;24.981483459472656;25.061279296875;9.735213279724121;0.2724150493321639;0.9982802867961199;0.800000011920929;0.800000011920929;0.800000011920929
lidar;17.0;44.0;24.979782104492188;25.072261810302734;9.710878372192383;0.2987006902694702;24.976917266845703;25.082504272460938;9.669901847839355;0.3410343231676376;0.9991035461853626;0.800000011920929;0.800000011920929;0.800000011920929
lidar;17.0;44.0;24.97988510131836;25.077268600463867;9.712329864501953;0.2985456585884094;24.972639083862305;25.1051025390625;9.608707427978516;0.4060849985909133;0.9996224642032228;0.800000011920929;0.800000011920929;0.800000011920929
lidar;17.0;44.0;24.9799861907959;25.082271575927734;9.71377944946289;0.29848164319992065;24.979169845581055;25.085622787475586;9.70212459564209;0.3106361007831197;0.999836862101933;0.800000011920929;0.800000011920929;0.800000011920929
lidar;17.0;44.0;24.980087280273438;25.0872745513916;9.715229988098145;0.29850858449935913;24.978443145751953;25.094484329223633;9.691706657409668;0.32316666094407187;0.9997467398465154;0.800000011920929;0.800000011920929;0.800000011920929
lidar;17.0;44.0;24.980188369750977;25.092281341552734;9.716681480407715;0.29862648248672485;24.977642059326172;25.10413932800293;9.680272102355957;0.3370027306228869;0.9993520975231664;0.800000011920929;0.800000011920929;0.800000011920929
lidar;17.0;44.0;24.980289459228516;25.097291946411133;9.718133926391602;0.29883551597595215;24.97603988647461;25.118270874023438;9.657353401184082;0.36327537348246863;0.9986529350792697;0.800000011920929;0.800000011920929;0.800000011920929
lidar;17.0;44.0;24.98039436340332;25.102296829223633;9.71962833404541;0.2990942895412445;24.984291076660156;25.081960678100586;9.775364875793457;0.23963585697148543;0.9977889058716007;0.800000011920929;0.800000011920929;0.800000011920929
lidar;17.0;44.0;24.980501174926758;25.107303619384766;9.72114372253418;0.2994246780872345;24.980546951293945;25.107044219970703;9.721817016601562;0.2987014804042904;0.9966879486465876;0.800000011920929;0.800000011920929;0.800000011920929
lidar;17.0;44.0;24.980606079101562;25.11232566833496;9.722663879394531;0.29984724521636963;24.97496223449707;25.145021438598633;9.641935348510742;0.38712813002822305;0.9952833058028066;0.800000011920929;0.800000011920929;0.800000011920929
lidar;17.0;44.0;24.980772018432617;25.11700439453125;9.725025177001953;0.2994515001773834;24.98505210876465;25.090957641601562;9.786238670349121;0.23278905718461065;0.9959331158123279;0.800000011920929;0.800000011920929;0.800000011920929
lidar;17.0;44.0;24.98094367980957;25.121627807617188;9.727486610412598;0.2990317642688751;24.978275299072266;25.13866424560547;9.689313888549805;0.3409186095741298;0.997331261496538;0.800000011920929;0.800000011920929;0.800000011920929
lidar;17.0;44.0;24.981115341186523;25.126237869262695;9.729941368103027;0.2987041175365448;24.98283576965332;25.114736557006836;9.754544258117676;0.27149158686347097;0.9984257221559374;0.800000011920929;0.800000011920929;0.800000011920929
lidar;17.0;44.0;24.981287002563477;25.130840301513672;9.732392311096191;0.2984679639339447;24.986404418945312;25.09506607055664;9.805562973022461;0.216859851485476;0.9992160201069847;0.800000011920929;0.800000011920929;0.800000011920929
lidar;17.0;44.0;24.98145866394043;25.135435104370117;9.73483943939209;0.29832300543785095;24.980260848999023;25.144184112548828;9.71771240234375;0.3175924261366242;0.9997019171848849;0.800000011920929;0.800000011920929;0.800000011920929
lidar;17.0;44.0;24.98162841796875;25.14002799987793;9.737285614013672;0.2982689440250397;24.976896286010742;25.176105499267578;9.669601440429688;0.3751127354999775;0.9998832344966296;0.800000011920929;0.800000011920929;0.800000011920929
lidar;17.0;44.0;24.981800079345703;25.144620895385742;9.739731788635254;0.29830583930015564;24.980552673339844;25.154541015625;9.721880912780762;0.31876530409723897;0.9997600912996375;0.800000011920929;0.800000011920929;0.800000011920929
lidar;17.0;44.0;24.981971740722656;25.14921760559082;9.742178916931152;0.2984336018562317;24.981769561767578;25.15088653564453;9.73929500579834;0.3017714793711068;0.9993323683772019;0.800000011920929;0.800000011920929;0.800000011920929
lidar;17.0;44.0;24.98214340209961;25.153818130493164;9.744627952575684;0.2986525297164917;24.985754013061523;25.122713088989258;9.796269416809082;0.2382594546769369;0.9986002445107118;0.800000011920929;0.800000011920929;0.800000011920929
lidar;17.0;44.0;24.982315063476562;25.15842628479004;9.747082710266113;0.29896286129951477;24.9820613861084;25.160686492919922;9.743474960327148;0.30322787281813174;0.997563958305139;0.800000011920929;0.800000011920929;0.800000011920929
lidar;17.0;44.0;24.982486724853516;25.16304588317871;9.749543190002441;0.29936516284942627;24.978492736816406;25.200227737426758;9.692428588867188;0.36763226923578973;0.9962237477692729;0.800000011920929;0.800000011920929;0.800000011920929
lidar;17.0;44.0;24.98269271850586;25.167343139648438;9.752508163452148;0.2992578148841858;24.98426628112793;25.152132034301758;9.775005340576172;0.2720555050950554;0.9957134127999029;0.800000011920929;0.800000011920929;0.800000011920929
lidar;17.0;44.0;24.982925415039062;25.171396255493164;9.755816459655762;0.29882076382637024;24.985401153564453;25.146549224853516;9.791216850280762;0.2554995179775982;0.9971692563038781;0.800000011920929;0.800000011920929;0.800000011920929
lidar;17.0;44.0;24.983156204223633;25.175439834594727;9.759116172790527;0.29847583174705505;24.98372459411621;25.169504165649414;9.767265319824219;0.2883788965457117;0.9983214735975233;0.800000011920929;0.800000011920929;0.800000011920929
lidar;17.0;44.0;24.983386993408203;25.179473876953125;9.762409210205078;0.29822245240211487;24.986080169677734;25.15037727355957;9.80092716217041;0.2498744016885028;0.999169468884739;0.800000011920929;0.800000011920929;0.800000011920929
lidar;17.0;44.0;24.98361587524414;25.183504104614258;9.765697479248047;0.29806023836135864;24.982177734375;25.199615478515625;9.745126724243164;0.3242286256499175;0.9997132420472429;0.800000011920929;0.800000011920929;0.800000011920929
lidar;17.0;44.0;24.98384666442871;25.187530517578125;9.768982887268066;0.2979888617992401;24.98687744140625;25.15234375;9.812329292297363;0.2420765702784988;0.9999523758882767;0.800000011920929;0.800000011920929;0.800000011920929
lidar;17.0;44.0;24.98407554626465;25.191556930541992;9.772268295288086;0.2980083227157593;24.98568344116211;25.17221450805664;9.795263290405273;0.26791776418417884;0.9998869299880243;0.800000011920929;0.800000011920929;0.800000011920929
lidar;17.0;44.0;24.984304428100586;25.19558334350586;9.775554656982422;0.29811856150627136;24.98687171936035;25.16360855102539;9.812248229980469;0.24938142891787574;0.9995169639854075;0.800000011920929;0.800000011920929;0.800000011920929
lidar;17.0;44.0;24.984535217285156;25.199615478515625;9.778844833374023;0.29831981658935547;24.98710060119629;25.166500091552734;9.815534591674805;0.2488292966229289;0.9988425373849404;0.800000011920929;0.800000011920929;0.800000011920929
lidar;17.0;44.0;24.984766006469727;25.20365333557129;9.782140731811523;0.2986123263835907;24.982372283935547;25.235658645629883;9.747902870178223;0.3455405462036026;0.9978637694126586;0.800000011920929;0.800000011920929;0.800000011920929
lidar;17.0;44.0;24.984996795654297;25.207700729370117;9.785443305969238;0.2989966869354248;24.978029251098633;25.30415916442871;9.68580150604248;0.43785396511902597;0.9965811372183135;0.800000011920929;0.800000011920929;0.800000011920929
lidar;17.0;44.0;24.985240936279297;25.211566925048828;9.788949966430664;0.29919931292533875;24.982942581176758;25.244516372680664;9.75607967376709;0.3457975101599275;0.9949679377067765;0.800000011920929;0.800000011920929;0.800000011920929
lidar;17.0;44.0;24.9815673828125;24.788501739501953;9.789307594299316;0.2991027235984802;24.98225212097168;24.796371459960938;9.797146797180176;0.2879738260860456;0.9952893254368722;0.800000011920929;0.800000011920929;0.800000011920929
lidar;17.0;44.0;24.98125457763672;24.79230308532715;9.78574275970459;0.2989904284477234;24.985559463500977;24.83999252319336;9.83493709564209;0.230340480285379;0.9966017006244783;0.800000011920929;0.800000011920929;0.800000011920929
lidar;17.0;44.0;24.980966567993164;24.796350479125977;9.78244400024414;0.29860609769821167;24.980979919433594;24.796499252319336;9.782602310180664;0.2983892598480947;0.9978846906490089;0.800000011920929;0.800000011920929;0.800000011920929
lidar;17.0;44.0;24.98067855834961;24.800390243530273;9.779153823852539;0.2983134388923645;24.97991180419922;24.79246711730957;9.77038860321045;0.31015266221950044;0.9988637566314297;0.800000011920929;0.800000011920929;0.800000011920929
lidar;17.0;44.0;24.980390548706055;24.804420471191406;9.77586841583252;0.2981121242046356;24.976694107055664;24.767541885375977;9.733604431152344;0.35432613398236235;0.9995385408470983;0.800000011920929;0.800000011920929;0.800000011920929
lidar;17.0;44.0;24.980104446411133;24.808448791503906;9.77258586883545;0.29800179600715637;24.981460571289062;24.821517944335938;9.788103103637695;0.277668860903057;0.9999088644978509;0.800000011920929;0.800000011920929;0.800000011920929
lidar;17.0;44.0;24.979816436767578;24.81247329711914;9.769305229187012;0.29798221588134766;24.981502532958984;24.8281307220459;9.788565635681152;0.27310376661106445;0.999974608422259;0.800000011920929;0.800000011920929;0.800000011920929
lidar;17.0;44.0;24.979530334472656;24.816499710083008;9.766024589538574;0.29805347323417664;24.98219871520996;24.84043312072754;9.796540260314941;0.2591804398839829;0.9997357129975077;0.800000011920929;0.800000011920929;0.800000011920929
lidar;17.0;44.0;24.9792423248291;24.82052993774414;9.762741088867188;0.2982156276702881;24.972675323486328;24.76374626159668;9.68767261505127;0.3925696538203438;0.9991923571291824;0.800000011920929;0.800000011920929;0.800000011920929
lidar;17.0;44.0;24.978954315185547;24.82456398010254;9.759452819824219;0.2984688878059387;24.98233413696289;24.852733612060547;9.798077583312988;0.2505437932211271;0.998344600278093;0.800000011920929;0.800000011920929;0.800000011920929
lidar;17.0;44.0;24.978666305541992;24.8286075592041;9.756157875061035;0.29881376028060913;24.975820541381836;24.80574607849121;9.7236328125;0.3386708632204246;0.9971926809066224;0.800000011920929;0.800000011920929;0.800000011920929
lidar;17.0;44.0;24.978376388549805;24.832660675048828;9.752854347229004;0.29925066232681274;24.979591369628906;24.842056274414062;9.766729354858398;0.2824500592803136;0.99573707552525;0.800000011920929;0.800000011920929;0.800000011920929
lidar;17.0;44.0;24.978111267089844;24.836898803710938;9.749802589416504;0.29946592450141907;24.98011016845703;24.851802825927734;9.772665977478027;0.2720998301828135;0.9958887101343515;0.800000011920929;0.800000011920929;0.800000011920929
lidar;17.0;44.0;24.977895736694336;24.841520309448242;9.747344017028809;0.2990644574165344;24.977584838867188;24.839290618896484;9.743790626525879;0.303270466908669;0.9972252846765737;0.800000011920929;0.800000011920929;0.800000011920929
lidar;17.0;44.0;24.977680206298828;24.84613037109375;9.744891166687012;0.29875504970550537;24.9803466796875;24.864505767822266;9.775357246398926;0.2630763869199467;0.9982579349548505;0.800000011920929;0.800000011920929;0.800000011920929
lidar;17.0;44.0;24.977466583251953;24.850730895996094;9.742443084716797;0.29853710532188416;24.979511260986328;24.864274978637695;9.765811920166016;0.27144951788376326;0.9989864826014905;0.800000011920929;0.800000011920929;0.800000011920929
lidar;17.0;44.0;24.977252960205078;24.855327606201172;9.739997863769531;0.29841023683547974;24.978694915771484;24.864500045776367;9.756481170654297;0.2794920424954363;0.9994107485405205;0.800000011920929;0.800000011920929;0.800000011920929
lidar;17.0;44.0;24.977039337158203;24.859922409057617;9.737553596496582;0.2983742952346802;24.975345611572266;24.84958839416504;9.718191146850586;0.32038696458372823;0.9995306134192642;0.800000011920929;0.800000011920929;0.800000011920929
lidar;17.0;44.0;24.976825714111328;24.86451530456543;9.735109329223633;0.29842931032180786;24.976768493652344;24.86418914794922;9.734471321105957;0.29914848717029807;0.9993460178827808;0.800000011920929;0.800000011920929;0.800000011920929
lidar;17.0;44.0;24.976612091064453;24.86911392211914;9.73266315460205;0.2985752820968628;24.975950241088867;24.865419387817383;9.725119590759277;0.30700065500670065;0.9988570212513895;0.800000011920929;0.800000011920929;0.800000011920929
lidar;17.0;44.0;24.976396560668945;24.873716354370117;9.73021411895752;0.2988124489784241;24.973609924316406;24.858808517456055;9.69836711883545;0.3340869294485296;0.9980637432164519;0.800000011920929;0.800000011920929;0.800000011920929
lidar;17.0;44.0;24.97618293762207;24.878328323364258;9.727760314941406;0.2991412281990051;24.980728149414062;24.901554107666016;9.7797269821167;0.2420401537682361;0.9969663618904261;0.800000011920929;0.800000011920929;0.800000011920929
lidar;17.0;44.0;24.97597312927246;24.882978439331055;9.725363731384277;0.29949361085891724;24.982826232910156;24.91635513305664;9.803693771362305;0.21407396086253766;0.9957934021339699;0.800000011920929;0.800000011920929;0.800000011920929
lidar;17.0;44.0;24.975765228271484;24.887653350830078;9.722992897033691;0.2999029755592346;24.968788146972656;24.855314254760742;9.643251419067383;0.38623583183611987;0.9944338799429383;0.800000011920929;0.800000011920929;0.800000011920929
lidar;17.0;44.0;24.975631713867188;24.892675399780273;9.72147274017334;0.2994828224182129;24.972021102905273;24.87677574157715;9.680212020874023;0.3438472771317567;0.9964945318170655;0.800000011920929;0.800000011920929;0.800000011920929
lidar;17.0;44.0;24.97550392150879;24.897705078125;9.720016479492188;0.299090176820755;24.967437744140625;24.86402130126953;9.627821922302246;0.3975767866842779;0.9978027345636994;0.800000011920929;0.800000011920929;0.800000011920929
lidar;17.0;44.0;24.975378036499023;24.90272331237793;9.7185640335083;0.29878947138786316;24.975013732910156;24.901283264160156;9.714396476745605;0.30321453354019295;0.9988068939111642;0.800000011920929;0.800000011920929;0.800000011920929
lidar;17.0;44.0;24.975250244140625;24.907733917236328;9.717113494873047;0.298580139875412;24.9797420501709;24.924474716186523;9.768441200256348;0.2444056004466001;0.9995068908246401;0.800000011920929;0.800000011920929;0.800000011920929
lidar;17.0;44.0;24.97512435913086;24.912738800048828;9.715665817260742;0.29846206307411194;24.977636337280273;24.921546936035156;9.74437141418457;0.2683299240833434;0.9999024271902672;0.800000011920929;0.800000011920929;0.800000011920929
lidar;17.0;44.0;24.97499656677246;24.917739868164062;9.714217185974121;0.2984348237514496;24.97594451904297;24.920856475830078;9.725044250488281;0.287128557108341;0.9999933838845475;0.800000011920929;0.800000011920929;0.800000011920929
lidar;17.0;44.0;24.974870681762695;24.92274284362793;9.712769508361816;0.29849863052368164;24.973848342895508;24.91960334777832;9.701096534729004;0.31062935515246415;0.9997797012443843;0.800000011920929;0.800000011920929;0.800000011920929
lidar;17.0;44.0;24.97474479675293;24.927749633789062;9.711320877075195;0.2986534833908081;24.978445053100586;24.938335418701172;9.753619194030762;0.2548938225980101;0.9992614984827138;0.800000011920929;0.800000011920929;0.800000011920929
lidar;17.0;44.0;24.97461700439453;24.932762145996094;9.709869384765625;0.2988995611667633;24.972293853759766;24.926607131958008;9.683313369750977;0.3262587662186171;0.9984388947881604;0.800000011920929;0.800000011920929;0.800000011920929
lidar;17.0;44.0;24.974489212036133;24.93778419494629;9.708415985107422;0.29923731088638306;24.975181579589844;24.939472198486328;9.716326713562012;0.2911187105926741;0.9973122478905522;0.800000011920929;0.800000011920929;0.800000011920929
lidar;17.0;44.0;24.9743709564209;24.942840576171875;9.707058906555176;0.2995636761188507;24.97918128967285;24.953569412231445;9.762042999267578;0.2433364508239582;0.9962258931734135;0.800000011920929;0.800000011920929;0.800000011920929
lidar;17.0;44.0;24.97425651550293;24.94791603088379;9.705747604370117;0.29993340373039246;24.97384262084961;24.947080612182617;9.701018333435059;0.3047537954286397;0.9953582286426331;0.800000011920929;0.800000011920929;0.800000011920929
lidar;17.0;44.0;24.97421646118164;24.953144073486328;9.705292701721191;0.2995205521583557;24.976903915405273;24.95802879333496;9.736008644104004;0.26830314546791834;0.9967303873296114;0.800000011920929;0.800000011920929;0.800000011920929
lidar;17.0;44.0;24.97417640686035;24.958358764648438;9.704839706420898;0.2991998493671417;24.970054626464844;24.951711654663086;9.65772533416748;0.3469583484216387;0.9977989793468328;0.800000011920929;0.800000011920929;0.800000011920929
lidar;17.0;44.0;24.974140167236328;24.96356773376465;9.704410552978516;0.2989463806152344;24.96796417236328;24.95486831665039;9.633831024169922;0.3703283982856911;0.9986450673057066;0.800000011920929;0.800000011920929;0.800000011920929
lidar;17.0;44.0;24.974105834960938;24.96877098083496;9.704014778137207;0.29875215888023376;24.97696876525879;24.972227096557617;9.7367582321167;0.2657031176880121;0.9992943406466299;0.800000011920929;0.800000011920929;0.800000011920929
lidar;17.0;44.0;24.974069595336914;24.973970413208008;9.703619003295898;0.29864922165870667;24.966049194335938;24.965919494628906;9.61194133758545;0.39102871270707773;0.9996391534905466;0.800000011920929;0.800000011920929;0.800000011920929
lidar;17.0;44.0;24.974040985107422;24.97917366027832;9.703293800354004;0.2985670864582062;24.967954635620117;24.974288940429688;9.633721351623535;0.3685751232809805;0.9999141097061532;0.800000011920929;0.800000011920929;0.800000011920929
lidar;17.0;44.0;24.974016189575195;24.984375;9.702997207641602;0.29854661226272583;24.97170639038086;24.982986450195312;9.67660140991211;0.32507990146598564;0.9999824762342119;0.800000011920929;0.800000011920929;0.800000011920929
lidar;17.0;44.0;24.973995208740234;24.989580154418945;9.702762603759766;0.29855501651763916;24.972623825073242;24.989030838012695;9.687097549438477;0.31428950247775944;0.9999544620480533;0.800000011920929;0.800000011920929;0.800000011920929
lidar;17.0;44.0;24.973981857299805;24.994789123535156;9.702613830566406;0.2985675632953644;24.972379684448242;24.994468688964844;9.684290885925293;0.31696298282183105;0.9999123215623773;0.800000011920929;0.800000011920929;0.800000011920929
lidar;17.0;44.0;24.97397804260254;25.0;9.702563285827637;0.2985731065273285;24.974637985229492;25.0;9.710112571716309;0.2909943923196996;0.9998939037305891;0.800000011920929;0.800000011920929;0.800000011920929
lidar;17.0;44.0;24.973981857299805;25.005210876464844;9.702613830566406;0.298567533493042;24.971403121948242;25.005727767944336;9.673136711120605;0.3281613784523042;0.9999123215623773;0.800000011920929;0.800000011920929;0.800000011920929
lidar;17.0;44.0;24.973995208740234;25.010419845581055;9.702762603759766;0.29855504631996155;24.9752197265625;25.009929656982422;9.716753959655762;0.2845011672124511;0.9999544620480533;0.800000011920929;0.800000011920929;0.800000011920929
lidar;17.0;44.0;24.974016189575195;25.015625;9.702997207641602;0.2985466420650482;24.98036766052246;25.011804580688477;9.775599479675293;0.22556726341768105;0.9999824762342119;0.800000011920929;0.800000011920929;0.800000011920929
lidar;17.0;44.0;24.974040985107422;25.02082633972168;9.703293800354004;0.2985670864582062;24.973318099975586;25.021408081054688;9.695028305053711;0.3068843647247125;0.9999141097061532;0.800000011920929;0.800000011920929;0.800000011920929
lidar;17.0;44.0;24.974069595336914;25.026029586791992;9.703619003295898;0.29864922165870667;24.98206901550293;25.01799964904785;9.795038223266602;0.2065308164156748;0.9996391534905466;0.800000011920929;0.800000011920929;0.800000011920929
lidar;17.0;44.0;24.974105834960938;25.03122901916504;9.704014778137207;0.29875215888023376;24.972810745239258;25.03278923034668;9.689212799072266;0.3136925720975056;0.9992943406466299;0.800000011920929;0.800000011920929;0.800000011920929
lidar;17.0;44.0;24.974140167236328;25.03643226623535;9.704410552978516;0.2989463806152344;24.970932006835938;25.040950775146484;9.667754173278809;0.336019931548278;0.9986450673057066;0.800000011920929;0.800000011920929;0.800000011920929
lidar;17.0;44.0;24.97417640686035;25.041641235351562;9.704839706420898;0.29919981956481934;24.974159240722656;25.041669845581055;9.704632759094238;0.2994097304289907;0.9977989793468328;0.800000011920929;0.800000011920929;0.800000011920929
lidar;17.0;44.0;24.97421646118164;25.046855926513672;9.705292701721191;0.2995205521583557;24.97710418701172;25.041606903076172;9.738306999206543;0.26596711957254265;0.9967303873296114;0.800000011920929;0.800000011920929;0.800000011920929
lidar;17.0;44.0;24.97425651550293;25.05208396911621;9.705747604370117;0.29993340373039246;24.97376251220703;25.053083419799805;9.700094223022461;0.3056952095123114;0.9953582286426331;0.800000011920929;0.800000011920929;0.800000011920929
lidar;17.0;44.0;24.9743709564209;25.057159423828125;9.707058906555176;0.2995636761188507;24.97508430480957;25.05556869506836;9.715211868286133;0.29122652048900827;0.9962258931734135;0.800000011920929;0.800000011920929;0.800000011920929
lidar;17.0;44.0;24.974489212036133;25.06221580505371;9.708415985107422;0.29923728108406067;24.98299789428711;25.041465759277344;9.80566120147705;0.19943906455132437;0.9973122478905522;0.800000011920929;0.800000011920929;0.800000011920929
lidar;17.0;44.0;24.97461700439453;25.067237854003906;9.709869384765625;0.2988996207714081;24.972148895263672;25.073772430419922;9.681673049926758;0.3279484757797579;0.9984388947881604;0.800000011920929;0.800000011920929;0.800000011920929
lidar;17.0;44.0;24.97474479675293;25.072250366210938;9.711320877075195;0.29865357279777527;24.968276977539062;25.090749740600586;9.637407302856445;0.37512082507636185;0.9992614984827138;0.800000011920929;0.800000011920929;0.800000011920929
lidar;17.0;44.0;24.974870681762695;25.07725715637207;9.712769508361816;0.2984987497329712;24.97205352783203;25.085918426513672;9.680572509765625;0.331958905292063;0.9997797012443843;0.800000011920929;0.800000011920929;0.800000011920929
lidar;17.0;44.0;24.97499656677246;25.082260131835938;9.714217185974121;0.2984349727630615;24.9710750579834;25.095163345336914;9.669390678405762;0.3452468584163991;0.9999933838845475;0.800000011920929;0.800000011920929;0.800000011920929
lidar;17.0;44.0;24.97512435913086;25.087261199951172;9.715665817260742;0.2984621226787567;24.98140525817871;25.06522560119629;9.787470817565918;0.22308861160431856;0.9999024271902672;0.800000011920929;0.800000011920929;0.800000011920929
lidar;17.0;44.0;24.975250244140625;25.092266082763672;9.717113494873047;0.29858022928237915;24.97364616394043;25.09824562072754;9.698781967163086;0.3179293086594389;0.9995068908246401;0.800000011920929;0.800000011920929;0.800000011920929
lidar;17.0;44.0;24.975378036499023;25.09727668762207;9.7185640335083;0.29878950119018555;24.969905853271484;25.118894577026367;9.656021118164062;0.36518909322231596;0.9988068939111642;0.800000011920929;0.800000011920929;0.800000011920929
lidar;17.0;44.0;24.97550392150879;25.102294921875;9.720016479492188;0.2990902066230774;24.981935501098633;25.075439453125;9.7935209274292;0.22057006321259812;0.9978027345636994;0.800000011920929;0.800000011920929;0.800000011920929
lidar;17.0;44.0;24.975631713867188;25.107324600219727;9.72147274017334;0.2994828224182129;24.975582122802734;25.1075439453125;9.720903396606445;0.3000946218537568;0.9964945318170655;0.800000011920929;0.800000011920929;0.800000011920929
lidar;17.0;44.0;24.975765228271484;25.112346649169922;9.722992897033691;0.29990291595458984;24.977190017700195;25.105745315551758;9.739267349243164;0.2822831849495058;0.9944338799429383;0.800000011920929;0.800000011920929;0.800000011920929
lidar;17.0;44.0;24.97597312927246;25.117021560668945;9.725363731384277;0.29949358105659485;24.97553062438965;25.119173049926758;9.72031307220459;0.30500171171303925;0.9957934021339699;0.800000011920929;0.800000011920929;0.800000011920929
lidar;17.0;44.0;24.97618293762207;25.121671676635742;9.727760314941406;0.2991413176059723;24.976947784423828;25.11775779724121;9.736515998840332;0.2895210504601661;0.9969664216204196;0.800000011920929;0.800000011920929;0.800000011920929
lidar;17.0;44.0;24.976396560668945;25.126283645629883;9.73021411895752;0.2988124489784241;24.97029685974121;25.15892791748047;9.660477638244629;0.3760528356231798;0.9980638027656688;0.800000011920929;0.800000011920929;0.800000011920929
lidar;17.0;44.0;24.976612091064453;25.13088607788086;9.73266315460205;0.2985752522945404;24.981643676757812;25.10272789001465;9.790177345275879;0.23434071933381356;0.9988570212513895;0.800000011920929;0.800000011920929;0.800000011920929
lidar;17.0;44.0;24.976825714111328;25.13548469543457;9.735109329223633;0.2984292209148407;24.975616455078125;25.142549514770508;9.721296310424805;0.31399125056518074;0.9993460178827808;0.800000011920929;0.800000011920929;0.800000011920929
lidar;17.0;44.0;24.977039337158203;25.140077590942383;9.737553596496582;0.298374205827713;24.984004974365234;25.097576141357422;9.81718635559082;0.20784055488523512;0.9995306134192642;0.800000011920929;0.800000011920929;0.800000011920929
lidar;17.0;44.0;24.977252960205078;25.144672393798828;9.739997863769531;0.2984101176261902;24.975296020507812;25.157115936279297;9.717634201049805;0.32407725162405243;0.9994108081254468;0.800000011920929;0.800000011920929;0.800000011920929
lidar;17.0;44.0;24.977466583251953;25.149269104003906;9.742443084716797;0.2985369563102722;24.978532791137695;25.142208099365234;9.754627227783203;0.28441453793535515;0.9989864826014905;0.800000011920929;0.800000011920929;0.800000011920929
lidar;17.0;44.0;24.977680206298828;25.15386962890625;9.744891166687012;0.2987549304962158;24.977937698364258;25.152101516723633;9.747824668884277;0.2953199817012659;0.9982579349548505;0.800000011920929;0.800000011920929;0.800000011920929
lidar;17.0;44.0;24.977895736694336;25.158479690551758;9.747344017028809;0.29906442761421204;24.98194122314453;25.12946891784668;9.793595314025879;0.24431705066240073;0.9972252846765737;0.800000011920929;0.800000011920929;0.800000011920929
lidar;17.0;44.0;24.978111267089844;25.163101196289062;9.749802589416504;0.2994658946990967;24.974637985229492;25.188976287841797;9.71010971069336;0.346975186706107;0.9958887101343515;0.800000011920929;0.800000011920929;0.800000011920929
lidar;17.0;44.0;24.978376388549805;25.167339324951172;9.752854347229004;0.29925069212913513;24.979110717773438;25.161670684814453;9.761226654052734;0.2891130410797239;0.99573707552525;0.800000011920929;0.800000011920929;0.800000011920929
lidar;17.0;44.0;24.978666305541992;25.1713924407959;9.756157875061035;0.2988137900829315;24.982257843017578;25.142545700073242;9.797197341918945;0.24852222669954624;0.9971926809066224;0.800000011920929;0.800000011920929;0.800000011920929
lidar;17.0;44.0;24.978954315185547;25.17543601989746;9.759452819824219;0.2984689772129059;24.977020263671875;25.19156265258789;9.73733901977539;0.3259068276514229;0.998344600278093;0.800000011920929;0.800000011920929;0.800000011920929
lidar;17.0;44.0;24.9792423248291;25.17947006225586;9.762741088867188;0.2982156276702881;24.974851608276367;25.217439651489258;9.712546348571777;0.3613054774640107;0.9991923571291824;0.800000011920929;0.800000011920929;0.800000011920929
lidar;17.0;44.0;24.979530334472656;25.183500289916992;9.766024589538574;0.2980535328388214;24.978025436401367;25.196983337402344;9.748831748962402;0.31995434911552684;0.9997357726006396;0.800000011920929;0.800000011920929;0.800000011920929
lidar;17.0;44.0;24.979816436767578;25.18752670288086;9.769305229187012;0.29798224568367004;24.9838809967041;25.14976692199707;9.815756797790527;0.23798159649204537;0.999974608422259;0.800000011920929;0.800000011920929;0.800000011920929
lidar;17.0;44.0;24.980104446411133;25.191551208496094;9.77258586883545;0.29800179600715637;24.981252670288086;25.18049430847168;9.785714149475098;0.2807983086968482;0.9999088644978509;0.800000011920929;0.800000011920929;0.800000011920929
lidar;17.0;44.0;24.980390548706055;25.195579528808594;9.77586841583252;0.2981121242046356;24.98050880432129;25.19441032409668;9.77720832824707;0.2963295520070005;0.9995385408470983;0.800000011920929;0.800000011920929;0.800000011920929
lidar;17.0;44.0;24.98067855834961;25.199609756469727;9.779153823852539;0.2983134388923645;24.98196792602539;25.186277389526367;9.793904304504395;0.2783883117149941;0.9988637566314297;0.800000011920929;0.800000011920929;0.800000011920929
lidar;17.0;44.0;24.980966567993164;25.203649520874023;9.78244400024414;0.29860612750053406;24.98328399658203;25.17885398864746;9.80893325805664;0.2622489468130142;0.9978846906490089;0.800000011920929;0.800000011920929;0.800000011920929
lidar;17.0;44.0;24.98125457763672;25.20769691467285;9.78574275970459;0.2989904582500458;24.983617782592773;25.1815128326416;9.812752723693848;0.26129805378460513;0.9966017006244783;0.800000011920929;0.800000011920929;0.800000011920929
lidar;17.0;44.0;24.9815673828125;25.211498260498047;9.789307594299316;0.29910269379615784;24.983564376831055;25.188583374023438;9.8121337890625;0.2666973427050298;0.9952893853899276;0.800000011920929;0.800000011920929;0.800000011920929
lidar;17.0;44.0;24.977895736694336;24.788541793823242;9.789700508117676;0.2990472912788391;24.975908279418945;24.76952362060547;9.77078628540039;0.32594231752942365;0.9954737423999336;0.800000011920929;0.800000011920929;0.800000011920929
lidar;17.0;44.0;24.977514266967773;24.792272567749023;9.786070823669434;0.2990351915359497;24.975666046142578;24.775188446044922;9.768475532531738;0.32363019229385254;0.9964526296251056;0.800000011920929;0.800000011920929;0.800000011920929
lidar;17.0;44.0;24.977169036865234;24.79631996154785;9.782776832580566;0.29865145683288574;24.980194091796875;24.823301315307617;9.811553001403809;0.25908829322068366;0.9977331161791577;0.800000011920929;0.800000011920929;0.800000011920929
lidar;17.0;44.0;24.976823806762695;24.800357818603516;9.77949047088623;0.2983594536781311;24.978553771972656;24.81526756286621;9.795958518981934;0.2760776306847893;0.9987097978361101;0.800000011920929;0.800000011920929;0.800000011920929
lidar;17.0;44.0;24.976478576660156;24.80438995361328;9.776209831237793;0.29815879464149475;24.974702835083008;24.789613723754883;9.759305000305176;0.32068107058632433;0.9993821979124826;0.800000011920929;0.800000011920929;0.800000011920929
lidar;17.0;44.0;24.976133346557617;24.80841827392578;9.772932052612305;0.29804909229278564;24.976835250854492;24.814054489135742;9.779613494873047;0.28927911619574564;0.9997501373200411;0.800000011920929;0.800000011920929;0.800000011920929
lidar;17.0;44.0;24.97579002380371;24.812442779541016;9.76965618133545;0.2980302572250366;24.973819732666016;24.79718017578125;9.750909805297852;0.3222842941470769;0.9998135566767737;0.800000011920929;0.800000011920929;0.800000011920929
lidar;17.0;44.0;24.975444793701172;24.816469192504883;9.766379356384277;0.2981022000312805;24.981700897216797;24.86322593688965;9.825896263122559;0.22215736725437518;0.9995724559098624;0.800000011920929;0.800000011920929;0.800000011920929
lidar;17.0;44.0;24.975101470947266;24.820499420166016;9.763099670410156;0.2982650101184845;24.97275161743164;24.803564071655273;9.740747451782227;0.32640775084747825;0.9990268349043095;0.800000011920929;0.800000011920929;0.800000011920929
lidar;17.0;44.0;24.974756240844727;24.824535369873047;9.75981616973877;0.2985190451145172;24.97944450378418;24.85712242126465;9.804423332214355;0.24307783276856199;0.9981769324072969;0.800000011920929;0.800000011920929;0.800000011920929
lidar;17.0;44.0;24.974409103393555;24.82857894897461;9.756525039672852;0.2988646328449249;24.969764709472656;24.797466278076172;9.712335586547852;0.3531070962443533;0.9970229866339207;0.800000011920929;0.800000011920929;0.800000011920929
lidar;17.0;44.0;24.974063873291016;24.832632064819336;9.753226280212402;0.29930227994918823;24.978107452392578;24.858734130859375;9.791711807250977;0.2526243518877625;0.9955652950914512;0.800000011920929;0.800000011920929;0.800000011920929
lidar;17.0;44.0;24.973731994628906;24.836807250976562;9.750082015991211;0.29963451623916626;24.973377227783203;24.8346004486084;9.74670124053955;0.3036878562197703;0.9953284858307543;0.800000011920929;0.800000011920929;0.800000011920929
lidar;17.0;44.0;24.973474502563477;24.8414306640625;9.747624397277832;0.2992344796657562;24.975093841552734;24.85111427307129;9.763036727905273;0.28096090867290574;0.9966587425549931;0.800000011920929;0.800000011920929;0.800000011920929
lidar;17.0;44.0;24.973217010498047;24.846040725708008;9.745173454284668;0.2989265024662018;24.977436065673828;24.870290756225586;9.785309791564941;0.25184399494796067;0.9976853727596549;0.800000011920929;0.800000011920929;0.800000011920929
lidar;17.0;44.0;24.972959518432617;24.850645065307617;9.74272632598877;0.29871001839637756;24.973758697509766;24.85506248474121;9.750334739685059;0.2898761260154392;0.9984079600012749;0.800000011920929;0.800000011920929;0.800000011920929
lidar;17.0;44.0;24.972702026367188;24.855243682861328;9.740283012390137;0.2985846996307373;24.976268768310547;24.8741512298584;9.774206161499023;0.25958473420591804;0.9988265037623075;0.800000011920929;0.800000011920929;0.800000011920929
lidar;17.0;44.0;24.97244644165039;24.859838485717773;9.737839698791504;0.29855039715766907;24.971759796142578;24.856348037719727;9.731307983398438;0.3059887431220124;0.9989408254469333;0.800000011920929;0.800000011920929;0.800000011920929
lidar;17.0;44.0;24.972196578979492;24.864469528198242;9.735465049743652;0.2985301911830902;24.96396827697754;24.824363708496094;9.657182693481445;0.3868727020792646;0.9990084171002367;0.800000011920929;0.800000011920929;0.800000011920929
lidar;17.0;44.0;24.971948623657227;24.869115829467773;9.733116149902344;0.2985711395740509;24.974201202392578;24.879619598388672;9.754533767700195;0.27461031133937625;0.9988709092943943;0.800000011920929;0.800000011920929;0.800000011920929
lidar;17.0;44.0;24.971702575683594;24.873762130737305;9.730766296386719;0.298703134059906;24.970752716064453;24.869522094726562;9.721723556518555;0.3087355077308938;0.9984290600527788;0.800000011920929;0.800000011920929;0.800000011920929
lidar;17.0;44.0;24.971454620361328;24.878416061401367;9.728412628173828;0.29892638325691223;24.96970558166504;24.870962142944336;9.711766242980957;0.31724941288142017;0.9976831673647262;0.800000011920929;0.800000011920929;0.800000011920929
lidar;17.0;44.0;24.971206665039062;24.88307762145996;9.726056098937988;0.2992411255836487;24.97422218322754;24.89531898498535;9.75473690032959;0.26791138731541153;0.9966334107242001;0.800000011920929;0.800000011920929;0.800000011920929
lidar;17.0;44.0;24.970958709716797;24.88775062561035;9.723692893981934;0.2996480464935303;24.966171264648438;24.869243621826172;9.678138732910156;0.34905056190418104;0.9952800273886172;0.800000011920929;0.800000011920929;0.800000011920929
lidar;17.0;44.0;24.97077178955078;24.892662048339844;9.721906661987305;0.29951921105384827;24.966604232788086;24.877361297607422;9.68226432800293;0.3422154492797297;0.9963734151735835;0.800000011920929;0.800000011920929;0.800000011920929
lidar;17.0;44.0;24.970619201660156;24.89769172668457;9.720452308654785;0.2991267144680023;24.969812393188477;24.89488410949707;9.712778091430664;0.3073392309054268;0.9976807834269051;0.800000011920929;0.800000011920929;0.800000011920929
lidar;17.0;44.0;24.97046661376953;24.902711868286133;9.719001770019531;0.2988261282444;24.969449996948242;24.899362564086914;9.709327697753906;0.3091142232241258;0.9986843466781486;0.800000011920929;0.800000011920929;0.800000011920929
lidar;17.0;44.0;24.970314025878906;24.90772247314453;9.717554092407227;0.29861706495285034;24.966861724853516;24.896991729736328;9.684709548950195;0.33334192814140845;0.99938350911536;0.800000011920929;0.800000011920929;0.800000011920929
lidar;17.0;44.0;24.97016143798828;24.91272735595703;9.716107368469238;0.29849910736083984;24.969127655029297;24.90970230102539;9.706265449523926;0.3088479842651203;0.9997783899110958;0.800000011920929;0.800000011920929;0.800000011920929
lidar;17.0;44.0;24.970008850097656;24.9177303314209;9.714661598205566;0.29847219586372375;24.956724166870117;24.881284713745117;9.58825969696045;0.43069253837892935;0.9998686909684608;0.800000011920929;0.800000011920929;0.800000011920929
lidar;17.0;44.0;24.969858169555664;24.922733306884766;9.713215827941895;0.29853615164756775;24.96996307373047;24.923002243041992;9.714212417602539;0.2974990784310198;0.9996544122592912;0.800000011920929;0.800000011920929;0.800000011920929
lidar;17.0;44.0;24.969707489013672;24.927743911743164;9.711787223815918;0.298672080039978;24.967998504638672;24.923667907714844;9.695523262023926;0.3155259869013519;0.9991998672810225;0.800000011920929;0.800000011920929;0.800000011920929
lidar;17.0;44.0;24.969568252563477;24.932785034179688;9.710453033447266;0.2988004982471466;24.9759578704834;24.9468994140625;9.771257400512695;0.23605205340903684;0.9987704156969563;0.800000011920929;0.800000011920929;0.800000011920929
lidar;17.0;44.0;24.96942710876465;24.937829971313477;9.70911693572998;0.29902008175849915;24.962980270385742;24.92472267150879;9.647786140441895;0.3620658863437831;0.9980368614023126;0.800000011920929;0.800000011920929;0.800000011920929
lidar;17.0;44.0;24.96928596496582;24.94288444519043;9.707777976989746;0.2993314564228058;24.975032806396484;24.95357322692871;9.762460708618164;0.24331865972563266;0.9969990849464598;0.800000011920929;0.800000011920929;0.800000011920929
lidar;17.0;44.0;24.969144821166992;24.947952270507812;9.706436157226562;0.29973477125167847;24.973745346069336;24.955711364746094;9.750205993652344;0.25504472040846105;0.9956577421886412;0.800000011920929;0.800000011920929;0.800000011920929
lidar;17.0;44.0;24.969051361083984;24.95310401916504;9.705536842346191;0.2997754216194153;24.973222732543945;24.959426879882812;9.745237350463867;0.25935899250136707;0.9958828687241958;0.800000011920929;0.800000011920929;0.800000011920929
lidar;17.0;44.0;24.96900749206543;24.958330154418945;9.705133438110352;0.29940420389175415;24.9630184173584;24.95027732849121;9.64814281463623;0.35727238116114385;0.9971180557082558;0.800000011920929;0.800000011920929;0.800000011920929
lidar;17.0;44.0;24.968965530395508;24.963546752929688;9.704737663269043;0.29911860823631287;24.965984344482422;24.96004295349121;9.676362037658691;0.3278647705931586;0.9980701208984131;0.800000011920929;0.800000011920929;0.800000011920929
lidar;17.0;44.0;24.96892547607422;24.968753814697266;9.704341888427734;0.2989245355129242;24.978200912475586;24.97808074951172;9.792596817016602;0.20969391199545812;0.9987182617982966;0.800000011920929;0.800000011920929;0.800000011920929
lidar;17.0;44.0;24.968891143798828;24.973962783813477;9.704014778137207;0.2987523376941681;24.966716766357422;24.972143173217773;9.683338165283203;0.31962227797285264;0.9992938638408713;0.800000011920929;0.800000011920929;0.800000011920929
lidar;17.0;44.0;24.968856811523438;24.97916603088379;9.703690528869629;0.2986689805984497;24.969635009765625;24.979686737060547;9.711099624633789;0.29120097774629156;0.9995728730916511;0.800000011920929;0.800000011920929;0.800000011920929
lidar;17.0;44.0;24.96883201599121;24.984373092651367;9.703449249267578;0.29859304428100586;24.965877532958984;24.982892990112305;9.675353050231934;0.3268835953487151;0.9998269677157284;0.800000011920929;0.800000011920929;0.800000011920929
lidar;17.0;44.0;24.96881103515625;24.989580154418945;9.703253746032715;0.29856306314468384;24.961776733398438;24.98723030090332;9.636329650878906;0.36589608179556565;0.9999271035218951;0.800000011920929;0.800000011920929;0.800000011920929
lidar;17.0;44.0;24.96879768371582;24.994789123535156;9.703124046325684;0.2985568046569824;24.966949462890625;24.994482040405273;9.685552597045898;0.3162276376245964;0.9999481439634481;0.800000011920929;0.800000011920929;0.800000011920929
lidar;17.0;44.0;24.968791961669922;25.0;9.703073501586914;0.2985617220401764;24.966567993164062;25.0;9.68192195892334;0.3198304603113499;0.9999319911025861;0.800000011920929;0.800000011920929;0.800000011920929
lidar;17.0;44.0;24.96879768371582;25.005210876464844;9.703124046325684;0.2985568344593048;24.9798526763916;25.00336456298828;9.808303833007812;0.1927814609686972;0.9999481439634481;0.800000011920929;0.800000011920929;0.800000011920929
lidar;17.0;44.0;24.96881103515625;25.010419845581055;9.703253746032715;0.29856306314468384;24.965576171875;25.011499404907227;9.672490119934082;0.32951445946605185;0.9999271035218951;0.800000011920929;0.800000011920929;0.800000011920929
lidar;17.0;44.0;24.96883201599121;25.015626907348633;9.703449249267578;0.29859307408332825;24.966331481933594;25.01688003540039;9.679667472839355;0.32253913353372804;0.9998269677157284;0.800000011920929;0.800000011920929;0.800000011920929
lidar;17.0;44.0;24.968856811523438;25.02083396911621;9.703690528869629;0.2986689805984497;24.974645614624023;25.0169620513916;9.758776664733887;0.24314427259673732;0.9995728730916511;0.800000011920929;0.800000011920929;0.800000011920929
lidar;17.0;44.0;24.968891143798828;25.026037216186523;9.704014778137207;0.2987523376941681;24.970203399658203;25.024938583374023;9.716514587402344;0.28613595078601467;0.9992938638408713;0.800000011920929;0.800000011920929;0.800000011920929
lidar;17.0;44.0;24.96892547607422;25.031246185302734;9.704341888427734;0.2989245355129242;24.9642333984375;25.035964965820312;9.659696578979492;0.34406311007343227;0.9987182617982966;0.800000011920929;0.800000011920929;0.800000011920929
lidar;17.0;44.0;24.968965530395508;25.036453247070312;9.704737663269043;0.2991185784339905;24.97124481201172;25.033777236938477;9.726411819458008;0.2771612948106326;0.9980701208984131;0.800000011920929;0.800000011920929;0.800000011920929
lidar;17.0;44.0;24.96900749206543;25.041669845581055;9.705133438110352;0.29940420389175415;24.963869094848633;25.0485782623291;9.65623664855957;0.3490536905504893;0.9971180557082558;0.800000011920929;0.800000011920929;0.800000011920929
lidar;17.0;44.0;24.969051361083984;25.04689598083496;9.705536842346191;0.2997754216194153;24.971942901611328;25.042510986328125;9.733061790466309;0.2717543604710834;0.9958828687241958;0.800000011920929;0.800000011920929;0.800000011920929
lidar;17.0;44.0;24.969144821166992;25.052047729492188;9.706436157226562;0.29973477125167847;24.969924926757812;25.050731658935547;9.713861465454102;0.29215323645411345;0.9956577421886412;0.800000011920929;0.800000011920929;0.800000011920929
lidar;17.0;44.0;24.96928596496582;25.05711555480957;9.707777976989746;0.29933151602745056;24.972230911254883;25.051639556884766;9.735796928405762;0.2706301809539997;0.9969990849464598;0.800000011920929;0.800000011920929;0.800000011920929
lidar;17.0;44.0;24.96942710876465;25.062170028686523;9.70911693572998;0.2990201711654663;24.963224411010742;25.07478141784668;9.65011215209961;0.3596751639597122;0.9980368614023126;0.800000011920929;0.800000011920929;0.800000011920929
lidar;17.0;44.0;24.969568252563477;25.067214965820312;9.71045207977295;0.2988005578517914;24.962289810180664;25.083290100097656;9.641204833984375;0.37026165307940295;0.9987704156969563;0.800000011920929;0.800000011920929;0.800000011920929
lidar;17.0;44.0;24.969707489013672;25.072256088256836;9.711787223815918;0.29867202043533325;24.964820861816406;25.083911895751953;9.66529369354248;0.3468527448356874;0.9991998672810225;0.800000011920929;0.800000011920929;0.800000011920929
lidar;17.0;44.0;24.969858169555664;25.077266693115234;9.713215827941895;0.29853618144989014;24.9752197265625;25.063522338867188;9.764230728149414;0.24543131054815145;0.9996544122592912;0.800000011920929;0.800000011920929;0.800000011920929
lidar;17.0;44.0;24.970008850097656;25.0822696685791;9.714661598205566;0.29847219586372375;24.96921730041504;25.08444595336914;9.707118034362793;0.30636357204143067;0.9998686909684608;0.800000011920929;0.800000011920929;0.800000011920929
lidar;17.0;44.0;24.97016143798828;25.08727264404297;9.716107368469238;0.29849913716316223;24.973590850830078;25.077241897583008;9.748740196228027;0.26418771791600687;0.9997783899110958;0.800000011920929;0.800000011920929;0.800000011920929
lidar;17.0;44.0;24.970314025878906;25.09227752685547;9.717554092407227;0.29861709475517273;24.96399688720703;25.11191177368164;9.657461166381836;0.3621509821747288;0.99938350911536;0.800000011920929;0.800000011920929;0.800000011920929
lidar;17.0;44.0;24.97046661376953;25.097288131713867;9.719001770019531;0.2988261580467224;24.974872589111328;25.082775115966797;9.760919570922852;0.25424924039970964;0.9986843466781486;0.800000011920929;0.800000011920929;0.800000011920929
lidar;17.0;44.0;24.970619201660156;25.10230827331543;9.720452308654785;0.2991268038749695;24.973196029663086;25.093334197998047;9.744969367980957;0.2728933405551417;0.9976807834269051;0.800000011920929;0.800000011920929;0.800000011920929
lidar;17.0;44.0;24.97077178955078;25.107337951660156;9.721906661987305;0.29951921105384827;24.969934463500977;25.110408782958984;9.713949203491211;0.30808929328102724;0.9963734151735835;0.800000011920929;0.800000011920929;0.800000011920929
lidar;17.0;44.0;24.970958709716797;25.11224937438965;9.723692893981934;0.2996480464935303;24.976789474487305;25.0897159576416;9.77916145324707;0.23949458934040377;0.9952799680992251;0.800000011920929;0.800000011920929;0.800000011920929
lidar;17.0;44.0;24.971206665039062;25.11692237854004;9.726056098937988;0.29924118518829346;24.97553062438965;25.099363327026367;9.767196655273438;0.25430130991320876;0.9966334107242001;0.800000011920929;0.800000011920929;0.800000011920929
lidar;17.0;44.0;24.971454620361328;25.121583938598633;9.728412628173828;0.298926442861557;24.9661865234375;25.144025802612305;9.67828369140625;0.354102486026886;0.9976831673647262;0.800000011920929;0.800000011920929;0.800000011920929
lidar;17.0;44.0;24.971702575683594;25.126237869262695;9.730766296386719;0.2987031638622284;24.972440719604492;25.122947692871094;9.737784385681152;0.2909165606901266;0.9984290600527788;0.800000011920929;0.800000011920929;0.800000011920929
lidar;17.0;44.0;24.971948623657227;25.130884170532227;9.733116149902344;0.2985711991786957;24.971965789794922;25.13080596923828;9.733277320861816;0.2983913563481409;0.9988709092943943;0.800000011920929;0.800000011920929;0.800000011920929
lidar;17.0;44.0;24.972196578979492;25.135530471801758;9.735465049743652;0.2985302209854126;24.979942321777344;25.09777069091797;9.809165000915527;0.21535890911956612;0.9990084171002367;0.800000011920929;0.800000011920929;0.800000011920929
lidar;17.0;44.0;24.97244644165039;25.140161514282227;9.737839698791504;0.29855042695999146;24.96880531311035;25.158679962158203;9.703201293945312;0.33799674853540285;0.9989408850978321;0.800000011920929;0.800000011920929;0.800000011920929
lidar;17.0;44.0;24.972702026367188;25.144756317138672;9.740283012390137;0.2985846698284149;24.96565818786621;25.182113647460938;9.673259735107422;0.3756379197320722;0.9988265633006798;0.800000011920929;0.800000011920929;0.800000011920929
lidar;17.0;44.0;24.972959518432617;25.149354934692383;9.74272632598877;0.2987099587917328;24.978456497192383;25.11899185180664;9.795027732849121;0.23798557224769984;0.9984080194662945;0.800000011920929;0.800000011920929;0.800000011920929
lidar;17.0;44.0;24.973217010498047;25.153959274291992;9.745173454284668;0.29892638325691223;24.97869300842285;25.122482299804688;9.797271728515625;0.23781169219336787;0.9976853727596549;0.800000011920929;0.800000011920929;0.800000011920929
lidar;17.0;44.0;24.973474502563477;25.1585693359375;9.747625350952148;0.29923442006111145;24.968860626220703;25.186153411865234;9.703723907470703;0.35128695710247;0.9966588021927293;0.800000011920929;0.800000011920929;0.800000011920929
lidar;17.0;44.0;24.973731994628906;25.163192749023438;9.750082015991211;0.29963451623916626;24.9744873046875;25.158504486083984;9.75726318359375;0.29102537919421234;0.9953285455346763;0.800000011920929;0.800000011920929;0.800000011920929
lidar;17.0;44.0;24.974063873291016;25.167367935180664;9.753226280212402;0.2993023097515106;24.967121124267578;25.21216583251953;9.687172889709473;0.37941597101702185;0.995565354667668;0.800000011920929;0.800000011920929;0.800000011920929
lidar;17.0;44.0;24.974409103393555;25.17142105102539;9.756525039672852;0.29886460304260254;24.97150230407715;25.190902709960938;9.728857040405273;0.3328279017290349;0.9970230458046758;0.800000011920929;0.800000011920929;0.800000011920929
lidar;17.0;44.0;24.974756240844727;25.175464630126953;9.75981616973877;0.2985190749168396;24.980140686035156;25.138036727905273;9.811049461364746;0.23484202103341156;0.9981769919900828;0.800000011920929;0.800000011920929;0.800000011920929
lidar;17.0;44.0;24.975101470947266;25.179500579833984;9.763099670410156;0.2982650399208069;24.979106903076172;25.150623321533203;9.801210403442383;0.25028263087505564;0.9990268945477475;0.800000011920929;0.800000011920929;0.800000011920929
lidar;17.0;44.0;24.975444793701172;25.183530807495117;9.766379356384277;0.2981022000312805;24.97754669189453;25.167821884155273;9.786375999450684;0.27258649741892826;0.9995725154886069;0.800000011920929;0.800000011920929;0.800000011920929
lidar;17.0;44.0;24.97579002380371;25.187557220458984;9.76965618133545;0.29803019762039185;24.98503875732422;25.115907669067383;9.857648849487305;0.18418010004358082;0.9998136162685186;0.800000011920929;0.800000011920929;0.800000011920929
lidar;17.0;44.0;24.976133346557617;25.19158172607422;9.772932052612305;0.29804906249046326;24.973358154296875;25.2138614654541;9.746526718139648;0.33270852080273566;0.9997501373200411;0.800000011920929;0.800000011920929;0.800000011920929
lidar;17.0;44.0;24.976478576660156;25.19561004638672;9.776209831237793;0.2981588542461395;24.977092742919922;25.190507888793945;9.782045364379883;0.2903830795636144;0.9993821979124826;0.800000011920929;0.800000011920929;0.800000011920929
lidar;17.0;44.0;24.976823806762695;25.199642181396484;9.77949047088623;0.2983594238758087;24.97683334350586;25.199560165405273;9.779579162597656;0.29823904129562945;0.9987097978361101;0.800000011920929;0.800000011920929;0.800000011920929
lidar;17.0;44.0;24.977169036865234;25.20368003845215;9.782776832580566;0.29865148663520813;24.978771209716797;25.189382553100586;9.798025131225586;0.2776874394431439;0.9977331758438753;0.800000011920929;0.800000011920929;0.800000011920929
lidar;17.0;44.0;24.977514266967773;25.207727432250977;9.786070823669434;0.2990351915359497;24.982318878173828;25.163354873657227;9.831767082214355;0.2351594691530765;0.9964526296251056;0.800000011920929;0.800000011920929;0.800000011920929
lidar;17.0;44.0;24.977895736694336;25.211458206176758;9.789700508117676;0.2990473210811615;24.979022979736328;25.20068359375;9.800416946411133;0.28380858522666874;0.995473861356712;0.800000011920929;0.800000011920929;0.800000011920929
lidar;17.0;44.0;24.974231719970703;24.788551330566406;9.790127754211426;0.29903316497802734;24.980995178222656;24.844051361083984;9.84521484375;0.22054393415880105;0.995520890017529;0.800000011920929;0.800000011920929;0.800000011920929
lidar;17.0;44.0;24.97377586364746;24.792205810546875;9.78642749786377;0.29913079738616943;24.962465286254883;24.702573776245117;9.69430160522461;0.42816174894369674;0.9961340424325466;0.800000011920929;0.800000011920929;0.800000011920929
lidar;17.0;44.0;24.973371505737305;24.796253204345703;9.783138275146484;0.2987484633922577;24.97725486755371;24.82596206665039;9.814759254455566;0.2551873779917512;0.9974092242882313;0.800000011920929;0.800000011920929;0.800000011920929
lidar;17.0;44.0;24.97296905517578;24.80029296875;9.779855728149414;0.2984578013420105;24.971702575683594;24.790925979614258;9.769529342651367;0.3124576110093276;0.9983806609389205;0.800000011920929;0.800000011920929;0.800000011920929
lidar;17.0;44.0;24.972566604614258;24.804325103759766;9.776578903198242;0.29825857281684875;24.974334716796875;24.816926956176758;9.79096794128418;0.2790505681782502;0.9990479349746926;0.800000011920929;0.800000011920929;0.800000011920929
lidar;17.0;44.0;24.972166061401367;24.808353424072266;9.773305892944336;0.29815027117729187;24.967161178588867;24.773889541625977;9.732542037963867;0.35176374368157776;0.9994108677073613;0.800000011920929;0.800000011920929;0.800000011920929
lidar;17.0;44.0;24.971763610839844;24.8123779296875;9.770033836364746;0.29813286662101746;24.966999053955078;24.780723571777344;9.731233596801758;0.3484348738962666;0.9994693994564072;0.800000011920929;0.800000011920929;0.800000011920929
lidar;17.0;44.0;24.97136116027832;24.81640625;9.766761779785156;0.29820629954338074;24.965620040893555;24.77959632873535;9.719998359680176;0.3579956979840623;0.9992234111331427;0.800000011920929;0.800000011920929;0.800000011920929
lidar;17.0;44.0;24.970958709716797;24.820436477661133;9.763486862182617;0.2983706593513489;24.973766326904297;24.83778953552246;9.78634262084961;0.2695365109993892;0.9986730814861178;0.800000011920929;0.800000011920929;0.800000011920929
lidar;17.0;44.0;24.970556259155273;24.824472427368164;9.760207176208496;0.29862624406814575;24.970964431762695;24.826894760131836;9.763518333435059;0.29450302360020675;0.9978186486687505;0.800000011920929;0.800000011920929;0.800000011920929
lidar;17.0;44.0;24.97015380859375;24.828516006469727;9.75692081451416;0.29897341132164;24.95248794555664;24.72701072692871;9.613036155700684;0.4759432661142289;0.9966601731055896;0.800000011920929;0.800000011920929;0.800000011920929
lidar;17.0;44.0;24.969749450683594;24.832571029663086;9.753625869750977;0.29941269755363464;24.962562561035156;24.79279136657715;9.695089340209961;0.3705507125069226;0.9951981309531729;0.800000011920929;0.800000011920929;0.800000011920929
lidar;17.0;44.0;24.969350814819336;24.83667755126953;9.750381469726562;0.2998711168766022;24.964305877685547;24.809795379638672;9.709293365478516;0.3492313140450661;0.9945432545946009;0.800000011920929;0.800000011920929;0.800000011920929
lidar;17.0;44.0;24.96904945373535;24.8413028717041;9.747925758361816;0.2994730770587921;24.97248649597168;24.858928680419922;9.775920867919922;0.266214015847535;0.9958646895155685;0.800000011920929;0.800000011920929;0.800000011920929
lidar;17.0;44.0;24.968753814697266;24.845945358276367;9.745521545410156;0.2991121709346771;24.971206665039062;24.858034133911133;9.765490531921387;0.2756407083566721;0.997066021054961;0.800000011920929;0.800000011920929;0.800000011920929
lidar;17.0;44.0;24.96846580505371;24.85060691833496;9.743171691894531;0.29878702759742737;24.96657943725586;24.8416748046875;9.727815628051758;0.316651966527967;0.9981507062963355;0.800000011920929;0.800000011920929;0.800000011920929
lidar;17.0;44.0;24.968177795410156;24.85525894165039;9.740825653076172;0.29855334758758545;24.968643188476562;24.857379913330078;9.744624137878418;0.29417821854177956;0.9989314079253676;0.800000011920929;0.800000011920929;0.800000011920929
lidar;17.0;44.0;24.9678897857666;24.859905242919922;9.738482475280762;0.29841095209121704;24.96628761291504;24.852914810180664;9.725434303283691;0.31330014241840803;0.9994078278814678;0.800000011920929;0.800000011920929;0.800000011920929
lidar;17.0;44.0;24.967601776123047;24.864547729492188;9.736141204833984;0.2983594834804535;24.96438217163086;24.851085662841797;9.709919929504395;0.3280099558928473;0.9995797872395183;0.800000011920929;0.800000011920929;0.800000011920929
lidar;17.0;44.0;24.967315673828125;24.869190216064453;9.733799934387207;0.2983989417552948;24.9780216217041;24.912038803100586;9.820998191833496;0.20065394002406134;0.9994472265668446;0.800000011920929;0.800000011920929;0.800000011920929
lidar;17.0;44.0;24.96702766418457;24.873836517333984;9.731457710266113;0.29852938652038574;24.962305068969727;24.85576820373535;9.692998886108398;0.3412817030505094;0.9990102648732598;0.800000011920929;0.800000011920929;0.800000011920929
lidar;17.0;44.0;24.966739654541016;24.87848663330078;9.729111671447754;0.2987509071826935;24.961227416992188;24.858348846435547;9.684218406677246;0.34826162781506487;0.9982689619506644;0.800000011920929;0.800000011920929;0.800000011920929
lidar;17.0;44.0;24.96645164489746;24.883146286010742;9.726761817932129;0.29906409978866577;24.976903915405273;24.919553756713867;9.811895370483398;0.20588390001049633;0.9972236754267948;0.800000011920929;0.800000011920929;0.800000011920929
lidar;17.0;44.0;24.966161727905273;24.8878173828125;9.724407196044922;0.29946911334991455;24.967300415039062;24.891592025756836;9.73367977142334;0.2893928882853537;0.9958745241106839;0.800000011920929;0.800000011920929;0.800000011920929
lidar;17.0;44.0;24.96590805053711;24.892620086669922;9.722349166870117;0.2996377944946289;24.9617977142334;24.879671096801758;9.68886661529541;0.33577169474542073;0.9959792494279901;0.800000011920929;0.800000011920929;0.800000011920929
lidar;17.0;44.0;24.965730667114258;24.89765167236328;9.72089672088623;0.299245685338974;24.9699649810791;24.910297393798828;9.755380630493164;0.26227384386777974;0.9972841142011637;0.800000011920929;0.800000011920929;0.800000011920929
lidar;17.0;44.0;24.965553283691406;24.902671813964844;9.71944808959961;0.2989456355571747;24.964385986328125;24.899377822875977;9.70995044708252;0.3090658435268516;0.9982849955941102;0.800000011920929;0.800000011920929;0.800000011920929
lidar;17.0;44.0;24.965375900268555;24.907684326171875;9.718002319335938;0.2987370491027832;24.962093353271484;24.89893341064453;9.691267013549805;0.32705873982578443;0.9989820122055539;0.800000011920929;0.800000011920929;0.800000011920929
lidar;17.0;44.0;24.96519660949707;24.912691116333008;9.716557502746582;0.29861980676651;24.96056365966797;24.901065826416016;9.678813934326172;0.33838350600423367;0.9993746280483726;0.800000011920929;0.800000011920929;0.800000011920929
lidar;17.0;44.0;24.96502685546875;24.917709350585938;9.715157508850098;0.29854652285575867;24.9714298248291;24.932777404785156;9.767314910888672;0.24388015621686573;0.9996199607907376;0.800000011920929;0.800000011920929;0.800000011920929
lidar;17.0;44.0;24.964862823486328;24.922744750976562;9.713828086853027;0.29849228262901306;24.962478637695312;24.91750144958496;9.694406509399414;0.3187498447145568;0.9998015761482014;0.800000011920929;0.800000011920929;0.800000011920929
lidar;17.0;44.0;24.964698791503906;24.927778244018555;9.71249771118164;0.2985289692878723;24.96895408630371;24.936485290527344;9.747154235839844;0.26254301234353644;0.9996787309608748;0.800000011920929;0.800000011920929;0.800000011920929
lidar;17.0;44.0;24.964536666870117;24.932817459106445;9.711167335510254;0.2986566722393036;24.9608097076416;24.925758361816406;9.680819511413574;0.33003609506515996;0.9992513059858857;0.800000011920929;0.800000011920929;0.800000011920929
lidar;17.0;44.0;24.964372634887695;24.9378604888916;9.709835052490234;0.298875629901886;24.963533401489258;24.936397552490234;9.703003883361816;0.3059111758882929;0.9985195397665825;0.800000011920929;0.800000011920929;0.800000011920929
lidar;17.0;44.0;24.964208602905273;24.942913055419922;9.708499908447266;0.2991861402988434;24.968881607055664;24.950366973876953;9.746566772460938;0.2601155474415282;0.9974836109687639;0.800000011920929;0.800000011920929;0.800000011920929
lidar;17.0;44.0;24.96405029296875;24.947986602783203;9.707218170166016;0.29953157901763916;24.970748901367188;24.957677841186523;9.761768341064453;0.24372376139827318;0.9963334202925711;0.800000011920929;0.800000011920929;0.800000011920929
lidar;17.0;44.0;24.96390724182129;24.953092575073242;9.706042289733887;0.29985663294792175;24.965639114379883;24.955345153808594;9.7201566696167;0.285459102203985;0.9952535032260297;0.800000011920929;0.800000011920929;0.800000011920929
lidar;17.0;44.0;24.963834762573242;24.958293914794922;9.705461502075195;0.2996668517589569;24.966991424560547;24.96193504333496;9.731173515319824;0.27350711160475033;0.9962439539004754;0.800000011920929;0.800000011920929;0.800000011920929
lidar;17.0;44.0;24.963787078857422;24.96351432800293;9.70506477355957;0.2993813157081604;24.962116241455078;24.961830139160156;9.691452980041504;0.31319909313604277;0.9971941111461053;0.800000011920929;0.800000011920929;0.800000011920929
lidar;17.0;44.0;24.9637451171875;24.968732833862305;9.704736709594727;0.299119234085083;24.95840072631836;24.964122772216797;9.661199569702148;0.34322544509242553;0.998068034671001;0.800000011920929;0.800000011920929;0.800000011920929
lidar;17.0;44.0;24.963706970214844;24.97394561767578;9.704412460327148;0.2989448606967926;24.960166931152344;24.971405029296875;9.675592422485352;0.328092775342404;0.9986503125165949;0.800000011920929;0.800000011920929;0.800000011920929
lidar;17.0;44.0;24.963672637939453;24.979156494140625;9.704143524169922;0.29880645871162415;24.9639892578125;24.979337692260742;9.706708908081055;0.29621507204945663;0.9991127252166124;0.800000011920929;0.800000011920929;0.800000011920929
lidar;17.0;44.0;24.96364402770996;24.984365463256836;9.703903198242188;0.29873016476631165;24.96573829650879;24.985265731811523;9.72096061706543;0.2815206673728611;0.9993676542993948;0.800000011920929;0.800000011920929;0.800000011920929
lidar;17.0;44.0;24.963624954223633;24.98957633972168;9.703744888305664;0.29866212606430054;24.963485717773438;24.989538192749023;9.702618598937988;0.29979721290318573;0.9995955228858315;0.800000011920929;0.800000011920929;0.800000011920929
lidar;17.0;44.0;24.963611602783203;24.994787216186523;9.703635215759277;0.2986363470554352;24.968053817749023;24.995424270629883;9.739815711975098;0.262178590933736;0.9996817112099441;0.800000011920929;0.800000011920929;0.800000011920929
lidar;17.0;44.0;24.963603973388672;25.0;9.703584671020508;0.29864129424095154;24.973529815673828;25.0;9.784411430358887;0.21720772438654867;0.999665439138244;0.800000011920929;0.800000011920929;0.800000011920929
lidar;17.0;44.0;24.963611602783203;25.005212783813477;9.703635215759277;0.2986363470554352;24.959558486938477;25.00579261779785;9.670633316040039;0.33189036666251337;0.9996817112099441;0.800000011920929;0.800000011920929;0.800000011920929
lidar;17.0;44.0;24.963624954223633;25.01042366027832;9.703744888305664;0.29866212606430054;24.958099365234375;25.012006759643555;9.658743858337402;0.3440285833547644;0.9995955228858315;0.800000011920929;0.800000011920929;0.800000011920929
lidar;17.0;44.0;24.96364402770996;25.015634536743164;9.703903198242188;0.29873016476631165;24.970439910888672;25.012712478637695;9.759251594543457;0.24288932067492403;0.9993676542993948;0.800000011920929;0.800000011920929;0.800000011920929
lidar;17.0;44.0;24.963672637939453;25.020843505859375;9.704143524169922;0.29880645871162415;24.959980010986328;25.022964477539062;9.674057960510254;0.3291919675897415;0.9991127252166124;0.800000011920929;0.800000011920929;0.800000011920929
lidar;17.0;44.0;24.963706970214844;25.02605438232422;9.704412460327148;0.2989448606967926;24.96445655822754;25.025516510009766;9.710525512695312;0.2927627844098026;0.9986503125165949;0.800000011920929;0.800000011920929;0.800000011920929
lidar;17.0;44.0;24.9637451171875;25.031267166137695;9.704736709594727;0.299119234085083;24.96795654296875;25.02763557434082;9.739028930664062;0.2643792060309984;0.998068034671001;0.800000011920929;0.800000011920929;0.800000011920929
lidar;17.0;44.0;24.963787078857422;25.03648567199707;9.70506477355957;0.2993813455104828;24.958614349365234;25.041696548461914;9.662940979003906;0.3421401720801604;0.9971941111461053;0.800000011920929;0.800000011920929;0.800000011920929
lidar;17.0;44.0;24.963834762573242;25.041706085205078;9.705461502075195;0.2996668517589569;24.962507247924805;25.043237686157227;9.694642066955566;0.3106746638280616;0.9962439539004754;0.800000011920929;0.800000011920929;0.800000011920929
lidar;17.0;44.0;24.96390724182129;25.046907424926758;9.706042289733887;0.29985666275024414;24.95783233642578;25.05480194091797;9.656572341918945;0.35032027093514484;0.9952535032260297;0.800000011920929;0.800000011920929;0.800000011920929
lidar;17.0;44.0;24.96405029296875;25.052013397216797;9.707218170166016;0.29953160881996155;24.959449768066406;25.058670043945312;9.669750213623047;0.33786250698108544;0.9963334202925711;0.800000011920929;0.800000011920929;0.800000011920929
lidar;17.0;44.0;24.964208602905273;25.057086944580078;9.708499908447266;0.29918619990348816;24.963388442993164;25.058393478393555;9.701828002929688;0.306033850675924;0.9974836109687639;0.800000011920929;0.800000011920929;0.800000011920929
lidar;17.0;44.0;24.964372634887695;25.0621395111084;9.709834098815918;0.2988757789134979;24.95915985107422;25.071229934692383;9.667386054992676;0.34259866597194316;0.9985195397665825;0.800000011920929;0.800000011920929;0.800000011920929
lidar;17.0;44.0;24.964536666870117;25.067182540893555;9.711166381835938;0.2986568510532379;24.957651138305664;25.080223083496094;9.655102729797363;0.3566273289896211;0.9992513059858857;0.800000011920929;0.800000011920929;0.800000011920929
lidar;17.0;44.0;24.964698791503906;25.072221755981445;9.71249771118164;0.29852908849716187;24.957489013671875;25.08696937561035;9.653783798217773;0.3594946785855839;0.9996787309608748;0.800000011920929;0.800000011920929;0.800000011920929
lidar;17.0;44.0;24.964862823486328;25.077255249023438;9.713827133178711;0.2984923720359802;24.95473289489746;25.099529266357422;9.631322860717773;0.3845487927445077;0.9998015761482014;0.800000011920929;0.800000011920929;0.800000011920929
lidar;17.0;44.0;24.96502685546875;25.082290649414062;9.715157508850098;0.29854652285575867;24.968791961669922;25.07343101501465;9.745826721191406;0.2664018828917235;0.9996199607907376;0.800000011920929;0.800000011920929;0.800000011920929
lidar;17.0;44.0;24.96519660949707;25.087308883666992;9.716557502746582;0.29861974716186523;24.96322250366211;25.092260360717773;9.700478553771973;0.31555966877497377;0.9993746280483726;0.800000011920929;0.800000011920929;0.800000011920929
lidar;17.0;44.0;24.965375900268555;25.092315673828125;9.718001365661621;0.29873713850975037;24.959991455078125;25.106670379638672;9.674148559570312;0.3451929825708811;0.9989820122055539;0.800000011920929;0.800000011920929;0.800000011920929
lidar;17.0;44.0;24.965553283691406;25.097328186035156;9.71944808959961;0.29894569516181946;24.96818733215332;25.08988380432129;9.74090576171875;0.2760809370082741;0.9982849955941102;0.800000011920929;0.800000011920929;0.800000011920929
lidar;17.0;44.0;24.965730667114258;25.10234832763672;9.72089672088623;0.2992457449436188;24.971357345581055;25.085542678833008;9.766727447509766;0.2501081067829179;0.9972841142011637;0.800000011920929;0.800000011920929;0.800000011920929
lidar;17.0;44.0;24.96590805053711;25.107379913330078;9.722349166870117;0.2996377944946289;24.96453857421875;25.111696243286133;9.711188316345215;0.3116820538099767;0.9959792494279901;0.800000011920929;0.800000011920929;0.800000011920929
lidar;17.0;44.0;24.966161727905273;25.1121826171875;9.724407196044922;0.2994691729545593;24.962848663330078;25.123167037963867;9.69742202758789;0.32879142981127546;0.9958745241106839;0.800000011920929;0.800000011920929;0.800000011920929
lidar;17.0;44.0;24.96645164489746;25.116853713989258;9.726761817932129;0.29906412959098816;24.96234130859375;25.131168365478516;9.693289756774902;0.33569984715710893;0.9972236155077773;0.800000011920929;0.800000011920929;0.800000011920929
lidar;17.0;44.0;24.966739654541016;25.12151336669922;9.729111671447754;0.2987510561943054;24.96347999572754;25.133419036865234;9.702567100524902;0.3280253962031115;0.9982689619506644;0.800000011920929;0.800000011920929;0.800000011920929
lidar;17.0;44.0;24.96702766418457;25.126163482666016;9.731456756591797;0.2985294461250305;24.972352981567383;25.10578727722168;9.774828910827637;0.2503149951404406;0.9990102648732598;0.800000011920929;0.800000011920929;0.800000011920929
lidar;17.0;44.0;24.967315673828125;25.130809783935547;9.733799934387207;0.29839906096458435;24.960174560546875;25.159381866455078;9.675653457641602;0.3635783919594714;0.9994472265668446;0.800000011920929;0.800000011920929;0.800000011920929
lidar;17.0;44.0;24.967601776123047;25.135452270507812;9.736141204833984;0.29835957288742065;24.97307586669922;25.11256980895996;9.780714988708496;0.24795759408678406;0.9995797872395183;0.800000011920929;0.800000011920929;0.800000011920929
lidar;17.0;44.0;24.9678897857666;25.140094757080078;9.738482475280762;0.2984110414981842;24.975330352783203;25.10763168334961;9.79908275604248;0.22926206601732957;0.9994078278814678;0.800000011920929;0.800000011920929;0.800000011920929
lidar;17.0;44.0;24.968177795410156;25.14474105834961;9.740825653076172;0.2985534369945526;24.968652725219727;25.142576217651367;9.744702339172363;0.29408807720492963;0.998931467496395;0.800000011920929;0.800000011920929;0.800000011920929
lidar;17.0;44.0;24.96846580505371;25.14939308166504;9.743171691894531;0.29878702759742737;24.961557388305664;25.18212127685547;9.686907768249512;0.36424218442345024;0.9981507658528732;0.800000011920929;0.800000011920929;0.800000011920929
lidar;17.0;44.0;24.968753814697266;25.154054641723633;9.745521545410156;0.29911211133003235;24.968063354492188;25.15746307373047;9.739889144897461;0.305732617500397;0.9970660803674258;0.800000011920929;0.800000011920929;0.800000011920929
lidar;17.0;44.0;24.96904945373535;25.1586971282959;9.747925758361816;0.2994730770587921;24.965782165527344;25.175447463989258;9.721318244934082;0.33108306880551175;0.9958647490805261;0.800000011920929;0.800000011920929;0.800000011920929
lidar;17.0;44.0;24.969350814819336;25.16332244873047;9.750381469726562;0.2998711168766022;24.97186279296875;25.149930953979492;9.77084732055664;0.2752853742736008;0.9945432545946009;0.800000011920929;0.800000011920929;0.800000011920929
lidar;17.0;44.0;24.969749450683594;25.167428970336914;9.753625869750977;0.29941272735595703;24.970443725585938;25.1635799407959;9.759289741516113;0.2925296798404298;0.9951982498234324;0.800000011920929;0.800000011920929;0.800000011920929
lidar;17.0;44.0;24.97015380859375;25.171483993530273;9.75692081451416;0.29897341132164;24.972810745239258;25.156219482421875;9.778557777404785;0.27236050817005497;0.996660292355037;0.800000011920929;0.800000011920929;0.800000011920929
lidar;17.0;44.0;24.970556259155273;25.175527572631836;9.760207176208496;0.29862627387046814;24.973007202148438;25.160924911499023;9.780157089233398;0.2737817552274963;0.9978187081819596;0.800000011920929;0.800000011920929;0.800000011920929
lidar;17.0;44.0;24.970958709716797;25.179563522338867;9.763486862182617;0.29837071895599365;24.96758270263672;25.200448989868164;9.735978126525879;0.3330742543106749;0.998673200619916;0.800000011920929;0.800000011920929;0.800000011920929
lidar;17.0;44.0;24.97136116027832;25.18359375;9.766761779785156;0.2982063293457031;24.973020553588867;25.172964096069336;9.780266761779785;0.28093941006869555;0.9992235303192779;0.800000011920929;0.800000011920929;0.800000011920929
lidar;17.0;44.0;24.971763610839844;25.1876220703125;9.770033836364746;0.29813286662101746;24.978424072265625;25.14336585998535;9.824278831481934;0.2278092302689637;0.9994694590323127;0.800000011920929;0.800000011920929;0.800000011920929
lidar;17.0;44.0;24.972166061401367;25.191646575927734;9.773305892944336;0.2981502413749695;24.97181510925293;25.19405746459961;9.770455360412598;0.3018999057490637;0.9994109272862639;0.800000011920929;0.800000011920929;0.800000011920929
lidar;17.0;44.0;24.972566604614258;25.195674896240234;9.776578903198242;0.29825857281684875;24.97056007385254;25.209999084472656;9.760224342346191;0.320091997995339;0.9990479946183541;0.800000011920929;0.800000011920929;0.800000011920929
lidar;17.0;44.0;24.97296905517578;25.19970703125;9.779855728149414;0.2984578013420105;24.980388641357422;25.1448974609375;9.8402738571167;0.21654731628464735;0.9983807206992841;0.800000011920929;0.800000011920929;0.800000011920929
lidar;17.0;44.0;24.973371505737305;25.203746795654297;9.783138275146484;0.2987484633922577;24.97585678100586;25.18474006652832;9.803367614746094;0.27088057173332725;0.9974092843162572;0.800000011920929;0.800000011920929;0.800000011920929
lidar;17.0;44.0;24.97377586364746;25.207794189453125;9.78642749786377;0.29913079738616943;24.96939468383789;25.242507934570312;9.750746726989746;0.34910434993657324;0.9961341026468474;0.800000011920929;0.800000011920929;0.800000011920929
lidar;17.0;44.0;24.974231719970703;25.211448669433594;9.790127754211426;0.29903316497802734;24.972431182861328;25.226219177246094;9.775466918945312;0.31992274713695756;0.9955210090589068;0.800000011920929;0.800000011920929;0.800000011920929
lidar;17.0;44.0;24.970569610595703;24.788532257080078;9.790590286254883;0.2990601658821106;24.97386932373047;24.812244415283203;9.814071655273438;0.26552647339388646;0.9954307675264664;0.800000011920929;0.800000011920929;0.800000011920929
lidar;17.0;44.0;24.97003936767578;24.792104721069336;9.786812782287598;0.2992774546146393;24.972576141357422;24.80970573425293;9.804862976074219;0.2739382643021393;0.9956459997496593;0.800000011920929;0.800000011920929;0.800000011920929
lidar;17.0;44.0;24.96957778930664;24.796152114868164;9.783528327941895;0.2988971769809723;24.96245574951172;24.748435974121094;9.732856750488281;0.3688615897439605;0.9969130752859875;0.800000011920929;0.800000011920929;0.800000011920929
lidar;17.0;44.0;24.9691162109375;24.80019187927246;9.780250549316406;0.298608660697937;24.968629837036133;24.79704475402832;9.776788711547852;0.30331253793202956;0.9978764059322078;0.800000011920929;0.800000011920929;0.800000011920929
lidar;17.0;44.0;24.968656539916992;24.804224014282227;9.7769775390625;0.2984115183353424;24.957313537597656;24.733383178710938;9.696277618408203;0.4063909994672126;0.9985358119562427;0.800000011920929;0.800000011920929;0.800000011920929
lidar;17.0;44.0;24.968196868896484;24.808252334594727;9.77370834350586;0.2983054220676422;24.96631622314453;24.796911239624023;9.760324478149414;0.31594926092032627;0.9988911152692452;0.800000011920929;0.800000011920929;0.800000011920929
lidar;17.0;44.0;24.967737197875977;24.812280654907227;9.770441055297852;0.2982902228832245;24.968231201171875;24.81515121459961;9.773953437805176;0.293726361506682;0.998942077077997;0.800000011920929;0.800000011920929;0.800000011920929
lidar;17.0;44.0;24.96727752685547;24.816307067871094;9.767172813415527;0.2983660101890564;24.959716796875;24.77385902404785;9.713369369506836;0.3673140167183797;0.9986887575038138;0.800000011920929;0.800000011920929;0.800000011920929
lidar;17.0;44.0;24.96681785583496;24.82033920288086;9.763901710510254;0.2985326647758484;24.960397720336914;24.785572052001953;9.718214988708496;0.35630080571812667;0.9981312750797399;0.800000011920929;0.800000011920929;0.800000011920929
lidar;17.0;44.0;24.966358184814453;24.82437515258789;9.760625839233398;0.2987906336784363;24.957359313964844;24.77739906311035;9.696599006652832;0.37871021933314525;0.9972698090202975;0.800000011920929;0.800000011920929;0.800000011920929
lidar;17.0;44.0;24.965896606445312;24.828420639038086;9.757343292236328;0.2991402745246887;24.96354866027832;24.81660270690918;9.740630149841309;0.31974397701215385;0.9961043595783033;0.800000011920929;0.800000011920929;0.800000011920929
lidar;17.0;44.0;24.965452194213867;24.832561492919922;9.754178047180176;0.2994292974472046;24.965848922729492;24.834484100341797;9.757000923156738;0.29599020369208956;0.9951431754595887;0.800000011920929;0.800000011920929;0.800000011920929
lidar;17.0;44.0;24.96500587463379;24.836713790893555;9.751008033752441;0.29980695247650146;24.96255111694336;24.825258255004883;9.733541488647461;0.32083838715556406;0.9938896299596468;0.800000011920929;0.800000011920929;0.800000011920929
lidar;17.0;44.0;24.964658737182617;24.841323852539062;9.748536109924316;0.299435019493103;24.961515426635742;24.827207565307617;9.726163864135742;0.32607467592068523;0.9959912299940687;0.800000011920929;0.800000011920929;0.800000011920929
lidar;17.0;44.0;24.96432876586914;24.84599494934082;9.746186256408691;0.299017071723938;24.97181510925293;24.878318786621094;9.799459457397461;0.23625629337153448;0.9973830580860732;0.800000011920929;0.800000011920929;0.800000011920929
lidar;17.0;44.0;24.963998794555664;24.85065460205078;9.743843078613281;0.29869112372398376;24.967662811279297;24.86585235595703;9.76991081237793;0.2682951367840762;0.9984710216912323;0.800000011920929;0.800000011920929;0.800000011920929
lidar;17.0;44.0;24.96367073059082;24.855304718017578;9.741504669189453;0.29845672845840454;24.967315673828125;24.869823455810547;9.76744270324707;0.268508969122418;0.9992548227317614;0.800000011920929;0.800000011920929;0.800000011920929
lidar;17.0;44.0;24.963342666625977;24.85995101928711;9.739168167114258;0.2983134388923645;24.962278366088867;24.85588264465332;9.73159408569336;0.3069762335308772;0.9997343421165876;0.800000011920929;0.800000011920929;0.800000011920929
lidar;17.0;44.0;24.963014602661133;24.864591598510742;9.736833572387695;0.2982611358165741;24.967466354370117;24.880895614624023;9.768518447875977;0.2623514588054606;0.9999092817291726;0.800000011920929;0.800000011920929;0.800000011920929
lidar;17.0;44.0;24.96268653869629;24.869234085083008;9.734498977661133;0.29829972982406616;24.97599220275879;24.915863037109375;9.82917308807373;0.19193012101917042;0.9997795820259572;0.800000011920929;0.800000011920929;0.800000011920929
lidar;17.0;44.0;24.962358474731445;24.873878479003906;9.732163429260254;0.2984291911125183;24.953405380249023;24.843881607055664;9.668462753295898;0.3694058355287268;0.9993454218075838;0.800000011920929;0.800000011920929;0.800000011920929
lidar;17.0;44.0;24.9620304107666;24.878528594970703;9.729825019836426;0.29864993691444397;24.963228225708008;24.882362365722656;9.738351821899414;0.2892246720471479;0.9986068011287764;0.800000011920929;0.800000011920929;0.800000011920929
lidar;17.0;44.0;24.961700439453125;24.88318634033203;9.727481842041016;0.2989620268344879;24.96133041381836;24.882057189941406;9.724848747253418;0.3018511156919256;0.9975640773232373;0.800000011920929;0.800000011920929;0.800000011920929
lidar;17.0;44.0;24.96137046813965;24.887855529785156;9.725133895874023;0.2993660867214203;24.968015670776367;24.907146453857422;9.772417068481445;0.2478683441654932;0.9962174296224694;0.800000011920929;0.800000011920929;0.800000011920929
lidar;17.0;44.0;24.961042404174805;24.892547607421875;9.722801208496094;0.2998385727405548;24.95812225341797;24.884492874145508;9.702024459838867;0.32231205004790486;0.9953122142176383;0.800000011920929;0.800000011920929;0.800000011920929
lidar;17.0;44.0;24.960838317871094;24.8975830078125;9.721349716186523;0.29944735765457153;24.961641311645508;24.899682998657227;9.727065086364746;0.29330608277679254;0.9966126680669811;0.800000011920929;0.800000011920929;0.800000011920929
lidar;17.0;44.0;24.960634231567383;24.902606964111328;9.719902038574219;0.2991480529308319;24.96500587463379;24.913419723510742;9.750999450683594;0.2659364793336931;0.9976095558260798;0.800000011920929;0.800000011920929;0.800000011920929
lidar;17.0;44.0;24.96044158935547;24.907644271850586;9.718522071838379;0.29887154698371887;24.96797752380371;24.92523956298828;9.772149085998535;0.24193093190217974;0.9985327720896411;0.800000011920929;0.800000011920929;0.800000011920929
lidar;17.0;44.0;24.960254669189453;24.912687301635742;9.717193603515625;0.2986348271369934;24.960018157958984;24.912168502807617;9.715511322021484;0.3004105211467189;0.999324321767392;0.800000011920929;0.800000011920929;0.800000011920929
lidar;17.0;44.0;24.960067749023438;24.917724609375;9.715866088867188;0.2984893321990967;24.961454391479492;24.920583724975586;9.72573471069336;0.2881214575514011;0.999811470499133;0.800000011920929;0.800000011920929;0.800000011920929
lidar;17.0;44.0;24.959880828857422;24.922760009765625;9.714539527893066;0.2984348237514496;24.965238571166992;24.933074951171875;9.752663612365723;0.25857756404227794;0.9999940395358194;0.800000011920929;0.800000011920929;0.800000011920929
lidar;17.0;44.0;24.95969581604004;24.927793502807617;9.713212966918945;0.29847124218940735;24.959596633911133;24.9276180267334;9.712516784667969;0.299195778405629;0.9998720288228753;0.800000011920929;0.800000011920929;0.800000011920929
lidar;17.0;44.0;24.959508895874023;24.932830810546875;9.711885452270508;0.2985987365245819;24.959327697753906;24.93252944946289;9.710599899291992;0.2999315420865882;0.9994454383696235;0.800000011920929;0.800000011920929;0.800000011920929
lidar;17.0;44.0;24.959321975708008;24.9378719329834;9.710556983947754;0.2988174259662628;24.950706481933594;24.924713134765625;9.649251937866211;0.36210848443503085;0.9987144469711314;0.800000011920929;0.800000011920929;0.800000011920929
lidar;17.0;44.0;24.959152221679688;24.942949295043945;9.709352493286133;0.29899758100509644;24.956878662109375;24.939773559570312;9.693180084228516;0.3156341091619319;0.9981126189271228;0.800000011920929;0.800000011920929;0.800000011920929
lidar;17.0;44.0;24.958988189697266;24.948040008544922;9.708184242248535;0.29922938346862793;24.96729850769043;24.958568572998047;9.767322540283203;0.23858881218877967;0.9973394277260917;0.800000011920929;0.800000011920929;0.800000011920929
lidar;17.0;44.0;24.958824157714844;24.953140258789062;9.707014083862305;0.29955291748046875;24.951257705688477;24.944528579711914;9.653173446655273;0.35460038463568094;0.9962624309116614;0.800000011920929;0.800000011920929;0.800000011920929
lidar;17.0;44.0;24.95865821838379;24.958251953125;9.705841064453125;0.2999686300754547;24.95250129699707;24.952035903930664;9.662035942077637;0.3446391304820007;0.994882046962244;0.800000011920929;0.800000011920929;0.800000011920929
lidar;17.0;44.0;24.95860481262207;24.96347999572754;9.705459594726562;0.2996683418750763;24.965089797973633;24.969200134277344;9.75159740447998;0.2527274002624915;0.9962390659292522;0.800000011920929;0.800000011920929;0.800000011920929
lidar;17.0;44.0;24.958559036254883;24.968704223632812;9.705135345458984;0.29940247535705566;24.949840545654297;24.96211814880371;9.64309310913086;0.362399556860722;0.9971235992027804;0.800000011920929;0.800000011920929;0.800000011920929
lidar;17.0;44.0;24.95851707458496;24.973922729492188;9.704837799072266;0.2992017865180969;24.96459197998047;24.977741241455078;9.748053550720215;0.2553946683670241;0.9977923633959849;0.800000011920929;0.800000011920929;0.800000011920929
lidar;17.0;44.0;24.958484649658203;24.97913932800293;9.704597473144531;0.2990344762802124;24.964385986328125;24.982105255126953;9.746588706970215;0.25652647195368794;0.9983505606265274;0.800000011920929;0.800000011920929;0.800000011920929
lidar;17.0;44.0;24.958454132080078;24.984355926513672;9.704384803771973;0.29893043637275696;24.953611373901367;24.982532501220703;9.66993236541748;0.3337687755580075;0.9986979961651831;0.800000011920929;0.800000011920929;0.800000011920929
lidar;17.0;44.0;24.958433151245117;24.98957061767578;9.70423698425293;0.2988521456718445;24.95338249206543;24.988304138183594;9.668302536010742;0.33516178720655265;0.9989597201744381;0.800000011920929;0.800000011920929;0.800000011920929
lidar;17.0;44.0;24.958419799804688;24.99478530883789;9.704146385192871;0.29880693554878235;24.953405380249023;24.994155883789062;9.668466567993164;0.3348426755310019;0.9991107582395697;0.800000011920929;0.800000011920929;0.800000011920929
lidar;17.0;44.0;24.95841407775879;25.0;9.704095840454102;0.2988118827342987;24.95730972290039;25.0;9.69624137878418;0.30674349333807865;0.999094426615914;0.800000011920929;0.800000011920929;0.800000011920929
lidar;17.0;44.0;24.958419799804688;25.00521469116211;9.704146385192871;0.29880693554878235;24.953365325927734;25.005847930908203;9.668183326721191;0.3351284985504632;0.9991107582395697;0.800000011920929;0.800000011920929;0.800000011920929
lidar;17.0;44.0;24.958433151245117;25.01042938232422;9.70423698425293;0.2988521456718445;24.954505920410156;25.011415481567383;9.676286697387695;0.32709343816963393;0.9989597201744381;0.800000011920929;0.800000011920929;0.800000011920929
lidar;17.0;44.0;24.958454132080078;25.015644073486328;9.704384803771973;0.29893046617507935;24.951129913330078;25.018402099609375;9.652273178100586;0.3516262502147487;0.9986979961651831;0.800000011920929;0.800000011920929;0.800000011920929
lidar;17.0;44.0;24.958484649658203;25.02086067199707;9.704597473144531;0.2990344762802124;24.965818405151367;25.017175674438477;9.756783485412598;0.2462063580041014;0.9983505606265274;0.800000011920929;0.800000011920929;0.800000011920929
lidar;17.0;44.0;24.95851707458496;25.026077270507812;9.704837799072266;0.2992017865180969;24.97504425048828;25.015687942504883;9.822423934936523;0.180005718439746;0.9977923633959849;0.800000011920929;0.800000011920929;0.800000011920929
lidar;17.0;44.0;24.958559036254883;25.031295776367188;9.705135345458984;0.29940247535705566;24.972463607788086;25.020795822143555;9.80406379699707;0.19895119617271417;0.9971235992027804;0.800000011920929;0.800000011920929;0.800000011920929
lidar;17.0;44.0;24.95860481262207;25.03652000427246;9.705459594726562;0.2996683418750763;24.96383285522461;25.03190803527832;9.742660522460938;0.2618197525295322;0.9962390659292522;0.800000011920929;0.800000011920929;0.800000011920929
lidar;17.0;44.0;24.95865821838379;25.041748046875;9.705841064453125;0.2999686300754547;24.960805892944336;25.039579391479492;9.721125602722168;0.2843824316991206;0.994882046962244;0.800000011920929;0.800000011920929;0.800000011920929
lidar;17.0;44.0;24.958824157714844;25.046859741210938;9.707014083862305;0.29955294728279114;24.970809936523438;25.033220291137695;9.792302131652832;0.21235387903862313;0.9962624309116614;0.800000011920929;0.800000011920929;0.800000011920929
lidar;17.0;44.0;24.958988189697266;25.051959991455078;9.708184242248535;0.2992294430732727;24.955547332763672;25.056320190429688;9.683706283569336;0.3243295533356712;0.9973394277260917;0.800000011920929;0.800000011920929;0.800000011920929
lidar;17.0;44.0;24.959152221679688;25.057050704956055;9.709352493286133;0.2989976406097412;24.952363967895508;25.066532135009766;9.661050796508789;0.3486865870514551;0.9981126189271228;0.800000011920929;0.800000011920929;0.800000011920929
lidar;17.0;44.0;24.959321975708008;25.0621280670166;9.710556983947754;0.29881739616394043;24.959245681762695;25.06224250793457;9.710021018981934;0.2993703551156803;0.9987144469711314;0.800000011920929;0.800000011920929;0.800000011920929
lidar;17.0;44.0;24.959508895874023;25.067169189453125;9.711885452270508;0.2985988259315491;24.960046768188477;25.06627655029297;9.715719223022461;0.2946255852590848;0.9994454383696235;0.800000011920929;0.800000011920929;0.800000011920929
lidar;17.0;44.0;24.95969581604004;25.072206497192383;9.713212966918945;0.2984714210033417;24.972721099853516;25.048870086669922;9.80589771270752;0.2020104934183587;0.9998720288228753;0.800000011920929;0.800000011920929;0.800000011920929
lidar;17.0;44.0;24.959880828857422;25.077239990234375;9.714539527893066;0.2984349727630615;24.968631744384766;25.060392379760742;9.776805877685547;0.23333858486305825;0.9999940395358194;0.800000011920929;0.800000011920929;0.800000011920929
lidar;17.0;44.0;24.960067749023438;25.082275390625;9.715866088867188;0.29848945140838623;24.954769134521484;25.093191146850586;9.678168296813965;0.3380919740880913;0.999811470499133;0.800000011920929;0.800000011920929;0.800000011920929
lidar;17.0;44.0;24.960254669189453;25.087312698364258;9.717193603515625;0.29863491654396057;24.960718154907227;25.08629608154297;9.720487594604492;0.29515596463655436;0.999324321767392;0.800000011920929;0.800000011920929;0.800000011920929
lidar;17.0;44.0;24.96044158935547;25.092355728149414;9.718522071838379;0.29887157678604126;24.95427703857422;25.106746673583984;9.674662590026855;0.3454419305603437;0.9985328315985741;0.800000011920929;0.800000011920929;0.800000011920929
lidar;17.0;44.0;24.960634231567383;25.097393035888672;9.719902038574219;0.2991481125354767;24.949533462524414;25.12485694885254;9.640914916992188;0.383507637043839;0.9976095558260798;0.800000011920929;0.800000011920929;0.800000011920929
lidar;17.0;44.0;24.960838317871094;25.1024169921875;9.721349716186523;0.2994473874568939;24.964956283569336;25.09164810180664;9.750651359558105;0.26795943488510243;0.9966126680669811;0.800000011920929;0.800000011920929;0.800000011920929
lidar;17.0;44.0;24.961042404174805;25.107452392578125;9.722800254821777;0.2998386025428772;24.970462799072266;25.081472396850586;9.789825439453125;0.227340337640341;0.9953122142176383;0.800000011920929;0.800000011920929;0.800000011920929
lidar;17.0;44.0;24.96137046813965;25.112144470214844;9.725133895874023;0.29936617612838745;24.9527587890625;25.137142181396484;9.66386604309082;0.3660952903382701;0.9962174296224694;0.800000011920929;0.800000011920929;0.800000011920929
lidar;17.0;44.0;24.961700439453125;25.11681365966797;9.727481842041016;0.29896217584609985;24.964738845825195;25.1075439453125;9.749109268188477;0.2752369061962825;0.9975640175546863;0.800000011920929;0.800000011920929;0.800000011920929
lidar;17.0;44.0;24.9620304107666;25.121471405029297;9.729825019836426;0.2986500561237335;24.96617317199707;25.10821533203125;9.759309768676758;0.2660570784886277;0.9986068011287764;0.800000011920929;0.800000011920929;0.800000011920929
lidar;17.0;44.0;24.962358474731445;25.126121520996094;9.732163429260254;0.2984294295310974;24.955778121948242;25.148170471191406;9.685341835021973;0.3505992646571899;0.9993454218075838;0.800000011920929;0.800000011920929;0.800000011920929
lidar;17.0;44.0;24.96268653869629;25.130765914916992;9.734498977661133;0.2982999086380005;24.962757110595703;25.130521774291992;9.734996795654297;0.2977411968401485;0.9997795820259572;0.800000011920929;0.800000011920929;0.800000011920929
lidar;17.0;44.0;24.963014602661133;25.135408401489258;9.736833572387695;0.2982613146305084;24.97298240661621;25.09891128540039;9.807764053344727;0.21787125999631263;0.9999092817291726;0.800000011920929;0.800000011920929;0.800000011920929
lidar;17.0;44.0;24.963342666625977;25.14004898071289;9.739168167114258;0.29831361770629883;24.96536636352539;25.132320404052734;9.753562927246094;0.2818499774952275;0.9997343421165876;0.800000011920929;0.800000011920929;0.800000011920929
lidar;17.0;44.0;24.96367073059082;25.144695281982422;9.741503715515137;0.2984568476676941;24.96196174621582;25.151498794555664;9.729349136352539;0.31249096375198715;0.9992548824027733;0.800000011920929;0.800000011920929;0.800000011920929
lidar;17.0;44.0;24.963998794555664;25.14934539794922;9.743843078613281;0.2986912131309509;24.968042373657227;25.132572174072266;9.772614479064941;0.26514286018097305;0.9984710216912323;0.800000011920929;0.800000011920929;0.800000011920929
lidar;17.0;44.0;24.96432876586914;25.15400505065918;9.746186256408691;0.2990171015262604;24.960330963134766;25.171262741088867;9.717744827270508;0.33252445390448937;0.9973830580860732;0.800000011920929;0.800000011920929;0.800000011920929
lidar;17.0;44.0;24.964658737182617;25.158676147460938;9.748536109924316;0.299435019493103;24.963685989379883;25.163047790527344;9.741606712341309;0.30768566527802527;0.9959912893089145;0.800000011920929;0.800000011920929;0.800000011920929
lidar;17.0;44.0;24.96500587463379;25.163286209106445;9.751008033752441;0.2998069226741791;24.968765258789062;25.1457462310791;9.777753829956055;0.26760282307478245;0.9938896299596468;0.800000011920929;0.800000011920929;0.800000011920929
lidar;17.0;44.0;24.965452194213867;25.167438507080078;9.754178047180176;0.2994292974472046;24.971254348754883;25.13932228088379;9.79545783996582;0.2491475814186715;0.9951431153188787;0.800000011920929;0.800000011920929;0.800000011920929
lidar;17.0;44.0;24.965896606445312;25.171579360961914;9.757343292236328;0.2991402745246887;24.965850830078125;25.17181396484375;9.757013320922852;0.2995475283113099;0.9961044791529847;0.800000011920929;0.800000011920929;0.800000011920929
lidar;17.0;44.0;24.966358184814453;25.17562484741211;9.760625839233398;0.2987906336784363;24.96883773803711;25.16267967224121;9.778268814086914;0.2767681341239508;0.9972699284081091;0.800000011920929;0.800000011920929;0.800000011920929
lidar;17.0;44.0;24.96681785583496;25.17966079711914;9.763901710510254;0.2985326647758484;24.968944549560547;25.16814613342285;9.779032707214355;0.27939971313199496;0.998131394360166;0.800000011920929;0.800000011920929;0.800000011920929
lidar;17.0;44.0;24.96727752685547;25.183692932128906;9.767172813415527;0.2983660101890564;24.967960357666016;25.179861068725586;9.772029876708984;0.292141720505851;0.9986888766950621;0.800000011920929;0.800000011920929;0.800000011920929
lidar;17.0;44.0;24.967737197875977;25.187719345092773;9.770441055297852;0.2982902228832245;24.960695266723633;25.22869300842285;9.720335960388184;0.3633970071228657;0.9989421963076415;0.800000011920929;0.800000011920929;0.800000011920929
lidar;17.0;44.0;24.968196868896484;25.191747665405273;9.77370834350586;0.2983054220676422;24.97127342224121;25.173200607299805;9.7955961227417;0.26945228726733256;0.9988911747247091;0.800000011920929;0.800000011920929;0.800000011920929
lidar;17.0;44.0;24.968656539916992;25.195775985717773;9.7769775390625;0.2984115183353424;24.970035552978516;25.187158584594727;9.786794662475586;0.28527582020849324;0.9985359310511451;0.800000011920929;0.800000011920929;0.800000011920929
lidar;17.0;44.0;24.9691162109375;25.19980812072754;9.780250549316406;0.298608660697937;24.968894958496094;25.201236724853516;9.778678894042969;0.30074379629796116;0.9978765248290142;0.800000011920929;0.800000011920929;0.800000011920929
lidar;17.0;44.0;24.96957778930664;25.203847885131836;9.783528327941895;0.2988971471786499;24.966665267944336;25.223360061645508;9.762807846069336;0.3275072670724097;0.9969131349525191;0.800000011920929;0.800000011920929;0.800000011920929
lidar;17.0;44.0;24.97003936767578;25.207895278930664;9.786812782287598;0.2992774248123169;24.966264724731445;25.234086990356445;9.759955406188965;0.3369809080956371;0.9956460594769837;0.800000011920929;0.800000011920929;0.800000011920929
lidar;17.0;44.0;24.970569610595703;25.211467742919922;9.790590286254883;0.29906022548675537;24.96790885925293;25.230587005615234;9.77165699005127;0.326099656484443;0.995430946092793;0.800000011920929;0.800000011920929;0.800000011920929
lidar;17.0;44.0;24.96691131591797;24.788484573364258;9.791088104248047;0.2991285026073456;24.968807220458984;24.800596237182617;9.803051948547363;0.2819983341015632;0.9952034946967427;0.800000011920929;0.800000011920929;0.800000011920929
lidar;17.0;44.0;24.96630096435547;24.791967391967773;9.787227630615234;0.29947519302368164;24.964275360107422;24.779468536376953;9.774443626403809;0.3174689041319827;0.9949886199566895;0.800000011920929;0.800000011920929;0.800000011920929
lidar;17.0;44.0;24.96578025817871;24.7960147857666;9.783946990966797;0.2990976572036743;24.95816421508789;24.750608444213867;9.735852241516113;0.3656783642720322;0.9962446686954929;0.800000011920929;0.800000011920929;0.800000011920929
lidar;17.0;44.0;24.965261459350586;24.80005645751953;9.780673027038574;0.2988119423389435;24.966781616210938;24.808805465698242;9.790270805358887;0.2857369197986289;0.9971973300840905;0.800000011920929;0.800000011920929;0.800000011920929
lidar;17.0;44.0;24.964744567871094;24.804088592529297;9.77740478515625;0.29861778020858765;24.964689254760742;24.80377960205078;9.777052879333496;0.29909070995661996;0.9978461263234331;0.800000011920929;0.800000011920929;0.800000011920929
lidar;17.0;44.0;24.9642276763916;24.80811882019043;9.774140357971191;0.29851460456848145;24.965309143066406;24.813922882080078;9.78097152709961;0.2894856463937086;0.9981911181499425;0.800000011920929;0.800000011920929;0.800000011920929
lidar;17.0;44.0;24.96371078491211;24.81214714050293;9.770875930786133;0.29850247502326965;24.96235466003418;24.805124282836914;9.762311935424805;0.30966009201724476;0.9982318878449371;0.800000011920929;0.800000011920929;0.800000011920929
lidar;17.0;44.0;24.963197708129883;24.816192626953125;9.767634391784668;0.2985517084598541;24.964149475097656;24.820953369140625;9.773651123046875;0.29082126371320627;0.9980676770578496;0.800000011920929;0.800000011920929;0.800000011920929
lidar;17.0;44.0;24.96269989013672;24.820322036743164;9.764494895935059;0.29855984449386597;24.949886322021484;24.75859832763672;9.683592796325684;0.4011224761547981;0.9980406163989579;0.800000011920929;0.800000011920929;0.800000011920929
lidar;17.0;44.0;24.962202072143555;24.824453353881836;9.761354446411133;0.29865893721580505;24.973295211791992;24.87596893310547;9.83138656616211;0.21101516691769467;0.99770969138691;0.800000011920929;0.800000011920929;0.800000011920929
lidar;17.0;44.0;24.96170425415039;24.82858657836914;9.758211135864258;0.29884910583496094;24.96499252319336;24.84330177307129;9.778965950012207;0.27319597748245616;0.9970747233127447;0.800000011920929;0.800000011920929;0.800000011920929
lidar;17.0;44.0;24.961206436157227;24.832727432250977;9.755062103271484;0.29913073778152466;24.9527645111084;24.796335220336914;9.701770782470703;0.36421312739276884;0.9961361287160844;0.800000011920929;0.800000011920929;0.800000011920929
lidar;17.0;44.0;24.96070671081543;24.836877822875977;9.751907348632812;0.29950419068336487;24.958576202392578;24.828039169311523;9.73846435546875;0.31573222028444986;0.9948940874278556;0.800000011920929;0.800000011920929;0.800000011920929
lidar;17.0;44.0;24.96027946472168;24.841337203979492;9.749212265014648;0.299409955739975;24.954574584960938;24.818552017211914;9.7131986618042;0.34240574682027164;0.9960745574936157;0.800000011920929;0.800000011920929;0.800000011920929
lidar;17.0;44.0;24.95990753173828;24.84600830078125;9.746869087219238;0.2989918291568756;24.96072006225586;24.849130630493164;9.752001762390137;0.29292927981651845;0.9974672199238379;0.800000011920929;0.800000011920929;0.800000011920929
lidar;17.0;44.0;24.959537506103516;24.85066795349121;9.744532585144043;0.2986656725406647;24.956554412841797;24.83965492248535;9.72569465637207;0.32068930358665354;0.9985560774150114;0.800000011920929;0.800000011920929;0.800000011920929
lidar;17.0;44.0;24.959169387817383;24.855318069458008;9.742199897766113;0.29843100905418396;24.979055404663086;24.925783157348633;9.867758750915527;0.15308344819477115;0.999340772599637;0.800000011920929;0.800000011920929;0.800000011920929
lidar;17.0;44.0;24.958799362182617;24.859962463378906;9.739870071411133;0.2982875108718872;24.95166778564453;24.835723876953125;9.694845199584961;0.3499172430845564;0.9998210668426264;0.800000011920929;0.800000011920929;0.800000011920929
lidar;17.0;44.0;24.958431243896484;24.86460304260254;9.737542152404785;0.2982349991798401;24.950117111206055;24.8375244140625;9.685050964355469;0.3578815999331602;0.9999967813493997;0.800000011920929;0.800000011920929;0.800000011920929
lidar;17.0;44.0;24.95806121826172;24.869245529174805;9.735214233398438;0.2982732951641083;24.965505599975586;24.892452239990234;9.782210350036621;0.24533370229872176;0.9998679161198909;0.800000011920929;0.800000011920929;0.800000011920929
lidar;17.0;44.0;24.957693099975586;24.873889923095703;9.732885360717773;0.2984026074409485;24.959333419799805;24.878780364990234;9.743242263793945;0.286831834898389;0.9994344710703952;0.800000011920929;0.800000011920929;0.800000011920929
lidar;17.0;44.0;24.95732307434082;24.878538131713867;9.730552673339844;0.29862311482429504;24.955305099487305;24.872793197631836;9.717805862426758;0.31275084741713705;0.9986965655486907;0.800000011920929;0.800000011920929;0.800000011920929
lidar;17.0;44.0;24.956953048706055;24.883195877075195;9.728217124938965;0.2989349365234375;24.95313835144043;24.87284278869629;9.704127311706543;0.3254315264296554;0.9976544976585098;0.800000011920929;0.800000011920929;0.800000011920929
lidar;17.0;44.0;24.95658302307129;24.88786506652832;9.725874900817871;0.29933878779411316;24.96004867553711;24.896818161010742;9.747759819030762;0.2754409378507998;0.9963085053993097;0.800000011920929;0.800000011920929;0.800000011920929
lidar;17.0;44.0;24.95621109008789;24.892549514770508;9.723526000976562;0.2998351454734802;24.95705795288086;24.894624710083008;9.728869438171387;0.2940398222729883;0.9946589466488315;0.800000011920929;0.800000011920929;0.800000011920929
lidar;17.0;44.0;24.955951690673828;24.89751434326172;9.721890449523926;0.29964718222618103;24.960830688476562;24.908864974975586;9.752690315246582;0.26646185457311944;0.9959481952306017;0.800000011920929;0.800000011920929;0.800000011920929
lidar;17.0;44.0;24.95574188232422;24.90258026123047;9.720559120178223;0.29922690987586975;24.95061492919922;24.891298294067383;9.688197135925293;0.33388009554011716;0.997347116689293;0.800000011920929;0.800000011920929;0.800000011920929
lidar;17.0;44.0;24.955530166625977;24.907634735107422;9.719230651855469;0.2988986074924469;24.9521541595459;24.900625228881836;9.697919845581055;0.32158553914177557;0.9984422922739834;0.800000011920929;0.800000011920929;0.800000011920929
lidar;17.0;44.0;24.955320358276367;24.91267967224121;9.717904090881348;0.29866206645965576;24.961957931518555;24.925649642944336;9.759806632995605;0.25429951753159824;0.9992333650814155;0.800000011920929;0.800000011920929;0.800000011920929
lidar;17.0;44.0;24.955110549926758;24.91771697998047;9.716580390930176;0.2985166907310486;24.961992263793945;24.930330276489258;9.760024070739746;0.2527582275065601;0.9997200369802834;0.800000011920929;0.800000011920929;0.800000011920929
lidar;17.0;44.0;24.95490074157715;24.922752380371094;9.715256690979004;0.29846227169036865;24.95807456970215;24.928186416625977;9.73529052734375;0.27746397172830073;0.9999021291698919;0.800000011920929;0.800000011920929;0.800000011920929
lidar;17.0;44.0;24.95469093322754;24.927785873413086;9.713933944702148;0.29849889874458313;24.950584411621094;24.921239852905273;9.68800163269043;0.32555776763804123;0.9997797012443843;0.800000011920929;0.800000011920929;0.800000011920929
lidar;17.0;44.0;24.954486846923828;24.932830810546875;9.712638854980469;0.29859644174575806;24.952312469482422;24.929622650146484;9.698915481567383;0.3128556418569671;0.9994533657860517;0.800000011920929;0.800000011920929;0.800000011920929
lidar;17.0;44.0;24.954301834106445;24.937908172607422;9.711477279663086;0.29864493012428284;24.942045211791992;24.92125129699707;9.634079933166504;0.3787576145522703;0.999291121923787;0.800000011920929;0.800000011920929;0.800000011920929
lidar;17.0;44.0;24.954118728637695;24.942989349365234;9.710315704345703;0.29878443479537964;24.943010330200195;24.92918586730957;9.640176773071289;0.37112694903922705;0.9988245368851797;0.800000011920929;0.800000011920929;0.800000011920929
lidar;17.0;44.0;24.953933715820312;24.948076248168945;9.709153175354004;0.2990152835845947;24.945112228393555;24.938133239746094;9.653453826904297;0.35627853729157016;0.9980536699741747;0.800000011920929;0.800000011920929;0.800000011920929
lidar;17.0;44.0;24.953750610351562;24.95317268371582;9.707987785339355;0.2993377149105072;24.949373245239258;24.948741912841797;9.680350303649902;0.3276678901720342;0.996978759778691;0.800000011920929;0.800000011920929;0.800000011920929
lidar;17.0;44.0;24.953594207763672;24.958309173583984;9.707006454467773;0.2995607852935791;24.954273223876953;24.958919525146484;9.711294174194336;0.2951775720170753;0.9962363243347657;0.800000011920929;0.800000011920929;0.800000011920929
lidar;17.0;44.0;24.95344352722168;24.963457107543945;9.706047058105469;0.29985225200653076;24.95418357849121;24.964038848876953;9.710721015930176;0.2950846425556484;0.9952681657372109;0.800000011920929;0.800000011920929;0.800000011920929
lidar;17.0;44.0;24.95336151123047;24.968664169311523;9.705535888671875;0.2997770607471466;24.94887351989746;24.96565055847168;9.677204132080078;0.3286200325795577;0.9958775043803779;0.800000011920929;0.800000011920929;0.800000011920929
lidar;17.0;44.0;24.953323364257812;24.973894119262695;9.705292701721191;0.2995211184024811;24.95111656188965;24.972660064697266;9.691359519958496;0.31368135680149045;0.9967284799094036;0.800000011920929;0.800000011920929;0.800000011920929
lidar;17.0;44.0;24.953285217285156;24.97911834716797;9.70505142211914;0.2993538975715637;24.960752487182617;24.98245620727539;9.752206802368164;0.25149441675502127;0.9972852466804496;0.800000011920929;0.800000011920929;0.800000011920929
lidar;17.0;44.0;24.953256607055664;24.98434066772461;9.704876899719238;0.2992117404937744;24.971826553344727;24.99056053161621;9.822114944458008;0.18034953002373283;0.9977589843311169;0.800000011920929;0.800000011920929;0.800000011920929
lidar;17.0;44.0;24.95323371887207;24.989561080932617;9.704729080200195;0.2991334795951843;24.955596923828125;24.990087509155273;9.719648361206055;0.28401954725306433;0.9980198742546524;0.800000011920929;0.800000011920929;0.800000011920929
lidar;17.0;44.0;24.953222274780273;24.994781494140625;9.704658508300781;0.2990688979625702;24.949731826782227;24.9943904876709;9.682615280151367;0.3213902264092908;0.9982355833646166;0.800000011920929;0.800000011920929;0.800000011920929
lidar;17.0;44.0;24.953214645385742;25.0;9.704607963562012;0.29907387495040894;24.934040069580078;25.0;9.58354377746582;0.42164730185862376;0.9982190728949937;0.800000011920929;0.800000011920929;0.800000011920929
lidar;17.0;44.0;24.953222274780273;25.005218505859375;9.704658508300781;0.2990689277648926;24.95703125;25.00479507446289;9.728702545166016;0.27472112526693093;0.9982355833646166;0.800000011920929;0.800000011920929;0.800000011920929
lidar;17.0;44.0;24.95323371887207;25.010438919067383;9.704729080200195;0.2991334795951843;24.953645706176758;25.010347366333008;9.707326889038086;0.296501485618547;0.9980198742546524;0.800000011920929;0.800000011920929;0.800000011920929
lidar;17.0;44.0;24.953256607055664;25.01565933227539;9.704876899719238;0.2992117404937744;24.96295738220215;25.012409210205078;9.76612377166748;0.23711630883248494;0.9977589843311169;0.800000011920929;0.800000011920929;0.800000011920929
lidar;17.0;44.0;24.953285217285156;25.02088165283203;9.70505142211914;0.2993538975715637;24.963991165161133;25.016096115112305;9.772645950317383;0.23075031148769762;0.9972852466804496;0.800000011920929;0.800000011920929;0.800000011920929
lidar;17.0;44.0;24.953323364257812;25.026105880737305;9.705292701721191;0.2995211184024811;24.959976196289062;25.022384643554688;9.747303009033203;0.25682417191125206;0.9967284799094036;0.800000011920929;0.800000011920929;0.800000011920929
lidar;17.0;44.0;24.95336151123047;25.031335830688477;9.705535888671875;0.2997770607471466;24.96375274658203;25.02435302734375;9.771145820617676;0.23298311041643843;0.9958775043803779;0.800000011920929;0.800000011920929;0.800000011920929
lidar;17.0;44.0;24.95344352722168;25.036542892456055;9.706047058105469;0.2998522222042084;24.941648483276367;25.045799255371094;9.631586074829102;0.3758073571027336;0.9952681657372109;0.800000011920929;0.800000011920929;0.800000011920929
lidar;17.0;44.0;24.953594207763672;25.041690826416016;9.707006454467773;0.2995607852935791;24.950708389282227;25.044282913208008;9.6887845993042;0.3181912980770194;0.9962363243347657;0.800000011920929;0.800000011920929;0.800000011920929
lidar;17.0;44.0;24.953750610351562;25.04682731628418;9.707987785339355;0.2993377447128296;24.95795440673828;25.042570114135742;9.734532356262207;0.272126696943335;0.996978759778691;0.800000011920929;0.800000011920929;0.800000011920929
lidar;17.0;44.0;24.953933715820312;25.051923751831055;9.709153175354004;0.2990153431892395;24.951923370361328;25.054189682006836;9.696459770202637;0.3120647502593742;0.9980536699741747;0.800000011920929;0.800000011920929;0.800000011920929
lidar;17.0;44.0;24.954118728637695;25.057010650634766;9.710315704345703;0.2987845540046692;24.963003158569336;25.045970916748047;9.7664155960083;0.2409220354949662;0.9988245368851797;0.800000011920929;0.800000011920929;0.800000011920929
lidar;17.0;44.0;24.954301834106445;25.062091827392578;9.711477279663086;0.2986449897289276;24.955127716064453;25.060970306396484;9.716691017150879;0.29324851724472006;0.999291121923787;0.800000011920929;0.800000011920929;0.800000011920929
lidar;17.0;44.0;24.954486846923828;25.067169189453125;9.712638854980469;0.29859644174575806;24.96217918395996;25.055816650390625;9.761209487915039;0.2481263034795726;0.9994533657860517;0.800000011920929;0.800000011920929;0.800000011920929
lidar;17.0;44.0;24.95469093322754;25.072214126586914;9.713933944702148;0.2984989583492279;24.967573165893555;25.051681518554688;9.795265197753906;0.21363214808797534;0.9997797012443843;0.800000011920929;0.800000011920929;0.800000011920929
lidar;17.0;44.0;24.95490074157715;25.077247619628906;9.715256690979004;0.2984623908996582;24.94948387145996;25.08652687072754;9.681055068969727;0.33431189695625346;0.9999021291698919;0.800000011920929;0.800000011920929;0.800000011920929
lidar;17.0;44.0;24.955110549926758;25.08228302001953;9.716580390930176;0.29851675033569336;24.949970245361328;25.091703414916992;9.684130668640137;0.33269463576048164;0.9997200369802834;0.800000011920929;0.800000011920929;0.800000011920929
lidar;17.0;44.0;24.955320358276367;25.08732032775879;9.717904090881348;0.2986621558666229;24.952430725097656;25.092967987060547;9.699658393859863;0.3179796076332919;0.9992333650814155;0.800000011920929;0.800000011920929;0.800000011920929
lidar;17.0;44.0;24.955530166625977;25.092365264892578;9.719230651855469;0.29889872670173645;24.955595016479492;25.09222984313965;9.719637870788574;0.29846479545772525;0.9984422922739834;0.800000011920929;0.800000011920929;0.800000011920929
lidar;17.0;44.0;24.95574188232422;25.09741973876953;9.720559120178223;0.29922690987586975;24.950918197631836;25.108034133911133;9.690112113952637;0.3318289766761641;0.997347116689293;0.800000011920929;0.800000011920929;0.800000011920929
lidar;17.0;44.0;24.955951690673828;25.10248565673828;9.721890449523926;0.29964718222618103;24.94346809387207;25.131528854370117;9.643075942993164;0.38456540541564194;0.9959481952306017;0.800000011920929;0.800000011920929;0.800000011920929
lidar;17.0;44.0;24.95621109008789;25.107450485229492;9.723526000976562;0.2998351752758026;24.942047119140625;25.142208099365234;9.63409423828125;0.3968239483729154;0.9946589466488315;0.800000011920929;0.800000011920929;0.800000011920929
lidar;17.0;44.0;24.95658302307129;25.11213493347168;9.725874900817871;0.29933878779411316;24.95909309387207;25.105649948120117;9.74172592163086;0.28202945505303756;0.996308445916735;0.800000011920929;0.800000011920929;0.800000011920929
lidar;17.0;44.0;24.956953048706055;25.116804122924805;9.728217124938965;0.29893502593040466;24.956098556518555;25.119123458862305;9.722816467285156;0.30487452253364183;0.9976544976585098;0.800000011920929;0.800000011920929;0.800000011920929
lidar;17.0;44.0;24.95732307434082;25.121461868286133;9.730552673339844;0.2986232042312622;24.954294204711914;25.130084991455078;9.711421966552734;0.3198256451628538;0.9986965655486907;0.800000011920929;0.800000011920929;0.800000011920929
lidar;17.0;44.0;24.957693099975586;25.126110076904297;9.732885360717773;0.2984027862548828;24.946767807006836;25.15867805480957;9.663902282714844;0.3754657911849899;0.9994344710703952;0.800000011920929;0.800000011920929;0.800000011920929
lidar;17.0;44.0;24.95806121826172;25.130754470825195;9.735214233398438;0.2982735335826874;24.95729637145996;25.13314437866211;9.730376243591309;0.30372323158088566;0.9998679161198909;0.800000011920929;0.800000011920929;0.800000011920929
lidar;17.0;44.0;24.958431243896484;25.13539695739746;9.737542152404785;0.2982351779937744;24.953603744506836;25.151119232177734;9.707064628601074;0.33286676164947604;0.9999967813493997;0.800000011920929;0.800000011920929;0.800000011920929
lidar;17.0;44.0;24.958799362182617;25.140037536621094;9.739870071411133;0.29828765988349915;24.959758758544922;25.13677406311035;9.745930671691895;0.2913375169032486;0.9998210668426264;0.800000011920929;0.800000011920929;0.800000011920929
lidar;17.0;44.0;24.959169387817383;25.144681930541992;9.742199897766113;0.2984310984611511;24.96092987060547;25.138439178466797;9.753323554992676;0.2855540584193803;0.999340772599637;0.800000011920929;0.800000011920929;0.800000011920929
lidar;17.0;44.0;24.959537506103516;25.14933204650879;9.744532585144043;0.29866576194763184;24.951414108276367;25.179311752319336;9.693246841430664;0.35862288415032106;0.9985560774150114;0.800000011920929;0.800000011920929;0.800000011920929
lidar;17.0;44.0;24.95990753173828;25.15399169921875;9.746869087219238;0.2989918887615204;24.96771240234375;25.1240177154541;9.796140670776367;0.240793452036587;0.9974672792770422;0.800000011920929;0.800000011920929;0.800000011920929
lidar;17.0;44.0;24.96027946472168;25.158662796020508;9.749212265014648;0.299409955739975;24.976865768432617;25.092411041259766;9.853931427001953;0.17438827491270778;0.9960746168494861;0.800000011920929;0.800000011920929;0.800000011920929
lidar;17.0;44.0;24.96070671081543;25.163122177124023;9.751907348632812;0.2995041608810425;24.961658477783203;25.159170150756836;9.757918357849121;0.29224753017438904;0.9948940280239393;0.800000011920929;0.800000011920929;0.800000011920929
lidar;17.0;44.0;24.961206436157227;25.167272567749023;9.755062103271484;0.29913070797920227;24.95869255065918;25.178110122680664;9.739192962646484;0.3185120188367349;0.9961360691718683;0.800000011920929;0.800000011920929;0.800000011920929
lidar;17.0;44.0;24.96170425415039;25.17141342163086;9.758211135864258;0.29884907603263855;24.953487396240234;25.20819091796875;9.706332206726074;0.362971234307347;0.9970747233127447;0.800000011920929;0.800000011920929;0.800000011920929
lidar;17.0;44.0;24.962202072143555;25.175546646118164;9.761354446411133;0.29865890741348267;24.957277297973633;25.198421478271484;9.730257987976074;0.3375751278161877;0.99770969138691;0.800000011920929;0.800000011920929;0.800000011920929
lidar;17.0;44.0;24.96269989013672;25.179677963256836;9.764494895935059;0.2985597848892212;24.962261199951172;25.181787490844727;9.76172924041748;0.3020659642618992;0.9980406163989579;0.800000011920929;0.800000011920929;0.800000011920929
lidar;17.0;44.0;24.963197708129883;25.183807373046875;9.767634391784668;0.29855167865753174;24.973283767700195;25.133434295654297;9.831315994262695;0.21673187600528304;0.9980676770578496;0.800000011920929;0.800000011920929;0.800000011920929
lidar;17.0;44.0;24.96371078491211;25.18785285949707;9.770875930786133;0.29850247502326965;24.958511352539062;25.214767456054688;9.738049507141113;0.3412686169045472;0.9982320665350569;0.800000011920929;0.800000011920929;0.800000011920929
lidar;17.0;44.0;24.9642276763916;25.19188117980957;9.774140357971191;0.29851460456848145;24.966657638549805;25.178844451904297;9.789485931396484;0.27823233968303956;0.9981912375223038;0.800000011920929;0.800000011920929;0.800000011920929
lidar;17.0;44.0;24.964744567871094;25.195911407470703;9.77740478515625;0.29861775040626526;24.957630157470703;25.235445022583008;9.7324857711792;0.3588788689105925;0.9978462455752681;0.800000011920929;0.800000011920929;0.800000011920929
lidar;17.0;44.0;24.965261459350586;25.19994354248047;9.780673027038574;0.29881200194358826;24.96200180053711;25.21871566772461;9.760083198547363;0.3268640819998255;0.9971974493718111;0.800000011920929;0.800000011920929;0.800000011920929
lidar;17.0;44.0;24.96578025817871;25.2039852142334;9.783946990966797;0.2990976870059967;24.95893669128418;25.244779586791992;9.740737915039062;0.3589158016649686;0.9962447880364221;0.800000011920929;0.800000011920929;0.800000011920929
lidar;17.0;44.0;24.96630096435547;25.208032608032227;9.787227630615234;0.29947519302368164;24.970970153808594;25.179208755493164;9.816707611083984;0.25798216460696377;0.9949887391512412;0.800000011920929;0.800000011920929;0.800000011920929
lidar;17.0;44.0;24.96691131591797;25.211515426635742;9.791088104248047;0.29912853240966797;24.967254638671875;25.209320068359375;9.793257713317871;0.29602255591569304;0.995203673995483;0.800000011920929;0.800000011920929;0.800000011920929
lidar;17.0;44.0;24.9632568359375;24.788406372070312;9.791621208190918;0.2992381155490875;24.955730438232422;24.745065689086914;9.748939514160156;0.36053074578278016;0.9948390724004341;0.800000011920929;0.800000011920929;0.800000011920929
lidar;17.0;44.0;24.962560653686523;24.791793823242188;9.78767204284668;0.29972416162490845;24.958703994750977;24.770341873168945;9.765795707702637;0.3306046501047115;0.9941621424714533;0.800000011920929;0.800000011920929;0.800000011920929
lidar;17.0;44.0;24.96198272705078;24.79584312438965;9.784395217895508;0.2993501126766205;24.96596336364746;24.817214965820312;9.806965827941895;0.26801302074617195;0.9954043626849005;0.800000011920929;0.800000011920929;0.800000011920929
lidar;17.0;44.0;24.961406707763672;24.799884796142578;9.781126022338867;0.29906806349754333;24.959701538085938;24.79104232788086;9.771453857421875;0.3122832023120492;0.996343493167865;0.800000011920929;0.800000011920929;0.800000011920929
lidar;17.0;44.0;24.960834503173828;24.803932189941406;9.777875900268555;0.298857182264328;24.964553833007812;24.822559356689453;9.798978805541992;0.2704644342169082;0.9970470068869504;0.800000011920929;0.800000011920929;0.800000011920929
lidar;17.0;44.0;24.960281372070312;24.80807113647461;9.77474308013916;0.29858899116516113;24.95264434814453;24.77117156982422;9.731437683105469;0.355992113022809;0.9979425670665865;0.800000011920929;0.800000011920929;0.800000011920929
lidar;17.0;44.0;24.959728240966797;24.81220245361328;9.771613121032715;0.29841214418411255;24.959308624267578;24.81024169921875;9.769227981567383;0.30152919356009256;0.9985342025923721;0.800000011920929;0.800000011920929;0.800000011920929
lidar;17.0;44.0;24.959177017211914;24.81633186340332;9.768486976623535;0.298326313495636;24.96047592163086;24.822172164916992;9.775848388671875;0.28884070588112526;0.998821616117318;0.800000011920929;0.800000011920929;0.800000011920929
lidar;17.0;44.0;24.958627700805664;24.820459365844727;9.765361785888672;0.2983313798904419;24.95838165283203;24.819398880004883;9.7639741897583;0.30009474348993687;0.9988047480881423;0.800000011920929;0.800000011920929;0.800000011920929
lidar;17.0;44.0;24.95807647705078;24.824588775634766;9.762234687805176;0.29842737317085266;24.970170974731445;24.875194549560547;9.830830574035645;0.21233030903149014;0.9984836578419467;0.800000011920929;0.800000011920929;0.800000011920929
lidar;17.0;44.0;24.957523345947266;24.82872200012207;9.759105682373047;0.29861438274383545;24.95316505432129;24.811141967773438;9.734381675720215;0.32926261881676894;0.9978584645538473;0.800000011920929;0.800000011920929;0.800000011920929
lidar;17.0;44.0;24.95697021484375;24.832860946655273;9.75597095489502;0.29889270663261414;24.967830657958984;24.875043869018555;9.817560195922852;0.22345646263217972;0.996929288029881;0.800000011920929;0.800000011920929;0.800000011920929
lidar;17.0;44.0;24.956417083740234;24.83700942993164;9.752830505371094;0.29926273226737976;24.954797744750977;24.830955505371094;9.743648529052734;0.3103792073883886;0.9956964257638258;0.800000011920929;0.800000011920929;0.800000011920929
lidar;17.0;44.0;24.955902099609375;24.8413143157959;9.749906539916992;0.29945412278175354;24.948251724243164;24.81378746032715;9.706525802612305;0.35139667288603305;0.9959275128525177;0.800000011920929;0.800000011920929;0.800000011920929
lidar;17.0;44.0;24.955490112304688;24.845985412597656;9.747570037841797;0.29903629422187805;24.951719284057617;24.832935333251953;9.726181983947754;0.32437343821550657;0.9973186255995846;0.800000011920929;0.800000011920929;0.800000011920929
lidar;17.0;44.0;24.955078125;24.850645065307617;9.7452392578125;0.29871052503585815;24.964094161987305;24.880617141723633;9.796365737915039;0.23876371266329444;0.9984059333251551;0.800000011920929;0.800000011920929;0.800000011920929
lidar;17.0;44.0;24.954668045043945;24.855295181274414;9.742913246154785;0.29847630858421326;24.95446014404297;24.854629516601562;9.741729736328125;0.29984926280806223;0.9991891384071605;0.800000011920929;0.800000011920929;0.800000011920929
lidar;17.0;44.0;24.95425796508789;24.859941482543945;9.740589141845703;0.29833313822746277;24.958431243896484;24.872718811035156;9.76425552368164;0.2711156487269635;0.9996680021329075;0.800000011920929;0.800000011920929;0.800000011920929
lidar;17.0;44.0;24.95384979248047;24.86458396911621;9.738266944885254;0.2982810139656067;24.95514678955078;24.868389129638672;9.745622634887695;0.28989904839652575;0.9998422860962265;0.800000011920929;0.800000011920929;0.800000011920929
lidar;17.0;44.0;24.953439712524414;24.869224548339844;9.735945701599121;0.29831981658935547;24.953392028808594;24.869091033935547;9.735673904418945;0.2986271129154646;0.9997121095564419;0.800000011920929;0.800000011920929;0.800000011920929
lidar;17.0;44.0;24.95302963256836;24.873868942260742;9.733622550964355;0.2984496057033539;24.948701858520508;24.862247467041016;9.709077835083008;0.32594957955125636;0.9992773533440015;0.800000011920929;0.800000011920929;0.800000011920929
lidar;17.0;44.0;24.952619552612305;24.87851905822754;9.73129653930664;0.2986705005168915;24.961158752441406;24.900415420532227;9.779726028442383;0.24483914485372638;0.9985381365548531;0.800000011920929;0.800000011920929;0.800000011920929
lidar;17.0;44.0;24.95220947265625;24.8831787109375;9.728965759277344;0.29898279905319214;24.96138572692871;24.905607223510742;9.781002044677734;0.24158076081646934;0.9974949360787886;0.800000011920929;0.800000011920929;0.800000011920929
lidar;17.0;44.0;24.95182228088379;24.887903213500977;9.726767539978027;0.29923686385154724;24.95914649963379;24.904945373535156;9.768306732177734;0.2537442983380958;0.9966478942673883;0.800000011920929;0.800000011920929;0.800000011920929
lidar;17.0;44.0;24.951440811157227;24.892658233642578;9.72461223602295;0.2995310425758362;24.960275650024414;24.91218376159668;9.77470874786377;0.2450424841674735;0.9956689479285749;0.800000011920929;0.800000011920929;0.800000011920929
lidar;17.0;44.0;24.951086044311523;24.897476196289062;9.722599983215332;0.29975733160972595;24.9534854888916;24.90250587463379;9.736207008361816;0.28505321037972897;0.9955822231758514;0.800000011920929;0.800000011920929;0.800000011920929
lidar;17.0;44.0;24.950851440429688;24.902545928955078;9.721270561218262;0.2993374168872833;24.957735061645508;24.91619300842285;9.760303497314453;0.2574188952886268;0.9969788193866916;0.800000011920929;0.800000011920929;0.800000011920929
lidar;17.0;44.0;24.950618743896484;24.90760040283203;9.719944953918457;0.2990095913410187;24.940595626831055;24.88884735107422;9.663105964660645;0.35969635103329056;0.9980718492350823;0.800000011920929;0.800000011920929;0.800000011920929
lidar;17.0;44.0;24.95038604736328;24.912647247314453;9.718622207641602;0.2987734377384186;24.96244239807129;24.933876037597656;9.787003517150879;0.22616500215433405;0.9988608360598158;0.800000011920929;0.800000011920929;0.800000011920929
lidar;17.0;44.0;24.950153350830078;24.917686462402344;9.717301368713379;0.29862847924232483;24.958415985107422;24.931331634521484;9.764162063598633;0.24912731489331807;0.9993456006316939;0.800000011920929;0.800000011920929;0.800000011920929
lidar;17.0;44.0;24.949920654296875;24.9227237701416;9.715980529785156;0.2985747158527374;24.949073791503906;24.921417236328125;9.711179733276367;0.3036218847321263;0.999525964232883;0.800000011920929;0.800000011920929;0.800000011920929
lidar;17.0;44.0;24.949703216552734;24.92778205871582;9.714753150939941;0.298514723777771;24.93682289123535;24.90928840637207;9.641700744628906;0.3749649381629757;0.999727010718747;0.800000011920929;0.800000011920929;0.800000011920929
lidar;17.0;44.0;24.949499130249023;24.932859420776367;9.71359634399414;0.2984716594219208;24.94955825805664;24.932937622070312;9.713932991027832;0.29812048119624796;0.9998709559410739;0.800000011920929;0.800000011920929;0.800000011920929
lidar;17.0;44.0;24.949295043945312;24.93793487548828;9.71243953704834;0.2985196113586426;24.965932846069336;24.95829963684082;9.806792259216309;0.2005714501513423;0.9997103810187736;0.800000011920929;0.800000011920929;0.800000011920929
lidar;17.0;44.0;24.9490909576416;24.943012237548828;9.711282730102539;0.2986586093902588;24.946298599243164;24.93988609313965;9.695442199707031;0.31504441024471974;0.9992452263749169;0.800000011920929;0.800000011920929;0.800000011920929
lidar;17.0;44.0;24.94888687133789;24.94809913635254;9.710124015808105;0.2988888919353485;24.950054168701172;24.94928550720215;9.71674919128418;0.29205733401086037;0.9984757304576466;0.800000011920929;0.800000011920929;0.800000011920929
lidar;17.0;44.0;24.948713302612305;24.953222274780273;9.70914077758789;0.2990280091762543;24.941701889038086;24.94682502746582;9.669373512268066;0.3399117025365289;0.9980114100923013;0.800000011920929;0.800000011920929;0.800000011920929
lidar;17.0;44.0;24.948545455932617;24.958354949951172;9.708187103271484;0.29922640323638916;24.930522918701172;24.943769454956055;9.605981826782227;0.4040283971507222;0.9973496797374783;0.800000011920929;0.800000011920929;0.800000011920929
lidar;17.0;44.0;24.94837760925293;24.963497161865234;9.707232475280762;0.29951635003089905;24.927082061767578;24.948440551757812;9.586466789245605;0.4230665360808371;0.996384143940178;0.800000011920929;0.800000011920929;0.800000011920929
lidar;17.0;44.0;24.94823455810547;24.96866798400879;9.706428527832031;0.299742728471756;24.95172882080078;24.970783233642578;9.726244926452637;0.27950974596842887;0.9956313966726841;0.800000011920929;0.800000011920929;0.800000011920929
lidar;17.0;44.0;24.948116302490234;24.973859786987305;9.705748558044434;0.2999321520328522;24.93147087097168;24.965473175048828;9.61135196685791;0.39615089538185605;0.995362341382773;0.800000011920929;0.800000011920929;0.800000011920929
lidar;17.0;44.0;24.948074340820312;24.979089736938477;9.70551872253418;0.2997542917728424;24.939895629882812;24.97579574584961;9.659130096435547;0.34697394229180667;0.9959527253244388;0.800000011920929;0.800000011920929;0.800000011920929
lidar;17.0;44.0;24.948049545288086;24.98432159423828;9.705370903015137;0.2995847463607788;24.955013275146484;24.98642349243164;9.744872093200684;0.259419230269302;0.996516346992393;0.800000011920929;0.800000011920929;0.800000011920929
lidar;17.0;44.0;24.948022842407227;24.989547729492188;9.705223083496094;0.2995065748691559;24.9321231842041;24.986351013183594;9.615055084228516;0.3911211285720816;0.9967764614988003;0.800000011920929;0.800000011920929;0.800000011920929
lidar;17.0;44.0;24.948013305664062;24.994773864746094;9.705171585083008;0.29942256212234497;24.935089111328125;24.99347496032715;9.631872177124023;0.3738636228545682;0.9970562457227886;0.800000011920929;0.800000011920929;0.800000011920929
lidar;17.0;44.0;24.94800567626953;25.0;9.705121040344238;0.2994275987148285;24.945327758789062;25.0;9.68994140625;0.3148417632196785;0.997039616296195;0.800000011920929;0.800000011920929;0.800000011920929
lidar;17.0;44.0;24.948013305664062;25.005226135253906;9.705171585083008;0.29942256212234497;24.942060470581055;25.005823135375977;9.67141342163086;0.3337066970187291;0.9970562457227886;0.800000011920929;0.800000011920929;0.800000011920929
lidar;17.0;44.0;24.948022842407227;25.010452270507812;9.705223083496094;0.29950660467147827;24.944887161254883;25.011083602905273;9.687437057495117;0.31757784641343834;0.9967764614988003;0.800000011920929;0.800000011920929;0.800000011920929
lidar;17.0;44.0;24.948049545288086;25.01567840576172;9.705370903015137;0.2995847463607788;24.94331169128418;25.017108917236328;9.678505897521973;0.3269012541825191;0.996516346992393;0.800000011920929;0.800000011920929;0.800000011920929
lidar;17.0;44.0;24.948074340820312;25.020910263061523;9.70551872253418;0.2997542917728424;24.961050033569336;25.01568603515625;9.779102325439453;0.22485334901459056;0.9959527253244388;0.800000011920929;0.800000011920929;0.800000011920929
lidar;17.0;44.0;24.948116302490234;25.026140213012695;9.705748558044434;0.29993218183517456;24.952896118164062;25.023733139038086;9.732860565185547;0.2722964700084513;0.995362341382773;0.800000011920929;0.800000011920929;0.800000011920929
lidar;17.0;44.0;24.94823455810547;25.03133201599121;9.706428527832031;0.2997426986694336;24.944068908691406;25.03385353088379;9.682798385620117;0.3238693240668165;0.9956313966726841;0.800000011920929;0.800000011920929;0.800000011920929
lidar;17.0;44.0;24.94837760925293;25.036502838134766;9.707232475280762;0.29951635003089905;24.958425521850586;25.02939796447754;9.764216423034668;0.2412186942584883;0.996384143940178;0.800000011920929;0.800000011920929;0.800000011920929
lidar;17.0;44.0;24.948545455932617;25.041645050048828;9.708187103271484;0.2992263734340668;24.953264236450195;25.037826538085938;9.734945297241211;0.27178865866482516;0.9973496797374783;0.800000011920929;0.800000011920929;0.800000011920929
lidar;17.0;44.0;24.948713302612305;25.046777725219727;9.70914077758789;0.2990279495716095;24.93937110900879;25.055299758911133;9.65616226196289;0.35349446073024837;0.9980114100923013;0.800000011920929;0.800000011920929;0.800000011920929
lidar;17.0;44.0;24.94888687133789;25.05190086364746;9.710124015808105;0.2988888621330261;24.95734214782715;25.043315887451172;9.758072853088379;0.24944906941088946;0.9984757304576466;0.800000011920929;0.800000011920929;0.800000011920929
lidar;17.0;44.0;24.9490909576416;25.056987762451172;9.711282730102539;0.29865866899490356;24.95803451538086;25.04697608947754;9.762004852294922;0.246190004541864;0.9992452263749169;0.800000011920929;0.800000011920929;0.800000011920929
lidar;17.0;44.0;24.949295043945312;25.06206512451172;9.71243953704834;0.29851973056793213;24.947542190551758;25.064210891723633;9.702499389648438;0.3088391004146158;0.9997103810187736;0.800000011920929;0.800000011920929;0.800000011920929
lidar;17.0;44.0;24.949499130249023;25.067140579223633;9.71359634399414;0.29847171902656555;24.941829681396484;25.07733726501465;9.6701021194458;0.34379813178111085;0.9998709559410739;0.800000011920929;0.800000011920929;0.800000011920929
lidar;17.0;44.0;24.949703216552734;25.07221794128418;9.714753150939941;0.2985147535800934;24.94194793701172;25.083354949951172;9.670763969421387;0.3445494569542339;0.999727010718747;0.800000011920929;0.800000011920929;0.800000011920929
lidar;17.0;44.0;24.949920654296875;25.0772762298584;9.715980529785156;0.2985747456550598;24.944494247436523;25.085649490356445;9.685210227966309;0.3309217865036166;0.999525964232883;0.800000011920929;0.800000011920929;0.800000011920929
lidar;17.0;44.0;24.950153350830078;25.082313537597656;9.717300415039062;0.298628568649292;24.960735321044922;25.064838409423828;9.777318954467773;0.2352288507638607;0.9993456006316939;0.800000011920929;0.800000011920929;0.800000011920929
lidar;17.0;44.0;24.95038604736328;25.087352752685547;9.718622207641602;0.29877346754074097;24.958189010620117;25.0736141204834;9.762879371643066;0.25178036729415965;0.9988608956100742;0.800000011920929;0.800000011920929;0.800000011920929
lidar;17.0;44.0;24.950618743896484;25.09239959716797;9.719944953918457;0.29900962114334106;24.9350528717041;25.121524810791016;9.631667137145996;0.3932622751488598;0.9980718492350823;0.800000011920929;0.800000011920929;0.800000011920929
lidar;17.0;44.0;24.950851440429688;25.097454071044922;9.721270561218262;0.2993374466896057;24.947874069213867;25.10335922241211;9.704381942749023;0.31747483810914195;0.9969788193866916;0.800000011920929;0.800000011920929;0.800000011920929
lidar;17.0;44.0;24.951086044311523;25.102523803710938;9.722599983215332;0.29975736141204834;24.93634605407715;25.133420944213867;9.638997077941895;0.3900981342719767;0.9955822231758514;0.800000011920929;0.800000011920929;0.800000011920929
lidar;17.0;44.0;24.951440811157227;25.107341766357422;9.72461223602295;0.2995310425758362;24.951261520385742;25.10774040222168;9.723590850830078;0.3006412417979564;0.9956689479285749;0.800000011920929;0.800000011920929;0.800000011920929
lidar;17.0;44.0;24.95182228088379;25.112096786499023;9.726767539978027;0.29923689365386963;24.955432891845703;25.10369300842285;9.7472505569458;0.2768041157480069;0.9966478942673883;0.800000011920929;0.800000011920929;0.800000011920929
lidar;17.0;44.0;24.95220947265625;25.1168212890625;9.728965759277344;0.29898279905319214;24.938695907592773;25.149858474731445;9.652320861816406;0.38353150164962624;0.9974948765230811;0.800000011920929;0.800000011920929;0.800000011920929
lidar;17.0;44.0;24.952619552612305;25.12148094177246;9.73129653930664;0.29867056012153625;24.94717025756836;25.135456085205078;9.700384140014648;0.33302976340799356;0.9985381365548531;0.800000011920929;0.800000011920929;0.800000011920929
lidar;17.0;44.0;24.95302963256836;25.126131057739258;9.733622550964355;0.29844969511032104;24.965892791748047;25.09159278869629;9.806565284729004;0.21672464160831445;0.9992773533440015;0.800000011920929;0.800000011920929;0.800000011920929
lidar;17.0;44.0;24.953439712524414;25.130775451660156;9.735945701599121;0.2983199656009674;24.95431137084961;25.128328323364258;9.740886688232422;0.29273704477752605;0.99971204997924;0.800000011920929;0.800000011920929;0.800000011920929
lidar;17.0;44.0;24.95384979248047;25.13541603088379;9.738266944885254;0.2982812225818634;24.961742401123047;25.112258911132812;9.783027648925781;0.2472700628976795;0.9998422860962265;0.800000011920929;0.800000011920929;0.800000011920929
lidar;17.0;44.0;24.95425796508789;25.140058517456055;9.740589141845703;0.2983333468437195;24.95575714111328;25.13547134399414;9.749085426330566;0.288562566534251;0.9996680021329075;0.800000011920929;0.800000011920929;0.800000011920929
lidar;17.0;44.0;24.954668045043945;25.144704818725586;9.742912292480469;0.2984763979911804;24.94304847717285;25.18179702758789;9.67701244354248;0.37498579298232115;0.9991891384071605;0.800000011920929;0.800000011920929;0.800000011920929
lidar;17.0;44.0;24.955078125;25.149354934692383;9.7452392578125;0.2987106144428253;24.963035583496094;25.122900009155273;9.790364265441895;0.24580044895158848;0.9984059930382381;0.800000011920929;0.800000011920929;0.800000011920929
lidar;17.0;44.0;24.955490112304688;25.154014587402344;9.747570037841797;0.29903632402420044;24.955615997314453;25.153575897216797;9.74828815460205;0.2981852790652993;0.9973186850310745;0.800000011920929;0.800000011920929;0.800000011920929
lidar;17.0;44.0;24.955902099609375;25.1586856842041;9.749906539916992;0.2994541525840759;24.954179763793945;25.164884567260742;9.740138053894043;0.3111505819857857;0.9959275719642191;0.800000011920929;0.800000011920929;0.800000011920929
lidar;17.0;44.0;24.956417083740234;25.16299057006836;9.752830505371094;0.29926276206970215;24.952051162719727;25.179317474365234;9.728071212768555;0.32923940994828005;0.9956963656917317;0.800000011920929;0.800000011920929;0.800000011920929
lidar;17.0;44.0;24.95697021484375;25.167139053344727;9.75597095489502;0.298892617225647;24.954402923583984;25.17711639404297;9.741403579711914;0.31673602246024457;0.9969292285194256;0.800000011920929;0.800000011920929;0.800000011920929
lidar;17.0;44.0;24.957523345947266;25.17127799987793;9.759105682373047;0.2986142635345459;24.971660614013672;25.114269256591797;9.839284896850586;0.19922369271705456;0.9978584050975374;0.800000011920929;0.800000011920929;0.800000011920929
lidar;17.0;44.0;24.95807647705078;25.175411224365234;9.762235641479492;0.2984272837638855;24.96314811706543;25.154186248779297;9.791006088256836;0.26231608757874836;0.9984836578419467;0.800000011920929;0.800000011920929;0.800000011920929
lidar;17.0;44.0;24.958627700805664;25.179540634155273;9.765361785888672;0.2983313202857971;24.952245712280273;25.207231521606445;9.729171752929688;0.34434526380392055;0.9988047480881423;0.800000011920929;0.800000011920929;0.800000011920929
lidar;17.0;44.0;24.959177017211914;25.18366813659668;9.768486976623535;0.2983262538909912;24.95840835571289;25.1871280670166;9.764126777648926;0.30394504218258167;0.998821616117318;0.800000011920929;0.800000011920929;0.800000011920929
lidar;17.0;44.0;24.959728240966797;25.18779754638672;9.771613121032715;0.29841214418411255;24.956438064575195;25.203144073486328;9.752949714660645;0.322798347647454;0.9985342622739343;0.800000011920929;0.800000011920929;0.800000011920929
lidar;17.0;44.0;24.960281372070312;25.19192886352539;9.77474308013916;0.29858899116516113;24.940750122070312;25.28630256652832;9.663982391357422;0.4454066076562529;0.9979426262994902;0.800000011920929;0.800000011920929;0.800000011920929
lidar;17.0;44.0;24.960834503173828;25.196067810058594;9.777875900268555;0.298857182264328;24.968347549438477;25.158456802368164;9.820486068725586;0.24152742683693976;0.9970470669631666;0.800000011920929;0.800000011920929;0.800000011920929
lidar;17.0;44.0;24.961406707763672;25.200115203857422;9.781126022338867;0.29906806349754333;24.964067459106445;25.186321258544922;9.796213150024414;0.2784521871514908;0.9963436720397008;0.800000011920929;0.800000011920929;0.800000011920929
lidar;17.0;44.0;24.96198272705078;25.20415687561035;9.784395217895508;0.29935014247894287;24.95951271057129;25.217424392700195;9.770384788513184;0.3188033017000735;0.9954044818343697;0.800000011920929;0.800000011920929;0.800000011920929
lidar;17.0;44.0;24.962560653686523;25.208206176757812;9.78767204284668;0.29972416162490845;24.96601104736328;25.18902015686035;9.80723762512207;0.27210541385470743;0.9941622614466977;0.800000011920929;0.800000011920929;0.800000011920929
lidar;17.0;44.0;24.9632568359375;25.211593627929688;9.791621208190918;0.2992381751537323;24.9619140625;25.219327926635742;9.784004211425781;0.31017611621658875;0.9948393105300932;0.800000011920929;0.800000011920929;0.800000011920929
lidar;17.0;44.0;24.959606170654297;24.788299560546875;9.792189598083496;0.2993890047073364;24.96190071105957;24.800329208374023;9.803998947143555;0.2823759023089375;0.99433767789987;0.800000011920929;0.800000011920929;0.800000011920929
lidar;17.0;44.0;24.958831787109375;24.791645050048828;9.788206100463867;0.2999385893344879;24.970327377319336;24.849828720092773;9.847350120544434;0.21617963921664823;0.992515742734536;0.800000011920929;0.800000011920929;0.800000011920929
lidar;17.0;44.0;24.95820426940918;24.795734405517578;9.7849760055542;0.29951152205467224;24.948619842529297;24.748897552490234;9.735673904418945;0.36818478241473573;0.9948683973713334;0.800000011920929;0.800000011920929;0.800000011920929
lidar;17.0;44.0;24.95759391784668;24.79989242553711;9.781840324401855;0.2990573048591614;24.949316024780273;24.76082992553711;9.73925495147705;0.3574345777729759;0.9963794948132878;0.800000011920929;0.800000011920929;0.800000011920929
lidar;17.0;44.0;24.956987380981445;24.804039001464844;9.77871322631836;0.2986953556537628;24.95668601989746;24.80266761779785;9.777165412902832;0.3007845448571004;0.9975870250043067;0.800000011920929;0.800000011920929;0.800000011920929
lidar;17.0;44.0;24.95638084411621;24.808176040649414;9.775593757629395;0.2984250783920288;24.961772918701172;24.83189582824707;9.803342819213867;0.2615229222233407;0.9984906912735625;0.800000011920929;0.800000011920929;0.800000011920929
lidar;17.0;44.0;24.955774307250977;24.812307357788086;9.772478103637695;0.29824602603912354;24.956544876098633;24.815574645996094;9.77643871307373;0.29305395506070864;0.9990902542931883;0.800000011920929;0.800000011920929;0.800000011920929
lidar;17.0;44.0;24.955169677734375;24.816434860229492;9.769365310668945;0.2981579303741455;24.960111618041992;24.83667755126953;9.79479694366455;0.26528094139854114;0.9993854760509725;0.800000011920929;0.800000011920929;0.800000011920929
lidar;17.0;44.0;24.95456314086914;24.8205623626709;9.766253471374512;0.29816073179244995;24.952346801757812;24.811805725097656;9.754846572875977;0.3127110942144499;0.9993762373805362;0.800000011920929;0.800000011920929;0.800000011920929
lidar;17.0;44.0;24.95395851135254;24.824689865112305;9.763140678405762;0.2982544004917145;24.962604522705078;24.857608795166016;9.807616233825684;0.24225036489795404;0.9990625381394189;0.800000011920929;0.800000011920929;0.800000011920929
lidar;17.0;44.0;24.953353881835938;24.82882308959961;9.760024070739746;0.29843902587890625;24.96318244934082;24.864891052246094;9.810589790344238;0.23555436266860147;0.9984445572177415;0.800000011920929;0.800000011920929;0.800000011920929
lidar;17.0;44.0;24.952747344970703;24.83296012878418;9.756903648376465;0.29871490597724915;24.95477294921875;24.840124130249023;9.767330169677734;0.2859035681611057;0.9975224732088918;0.800000011920929;0.800000011920929;0.800000011920929
lidar;17.0;44.0;24.952138900756836;24.837108612060547;9.753776550292969;0.2990824282169342;24.942737579345703;24.805112838745117;9.705414772033691;0.35782660945900047;0.9962965846309959;0.800000011920929;0.800000011920929;0.800000011920929
lidar;17.0;44.0;24.951528549194336;24.841266632080078;9.750640869140625;0.29954224824905396;24.96234893798828;24.87670135498047;9.806305885314941;0.2326752050378173;0.9947670694399726;0.800000011920929;0.800000011920929;0.800000011920929
lidar;17.0;44.0;24.951072692871094;24.84592628479004;9.748289108276367;0.29915061593055725;24.939563751220703;24.8096866607666;9.68908405303955;0.3695140355949706;0.9969372747033801;0.800000011920929;0.800000011920929;0.800000011920929
lidar;17.0;44.0;24.950620651245117;24.850587844848633;9.745964050292969;0.29882580041885376;24.95897674560547;24.875873565673828;9.788958549499512;0.24825123273667038;0.9980206488356208;0.800000011920929;0.800000011920929;0.800000011920929
lidar;17.0;44.0;24.95016860961914;24.855239868164062;9.743642807006836;0.29859256744384766;24.94496726989746;24.840126037597656;9.716878890991211;0.3297659807288831;0.9988000392870423;0.800000011920929;0.800000011920929;0.800000011920929
lidar;17.0;44.0;24.949718475341797;24.859886169433594;9.741325378417969;0.29845044016838074;24.94081687927246;24.835079193115234;9.695526123046875;0.35129194940199804;0.999275207523015;0.800000011920929;0.800000011920929;0.800000011920929
lidar;17.0;44.0;24.949268341064453;24.86452865600586;9.739008903503418;0.2983993589878082;24.949779510498047;24.86589241027832;9.741636276245117;0.2953951865304467;0.9994459152317022;0.800000011920929;0.800000011920929;0.800000011920929
lidar;17.0;44.0;24.94881820678711;24.869173049926758;9.736692428588867;0.29843923449516296;24.942873001098633;24.853975296020508;9.706108093261719;0.33310505229472476;0.9993122220145263;0.800000011920929;0.800000011920929;0.800000011920929
lidar;17.0;44.0;24.948368072509766;24.87381935119629;9.734375;0.2985701262950897;24.94782066345215;24.872480392456055;9.731559753417969;0.3017344611681139;0.9988741278038342;0.800000011920929;0.800000011920929;0.800000011920929
lidar;17.0;44.0;24.94794273376465;24.878530502319336;9.732189178466797;0.29864245653152466;24.939735412597656;24.8593807220459;9.689966201782227;0.3457258234863495;0.9986319541210551;0.800000011920929;0.800000011920929;0.800000011920929
lidar;17.0;44.0;24.947526931762695;24.883268356323242;9.730050086975098;0.29875150322914124;24.941020965576172;24.86879539489746;9.69658088684082;0.3357917161701006;0.9982674717571504;0.800000011920929;0.800000011920929;0.800000011920929
lidar;17.0;44.0;24.947111129760742;24.888010025024414;9.727909088134766;0.298951655626297;24.950788497924805;24.89579963684082;9.746831893920898;0.27816141565581315;0.9975989463240047;0.800000011920929;0.800000011920929;0.800000011920929
lidar;17.0;44.0;24.946693420410156;24.89276123046875;9.725765228271484;0.29924333095550537;24.946489334106445;24.89234733581543;9.724708557128906;0.30039611092185864;0.9966264960299731;0.800000011920929;0.800000011920929;0.800000011920929
lidar;17.0;44.0;24.94627571105957;24.89752197265625;9.723615646362305;0.299626886844635;24.93757438659668;24.880922317504883;9.678848266601562;0.3481593714476272;0.9953504799700349;0.800000011920929;0.800000011920929;0.800000011920929
lidar;17.0;44.0;24.945960998535156;24.902481079101562;9.721990585327148;0.2995316684246063;24.935474395751953;24.883560180664062;9.668049812316895;0.35764810373571665;0.9963323474078883;0.800000011920929;0.800000011920929;0.800000011920929
lidar;17.0;44.0;24.945703506469727;24.907541275024414;9.720667839050293;0.2992045283317566;24.94266700744629;24.90237045288086;9.705049514770508;0.31593340741143006;0.9974216224490757;0.800000011920929;0.800000011920929;0.800000011920929
lidar;17.0;44.0;24.945446014404297;24.91259002685547;9.71934700012207;0.2989691495895386;24.938753128051758;24.901866912841797;9.684918403625488;0.33564534045967154;0.9982070325982401;0.800000011920929;0.800000011920929;0.800000011920929
lidar;17.0;44.0;24.9451904296875;24.917633056640625;9.71802806854248;0.29882514476776123;24.9426212310791;24.91377067565918;9.704809188842773;0.3128344838364737;0.9986883997068491;0.800000011920929;0.800000011920929;0.800000011920929
lidar;17.0;44.0;24.944963455200195;24.922714233398438;9.716863632202148;0.29861053824424744;24.941143035888672;24.917346954345703;9.697202682495117;0.3193461634805906;0.999405860929814;0.800000011920929;0.800000011920929;0.800000011920929
lidar;17.0;44.0;24.944740295410156;24.927791595458984;9.715710639953613;0.2984764575958252;24.941240310668945;24.9232177734375;9.69770336151123;0.3173820998070887;0.9998549223002473;0.800000011920929;0.800000011920929;0.800000011920929
lidar;17.0;44.0;24.944515228271484;24.9328670501709;9.714557647705078;0.2984332740306854;24.9437313079834;24.93191909790039;9.710526466369629;0.30264847441918424;0.9999994635581729;0.800000011920929;0.800000011920929;0.800000011920929
lidar;17.0;44.0;24.944292068481445;24.937942504882812;9.71340560913086;0.2984810769557953;24.950281143188477;24.94461441040039;9.744215965270996;0.26639317160383535;0.999839365480749;0.800000011920929;0.800000011920929;0.800000011920929
lidar;17.0;44.0;24.944067001342773;24.94301986694336;9.712252616882324;0.2986198663711548;24.939008712768555;24.937868118286133;9.68623161315918;0.3256240407920283;0.9993746877195016;0.800000011920929;0.800000011920929;0.800000011920929
lidar;17.0;44.0;24.943876266479492;24.948135375976562;9.711264610290527;0.29867756366729736;24.935165405273438;24.940086364746094;9.66645336151123;0.3450311677653741;0.9991819859166187;0.800000011920929;0.800000011920929;0.800000011920929
lidar;17.0;44.0;24.94369125366211;24.95326042175293;9.71031665802002;0.2987838685512543;24.93899154663086;24.949357986450195;9.686137199401855;0.3237229158770775;0.9988266825533033;0.800000011920929;0.800000011920929;0.800000011920929
lidar;17.0;44.0;24.943506240844727;24.958389282226562;9.709367752075195;0.29898133873939514;24.939207077026367;24.955223083496094;9.687243461608887;0.3217413255774562;0.998167037875434;0.800000011920929;0.800000011920929;0.800000011920929
lidar;17.0;44.0;24.943334579467773;24.96353530883789;9.70848274230957;0.2992035746574402;24.93818473815918;24.960222244262695;9.681991577148438;0.32639287793300364;0.9974255562332667;0.800000011920929;0.800000011920929;0.800000011920929
lidar;17.0;44.0;24.94319725036621;24.968711853027344;9.707776069641113;0.29933294653892517;24.93973159790039;24.9668025970459;9.68994426727295;0.31759914133178574;0.9969943165938021;0.800000011920929;0.800000011920929;0.800000011920929
lidar;17.0;44.0;24.94305992126465;24.973892211914062;9.707069396972656;0.29955366253852844;24.9302921295166;24.968036651611328;9.641382217407227;0.3667257050398897;0.9962592722641618;0.800000011920929;0.800000011920929;0.800000011920929
lidar;17.0;44.0;24.942949295043945;24.97909164428711;9.706501960754395;0.2997215688228607;24.941423416137695;24.978532791137695;9.698652267456055;0.3077378615462388;0.9957006573765418;0.800000011920929;0.800000011920929;0.800000011920929
lidar;17.0;44.0;24.9428653717041;24.98430633544922;9.70606517791748;0.29984715580940247;24.954383850097656;24.987470626831055;9.765327453613281;0.2393924713075338;0.9952834250621645;0.800000011920929;0.800000011920929;0.800000011920929
lidar;17.0;44.0;24.942800521850586;24.989532470703125;9.705735206604004;0.29995477199554443;24.938623428344727;24.988767623901367;9.684244155883789;0.32186226577246185;0.9952870014209609;0.800000011920929;0.800000011920929;0.800000011920929
lidar;17.0;44.0;24.942790985107422;24.994766235351562;9.70568561553955;0.29986852407455444;24.93613624572754;24.994157791137695;9.671445846557617;0.33475436138356146;0.9955733419720596;0.800000011920929;0.800000011920929;0.800000011920929
lidar;17.0;44.0;24.942781448364258;25.0;9.705636024475098;0.29987362027168274;24.93869972229004;25.0;9.684637069702148;0.321265599808644;0.9955565330441091;0.800000011920929;0.800000011920929;0.800000011920929
lidar;17.0;44.0;24.942790985107422;25.005233764648438;9.70568561553955;0.29986852407455444;24.930896759033203;25.00632095336914;9.644491195678711;0.36221793226005056;0.9955733419720596;0.800000011920929;0.800000011920929;0.800000011920929
lidar;17.0;44.0;24.942800521850586;25.010467529296875;9.705735206604004;0.29995477199554443;24.939395904541016;25.011091232299805;9.688218116760254;0.31781102581064;0.9952870014209609;0.800000011920929;0.800000011920929;0.800000011920929
lidar;17.0;44.0;24.9428653717041;25.01569366455078;9.70606517791748;0.29984715580940247;24.92242431640625;25.02130699157715;9.60090446472168;0.4071227829392903;0.9952834250621645;0.800000011920929;0.800000011920929;0.800000011920929
lidar;17.0;44.0;24.942949295043945;25.02090835571289;9.706501960754395;0.2997215688228607;24.94142723083496;25.021465301513672;9.69866943359375;0.307719876880495;0.9957006573765418;0.800000011920929;0.800000011920929;0.800000011920929
lidar;17.0;44.0;24.94305992126465;25.026107788085938;9.707069396972656;0.29955360293388367;24.92652130126953;25.03369140625;9.621979713439941;0.3865668248220741;0.9962592722641618;0.800000011920929;0.800000011920929;0.800000011920929
lidar;17.0;44.0;24.94319725036621;25.031288146972656;9.707776069641113;0.2993329167366028;24.928926467895508;25.03915023803711;9.634356498718262;0.37453928330736275;0.9969943165938021;0.800000011920929;0.800000011920929;0.800000011920929
lidar;17.0;44.0;24.943334579467773;25.03646469116211;9.70848274230957;0.2992035448551178;24.94992446899414;25.032222747802734;9.742383003234863;0.26440950864531354;0.9974255562332667;0.800000011920929;0.800000011920929;0.800000011920929
lidar;17.0;44.0;24.943506240844727;25.041610717773438;9.709367752075195;0.29898127913475037;24.943025588989258;25.041963577270508;9.706894874572754;0.3015253331823892;0.998167037875434;0.800000011920929;0.800000011920929;0.800000011920929
lidar;17.0;44.0;24.94369125366211;25.04673957824707;9.71031665802002;0.2987837791442871;24.947425842285156;25.04364013671875;9.729527473449707;0.27896903781347204;0.9988266825533033;0.800000011920929;0.800000011920929;0.800000011920929
lidar;17.0;44.0;24.943876266479492;25.051864624023438;9.711264610290527;0.2986775040626526;24.943700790405273;25.052024841308594;9.710370063781738;0.29960236566183973;0.9991819859166187;0.800000011920929;0.800000011920929;0.800000011920929
lidar;17.0;44.0;24.944067001342773;25.05698013305664;9.712252616882324;0.29861992597579956;24.953310012817383;25.047563552856445;9.759801864624023;0.24927375398786125;0.9993746877195016;0.800000011920929;0.800000011920929;0.800000011920929
lidar;17.0;44.0;24.944292068481445;25.062057495117188;9.71340560913086;0.29848113656044006;24.95050048828125;25.05514144897461;9.745349884033203;0.2652116489156714;0.999839365480749;0.800000011920929;0.800000011920929;0.800000011920929
lidar;17.0;44.0;24.944515228271484;25.0671329498291;9.714557647705078;0.2984333634376526;24.949811935424805;25.06072425842285;9.741806983947754;0.2699437874826032;0.9999994635581729;0.800000011920929;0.800000011920929;0.800000011920929
lidar;17.0;44.0;24.944740295410156;25.072208404541016;9.715710639953613;0.29847654700279236;24.952716827392578;25.061786651611328;9.756743431091309;0.255395561231928;0.9998549223002473;0.800000011920929;0.800000011920929;0.800000011920929
lidar;17.0;44.0;24.944963455200195;25.077285766601562;9.716863632202148;0.2986105680465698;24.926313400268555;25.103477478027344;9.620911598205566;0.39980704609729134;0.999405860929814;0.800000011920929;0.800000011920929;0.800000011920929
lidar;17.0;44.0;24.9451904296875;25.082366943359375;9.71802806854248;0.29882511496543884;24.952857971191406;25.070844650268555;9.757476806640625;0.25701929460711637;0.9986883997068491;0.800000011920929;0.800000011920929;0.800000011920929
lidar;17.0;44.0;24.945446014404297;25.08740997314453;9.71934700012207;0.29896917939186096;24.968528747558594;25.050426483154297;9.838093757629395;0.1724729691590813;0.9982070325982401;0.800000011920929;0.800000011920929;0.800000011920929
lidar;17.0;44.0;24.945703506469727;25.092458724975586;9.720667839050293;0.299204558134079;24.940021514892578;25.102134704589844;9.691438674926758;0.3305132193790485;0.9974216224490757;0.800000011920929;0.800000011920929;0.800000011920929
lidar;17.0;44.0;24.945960998535156;25.097518920898438;9.721990585327148;0.2995316684246063;24.94918441772461;25.091699600219727;9.738576889038086;0.2816612351103442;0.9963323474078883;0.800000011920929;0.800000011920929;0.800000011920929
lidar;17.0;44.0;24.94627571105957;25.10247802734375;9.723615646362305;0.299626886844635;24.939708709716797;25.115007400512695;9.689824104309082;0.3362603428140879;0.9953504799700349;0.800000011920929;0.800000011920929;0.800000011920929
lidar;17.0;44.0;24.946693420410156;25.10723876953125;9.725765228271484;0.299243301153183;24.948820114135742;25.102964401245117;9.736698150634766;0.28731351539684447;0.9966264960299731;0.800000011920929;0.800000011920929;0.800000011920929
lidar;17.0;44.0;24.947111129760742;25.111989974975586;9.727909088134766;0.2989516258239746;24.948488235473633;25.109073638916016;9.734992027282715;0.29117006104199616;0.9975989463240047;0.800000011920929;0.800000011920929;0.800000011920929
lidar;17.0;44.0;24.947526931762695;25.116731643676758;9.730050086975098;0.29875147342681885;24.95347023010254;25.1035099029541;9.760626792907715;0.26491321072693075;0.9982674717571504;0.800000011920929;0.800000011920929;0.800000011920929
lidar;17.0;44.0;24.94794273376465;25.121469497680664;9.732189178466797;0.29864245653152466;24.944168090820312;25.13027572631836;9.712772369384766;0.32029480204712785;0.9986319541210551;0.800000011920929;0.800000011920929;0.800000011920929
lidar;17.0;44.0;24.948368072509766;25.12618064880371;9.734375;0.29857009649276733;24.95366859436035;25.11322593688965;9.761649131774902;0.26791368112332287;0.9988741278038342;0.800000011920929;0.800000011920929;0.800000011920929
lidar;17.0;44.0;24.94881820678711;25.130826950073242;9.736692428588867;0.29843926429748535;24.939626693725586;25.154321670532227;9.689406394958496;0.3520353353643459;0.9993122220145263;0.800000011920929;0.800000011920929;0.800000011920929
lidar;17.0;44.0;24.949268341064453;25.13547134399414;9.739008903503418;0.29839950799942017;24.951791763305664;25.128734588623047;9.751985549926758;0.28356250123014193;0.9994459152317022;0.800000011920929;0.800000011920929;0.800000011920929
lidar;17.0;44.0;24.949718475341797;25.140113830566406;9.741325378417969;0.2984505593776703;24.959537506103516;25.11275291442871;9.791838645935059;0.24016982634099363;0.999275207523015;0.800000011920929;0.800000011920929;0.800000011920929
lidar;17.0;44.0;24.95016860961914;25.144760131835938;9.743642807006836;0.29859259724617004;24.950578689575195;25.143569946289062;9.74575138092041;0.2961366060192042;0.9988000392870423;0.800000011920929;0.800000011920929;0.800000011920929
lidar;17.0;44.0;24.950620651245117;25.149412155151367;9.745964050292969;0.29882586002349854;24.950611114501953;25.149442672729492;9.745914459228516;0.29888426483380026;0.9980206488356208;0.800000011920929;0.800000011920929;0.800000011920929
lidar;17.0;44.0;24.951072692871094;25.15407371520996;9.748289108276367;0.299150675535202;24.96537971496582;25.109018325805664;9.821897506713867;0.21166898334016235;0.996937334718607;0.800000011920929;0.800000011920929;0.800000011920929
lidar;17.0;44.0;24.951528549194336;25.158733367919922;9.750640869140625;0.29954221844673157;24.96111488342285;25.12734031677246;9.799955368041992;0.24030309924730653;0.9947669506893887;0.800000011920929;0.800000011920929;0.800000011920929
lidar;17.0;44.0;24.952138900756836;25.162891387939453;9.753777503967285;0.29908236861228943;24.949472427368164;25.171968460083008;9.740058898925781;0.31574598955047517;0.9962965250526347;0.800000011920929;0.800000011920929;0.800000011920929
lidar;17.0;44.0;24.952747344970703;25.16703987121582;9.756904602050781;0.298714816570282;24.948610305786133;25.181663513183594;9.735620498657227;0.32486793579932494;0.9975224139810143;0.800000011920929;0.800000011920929;0.800000011920929
lidar;17.0;44.0;24.953353881835938;25.17117691040039;9.760025024414062;0.2984388768672943;24.95214080810547;25.175628662109375;9.753785133361816;0.30619859367621843;0.9984445572177415;0.800000011920929;0.800000011920929;0.800000011920929
lidar;17.0;44.0;24.95395851135254;25.175310134887695;9.763140678405762;0.29825425148010254;24.97386360168457;25.099517822265625;9.8655424118042;0.1693091245582094;0.9990625381394189;0.800000011920929;0.800000011920929;0.800000011920929
lidar;17.0;44.0;24.95456314086914;25.1794376373291;9.766253471374512;0.2981606125831604;24.958402633666992;25.164276123046875;9.786004066467285;0.2729673277589289;0.9993762373805362;0.800000011920929;0.800000011920929;0.800000011920929
lidar;17.0;44.0;24.955169677734375;25.183565139770508;9.769365310668945;0.29815784096717834;24.94276237487793;25.234363555908203;9.70553970336914;0.3806691298610972;0.9993854760509725;0.800000011920929;0.800000011920929;0.800000011920929
lidar;17.0;44.0;24.955774307250977;25.187692642211914;9.772478103637695;0.29824596643447876;24.955772399902344;25.18769645690918;9.772472381591797;0.2982530413894228;0.9990903138677;0.800000011920929;0.800000011920929;0.800000011920929
lidar;17.0;44.0;24.95638084411621;25.191823959350586;9.775593757629395;0.29842501878738403;24.96895408630371;25.136531829833984;9.840278625488281;0.21240456468540359;0.9984907508108353;0.800000011920929;0.800000011920929;0.800000011920929
lidar;17.0;44.0;24.956987380981445;25.195960998535156;9.77871322631836;0.29869532585144043;24.95596694946289;25.20060920715332;9.773466110229492;0.30577805048695134;0.997587085007543;0.800000011920929;0.800000011920929;0.800000011920929
lidar;17.0;44.0;24.95759391784668;25.20010757446289;9.781840324401855;0.299057275056839;24.953580856323242;25.21904754638672;9.761192321777344;0.32736219007465034;0.996379554355138;0.800000011920929;0.800000011920929;0.800000011920929
lidar;17.0;44.0;24.95820426940918;25.204265594482422;9.7849760055542;0.29951152205467224;24.95839500427246;25.203327178955078;9.785964965820312;0.29813413941941574;0.9948684576776031;0.800000011920929;0.800000011920929;0.800000011920929
lidar;17.0;44.0;24.958831787109375;25.208354949951172;9.788206100463867;0.2999386191368103;24.965051651000977;25.176877975463867;9.820201873779297;0.2546264833520948;0.992516041159316;0.800000011920929;0.800000011920929;0.800000011920929
lidar;17.0;44.0;24.959606170654297;25.211700439453125;9.792189598083496;0.2993890941143036;24.953317642211914;25.244657516479492;9.759838104248047;0.34599781475830454;0.9943379162133937;0.800000011920929;0.800000011920929;0.800000011920929
lidar;17.0;44.0;24.95599937438965;24.788366317749023;9.792990684509277;0.2992960810661316;24.944843292236328;24.734710693359375;9.740508079528809;0.37517606031813183;0.9946469663074459;0.800000011920929;0.800000011920929;0.800000011920929
lidar;17.0;44.0;24.955188751220703;24.7918643951416;9.789178848266602;0.2996230721473694;24.97381019592285;24.87835121154785;9.876782417297363;0.17511962143210247;0.9935613872047364;0.800000011920929;0.800000011920929;0.800000011920929
lidar;17.0;44.0;24.9544734954834;24.795804977416992;9.785812377929688;0.29940712451934814;24.955455780029297;24.800216674804688;9.790440559387207;0.29293828368097286;0.9952151181376012;0.800000011920929;0.800000011920929;0.800000011920929
lidar;17.0;44.0;24.95380973815918;24.799962997436523;9.782690048217773;0.2989515960216522;24.9415283203125;24.746774673461914;9.724910736083984;0.37843923598229834;0.9967318771152701;0.800000011920929;0.800000011920929;0.800000011920929
lidar;17.0;44.0;24.953147888183594;24.804107666015625;9.779577255249023;0.29858821630477905;24.94089698791504;24.752891540527344;9.721946716308594;0.3766545224468696;0.9979448913186605;0.800000011920929;0.800000011920929;0.800000011920929
lidar;17.0;44.0;24.95248794555664;24.808246612548828;9.776470184326172;0.29831650853157043;24.945011138916016;24.7780704498291;9.74129581451416;0.34525967537251906;0.9988539219524278;0.800000011920929;0.800000011920929;0.800000011920929
lidar;17.0;44.0;24.951828002929688;24.812376022338867;9.773367881774902;0.29813605546951294;24.95660400390625;24.830982208251953;9.795841217041016;0.26857191548373105;0.9994586705916111;0.800000011920929;0.800000011920929;0.800000011920929
lidar;17.0;44.0;24.951168060302734;24.816503524780273;9.770268440246582;0.2980464994907379;24.956708908081055;24.837326049804688;9.796335220336914;0.26422781969179404;0.9997590780262716;0.800000011920929;0.800000011920929;0.800000011920929
lidar;17.0;44.0;24.950510025024414;24.82063102722168;9.767169952392578;0.2980477809906006;24.95870018005371;24.850313186645508;9.805699348449707;0.24872629189299003;0.9997548461050311;0.800000011920929;0.800000011920929;0.800000011920929
lidar;17.0;44.0;24.949851989746094;24.824758529663086;9.764070510864258;0.29813989996910095;24.952857971191406;24.835262298583984;9.778212547302246;0.2802686108157385;0.9994461536478296;0.800000011920929;0.800000011920929;0.800000011920929
lidar;17.0;44.0;24.94919204711914;24.828889846801758;9.760968208312988;0.298322856426239;24.943185806274414;24.808658599853516;9.732707977294922;0.3335930905844852;0.9988329410180604;0.800000011920929;0.800000011920929;0.800000011920929
lidar;17.0;44.0;24.948532104492188;24.833026885986328;9.757861137390137;0.298597127199173;24.942317962646484;24.8128662109375;9.728626251220703;0.33464870655399864;0.9979155661970928;0.800000011920929;0.800000011920929;0.800000011920929
lidar;17.0;44.0;24.9478702545166;24.837173461914062;9.75474739074707;0.2989630401134491;24.93659019470215;24.801944732666016;9.701684951782227;0.363646318802087;0.9966941476375966;0.800000011920929;0.800000011920929;0.800000011920929
lidar;17.0;44.0;24.947206497192383;24.841331481933594;9.751625061035156;0.29942113161087036;24.941373825073242;24.82380485534668;9.724189758300781;0.3324952343117081;0.9951691032189783;0.800000011920929;0.800000011920929;0.800000011920929
lidar;17.0;44.0;24.946653366088867;24.8458309173584;9.74902629852295;0.2993350028991699;24.937963485717773;24.82071304321289;9.708136558532715;0.3481040091964756;0.9963233469920838;0.800000011920929;0.800000011920929;0.800000011920929
lidar;17.0;44.0;24.9461612701416;24.850494384765625;9.74670696258545;0.2990116775035858;24.964948654174805;24.902666091918945;9.83509635925293;0.19466821858997443;0.9974002836257546;0.800000011920929;0.800000011920929;0.800000011920929
lidar;17.0;44.0;24.945669174194336;24.855148315429688;9.744391441345215;0.2987798750400543;24.935487747192383;24.828004837036133;9.696492195129395;0.35476979990266366;0.9981735944437581;0.800000011920929;0.800000011920929;0.800000011920929
lidar;17.0;44.0;24.94517707824707;24.85979652404785;9.74207878112793;0.2986394762992859;24.9530086517334;24.87982749938965;9.778925895690918;0.255976034766748;0.9986427427116525;0.800000011920929;0.800000011920929;0.800000011920929
lidar;17.0;44.0;24.944684982299805;24.864442825317383;9.739768028259277;0.29859012365341187;24.940113067626953;24.85323715209961;9.718256950378418;0.32327229849674255;0.9988076687728423;0.800000011920929;0.800000011920929;0.800000011920929
lidar;17.0;44.0;24.9442195892334;24.86914825439453;9.737576484680176;0.29849615693092346;24.954435348510742;24.893112182617188;9.785636901855469;0.24382921740948027;0.9991217852325319;0.800000011920929;0.800000011920929;0.800000011920929
lidar;17.0;44.0;24.943767547607422;24.873882293701172;9.735448837280273;0.29842156171798706;24.958362579345703;24.9066162109375;9.80411434173584;0.22096498099142126;0.9993713498097749;0.800000011920929;0.800000011920929;0.800000011920929
lidar;17.0;44.0;24.943315505981445;24.87861442565918;9.733321189880371;0.2984379231929779;24.94487190246582;24.881946563720703;9.740641593933105;0.2902457334692469;0.9993165135780229;0.800000011920929;0.800000011920929;0.800000011920929
lidar;17.0;44.0;24.94286346435547;24.88334846496582;9.731192588806152;0.2985452711582184;24.920751571655273;24.838205337524414;9.627165794372559;0.41408108356987416;0.9989572764051534;0.800000011920929;0.800000011920929;0.800000011920929
lidar;17.0;44.0;24.942411422729492;24.88808822631836;9.729063034057617;0.2987436354160309;24.938552856445312;24.880592346191406;9.71091365814209;0.31875561332078267;0.998293697817372;0.800000011920929;0.800000011920929;0.800000011920929
lidar;17.0;44.0;24.941957473754883;24.89283561706543;9.7269287109375;0.2990334630012512;24.93602752685547;24.88188934326172;9.69903564453125;0.3295786448628397;0.9973261354671629;0.800000011920929;0.800000011920929;0.800000011920929
lidar;17.0;44.0;24.94150161743164;24.897594451904297;9.724790573120117;0.29941511154174805;24.952919006347656;24.91758155822754;9.7785062789917;0.24097475779782662;0.9960546493931327;0.800000011920929;0.800000011920929;0.800000011920929
lidar;17.0;44.0;24.941062927246094;24.90239143371582;9.722719192504883;0.29980984330177307;24.93509864807129;24.892515182495117;9.694662094116211;0.33014659223241927;0.9954079386382182;0.800000011920929;0.800000011920929;0.800000011920929
lidar;17.0;44.0;24.94078254699707;24.907453536987305;9.72139835357666;0.2994837462902069;24.95109748840332;24.923574447631836;9.769928932189941;0.24731582686716205;0.9964918492446335;0.800000011920929;0.800000011920929;0.800000011920929
lidar;17.0;44.0;24.94051170349121;24.91252326965332;9.720126152038574;0.2991999685764313;24.9326171875;24.900915145874023;9.682989120483398;0.33890151501701393;0.997437000022709;0.800000011920929;0.800000011920929;0.800000011920929
lidar;17.0;44.0;24.940265655517578;24.91761589050293;9.718973159790039;0.29888322949409485;24.94780921936035;24.928020477294922;9.754463195800781;0.2611387424471393;0.998493909921007;0.800000011920929;0.800000011920929;0.800000011920929
lidar;17.0;44.0;24.940021514892578;24.922700881958008;9.717822074890137;0.2986580729484558;24.92966079711914;24.90934944152832;9.669079780578613;0.35024783454843955;0.9992465973228074;0.800000011920929;0.800000011920929;0.800000011920929
lidar;17.0;44.0;24.939777374267578;24.927780151367188;9.716672897338867;0.2985241115093231;24.946800231933594;24.936203002929688;9.74971866607666;0.26370586383966876;0.9996949434364768;0.800000011920929;0.800000011920929;0.800000011920929
lidar;17.0;44.0;24.939533233642578;24.9328556060791;9.715524673461914;0.2984811067581177;24.95138168334961;24.946012496948242;9.771267890930176;0.23999286863980962;0.9998387694465161;0.800000011920929;0.800000011920929;0.800000011920929
lidar;17.0;44.0;24.939289093017578;24.93793296813965;9.714375495910645;0.2985292077064514;24.93511199951172;24.93366241455078;9.69472885131836;0.3190635317608659;0.9996780156918716;0.800000011920929;0.800000011920929;0.800000011920929
lidar;17.0;44.0;24.939077377319336;24.943042755126953;9.713379859924316;0.2985079288482666;24.9435977935791;24.947267532348633;9.734647750854492;0.2763577315698064;0.9997496604858384;0.800000011920929;0.800000011920929;0.800000011920929
lidar;17.0;44.0;24.93887710571289;24.948162078857422;9.71243667602539;0.2985227108001709;24.942548751831055;24.951276779174805;9.729713439941406;0.28058803281167904;0.9997003674496222;0.800000011920929;0.800000011920929;0.800000011920929
lidar;17.0;44.0;24.938674926757812;24.953283309936523;9.711493492126465;0.29862844944000244;24.9451847076416;24.958242416381836;9.74211311340332;0.26693439995314827;0.999346554306892;0.800000011920929;0.800000011920929;0.800000011920929
lidar;17.0;44.0;24.938474655151367;24.958412170410156;9.710549354553223;0.2988252341747284;24.927881240844727;24.951250076293945;9.6607084274292;0.35028080829797303;0.9986882804939364;0.800000011920929;0.800000011920929;0.800000011920929
lidar;17.0;44.0;24.938322067260742;24.96357536315918;9.70982551574707;0.2988854646682739;24.91568946838379;24.95020866394043;9.60334587097168;0.40856083781265307;0.99848705523257;0.800000011920929;0.800000011920929;0.800000011920929
lidar;17.0;44.0;24.93817138671875;24.9687442779541;9.709122657775879;0.2990139126777649;24.94028091430664;24.969810485839844;9.719046592712402;0.2888124291015883;0.9980577827465681;0.800000011920929;0.800000011920929;0.800000011920929
lidar;17.0;44.0;24.93802261352539;24.973920822143555;9.708418846130371;0.2992335855960846;24.938730239868164;24.974218368530273;9.711747169494629;0.2958184984242141;0.9973247049193381;0.800000011920929;0.800000011920929;0.800000011920929
lidar;17.0;44.0;24.937925338745117;24.979122161865234;9.707964897155762;0.29928871989250183;24.93170738220215;24.977031707763672;9.6787109375;0.3292693423448339;0.997140645898533;0.800000011920929;0.800000011920929;0.800000011920929
lidar;17.0;44.0;24.937833786010742;24.984329223632812;9.707530975341797;0.2994134724140167;24.94264030456543;24.98554039001465;9.73013973236084;0.27626747680772457;0.9967249038073261;0.800000011920929;0.800000011920929;0.800000011920929
lidar;17.0;44.0;24.937763214111328;24.989547729492188;9.707201957702637;0.2995212972164154;24.92660903930664;24.987672805786133;9.654719352722168;0.35320992664685286;0.9963661432193688;0.800000011920929;0.800000011920929;0.800000011920929
lidar;17.0;44.0;24.937732696533203;24.99477195739746;9.707056045532227;0.29953455924987793;24.929975509643555;24.994121551513672;9.670557022094727;0.336854403745485;0.9963225720425709;0.800000011920929;0.800000011920929;0.800000011920929
lidar;17.0;44.0;24.937702178955078;25.0;9.7069091796875;0.299638956785202;24.94106101989746;25.0;9.72271728515625;0.2834771861247773;0.9959755542201812;0.800000011920929;0.800000011920929;0.800000011920929
lidar;17.0;44.0;24.937732696533203;25.00522804260254;9.707056045532227;0.29953455924987793;24.938541412353516;25.005159378051758;9.710856437683105;0.29564831618739157;0.9963225720425709;0.800000011920929;0.800000011920929;0.800000011920929
lidar;17.0;44.0;24.937763214111328;25.010452270507812;9.707201957702637;0.2995212972164154;24.935344696044922;25.0108585357666;9.695819854736328;0.3111649401391064;0.9963661432193688;0.800000011920929;0.800000011920929;0.800000011920929
lidar;17.0;44.0;24.937833786010742;25.015670776367188;9.707530975341797;0.29941341280937195;24.950626373291016;25.0124454498291;9.76771354675293;0.23780183819336967;0.9967249038073261;0.800000011920929;0.800000011920929;0.800000011920929
lidar;17.0;44.0;24.937925338745117;25.020877838134766;9.707964897155762;0.29928871989250183;24.950197219848633;25.01675033569336;9.765691757202148;0.24012732441819234;0.997140645898533;0.800000011920929;0.800000011920929;0.800000011920929
lidar;17.0;44.0;24.93802261352539;25.026079177856445;9.708418846130371;0.2992335855960846;24.93010711669922;25.02941131591797;9.671178817749023;0.3374512264323447;0.9973247049193381;0.800000011920929;0.800000011920929;0.800000011920929
lidar;17.0;44.0;24.93817138671875;25.0312557220459;9.709122657775879;0.2990138530731201;24.94103240966797;25.029809951782227;9.722575187683105;0.2851844017372302;0.9980577827465681;0.800000011920929;0.800000011920929;0.800000011920929
lidar;17.0;44.0;24.938322067260742;25.03642463684082;9.70982551574707;0.29888537526130676;24.938751220703125;25.036170959472656;9.711847305297852;0.29680228251531565;0.99848705523257;0.800000011920929;0.800000011920929;0.800000011920929
lidar;17.0;44.0;24.938474655151367;25.041587829589844;9.710549354553223;0.2988252639770508;24.937400817871094;25.042314529418945;9.705497741699219;0.30404037783896504;0.9986882804939364;0.800000011920929;0.800000011920929;0.800000011920929
lidar;17.0;44.0;24.938674926757812;25.046716690063477;9.711493492126465;0.29862838983535767;24.9272518157959;25.055418014526367;9.657747268676758;0.3542606883652863;0.999346554306892;0.800000011920929;0.800000011920929;0.800000011920929
lidar;17.0;44.0;24.93887710571289;25.051837921142578;9.71243667602539;0.29852256178855896;24.941463470458984;25.04964256286621;9.72461223602295;0.28588383167149267;0.9997003674496222;0.800000011920929;0.800000011920929;0.800000011920929
lidar;17.0;44.0;24.939077377319336;25.056957244873047;9.713379859924316;0.2985078990459442;24.946990966796875;25.049558639526367;9.750617027282715;0.259726729803209;0.9997496604858384;0.800000011920929;0.800000011920929;0.800000011920929
lidar;17.0;44.0;24.939289093017578;25.06206703186035;9.714375495910645;0.2985292375087738;24.94587516784668;25.055334091186523;9.745360374450684;0.2661444366730762;0.9996780156918716;0.800000011920929;0.800000011920929;0.800000011920929
lidar;17.0;44.0;24.939533233642578;25.0671443939209;9.715524673461914;0.29848119616508484;24.92737579345703;25.080642700195312;9.658329010009766;0.3584925156054239;0.9998387694465161;0.800000011920929;0.800000011920929;0.800000011920929
lidar;17.0;44.0;24.939777374267578;25.072219848632812;9.716672897338867;0.2985241711139679;24.920738220214844;25.095050811767578;9.627103805541992;0.3928976440504899;0.9996949434364768;0.800000011920929;0.800000011920929;0.800000011920929
lidar;17.0;44.0;24.940021514892578;25.077299118041992;9.717822074890137;0.29865819215774536;24.940658569335938;25.07647705078125;9.720821380615234;0.295483979824518;0.9992465973228074;0.800000011920929;0.800000011920929;0.800000011920929
lidar;17.0;44.0;24.940265655517578;25.08238410949707;9.718973159790039;0.2988832890987396;24.934303283691406;25.090608596801758;9.690917015075684;0.32872177127562685;0.998493909921007;0.800000011920929;0.800000011920929;0.800000011920929
lidar;17.0;44.0;24.94051170349121;25.08747673034668;9.720126152038574;0.29919999837875366;24.942853927612305;25.084030151367188;9.73115348815918;0.28741089184407936;0.997437000022709;0.800000011920929;0.800000011920929;0.800000011920929
lidar;17.0;44.0;24.94078254699707;25.092546463012695;9.72139835357666;0.2994837462902069;24.94750213623047;25.08204460144043;9.753011703491211;0.2655004451053244;0.9964918492446335;0.800000011920929;0.800000011920929;0.800000011920929
lidar;17.0;44.0;24.941062927246094;25.09760856628418;9.722719192504883;0.29980984330177307;24.941003799438477;25.097705841064453;9.722444534301758;0.30010635990498763;0.9954079386382182;0.800000011920929;0.800000011920929;0.800000011920929
lidar;17.0;44.0;24.94150161743164;25.102405548095703;9.724790573120117;0.29941514134407043;24.941478729248047;25.102449417114258;9.724675178527832;0.2995400276017976;0.9960546493931327;0.800000011920929;0.800000011920929;0.800000011920929
lidar;17.0;44.0;24.941957473754883;25.10716438293457;9.7269287109375;0.29903343319892883;24.943584442138672;25.10416030883789;9.734582901000977;0.2906512497929035;0.997326076118189;0.800000011920929;0.800000011920929;0.800000011920929
lidar;17.0;44.0;24.942411422729492;25.11191177368164;9.729063034057617;0.2987435758113861;24.9447021484375;25.107460021972656;9.739840507507324;0.28685986423681237;0.998293697817372;0.800000011920929;0.800000011920929;0.800000011920929
lidar;17.0;44.0;24.94286346435547;25.11665153503418;9.731192588806152;0.298545241355896;24.93008041381836;25.14274787902832;9.671056747436523;0.36533466582929924;0.9989572764051534;0.800000011920929;0.800000011920929;0.800000011920929
lidar;17.0;44.0;24.943315505981445;25.12138557434082;9.733321189880371;0.2984378933906555;24.94100570678711;25.126333236694336;9.722452163696289;0.31060189440310715;0.9993165135780229;0.800000011920929;0.800000011920929;0.800000011920929
lidar;17.0;44.0;24.943767547607422;25.126117706298828;9.735448837280273;0.2984215319156647;24.95104217529297;25.109800338745117;9.769676208496094;0.25981155650573057;0.9993713498097749;0.800000011920929;0.800000011920929;0.800000011920929
lidar;17.0;44.0;24.9442195892334;25.13085174560547;9.737576484680176;0.29849615693092346;24.942537307739258;25.134798049926758;9.72966194152832;0.30749806735166024;0.9991217852325319;0.800000011920929;0.800000011920929;0.800000011920929
lidar;17.0;44.0;24.944684982299805;25.135557174682617;9.739768028259277;0.29859012365341187;24.93960952758789;25.14799690246582;9.715886116027832;0.3259925818248303;0.9988076687728423;0.800000011920929;0.800000011920929;0.800000011920929
lidar;17.0;44.0;24.94517707824707;25.14020347595215;9.74207878112793;0.2986395061016083;24.938058853149414;25.158405303955078;9.70859146118164;0.3374134480233779;0.9986427427116525;0.800000011920929;0.800000011920929;0.800000011920929
lidar;17.0;44.0;24.945669174194336;25.144851684570312;9.744391441345215;0.2987799644470215;24.92941665649414;25.18818473815918;9.667925834655762;0.38816052053983735;0.9981735944437581;0.800000011920929;0.800000011920929;0.800000011920929
lidar;17.0;44.0;24.9461612701416;25.149505615234375;9.74670696258545;0.2990117371082306;24.939136505126953;25.16901206970215;9.71366024017334;0.33802318520238794;0.9974002836257546;0.800000011920929;0.800000011920929;0.800000011920929
lidar;17.0;44.0;24.946653366088867;25.1541690826416;9.74902629852295;0.2993350028991699;24.948286056518555;25.149452209472656;9.756705284118652;0.29017640089031116;0.9963233469920838;0.800000011920929;0.800000011920929;0.800000011920929
lidar;17.0;44.0;24.947206497192383;25.158668518066406;9.751625061035156;0.299421101808548;24.94291877746582;25.17155647277832;9.731450080871582;0.3237426859686717;0.9951689839893667;0.800000011920929;0.800000011920929;0.800000011920929
lidar;17.0;44.0;24.9478702545166;25.162826538085938;9.75474739074707;0.29896292090415955;24.9483699798584;25.16126823425293;9.757097244262695;0.29609939945290453;0.9966940877102876;0.800000011920929;0.800000011920929;0.800000011920929
lidar;17.0;44.0;24.948532104492188;25.166973114013672;9.757861137390137;0.2985970377922058;24.95612335205078;25.14234161376953;9.79358196258545;0.2545481294988744;0.9979155065763305;0.800000011920929;0.800000011920929;0.800000011920929
lidar;17.0;44.0;24.94919204711914;25.171110153198242;9.760968208312988;0.29832273721694946;24.945085525512695;25.18494415283203;9.741645812988281;0.3224387111391564;0.9988329410180604;0.800000011920929;0.800000011920929;0.800000011920929
lidar;17.0;44.0;24.949851989746094;25.175241470336914;9.764070510864258;0.298139750957489;24.93792724609375;25.216909408569336;9.70797348022461;0.3690288838884552;0.9994460940176125;0.800000011920929;0.800000011920929;0.800000011920929
lidar;17.0;44.0;24.950510025024414;25.17936897277832;9.767169952392578;0.29804760217666626;24.949750900268555;25.182119369506836;9.763601303100586;0.3026159760247395;0.9997548461050311;0.800000011920929;0.800000011920929;0.800000011920929
lidar;17.0;44.0;24.951168060302734;25.183496475219727;9.770268440246582;0.29804638028144836;24.941463470458984;25.219968795776367;9.724605560302734;0.35728854095900586;0.9997590780262716;0.800000011920929;0.800000011920929;0.800000011920929
lidar;17.0;44.0;24.951828002929688;25.1876220703125;9.773367881774902;0.298135906457901;24.951011657714844;25.190799713134766;9.76953125;0.3031830496363374;0.9994587302764658;0.800000011920929;0.800000011920929;0.800000011920929
lidar;17.0;44.0;24.95248794555664;25.191753387451172;9.776470184326172;0.29831647872924805;24.94696807861328;25.214025497436523;9.750507354736328;0.3329650790089612;0.9988539219524278;0.800000011920929;0.800000011920929;0.800000011920929
lidar;17.0;44.0;24.953147888183594;25.195892333984375;9.779577255249023;0.2985881567001343;24.963863372802734;25.151086807250977;9.829992294311523;0.23029541489511796;0.9979449509955433;0.800000011920929;0.800000011920929;0.800000011920929
lidar;17.0;44.0;24.95380973815918;25.200037002563477;9.782690048217773;0.2989514470100403;24.975683212280273;25.105308532714844;9.885598182678223;0.15738189316113;0.9967319366996468;0.800000011920929;0.800000011920929;0.800000011920929
lidar;17.0;44.0;24.9544734954834;25.204195022583008;9.785812377929688;0.29940709471702576;24.943058013916016;25.255395889282227;9.732107162475586;0.374480992507082;0.9952152367979195;0.800000011920929;0.800000011920929;0.800000011920929
lidar;17.0;44.0;24.955188751220703;25.2081356048584;9.789178848266602;0.299623042345047;24.942047119140625;25.26917839050293;9.727348327636719;0.3874980862115919;0.9935615661556545;0.800000011920929;0.800000011920929;0.800000011920929
lidar;17.0;44.0;24.95599937438965;25.211633682250977;9.792990684509277;0.2992960512638092;24.96177101135254;25.183868408203125;9.820150375366211;0.2600287656078465;0.9946470856382069;0.800000011920929;0.800000011920929;0.800000011920929
lidar;17.0;44.0;24.95244026184082;24.78858184814453;9.794000625610352;0.29898974299430847;24.947229385375977;24.765417098999023;9.771429061889648;0.3317511152029935;0.9956661462888906;0.800000011920929;0.800000011920929;0.800000011920929
lidar;17.0;44.0;24.951566696166992;24.792081832885742;9.790212631225586;0.29931068420410156;24.962575912475586;24.839345932006836;9.83790111541748;0.23127134786191594;0.9945982692174161;0.800000011920929;0.800000011920929;0.800000011920929
lidar;17.0;44.0;24.95075035095215;24.795839309692383;9.786676406860352;0.2993559241294861;24.956544876098633;24.81985855102539;9.811772346496582;0.2641383443686242;0.9953851702482344;0.800000011920929;0.800000011920929;0.800000011920929
lidar;17.0;44.0;24.95003318786621;24.799997329711914;9.783567428588867;0.29889971017837524;24.96648406982422;24.865846633911133;9.854825973510742;0.20048899318724717;0.9969046711852727;0.800000011920929;0.800000011920929;0.800000011920929
lidar;17.0;44.0;24.949316024780273;24.80414390563965;9.78046703338623;0.29853567481040955;24.94728660583496;24.796295166015625;9.7716703414917;0.3104974348478502;0.9981203674272011;0.800000011920929;0.800000011920929;0.800000011920929
lidar;17.0;44.0;24.9486026763916;24.808279037475586;9.777373313903809;0.2982633113861084;24.953306198120117;24.82582664489746;9.797749519348145;0.27096463915845315;0.9990320204903358;0.800000011920929;0.800000011920929;0.800000011920929
lidar;17.0;44.0;24.94788932800293;24.812410354614258;9.774284362792969;0.29808205366134644;24.94997787475586;24.819929122924805;9.783330917358398;0.2861348410213216;0.9996394514829018;0.800000011920929;0.800000011920929;0.800000011920929
lidar;17.0;44.0;24.94717788696289;24.816537857055664;9.771197319030762;0.2979918122291565;24.949525833129883;24.824697494506836;9.781373977661133;0.28473849639259435;0.99994230270845;0.800000011920929;0.800000011920929;0.800000011920929
lidar;17.0;44.0;24.94646453857422;24.820663452148438;9.768112182617188;0.29799240827560425;24.951555252075195;24.837718963623047;9.79016399383545;0.2696540439608798;0.9999405741659602;0.800000011920929;0.800000011920929;0.800000011920929
lidar;17.0;44.0;24.945751190185547;24.824790954589844;9.765026092529297;0.29808372259140015;24.96428680419922;24.884653091430664;9.845307350158691;0.19624034765985723;0.9996342659222472;0.800000011920929;0.800000011920929;0.800000011920929
lidar;17.0;44.0;24.945039749145508;24.828922271728516;9.761937141418457;0.29826590418815613;24.950246810913086;24.845130920410156;9.784492492675781;0.27000625149750523;0.9990234374755878;0.800000011920929;0.800000011920929;0.800000011920929
lidar;17.0;44.0;24.944324493408203;24.833059310913086;9.758843421936035;0.2985393702983856;24.94823455810547;24.844783782958984;9.775779724121094;0.2775731859055484;0.9981083272756249;0.800000011920929;0.800000011920929;0.800000011920929
lidar;17.0;44.0;24.9436092376709;24.837203979492188;9.755743026733398;0.2989044785499573;24.942840576171875;24.83498764038086;9.752416610717773;0.30297457090980573;0.9968891742426974;0.800000011920929;0.800000011920929;0.800000011920929
lidar;17.0;44.0;24.942890167236328;24.84136199951172;9.752633094787598;0.2993617653846741;24.93865394592285;24.8295955657959;9.734283447265625;0.321568598109484;0.9953662753507558;0.800000011920929;0.800000011920929;0.800000011920929
lidar;17.0;44.0;24.942232131958008;24.845699310302734;9.749783515930176;0.2995895445346832;24.952402114868164;24.872861862182617;9.793829917907715;0.24685135157240662;0.9954768418476737;0.800000011920929;0.800000011920929;0.800000011920929
lidar;17.0;44.0;24.94169807434082;24.850366592407227;9.747468948364258;0.2992681562900543;24.937898635864258;24.840612411499023;9.73100757598877;0.31877591167673697;0.9965451359203819;0.800000011920929;0.800000011920929;0.800000011920929
lidar;17.0;44.0;24.941165924072266;24.855022430419922;9.745158195495605;0.29903867840766907;24.94971466064453;24.87609100341797;9.782190322875977;0.25558469439285414;0.9973098634469384;0.800000011920929;0.800000011920929;0.800000011920929
lidar;17.0;44.0;24.94065284729004;24.859724044799805;9.742942810058594;0.298793762922287;24.926532745361328;24.82634925842285;9.681781768798828;0.36988411977805136;0.9981271623615985;0.800000011920929;0.800000011920929;0.800000011920929
lidar;17.0;44.0;24.94016456604004;24.86446762084961;9.740819931030273;0.29853594303131104;24.944185256958008;24.873577117919922;9.758241653442383;0.2784686214290093;0.9989890456418619;0.800000011920929;0.800000011920929;0.800000011920929
lidar;17.0;44.0;24.939674377441406;24.869203567504883;9.738700866699219;0.29836931824684143;24.929773330688477;24.847734451293945;9.695812225341797;0.3473427433799678;0.9995466470604133;0.800000011920929;0.800000011920929;0.800000011920929
lidar;17.0;44.0;24.939186096191406;24.87393569946289;9.73658275604248;0.298293799161911;24.953632354736328;24.90388298034668;9.79916000366211;0.22743160656440464;0.9997997879930698;0.800000011920929;0.800000011920929;0.800000011920929
lidar;17.0;44.0;24.938695907592773;24.878665924072266;9.734465599060059;0.2983090877532959;24.927059173583984;24.855636596679688;9.684062957763672;0.3549330225463862;0.9997483491986532;0.800000011920929;0.800000011920929;0.800000011920929
lidar;17.0;44.0;24.938207626342773;24.883399963378906;9.73234748840332;0.29841533303260803;24.94569969177246;24.897537231445312;9.764799118041992;0.2622342422367127;0.9993924499108967;0.800000011920929;0.800000011920929;0.800000011920929
lidar;17.0;44.0;24.93771743774414;24.888137817382812;9.73022747039795;0.2986126244068146;24.958280563354492;24.925067901611328;9.819291114807129;0.20002710098562487;0.9987320303760352;0.800000011920929;0.800000011920929;0.800000011920929
lidar;17.0;44.0;24.937227249145508;24.89288330078125;9.728103637695312;0.2989012598991394;24.948362350463867;24.911882400512695;9.77632999420166;0.24588543993619927;0.9977673889994844;0.800000011920929;0.800000011920929;0.800000011920929
lidar;17.0;44.0;24.936737060546875;24.897640228271484;9.725975036621094;0.29928168654441833;24.94157600402832;24.905471801757812;9.746942520141602;0.276381835436107;0.9964988829729592;0.800000011920929;0.800000011920929;0.800000011920929
lidar;17.0;44.0;24.936243057250977;24.902408599853516;9.723840713500977;0.2997545003890991;24.94942855834961;24.922590255737305;9.780950546264648;0.23776536489107758;0.99492687000443;0.800000011920929;0.800000011920929;0.800000011920929
lidar;17.0;44.0;24.93587303161621;24.90737533569336;9.722235679626465;0.2997407913208008;24.93055534362793;24.89969253540039;9.699198722839355;0.32460100445087964;0.9956372383280879;0.800000011920929;0.800000011920929;0.800000011920929
lidar;17.0;44.0;24.93560791015625;24.91248321533203;9.721083641052246;0.2993323802947998;24.936626434326172;24.913867950439453;9.725495338439941;0.29459764738225697;0.996995568479102;0.800000011920929;0.800000011920929;0.800000011920929
lidar;17.0;44.0;24.93534278869629;24.917579650878906;9.719934463500977;0.2990160584449768;24.935890197753906;24.91827964782715;9.722311019897461;0.29647805742491207;0.9980502127984883;0.800000011920929;0.800000011920929;0.800000011920929
lidar;17.0;44.0;24.935077667236328;24.922666549682617;9.71878719329834;0.2987913489341736;24.932165145874023;24.91919708251953;9.706171035766602;0.31219612071646513;0.9988007545413128;0.800000011920929;0.800000011920929;0.800000011920929
lidar;17.0;44.0;24.934812545776367;24.92774772644043;9.71764087677002;0.2986578643321991;24.91523551940918;24.906049728393555;9.632843971252441;0.38834921693570273;0.9992470145216527;0.800000011920929;0.800000011920929;0.800000011920929
lidar;17.0;44.0;24.934547424316406;24.93282699584961;9.716495513916016;0.2986155152320862;24.917776107788086;24.915613174438477;9.643851280212402;0.3751309897122498;0.9993889927586126;0.800000011920929;0.800000011920929;0.800000011920929
lidar;17.0;44.0;24.934314727783203;24.93793487548828;9.715489387512207;0.29851773381233215;24.929088592529297;24.93299674987793;9.692852973937988;0.32226883758803204;0.9997164607185905;0.800000011920929;0.800000011920929;0.800000011920929
lidar;17.0;44.0;24.934099197387695;24.94305419921875;9.714550018310547;0.29844141006469727;24.946205139160156;24.953516006469727;9.766987800598145;0.24361778036953657;0.9999725222578477;0.800000011920929;0.800000011920929;0.800000011920929
lidar;17.0;44.0;24.933881759643555;24.94817352294922;9.713611602783203;0.29845598340034485;24.934600830078125;24.9487361907959;9.716726303100586;0.29521002625000026;0.9999239444761834;0.800000011920929;0.800000011920929;0.800000011920929
lidar;17.0;44.0;24.933664321899414;24.95329475402832;9.712672233581543;0.2985613942146301;24.92937469482422;24.950273513793945;9.694087982177734;0.3178720790987907;0.9995707869475307;0.800000011920929;0.800000011920929;0.800000011920929
lidar;17.0;44.0;24.93347930908203;24.95844078063965;9.711864471435547;0.2986205518245697;24.928024291992188;24.955032348632812;9.688240051269531;0.3231048252784887;0.999372720763519;0.800000011920929;0.800000011920929;0.800000011920929
lidar;17.0;44.0;24.933317184448242;24.96360206604004;9.711166381835938;0.29865744709968567;24.93093490600586;24.962303161621094;9.700846672058105;0.30932782601736525;0.999249458289854;0.800000011920929;0.800000011920929;0.800000011920929
lidar;17.0;44.0;24.933156967163086;24.968769073486328;9.710467338562012;0.29878517985343933;24.94930648803711;24.976314544677734;9.780426025390625;0.22659119373449627;0.9988217949184908;0.800000011920929;0.800000011920929;0.800000011920929
lidar;17.0;44.0;24.933015823364258;24.973947525024414;9.709855079650879;0.29891452193260193;24.92616081237793;24.971281051635742;9.680164337158203;0.32950274720450706;0.9983890652839797;0.800000011920929;0.800000011920929;0.800000011920929
lidar;17.0;44.0;24.93291473388672;24.97914695739746;9.709424018859863;0.2989475429058075;24.928770065307617;24.97785758972168;9.691468238830566;0.31742060560828733;0.9982787370289272;0.800000011920929;0.800000011920929;0.800000011920929
lidar;17.0;44.0;24.932815551757812;24.98434829711914;9.708992958068848;0.29907163977622986;24.924739837646484;24.982465744018555;9.674007415771484;0.3350261640928548;0.9978641271516618;0.800000011920929;0.800000011920929;0.800000011920929
lidar;17.0;44.0;24.93275260925293;24.989561080932617;9.708722114562988;0.29912203550338745;24.933950424194336;24.98974609375;9.713907241821289;0.29379719176177554;0.9976961611006729;0.800000011920929;0.800000011920929;0.800000011920929
lidar;17.0;44.0;24.932720184326172;24.994779586791992;9.708576202392578;0.2991350293159485;24.941364288330078;24.995450973510742;9.746023178100586;0.26069703577738484;0.9976531862713165;0.800000011920929;0.800000011920929;0.800000011920929
lidar;17.0;44.0;24.93268585205078;25.0;9.708430290222168;0.2992391586303711;24.934446334838867;25.0;9.716055870056152;0.29141285693962793;0.9973062872611547;0.800000011920929;0.800000011920929;0.800000011920929
lidar;17.0;44.0;24.932720184326172;25.005220413208008;9.708576202392578;0.2991350293159485;24.920459747314453;25.00617218017578;9.655473709106445;0.3536429557167572;0.9976531862713165;0.800000011920929;0.800000011920929;0.800000011920929
lidar;17.0;44.0;24.93275260925293;25.010438919067383;9.708722114562988;0.29912206530570984;24.909517288208008;25.01404571533203;9.608071327209473;0.40248325630041276;0.9976961611006729;0.800000011920929;0.800000011920929;0.800000011920929
lidar;17.0;44.0;24.932815551757812;25.01565170288086;9.708992958068848;0.29907160997390747;24.913854598999023;25.020069122314453;9.62685775756836;0.3834824350134014;0.9978641271516618;0.800000011920929;0.800000011920929;0.800000011920929
lidar;17.0;44.0;24.93291473388672;25.02085304260254;9.709424018859863;0.29894745349884033;24.923431396484375;25.023801803588867;9.668343544006348;0.34121118056857247;0.9982787370289272;0.800000011920929;0.800000011920929;0.800000011920929
lidar;17.0;44.0;24.933015823364258;25.026052474975586;9.709855079650879;0.29891449213027954;24.920963287353516;25.030738830566406;9.657654762268066;0.35269204711068586;0.9983890652839797;0.800000011920929;0.800000011920929;0.800000011920929
lidar;17.0;44.0;24.933156967163086;25.031230926513672;9.710467338562012;0.29878512024879456;24.921154022216797;25.03683853149414;9.658480644226074;0.35243365046961317;0.9988217949184908;0.800000011920929;0.800000011920929;0.800000011920929
lidar;17.0;44.0;24.933317184448242;25.03639793395996;9.711166381835938;0.29865726828575134;24.943103790283203;25.031055450439453;9.753556251525879;0.2548253233597434;0.999249458289854;0.800000011920929;0.800000011920929;0.800000011920929
lidar;17.0;44.0;24.93347930908203;25.04155921936035;9.711864471435547;0.29862046241760254;24.928184509277344;25.04486846923828;9.68893051147461;0.32238972049918907;0.999372720763519;0.800000011920929;0.800000011920929;0.800000011920929
lidar;17.0;44.0;24.933664321899414;25.04670524597168;9.712672233581543;0.29856133460998535;24.91090965270996;25.062726974487305;9.614107131958008;0.4009803368113992;0.9995707869475307;0.800000011920929;0.800000011920929;0.800000011920929
lidar;17.0;44.0;24.933881759643555;25.05182647705078;9.713611602783203;0.2984558939933777;24.93568992614746;25.0504093170166;9.721445083618164;0.29029261736278045;0.9999239444761834;0.800000011920929;0.800000011920929;0.800000011920929
lidar;17.0;44.0;24.934099197387695;25.05694580078125;9.714550018310547;0.2984413206577301;24.94775390625;25.045146942138672;9.773694038391113;0.2366056939070494;0.9999725222578477;0.800000011920929;0.800000011920929;0.800000011920929
lidar;17.0;44.0;24.934314727783203;25.06206512451172;9.715489387512207;0.2985176742076874;24.933259963989258;25.06306266784668;9.710916519165039;0.30331581917367584;0.9997164607185905;0.800000011920929;0.800000011920929;0.800000011920929
lidar;17.0;44.0;24.934547424316406;25.06717300415039;9.716495513916016;0.2986154854297638;24.932710647583008;25.069059371948242;9.708537101745605;0.3069976670951978;0.9993889927586126;0.800000011920929;0.800000011920929;0.800000011920929
lidar;17.0;44.0;24.934812545776367;25.07225227355957;9.71764087677002;0.29865795373916626;24.941232681274414;25.065135955810547;9.745452880859375;0.26924028143430795;0.9992470145216527;0.800000011920929;0.800000011920929;0.800000011920929
lidar;17.0;44.0;24.935077667236328;25.077333450317383;9.718786239624023;0.29879140853881836;24.949663162231445;25.05995750427246;9.781967163085938;0.23166115747989557;0.9988007545413128;0.800000011920929;0.800000011920929;0.800000011920929
lidar;17.0;44.0;24.93534278869629;25.082420349121094;9.719934463500977;0.2990160584449768;24.932052612304688;25.086612701416016;9.705687522888184;0.3142264010233342;0.9980502127984883;0.800000011920929;0.800000011920929;0.800000011920929
lidar;17.0;44.0;24.93560791015625;25.08751678466797;9.721083641052246;0.2993324100971222;24.940092086791992;25.0814208984375;9.740509986877441;0.2784845438469549;0.996995568479102;0.800000011920929;0.800000011920929;0.800000011920929
lidar;17.0;44.0;24.93587303161621;25.09262466430664;9.722235679626465;0.299740731716156;24.938720703125;25.088512420654297;9.73456859588623;0.2864320945654106;0.9956372974201464;0.800000011920929;0.800000011920929;0.800000011920929
lidar;17.0;44.0;24.936243057250977;25.097591400146484;9.723840713500977;0.2997545003890991;24.9356746673584;25.098461151123047;9.7213773727417;0.3024281402977848;0.99492687000443;0.800000011920929;0.800000011920929;0.800000011920929
lidar;17.0;44.0;24.936737060546875;25.102359771728516;9.725975036621094;0.29928168654441833;24.93033790588379;25.112712860107422;9.698260307312012;0.32955109144672873;0.9964988231729774;0.800000011920929;0.800000011920929;0.800000011920929
lidar;17.0;44.0;24.937227249145508;25.10711669921875;9.728103637695312;0.29890120029449463;24.961986541748047;25.064868927001953;9.835343360900879;0.18101037941644507;0.9977673889994844;0.800000011920929;0.800000011920929;0.800000011920929
lidar;17.0;44.0;24.93771743774414;25.111862182617188;9.73022747039795;0.2986125349998474;24.943986892700195;25.100605010986328;9.757375717163086;0.2685617587867794;0.9987320303760352;0.800000011920929;0.800000011920929;0.800000011920929
lidar;17.0;44.0;24.938207626342773;25.116600036621094;9.73234748840332;0.29841530323028564;24.943212509155273;25.10715675354004;9.754026412963867;0.2742449109526501;0.9993923903140169;0.800000011920929;0.800000011920929;0.800000011920929
lidar;17.0;44.0;24.938695907592773;25.121334075927734;9.734465599060059;0.2983090579509735;24.91856575012207;25.161174774169922;9.647273063659668;0.3962638867552578;0.9997483491986532;0.800000011920929;0.800000011920929;0.800000011920929
lidar;17.0;44.0;24.939186096191406;25.12606430053711;9.73658275604248;0.29829370975494385;24.93890380859375;25.126649856567383;9.735359191894531;0.2996799394381838;0.9997997879930698;0.800000011920929;0.800000011920929;0.800000011920929
lidar;17.0;44.0;24.939674377441406;25.130796432495117;9.738700866699219;0.2983693480491638;24.941659927368164;25.12649154663086;9.747300148010254;0.2885498902330126;0.9995466470604133;0.800000011920929;0.800000011920929;0.800000011920929
lidar;17.0;44.0;24.94016456604004;25.13553237915039;9.740819931030273;0.29853591322898865;24.95058250427246;25.1119327545166;9.78594970703125;0.2465536847066552;0.9989890456418619;0.800000011920929;0.800000011920929;0.800000011920929
lidar;17.0;44.0;24.94065284729004;25.140275955200195;9.742942810058594;0.298793762922287;24.94397735595703;25.13241958618164;9.757338523864746;0.28206010963095396;0.998127222067819;0.800000011920929;0.800000011920929;0.800000011920929
lidar;17.0;44.0;24.941165924072266;25.144977569580078;9.745158195495605;0.29903870820999146;24.93535804748535;25.159284591674805;9.720008850097656;0.3285494795583326;0.9973098634469384;0.800000011920929;0.800000011920929;0.800000011920929
lidar;17.0;44.0;24.94169807434082;25.149633407592773;9.747468948364258;0.2992682158946991;24.956073760986328;25.112741470336914;9.809731483459473;0.2254823108354687;0.9965451953242241;0.800000011920929;0.800000011920929;0.800000011920929
lidar;17.0;44.0;24.942232131958008;25.154300689697266;9.749783515930176;0.29958951473236084;24.920244216918945;25.213031768798828;9.654542922973633;0.41362329805889353;0.9954768418476737;0.800000011920929;0.800000011920929;0.800000011920929
lidar;17.0;44.0;24.942890167236328;25.15863800048828;9.752633094787598;0.2993617355823517;24.951427459716797;25.134925842285156;9.789608001708984;0.2546156282106816;0.9953662158878642;0.800000011920929;0.800000011920929;0.800000011920929
lidar;17.0;44.0;24.9436092376709;25.16279411315918;9.755743026733398;0.2989043593406677;24.950769424438477;25.142120361328125;9.786762237548828;0.2609448642671923;0.9968891143454036;0.800000011920929;0.800000011920929;0.800000011920929
lidar;17.0;44.0;24.944324493408203;25.166940689086914;9.758843421936035;0.29853925108909607;24.942977905273438;25.17098045349121;9.753006935119629;0.30576442678510746;0.9981082677273205;0.800000011920929;0.800000011920929;0.800000011920929
lidar;17.0;44.0;24.945039749145508;25.171077728271484;9.761937141418457;0.29826581478118896;24.94941520690918;25.157455444335938;9.780893325805664;0.27451621654032243;0.9990234374755878;0.800000011920929;0.800000011920929;0.800000011920929
lidar;17.0;44.0;24.945751190185547;25.175209045410156;9.765026092529297;0.29808348417282104;24.945541381835938;25.17588996887207;9.764113426208496;0.2992411663197202;0.9996342659222472;0.800000011920929;0.800000011920929;0.800000011920929
lidar;17.0;44.0;24.94646453857422;25.179336547851562;9.768112182617188;0.29799219965934753;24.95709991455078;25.143709182739258;9.814178466796875;0.2387933031101071;0.9999405741659602;0.800000011920929;0.800000011920929;0.800000011920929
lidar;17.0;44.0;24.94717788696289;25.183462142944336;9.771198272705078;0.29799166321754456;24.952959060668945;25.163381576538086;9.796241760253906;0.26537491827203585;0.99994230270845;0.800000011920929;0.800000011920929;0.800000011920929
lidar;17.0;44.0;24.94788932800293;25.187589645385742;9.774284362792969;0.2980819344520569;24.954185485839844;25.1649227142334;9.801556587219238;0.2620655138321278;0.9996394514829018;0.800000011920929;0.800000011920929;0.800000011920929
lidar;17.0;44.0;24.9486026763916;25.19171905517578;9.777373313903809;0.29826316237449646;24.94171714782715;25.217403411865234;9.747550964355469;0.3382181114964474;0.9990320801385952;0.800000011920929;0.800000011920929;0.800000011920929
lidar;17.0;44.0;24.949316024780273;25.19585609436035;9.78046703338623;0.29853564500808716;24.951993942260742;25.185508728027344;9.792065620422363;0.2827624640154722;0.9981204272415343;0.800000011920929;0.800000011920929;0.800000011920929
lidar;17.0;44.0;24.95003318786621;25.200002670288086;9.783567428588867;0.2988996207714081;24.937694549560547;25.249387741088867;9.730125427246094;0.3727038361365504;0.9969047309328443;0.800000011920929;0.800000011920929;0.800000011920929
lidar;17.0;44.0;24.95075035095215;25.204160690307617;9.786676406860352;0.29935595393180847;24.937301635742188;25.259910583496094;9.728424072265625;0.38110055869092657;0.9953852889307194;0.800000011920929;0.800000011920929;0.800000011920929
lidar;17.0;44.0;24.951566696166992;25.207918167114258;9.790212631225586;0.29931068420410156;24.934263229370117;25.282203674316406;9.715258598327637;0.4062491890102826;0.9945983883149139;0.800000011920929;0.800000011920929;0.800000011920929
lidar;17.0;44.0;24.95244026184082;25.21141815185547;9.794001579284668;0.2989896535873413;24.957874298095703;25.1872615814209;9.817537307739258;0.26482824889303846;0.9956662654670445;0.800000011920929;0.800000011920929;0.800000011920929
lidar;17.0;44.0;24.948898315429688;24.788768768310547;9.795042991638184;0.29872700572013855;24.93956184387207;24.750173568725586;9.75759506225586;0.35330775756651983;0.9965416190473875;0.800000011920929;0.800000011920929;0.800000011920929
lidar;17.0;44.0;24.947959899902344;24.792266845703125;9.791275978088379;0.29904282093048096;24.932209014892578;24.729394912719727;9.728103637695312;0.3895514337394308;0.9954890608100924;0.800000011920929;0.800000011920929;0.800000011920929
lidar;17.0;44.0;24.94703483581543;24.79583740234375;9.787567138671875;0.29935789108276367;24.936538696289062;24.75537872314453;9.745469093322754;0.3586821236020327;0.9953784944109842;0.800000011920929;0.800000011920929;0.800000011920929
lidar;17.0;44.0;24.94626235961914;24.79999542236328;9.784470558166504;0.29890164732933044;24.946374893188477;24.800413131713867;9.784920692443848;0.29827809904003394;0.9968978761258794;0.800000011920929;0.800000011920929;0.800000011920929
lidar;17.0;44.0;24.945491790771484;24.804141998291016;9.781383514404297;0.2985377013683319;24.94355583190918;24.797182083129883;9.773615837097168;0.30914450290067863;0.9981134533895065;0.800000011920929;0.800000011920929;0.800000011920929
lidar;17.0;44.0;24.944725036621094;24.808279037475586;9.778302192687988;0.2982653081417084;24.94773292541504;24.81871223449707;9.79036808013916;0.282032399102202;0.9990250468896553;0.800000011920929;0.800000011920929;0.800000011920929
lidar;17.0;44.0;24.943958282470703;24.812410354614258;9.775226593017578;0.2980841398239136;24.955598831176758;24.851377487182617;9.821918487548828;0.2361625268559298;0.9996323585290519;0.800000011920929;0.800000011920929;0.800000011920929
lidar;17.0;44.0;24.943191528320312;24.81653594970703;9.7721529006958;0.29799389839172363;24.933195114135742;24.784257888793945;9.732064247131348;0.3504242350592631;0.9999350905416204;0.800000011920929;0.800000011920929;0.800000011920929
lidar;17.0;44.0;24.942424774169922;24.820663452148438;9.76908016204834;0.2979945242404938;24.930410385131836;24.78323745727539;9.720890045166016;0.36018216781757484;0.9999333024072186;0.800000011920929;0.800000011920929;0.800000011920929
lidar;17.0;44.0;24.941659927368164;24.82478904724121;9.766007423400879;0.2980858385562897;24.940401077270508;24.821012496948242;9.76096248626709;0.30451225616232774;0.9996269345458831;0.800000011920929;0.800000011920929;0.800000011920929
lidar;17.0;44.0;24.94089126586914;24.828920364379883;9.762930870056152;0.29826804995536804;24.951190948486328;24.85873031616211;9.804239273071289;0.2462960947864546;0.9990159868814524;0.800000011920929;0.800000011920929;0.800000011920929
lidar;17.0;44.0;24.94012451171875;24.833057403564453;9.759849548339844;0.29854151606559753;24.93208885192871;24.81065559387207;9.72762393951416;0.338603212856629;0.9981007576081133;0.800000011920929;0.800000011920929;0.800000011920929
lidar;17.0;44.0;24.939353942871094;24.837203979492188;9.756762504577637;0.2989066541194916;24.941377639770508;24.842636108398438;9.764878273010254;0.2889325055897643;0.9968815444536601;0.800000011920929;0.800000011920929;0.800000011920929
lidar;17.0;44.0;24.938581466674805;24.84136199951172;9.753665924072266;0.2993640601634979;24.948749542236328;24.867626190185547;9.794449806213379;0.24980081895411865;0.9953585864379264;0.800000011920929;0.800000011920929;0.800000011920929
lidar;17.0;44.0;24.937807083129883;24.84553337097168;9.75055980682373;0.2999142110347748;24.954301834106445;24.886497497558594;9.816710472106934;0.2203776798394676;0.9935324786389257;0.800000011920929;0.800000011920929;0.800000011920929
lidar;17.0;44.0;24.937244415283203;24.85023307800293;9.74830150604248;0.29953381419181824;24.940324783325195;24.857582092285156;9.760653495788574;0.28483485248974416;0.9956613181995437;0.800000011920929;0.800000011920929;0.800000011920929
lidar;17.0;44.0;24.936716079711914;24.854997634887695;9.74617862701416;0.29909181594848633;24.92879295349121;24.83684539794922;9.714405059814453;0.33653240510216553;0.9971325991166403;0.800000011920929;0.800000011920929;0.800000011920929
lidar;17.0;44.0;24.936187744140625;24.85974884033203;9.744061470031738;0.29874199628829956;24.9296817779541;24.8454532623291;9.717972755432129;0.32919443783929775;0.9983001946648717;0.800000011920929;0.800000011920929;0.800000011920929
lidar;17.0;44.0;24.93566131591797;24.864490509033203;9.741949081420898;0.29848378896713257;24.93988609313965;24.873390197753906;9.758894920349121;0.27888289866224275;0.9991636276804928;0.800000011920929;0.800000011920929;0.800000011920929
lidar;17.0;44.0;24.935134887695312;24.869226455688477;9.739839553833008;0.2983168661594391;24.922752380371094;24.844261169433594;9.690174102783203;0.35526622233370536;0.9997227787999813;0.800000011920929;0.800000011920929;0.800000011920929
lidar;17.0;44.0;24.934608459472656;24.873958587646484;9.737730979919434;0.29824092984199524;24.938791275024414;24.882017135620117;9.754502296447754;0.2791693773031269;0.9999774098409598;0.800000011920929;0.800000011920929;0.800000011920929
lidar;17.0;44.0;24.934083938598633;24.87868881225586;9.735623359680176;0.2982558012008667;24.92586326599121;24.863561630249023;9.702655792236328;0.33544848825067575;0.9999274015472301;0.800000011920929;0.800000011920929;0.800000011920929
lidar;17.0;44.0;24.933557510375977;24.883420944213867;9.733514785766602;0.29836151003837585;24.92405128479004;24.866741180419922;9.695387840270996;0.34104884284183823;0.9995728135378252;0.800000011920929;0.800000011920929;0.800000011920929
lidar;17.0;44.0;24.93303108215332;24.888158798217773;9.731404304504395;0.2985583245754242;24.923532485961914;24.87229347229004;9.693304061889648;0.3409085740458008;0.9989137054233463;0.800000011920929;0.800000011920929;0.800000011920929
lidar;17.0;44.0;24.932504653930664;24.892902374267578;9.729290008544922;0.2988464832305908;24.96125602722168;24.93852424621582;9.844608306884766;0.17154251064915418;0.9979503155097118;0.800000011920929;0.800000011920929;0.800000011920929
lidar;17.0;44.0;24.931976318359375;24.897659301757812;9.727170944213867;0.29922643303871155;24.925355911254883;24.887699127197266;9.700620651245117;0.32834645142910013;0.9966830015299433;0.800000011920929;0.800000011920929;0.800000011920929
lidar;17.0;44.0;24.93150520324707;24.90251350402832;9.725285530090332;0.2994386851787567;24.923437118530273;24.891027450561523;9.69292163848877;0.33471476405881767;0.9959762099343961;0.800000011920929;0.800000011920929;0.800000011920929
lidar;17.0;44.0;24.931041717529297;24.90738296508789;9.723421096801758;0.29971471428871155;24.940332412719727;24.919862747192383;9.760690689086914;0.2593282775754568;0.9950584172020197;0.800000011920929;0.800000011920929;0.800000011920929
lidar;17.0;44.0;24.93069839477539;24.91242027282715;9.722047805786133;0.2995501458644867;24.924854278564453;24.905033111572266;9.698604583740234;0.3248151250095414;0.9962704184585393;0.800000011920929;0.800000011920929;0.800000011920929
lidar;17.0;44.0;24.93041229248047;24.91752052307129;9.720901489257812;0.2992345094680786;24.944822311401367;24.934598922729492;9.778696060180664;0.23727057782296912;0.997321367486822;0.800000011920929;0.800000011920929;0.800000011920929
lidar;17.0;44.0;24.93012809753418;24.922609329223633;9.719757080078125;0.2990105152130127;24.934741973876953;24.92772102355957;9.738262176513672;0.27926655073454687;0.9980683327724225;0.800000011920929;0.800000011920929;0.800000011920929
lidar;17.0;44.0;24.929841995239258;24.92769432067871;9.71861457824707;0.29887786507606506;24.933813095092773;24.931785583496094;9.734536170959473;0.2819659938298594;0.9985113739385871;0.800000011920929;0.800000011920929;0.800000011920929
lidar;17.0;44.0;24.929588317871094;24.93280601501465;9.717595100402832;0.29870617389678955;24.921476364135742;24.925064086914062;9.685056686401367;0.33312297828230686;0.999085545568135;0.800000011920929;0.800000011920929;0.800000011920929
lidar;17.0;44.0;24.92935562133789;24.937929153442383;9.716658592224121;0.29853886365890503;24.916152954101562;24.92633056640625;9.663705825805664;0.35433274366542683;0.9996457695852431;0.800000011920929;0.800000011920929;0.800000011920929
lidar;17.0;44.0;24.929122924804688;24.943050384521484;9.715723991394043;0.29846253991127014;24.946720123291016;24.957189559936523;9.78630542755127;0.22435827777387574;0.9999015331251099;0.800000011920929;0.800000011920929;0.800000011920929
lidar;17.0;44.0;24.92888832092285;24.948169708251953;9.714788436889648;0.2984771728515625;24.9290828704834;24.94831085205078;9.715566635131836;0.297662861480098;0.999852716916195;0.800000011920929;0.800000011920929;0.800000011920929
lidar;17.0;44.0;24.928667068481445;24.953298568725586;9.713896751403809;0.298537015914917;24.950544357299805;24.967620849609375;9.801642417907715;0.20697791556955086;0.9996524453314113;0.800000011920929;0.800000011920929;0.800000011920929
lidar;17.0;44.0;24.92849349975586;24.958459854125977;9.713202476501465;0.2984825372695923;24.915328979492188;24.9508113861084;9.660406112670898;0.353429777597589;0.9998347759193755;0.800000011920929;0.800000011920929;0.800000011920929
lidar;17.0;44.0;24.928319931030273;24.963619232177734;9.712507247924805;0.2985190451145172;24.929824829101562;24.964384078979492;9.718544960021973;0.2922498429235178;0.9997125863987341;0.800000011920929;0.800000011920929;0.800000011920929
lidar;17.0;44.0;24.928146362304688;24.968782424926758;9.711812019348145;0.29864636063575745;24.92314338684082;24.96660804748535;9.691741943359375;0.31944442362488634;0.9992858171322211;0.800000011920929;0.800000011920929;0.800000011920929
lidar;17.0;44.0;24.928020477294922;24.973970413208008;9.711309432983398;0.2986648380756378;24.908401489257812;24.966873168945312;9.632616996765137;0.3800761111250338;0.999223768664119;0.800000011920929;0.800000011920929;0.800000011920929
lidar;17.0;44.0;24.927913665771484;24.979164123535156;9.710881233215332;0.29869747161865234;24.92955780029297;24.979639053344727;9.717472076416016;0.2918884873746864;0.999114513383609;0.800000011920929;0.800000011920929;0.800000011920929
lidar;17.0;44.0;24.927806854248047;24.98436164855957;9.71045207977295;0.2988210916519165;24.93256378173828;24.98539161682129;9.729527473449707;0.2791348140331435;0.9987008571312146;0.800000011920929;0.800000011920929;0.800000011920929
lidar;17.0;44.0;24.927753448486328;24.989572525024414;9.710238456726074;0.2988146245479584;24.929174423217773;24.989776611328125;9.715934753417969;0.29293986957800616;0.9987226724242858;0.800000011920929;0.800000011920929;0.800000011920929
lidar;17.0;44.0;24.927719116210938;24.99478530883789;9.71009349822998;0.2988274097442627;24.927465438842773;24.994766235351562;9.709074974060059;0.2998769298077322;0.9986800551223872;0.800000011920929;0.800000011920929;0.800000011920929
lidar;17.0;44.0;24.92768096923828;25.0;9.709948539733887;0.2989313006401062;24.932889938354492;25.0;9.730836868286133;0.27740316062701154;0.9983333945197235;0.800000011920929;0.800000011920929;0.800000011920929
lidar;17.0;44.0;24.927719116210938;25.00521469116211;9.71009349822998;0.29882749915122986;24.922290802001953;25.00560760498047;9.688322067260742;0.32126874129513977;0.9986800551223872;0.800000011920929;0.800000011920929;0.800000011920929
lidar;17.0;44.0;24.927753448486328;25.010427474975586;9.710238456726074;0.2988146245479584;24.91564178466797;25.012176513671875;9.661660194396973;0.3489098166544796;0.9987226724242858;0.800000011920929;0.800000011920929;0.800000011920929
lidar;17.0;44.0;24.927806854248047;25.01563835144043;9.710453033447266;0.2988210618495941;24.934139251708984;25.014266967773438;9.735844612121582;0.2726158503849066;0.9987008571312146;0.800000011920929;0.800000011920929;0.800000011920929
lidar;17.0;44.0;24.927913665771484;25.020835876464844;9.710881233215332;0.2986973524093628;24.945005416870117;25.01589584350586;9.779427528381348;0.22788011457875673;0.999114513383609;0.800000011920929;0.800000011920929;0.800000011920929
lidar;17.0;44.0;24.928020477294922;25.026029586791992;9.711309432983398;0.29866480827331543;24.93629264831543;25.023038864135742;9.744483947753906;0.2643437253717384;0.999223768664119;0.800000011920929;0.800000011920929;0.800000011920929
lidar;17.0;44.0;24.928146362304688;25.031217575073242;9.711812019348145;0.29864633083343506;24.935516357421875;25.02801513671875;9.741371154785156;0.26801469375190795;0.9992858171322211;0.800000011920929;0.800000011920929;0.800000011920929
lidar;17.0;44.0;24.928319931030273;25.036380767822266;9.712507247924805;0.2985188961029053;24.915477752685547;25.042898178100586;9.660999298095703;0.3520023219952517;0.9997125863987341;0.800000011920929;0.800000011920929;0.800000011920929
lidar;17.0;44.0;24.92849349975586;25.041540145874023;9.713202476501465;0.29848238825798035;24.901304244995117;25.057336807250977;9.604150772094727;0.4119771061802324;0.9998347759193755;0.800000011920929;0.800000011920929;0.800000011920929
lidar;17.0;44.0;24.928667068481445;25.046701431274414;9.713896751403809;0.2985369563102722;24.912439346313477;25.05732536315918;9.64881420135498;0.3664483830679152;0.9996524453314113;0.800000011920929;0.800000011920929;0.800000011920929
lidar;17.0;44.0;24.92888832092285;25.051830291748047;9.714788436889648;0.2984771132469177;24.933338165283203;25.048587799072266;9.732633590698242;0.2798026336883297;0.999852716916195;0.800000011920929;0.800000011920929;0.800000011920929
lidar;17.0;44.0;24.929122924804688;25.056949615478516;9.715723991394043;0.29846248030662537;24.931177139282227;25.0552978515625;9.723965644836426;0.28980899633727986;0.9999015331251099;0.800000011920929;0.800000011920929;0.800000011920929
lidar;17.0;44.0;24.92935562133789;25.062070846557617;9.716659545898438;0.29853877425193787;24.915258407592773;25.0744571685791;9.660117149353027;0.358113899267617;0.9996457695852431;0.800000011920929;0.800000011920929;0.800000011920929
lidar;17.0;44.0;24.929588317871094;25.06719398498535;9.717595100402832;0.29870617389678955;24.92722511291504;25.06945037841797;9.708113670349121;0.3087347535760895;0.999085545568135;0.800000011920929;0.800000011920929;0.800000011920929
lidar;17.0;44.0;24.929841995239258;25.07230567932129;9.71861457824707;0.29887789487838745;24.953065872192383;25.048370361328125;9.811758995056152;0.19994269704433393;0.9985113739385871;0.800000011920929;0.800000011920929;0.800000011920929
lidar;17.0;44.0;24.93012809753418;25.077390670776367;9.719757080078125;0.29901057481765747;24.92502212524414;25.083045959472656;9.699277877807617;0.32086195282420815;0.9980683327724225;0.800000011920929;0.800000011920929;0.800000011920929
lidar;17.0;44.0;24.93041229248047;25.08247947692871;9.720901489257812;0.2992345094680786;24.942455291748047;25.068206787109375;9.769196510314941;0.2474550621481402;0.997321367486822;0.800000011920929;0.800000011920929;0.800000011920929
lidar;17.0;44.0;24.93069839477539;25.08757972717285;9.722047805786133;0.2995501458644867;24.918333053588867;25.103206634521484;9.672456741333008;0.3529949173626632;0.9962704184585393;0.800000011920929;0.800000011920929;0.800000011920929
lidar;17.0;44.0;24.931041717529297;25.09261703491211;9.723421096801758;0.29971471428871155;24.933332443237305;25.089540481567383;9.732611656188965;0.2897559202168801;0.995058358019664;0.800000011920929;0.800000011920929;0.800000011920929
lidar;17.0;44.0;24.93150520324707;25.09748649597168;9.725285530090332;0.2994386553764343;24.94364356994629;25.080211639404297;9.773968696594238;0.24637393834574883;0.9959761498406079;0.800000011920929;0.800000011920929;0.800000011920929
lidar;17.0;44.0;24.931976318359375;25.102340698242188;9.727170944213867;0.29922646284103394;24.93505859375;25.097705841064453;9.739531517028809;0.2856700439171765;0.9966830015299433;0.800000011920929;0.800000011920929;0.800000011920929
lidar;17.0;44.0;24.932504653930664;25.107097625732422;9.729290008544922;0.2988464832305908;24.920413970947266;25.12628173828125;9.680797576904297;0.35237898962197384;0.9979503155097118;0.800000011920929;0.800000011920929;0.800000011920929
lidar;17.0;44.0;24.93303108215332;25.111841201782227;9.731404304504395;0.2985582947731018;24.946340560913086;25.089614868164062;9.784782409667969;0.23922613362324818;0.9989137054233463;0.800000011920929;0.800000011920929;0.800000011920929
lidar;17.0;44.0;24.933557510375977;25.116579055786133;9.733514785766602;0.29836148023605347;24.93170738220215;25.119827270507812;9.726091384887695;0.3066728657344213;0.9995728135378252;0.800000011920929;0.800000011920929;0.800000011920929
lidar;17.0;44.0;24.934083938598633;25.12131118774414;9.735623359680176;0.2982557415962219;24.920442581176758;25.14641571044922;9.680912017822266;0.35997868886925444;0.9999273419348653;0.800000011920929;0.800000011920929;0.800000011920929
lidar;17.0;44.0;24.934608459472656;25.126041412353516;9.737730979919434;0.2982408404350281;24.914888381958008;25.16405487060547;9.658634185791016;0.38818686618310794;0.9999774098409598;0.800000011920929;0.800000011920929;0.800000011920929
lidar;17.0;44.0;24.935134887695312;25.130773544311523;9.739839553833008;0.2983168065547943;24.92906379699707;25.14301109313965;9.715493202209473;0.32623383894093594;0.9997227787999813;0.800000011920929;0.800000011920929;0.800000011920929
lidar;17.0;44.0;24.93566131591797;25.135509490966797;9.741949081420898;0.2984837591648102;24.938278198242188;25.12999725341797;9.752443313598633;0.2863447375320547;0.9991636872402813;0.800000011920929;0.800000011920929;0.800000011920929
lidar;17.0;44.0;24.936187744140625;25.14025115966797;9.744061470031738;0.2987419366836548;24.932796478271484;25.147705078125;9.73045825958252;0.3146201021561634;0.9983002543710076;0.800000011920929;0.800000011920929;0.800000011920929
lidar;17.0;44.0;24.936716079711914;25.145002365112305;9.74617862701416;0.2990918457508087;24.927095413208008;25.16704559326172;9.707594871520996;0.344557001193681;0.9971326588808774;0.800000011920929;0.800000011920929;0.800000011920929
lidar;17.0;44.0;24.937244415283203;25.14976692199707;9.74830150604248;0.29953381419181824;24.946149826049805;25.12851333618164;9.78402042388916;0.25702629966951396;0.9956613778219363;0.800000011920929;0.800000011920929;0.800000011920929
lidar;17.0;44.0;24.937807083129883;25.15446662902832;9.75055980682373;0.2999141812324524;24.927263259887695;25.1806583404541;9.708264350891113;0.35076774983395625;0.9935323593522819;0.800000011920929;0.800000011920929;0.800000011920929
lidar;17.0;44.0;24.938581466674805;25.15863800048828;9.753665924072266;0.29936397075653076;24.934303283691406;25.169689178466797;9.736505508422852;0.3202185324526807;0.995358467413364;0.800000011920929;0.800000011920929;0.800000011920929
lidar;17.0;44.0;24.939353942871094;25.162796020507812;9.756762504577637;0.2989065945148468;24.935470581054688;25.173221588134766;9.741185188293457;0.31804888732483017;0.9968814850710223;0.800000011920929;0.800000011920929;0.800000011920929
lidar;17.0;44.0;24.94012451171875;25.166942596435547;9.759849548339844;0.29854145646095276;24.940526962280273;25.16581916809082;9.761465072631836;0.29653336473610054;0.9981006979408984;0.800000011920929;0.800000011920929;0.800000011920929
lidar;17.0;44.0;24.94089126586914;25.171079635620117;9.762930870056152;0.2982679605484009;24.941625595092773;25.16895294189453;9.765877723693848;0.294560363985186;0.9990159272352939;0.800000011920929;0.800000011920929;0.800000011920929
lidar;17.0;44.0;24.941659927368164;25.17521095275879;9.766007423400879;0.29808568954467773;24.94752311706543;25.15760040283203;9.789525985717773;0.26812432954579357;0.999626874919002;0.800000011920929;0.800000011920929;0.800000011920929
lidar;17.0;44.0;24.942424774169922;25.179336547851562;9.76908016204834;0.29799431562423706;24.936805725097656;25.196842193603516;9.746541023254395;0.32708089754390357;0.9999333024072186;0.800000011920929;0.800000011920929;0.800000011920929
lidar;17.0;44.0;24.943191528320312;25.18346405029297;9.7721529006958;0.2979937493801117;24.932538986206055;25.217866897583008;9.729425430297852;0.35387513157218725;0.999935150141322;0.800000011920929;0.800000011920929;0.800000011920929
lidar;17.0;44.0;24.943958282470703;25.187589645385742;9.775226593017578;0.298084020614624;24.93782615661621;25.208110809326172;9.750638008117676;0.3306917279527998;0.9996323585290519;0.800000011920929;0.800000011920929;0.800000011920929
lidar;17.0;44.0;24.944725036621094;25.191720962524414;9.778302192687988;0.2982652485370636;24.935195922851562;25.224767684936523;9.74008846282959;0.34967698353974325;0.999025106423379;0.800000011920929;0.800000011920929;0.800000011920929
lidar;17.0;44.0;24.945491790771484;25.195858001708984;9.781383514404297;0.29853764176368713;24.946012496948242;25.193988800048828;9.783469200134277;0.2956889570178095;0.9981135130849301;0.800000011920929;0.800000011920929;0.800000011920929
lidar;17.0;44.0;24.94626235961914;25.20000457763672;9.784470558166504;0.29890161752700806;24.932096481323242;25.252729415893555;9.727653503417969;0.37769735559120576;0.9968979359388944;0.800000011920929;0.800000011920929;0.800000011920929
lidar;17.0;44.0;24.94703483581543;25.20416259765625;9.787567138671875;0.2993578612804413;24.949790954589844;25.19353675842285;9.798623085021973;0.2837784133576285;0.9953786131790836;0.800000011920929;0.800000011920929;0.800000011920929
lidar;17.0;44.0;24.947959899902344;25.207733154296875;9.791275978088379;0.29904279112815857;24.959428787231445;25.161949157714844;9.837278366088867;0.23313439661972749;0.9954891802727343;0.800000011920929;0.800000011920929;0.800000011920929
lidar;17.0;44.0;24.948898315429688;25.211231231689453;9.795042991638184;0.2987269461154938;24.942459106445312;25.237850189208984;9.76921558380127;0.336369940885519;0.9965417385340086;0.800000011920929;0.800000011920929;0.800000011920929
lidar;17.0;44.0;24.945369720458984;24.788923263549805;9.79611587524414;0.29850783944129944;24.942481994628906;24.777769088745117;9.7853422164917;0.31428144759584536;0.9972732663596383;0.800000011920929;0.800000011920929;0.800000011920929
lidar;17.0;44.0;24.944366455078125;24.792423248291016;9.79237174987793;0.2988193929195404;24.946380615234375;24.799936294555664;9.799887657165527;0.2880029276291035;0.996233343996436;0.800000011920929;0.800000011920929;0.800000011920929
lidar;17.0;44.0;24.943361282348633;24.795930862426758;9.788619041442871;0.29922279715538025;24.948379516601562;24.81401824951172;9.807353973388672;0.2727024086141713;0.9948900343882452;0.800000011920929;0.800000011920929;0.800000011920929
lidar;17.0;44.0;24.9424991607666;24.799959182739258;9.785401344299316;0.298957496881485;24.957212448120117;24.85114860534668;9.840316772460938;0.22245542872975224;0.9967115519747801;0.800000011920929;0.800000011920929;0.800000011920929
lidar;17.0;44.0;24.941675186157227;24.80410385131836;9.782326698303223;0.29859423637390137;24.948997497558594;24.828702926635742;9.809659957885742;0.26110023698557694;0.9979242684053835;0.800000011920929;0.800000011920929;0.800000011920929
lidar;17.0;44.0;24.940853118896484;24.808242797851562;9.779258728027344;0.2983226180076599;24.945680618286133;24.823896408081055;9.797279357910156;0.27396873633709196;0.9988330005729233;0.800000011920929;0.800000011920929;0.800000011920929
lidar;17.0;44.0;24.940031051635742;24.8123722076416;9.77619457244873;0.2981421947479248;24.921825408935547;24.75541114807129;9.708250045776367;0.388655533134261;0.999437510994619;0.800000011920929;0.800000011920929;0.800000011920929
lidar;17.0;44.0;24.939210891723633;24.816499710083008;9.773134231567383;0.2980527877807617;24.924428939819336;24.771879196166992;9.717968940734863;0.3705283466517191;0.999737501155198;0.800000011920929;0.800000011920929;0.800000011920929
lidar;17.0;44.0;24.938392639160156;24.820627212524414;9.770073890686035;0.2980540990829468;24.959686279296875;24.88262367248535;9.849544525146484;0.19503578108617795;0.9997330903901144;0.800000011920929;0.800000011920929;0.800000011920929
lidar;17.0;44.0;24.937572479248047;24.82475471496582;9.767013549804688;0.29814624786376953;24.952342987060547;24.86621856689453;9.82214069366455;0.22760167630297545;0.9994240403134422;0.800000011920929;0.800000011920929;0.800000011920929
lidar;17.0;44.0;24.936750411987305;24.828886032104492;9.763949394226074;0.29832929372787476;24.921140670776367;24.78665542602539;9.705695152282715;0.371953452286061;0.9988105893380173;0.800000011920929;0.800000011920929;0.800000011920929
lidar;17.0;44.0;24.935928344726562;24.833023071289062;9.760881423950195;0.29860368371009827;24.9367733001709;24.83522605895996;9.764037132263184;0.29466273234015294;0.9978929161674365;0.800000011920929;0.800000011920929;0.800000011920929
lidar;17.0;44.0;24.935104370117188;24.837169647216797;9.757806777954102;0.2989695966243744;24.94599151611328;24.864484786987305;9.798437118530273;0.24881477074628058;0.9966712596784233;0.800000011920929;0.800000011920929;0.800000011920929
lidar;17.0;44.0;24.93427848815918;24.841327667236328;9.754722595214844;0.29942786693573;24.92189598083496;24.811433792114258;9.708514213562012;0.3558388764793823;0.9951459767248632;0.800000011920929;0.800000011920929;0.800000011920929
lidar;17.0;44.0;24.933515548706055;24.845651626586914;9.751873970031738;0.29968300461769104;24.92792320251465;24.832670211791992;9.731005668640137;0.32488777395301127;0.9942988160050892;0.800000011920929;0.800000011920929;0.800000011920929
lidar;17.0;44.0;24.932857513427734;24.850221633911133;9.749417304992676;0.2995549738407135;24.95142364501953;24.89164161682129;9.81871223449707;0.21671722096746704;0.9955912827741903;0.800000011920929;0.800000011920929;0.800000011920929
lidar;17.0;44.0;24.93229103088379;24.8549861907959;9.74730396270752;0.29911312460899353;24.922191619873047;24.833356857299805;9.709612846374512;0.3437273405819836;0.9970619082156226;0.800000011920929;0.800000011920929;0.800000011920929
lidar;17.0;44.0;24.931726455688477;24.859739303588867;9.745196342468262;0.2987633943557739;24.939441680908203;24.875593185424805;9.773995399475098;0.26499523811448844;0.9982288480676851;0.800000011920929;0.800000011920929;0.800000011920929
lidar;17.0;44.0;24.931161880493164;24.86448097229004;9.74309253692627;0.29850539565086365;24.907102584838867;24.817115783691406;9.653302192687988;0.40283490432390556;0.999091625283645;0.800000011920929;0.800000011920929;0.800000011920929
lidar;17.0;44.0;24.930599212646484;24.869216918945312;9.740991592407227;0.2983386516571045;24.89633560180664;24.80464744567871;9.613117218017578;0.4456307623354213;0.9996501207428348;0.800000011920929;0.800000011920929;0.800000011920929
lidar;17.0;44.0;24.930036544799805;24.87394905090332;9.738892555236816;0.2982628047466278;24.91595458984375;24.84857749938965;9.6863374710083;0.3582967602279754;0.9999040961294245;0.800000011920929;0.800000011920929;0.800000011920929
lidar;17.0;44.0;24.929473876953125;24.878679275512695;9.736794471740723;0.2982778549194336;24.91291046142578;24.850187301635742;9.674980163574219;0.3683291392961574;0.9998534917720927;0.800000011920929;0.800000011920929;0.800000011920929
lidar;17.0;44.0;24.928911209106445;24.883411407470703;9.734695434570312;0.29838380217552185;24.909469604492188;24.851526260375977;9.662137031555176;0.37998938841072244;0.9994983673104825;0.800000011920929;0.800000011920929;0.800000011920929
lidar;17.0;44.0;24.928348541259766;24.88814926147461;9.732593536376953;0.2985807955265045;24.938751220703125;24.904388427734375;9.771415710449219;0.2552331232236588;0.9988387823806663;0.800000011920929;0.800000011920929;0.800000011920929
lidar;17.0;44.0;24.927797317504883;24.892913818359375;9.730534553527832;0.2988188862800598;24.91768455505371;24.877914428710938;9.692792892456055;0.340671349502017;0.9980425836438053;0.800000011920929;0.800000011920929;0.800000011920929
lidar;17.0;44.0;24.92730140686035;24.89776611328125;9.728687286376953;0.2989097535610199;24.92081642150879;24.88864517211914;9.704480171203613;0.3255794633118764;0.9977391363519736;0.800000011920929;0.800000011920929;0.800000011920929
lidar;17.0;44.0;24.926807403564453;24.902626037597656;9.726839065551758;0.29909172654151917;24.932899475097656;24.91073226928711;9.749580383300781;0.2741920136214412;0.9971318841528309;0.800000011920929;0.800000011920929;0.800000011920929
lidar;17.0;44.0;24.926311492919922;24.90749168395996;9.724987983703613;0.2993650436401367;24.93105125427246;24.913442611694336;9.742679595947266;0.2801069020797918;0.9962208867153521;0.800000011920929;0.800000011920929;0.800000011920929
lidar;17.0;44.0;24.925813674926758;24.91236686706543;9.723133087158203;0.2997303009033203;24.95655632019043;24.948680877685547;9.837864875793457;0.1755237613295474;0.995006322709752;0.800000011920929;0.800000011920929;0.800000011920929
lidar;17.0;44.0;24.92547607421875;24.917436599731445;9.72187614440918;0.29953891038894653;24.923873901367188;24.915660858154297;9.715893745422363;0.30598162840619364;0.9963076713203994;0.800000011920929;0.800000011920929;0.800000011920929
lidar;17.0;44.0;24.9251708984375;24.922531127929688;9.720734596252441;0.2993159592151642;24.904882431030273;24.901525497436523;9.645013809204102;0.3804727032995424;0.9970496891242908;0.800000011920929;0.800000011920929;0.800000011920929
lidar;17.0;44.0;24.924894332885742;24.92764663696289;9.719698905944824;0.29907292127609253;24.934480667114258;24.93688201904297;9.755476951599121;0.26089868259960214;0.9978603126489916;0.800000011920929;0.800000011920929;0.800000011920929
lidar;17.0;44.0;24.92464256286621;24.932781219482422;9.718765258789062;0.29881444573402405;24.911710739135742;24.921245574951172;9.670500755310059;0.35009567430745386;0.9987233877842397;0.800000011920929;0.800000011920929;0.800000011920929
lidar;17.0;44.0;24.924394607543945;24.937908172607422;9.717832565307617;0.2986474335193634;24.91722297668457;24.932018280029297;9.691068649291992;0.32697399297759944;0.9992823005265625;0.800000011920929;0.800000011920929;0.800000011920929
lidar;17.0;44.0;24.924142837524414;24.943029403686523;9.716900825500488;0.29857146739959717;24.927011489868164;24.94518280029297;9.727602005004883;0.28728512319636723;0.9995366930845339;0.800000011920929;0.800000011920929;0.800000011920929
lidar;17.0;44.0;24.92389488220215;24.948150634765625;9.71596908569336;0.2985864281654358;24.92878532409668;24.95148277282715;9.734221458435059;0.27939913239352016;0.9994867443730312;0.800000011920929;0.800000011920929;0.800000011920929
lidar;17.0;44.0;24.923696517944336;24.953306198120117;9.715231895446777;0.2984882891178131;24.916423797607422;24.948854446411133;9.688087463378906;0.3269412841382589;0.9998154044235459;0.800000011920929;0.800000011920929;0.800000011920929
lidar;17.0;44.0;24.923511505126953;24.958465576171875;9.714540481567383;0.29843375086784363;24.909543991088867;24.950881958007812;9.662410736083984;0.3529330384009509;0.9999981522559904;0.800000011920929;0.800000011920929;0.800000011920929
lidar;17.0;44.0;24.92332649230957;24.963624954223633;9.713849067687988;0.29847007989883423;24.916385650634766;24.9603328704834;9.687944412231445;0.3254899475264704;0.9998763203612225;0.800000011920929;0.800000011920929;0.800000011920929
lidar;17.0;44.0;24.92314910888672;24.968791961669922;9.713189125061035;0.2985643148422241;24.931562423706055;24.97220802307129;9.744585990905762;0.2658801797627873;0.999560236930582;0.800000011920929;0.800000011920929;0.800000011920929
lidar;17.0;44.0;24.92303466796875;24.973983764648438;9.712762832641602;0.2985057532787323;24.934043884277344;24.977705001831055;9.753849983215332;0.2558070243582059;0.9997562765885707;0.800000011920929;0.800000011920929;0.800000011920929
lidar;17.0;44.0;24.92292022705078;24.979175567626953;9.712336540222168;0.2985381782054901;24.906646728515625;24.974777221679688;9.651603698730469;0.36156752732222885;0.9996477365514673;0.800000011920929;0.800000011920929;0.800000011920929
lidar;17.0;44.0;24.922805786132812;24.9843692779541;9.711910247802734;0.298661470413208;24.926406860351562;24.985097885131836;9.72534465789795;0.28473448505804727;0.9992346763799445;0.800000011920929;0.800000011920929;0.800000011920929
lidar;17.0;44.0;24.92276382446289;24.989580154418945;9.711751937866211;0.29859864711761475;24.897212982177734;24.98613166809082;9.6163911819458;0.39738327009457597;0.999445140366286;0.800000011920929;0.800000011920929;0.800000011920929
lidar;17.0;44.0;24.922725677490234;24.994789123535156;9.711607933044434;0.29861128330230713;24.90168571472168;24.993370056152344;9.633087158203125;0.37991428222938495;0.9994029403004401;0.800000011920929;0.800000011920929;0.800000011920929
lidar;17.0;44.0;24.922687530517578;25.0;9.711463928222656;0.2987149655818939;24.91205596923828;25.0;9.67179012298584;0.33978797580976444;0.9990563392437225;0.800000011920929;0.800000011920929;0.800000011920929
lidar;17.0;44.0;24.922725677490234;25.005210876464844;9.711607933044434;0.2986113429069519;24.90705680847168;25.006267547607422;9.653133392333984;0.35915770205006275;0.9994029403004401;0.800000011920929;0.800000011920929;0.800000011920929
lidar;17.0;44.0;24.92276382446289;25.010419845581055;9.711751937866211;0.29859867691993713;24.925302505493164;25.01007843017578;9.721221923828125;0.2887883310519226;0.999445140366286;0.800000011920929;0.800000011920929;0.800000011920929
lidar;17.0;44.0;24.922805786132812;25.0156307220459;9.711910247802734;0.2986615002155304;24.939132690429688;25.012325286865234;9.77284049987793;0.2354951618098594;0.9992346763799445;0.800000011920929;0.800000011920929;0.800000011920929
lidar;17.0;44.0;24.92292022705078;25.020824432373047;9.712336540222168;0.29853808879852295;24.926546096801758;25.019845962524414;9.725868225097656;0.28449489568171377;0.9996477365514673;0.800000011920929;0.800000011920929;0.800000011920929
lidar;17.0;44.0;24.92303466796875;25.026016235351562;9.712762832641602;0.29850566387176514;24.943119049072266;25.019227981567383;9.787715911865234;0.22061162164928128;0.9997562765885707;0.800000011920929;0.800000011920929;0.800000011920929
lidar;17.0;44.0;24.92314910888672;25.031208038330078;9.713189125061035;0.2985643446445465;24.926244735717773;25.029951095581055;9.724742889404297;0.2865367102516772;0.999560236930582;0.800000011920929;0.800000011920929;0.800000011920929
lidar;17.0;44.0;24.92332649230957;25.036375045776367;9.713849067687988;0.29846999049186707;24.928382873535156;25.03397560119629;9.732717514038086;0.2787894007397477;0.9998763203612225;0.800000011920929;0.800000011920929;0.800000011920929
lidar;17.0;44.0;24.923511505126953;25.041534423828125;9.714540481567383;0.2984336316585541;24.910409927368164;25.048648834228516;9.665644645690918;0.3495517083721599;0.9999981522559904;0.800000011920929;0.800000011920929;0.800000011920929
lidar;17.0;44.0;24.923696517944336;25.046693801879883;9.715231895446777;0.29848816990852356;24.917850494384766;25.05027198791504;9.693414688110352;0.3213565592440214;0.9998154044235459;0.800000011920929;0.800000011920929;0.800000011920929
lidar;17.0;44.0;24.92389488220215;25.051849365234375;9.71596908569336;0.2985864281654358;24.93291664123535;25.04570198059082;9.749638557434082;0.2631914625263;0.9994867443730312;0.800000011920929;0.800000011920929;0.800000011920929
lidar;17.0;44.0;24.924142837524414;25.056970596313477;9.716900825500488;0.2985714077949524;24.915130615234375;25.063737869262695;9.683266639709473;0.33404368720055;0.9995366930845339;0.800000011920929;0.800000011920929;0.800000011920929
lidar;17.0;44.0;24.924394607543945;25.062091827392578;9.717832565307617;0.298647403717041;24.942543029785156;25.04718780517578;9.785563468933105;0.2269603397522286;0.9992823005265625;0.800000011920929;0.800000011920929;0.800000011920929
lidar;17.0;44.0;24.92464256286621;25.067218780517578;9.718765258789062;0.29881444573402405;24.94284439086914;25.050983428955078;9.786689758300781;0.2266437443821564;0.9987234472474011;0.800000011920929;0.800000011920929;0.800000011920929
lidar;17.0;44.0;24.924894332885742;25.072351455688477;9.719698905944824;0.29907286167144775;24.934261322021484;25.06332778930664;9.754659652709961;0.2617702909727611;0.9978603126489916;0.800000011920929;0.800000011920929;0.800000011920929
lidar;17.0;44.0;24.9251708984375;25.077468872070312;9.720734596252441;0.29931601881980896;24.938377380371094;25.063796997070312;9.770023345947266;0.24648855393814828;0.9970496891242908;0.800000011920929;0.800000011920929;0.800000011920929
lidar;17.0;44.0;24.92547607421875;25.082563400268555;9.72187614440918;0.29953891038894653;24.921323776245117;25.08716583251953;9.706375122070312;0.3162334169538753;0.9963076713203994;0.800000011920929;0.800000011920929;0.800000011920929
lidar;17.0;44.0;24.925813674926758;25.08763313293457;9.723133087158203;0.2997302711009979;24.9180850982666;25.09676170349121;9.694291114807129;0.33095403540728363;0.995006322709752;0.800000011920929;0.800000011920929;0.800000011920929
lidar;17.0;44.0;24.926311492919922;25.09250831604004;9.724987983703613;0.29936498403549194;24.92317008972168;25.096452713012695;9.713264465332031;0.3121272979363454;0.9962208271794547;0.800000011920929;0.800000011920929;0.800000011920929
lidar;17.0;44.0;24.926807403564453;25.097373962402344;9.726839065551758;0.2990916073322296;24.92568016052246;25.098873138427734;9.722634315490723;0.30369595982346403;0.9971318841528309;0.800000011920929;0.800000011920929;0.800000011920929
lidar;17.0;44.0;24.92730140686035;25.10223388671875;9.728687286376953;0.29890966415405273;24.924793243408203;25.10576057434082;9.719325065612793;0.30922402586438713;0.9977391363519736;0.800000011920929;0.800000011920929;0.800000011920929
lidar;17.0;44.0;24.927797317504883;25.107086181640625;9.730534553527832;0.2988189458847046;24.926837921142578;25.108509063720703;9.726954460144043;0.30278847754238614;0.9980425836438053;0.800000011920929;0.800000011920929;0.800000011920929
lidar;17.0;44.0;24.928348541259766;25.11185073852539;9.732593536376953;0.29858076572418213;24.930240631103516;25.108896255493164;9.739656448364258;0.290695333121949;0.9988387227939483;0.800000011920929;0.800000011920929;0.800000011920929
lidar;17.0;44.0;24.928911209106445;25.116588592529297;9.734695434570312;0.29838377237319946;24.930381774902344;25.11417579650879;9.740184783935547;0.2922101264201389;0.9994983673104825;0.800000011920929;0.800000011920929;0.800000011920929
lidar;17.0;44.0;24.929473876953125;25.121320724487305;9.736794471740723;0.2982777953147888;24.901866912841797;25.168811798095703;9.633763313293457;0.415037830599217;0.9998534917720927;0.800000011920929;0.800000011920929;0.800000011920929
lidar;17.0;44.0;24.930036544799805;25.12605094909668;9.738893508911133;0.29826274514198303;24.933990478515625;25.118928909301758;9.753647804260254;0.2814086277040844;0.9999040961294245;0.800000011920929;0.800000011920929;0.800000011920929
lidar;17.0;44.0;24.930599212646484;25.130783081054688;9.740991592407227;0.2983386218547821;24.923973083496094;25.14327049255371;9.71626091003418;0.32682457026124895;0.9996501207428348;0.800000011920929;0.800000011920929;0.800000011920929
lidar;17.0;44.0;24.931161880493164;25.13551902770996;9.74309253692627;0.29850536584854126;24.93800926208496;25.122039794921875;9.768644332885742;0.26881604380837937;0.999091625283645;0.800000011920929;0.800000011920929;0.800000011920929
lidar;17.0;44.0;24.931726455688477;25.140260696411133;9.745196342468262;0.2987633943557739;24.938190460205078;25.126981735229492;9.769320487976074;0.27047654220497935;0.9982288480676851;0.800000011920929;0.800000011920929;0.800000011920929
lidar;17.0;44.0;24.93229103088379;25.1450138092041;9.74730396270752;0.29911309480667114;24.918237686157227;25.17510986328125;9.694855690002441;0.3611949341997165;0.9970619082156226;0.800000011920929;0.800000011920929;0.800000011920929
lidar;17.0;44.0;24.932857513427734;25.149778366088867;9.749417304992676;0.2995549738407135;24.921276092529297;25.17561149597168;9.706195831298828;0.35122404324864404;0.9955913421759764;0.800000011920929;0.800000011920929;0.800000011920929
lidar;17.0;44.0;24.933515548706055;25.154348373413086;9.751873970031738;0.29968297481536865;24.92252540588379;25.179859161376953;9.710862159729004;0.3492166909640875;0.9942987564210204;0.800000011920929;0.800000011920929;0.800000011920929
lidar;17.0;44.0;24.93427848815918;25.158672332763672;9.754722595214844;0.2994278073310852;24.939876556396484;25.145156860351562;9.775616645812988;0.27392198981458954;0.9951458572108984;0.800000011920929;0.800000011920929;0.800000011920929
lidar;17.0;44.0;24.935104370117188;25.162830352783203;9.757806777954102;0.298969566822052;24.923248291015625;25.192577362060547;9.71356201171875;0.3535869321676517;0.9966711995443654;0.800000011920929;0.800000011920929;0.800000011920929
lidar;17.0;44.0;24.935928344726562;25.166976928710938;9.760881423950195;0.2986035943031311;24.93159294128418;25.178274154663086;9.744702339172363;0.3188072132253656;0.9978928567073824;0.800000011920929;0.800000011920929;0.800000011920929
lidar;17.0;44.0;24.936750411987305;25.171113967895508;9.763949394226074;0.29832923412323;24.94166374206543;25.15782356262207;9.7822847366333;0.2751566109127061;0.9988105893380173;0.800000011920929;0.800000011920929;0.800000011920929
lidar;17.0;44.0;24.937572479248047;25.17524528503418;9.767013549804688;0.29814612865448;24.933109283447266;25.18777084350586;9.750361442565918;0.31945559977652954;0.9994240403134422;0.800000011920929;0.800000011920929;0.800000011920929
lidar;17.0;44.0;24.938392639160156;25.179372787475586;9.770073890686035;0.2980539798736572;24.93511199951172;25.18892478942871;9.757831573486328;0.3139245771686241;0.999733030786546;0.800000011920929;0.800000011920929;0.800000011920929
lidar;17.0;44.0;24.939210891723633;25.183500289916992;9.773134231567383;0.2980526387691498;24.944969177246094;25.166120529174805;9.7946195602417;0.2698254822171623;0.999737501155198;0.800000011920929;0.800000011920929;0.800000011920929
lidar;17.0;44.0;24.940031051635742;25.1876277923584;9.77619457244873;0.29814210534095764;24.944366455078125;25.17406463623047;9.792372703552246;0.27659064873099276;0.999437510994619;0.800000011920929;0.800000011920929;0.800000011920929
lidar;17.0;44.0;24.940853118896484;25.191757202148438;9.779258728027344;0.29832252860069275;24.94477081298828;25.179052352905273;9.79388427734375;0.27855606289458024;0.9988330603061848;0.800000011920929;0.800000011920929;0.800000011920929
lidar;17.0;44.0;24.941675186157227;25.19589614868164;9.782326698303223;0.298594206571579;24.96600914001465;25.11416244506836;9.873146057128906;0.17401280282694845;0.9979242684053835;0.800000011920929;0.800000011920929;0.800000011920929
lidar;17.0;44.0;24.9424991607666;25.200040817260742;9.785401344299316;0.298957496881485;24.93218231201172;25.23592758178711;9.746903419494629;0.352588867078377;0.99671161174385;0.800000011920929;0.800000011920929;0.800000011920929
lidar;17.0;44.0;24.943361282348633;25.204069137573242;9.788619041442871;0.2992227375507355;24.94586944580078;25.19502830505371;9.79798412322998;0.2859664277605845;0.9948901532420678;0.800000011920929;0.800000011920929;0.800000011920929
lidar;17.0;44.0;24.944366455078125;25.207576751708984;9.79237174987793;0.29881933331489563;24.95440673828125;25.17011260986328;9.829845428466797;0.24488678413538675;0.9962334034338447;0.800000011920929;0.800000011920929;0.800000011920929
lidar;17.0;44.0;24.945369720458984;25.211076736450195;9.79611587524414;0.2985077202320099;24.965646743774414;25.132732391357422;9.871790885925293;0.18771058326664924;0.997273385671936;0.800000011920929;0.800000011920929;0.800000011920929
