sensor_id;categoryID;partID;X;Y;Z;distance;X_noise;Y_noise;Z_noise;distance_noise;intensity;red;green;blue
lidar;0.0;25.0;25.054630279541016;24.788923263549805;9.79611587524414;0.2985077202320099;25.057353973388672;24.778396606445312;9.785948753356934;0.3133934634897755;0.9972733257411999;0.800000011920929;0.800000011920929;0.800000011920929
lidar;0.0;25.0;25.055633544921875;24.792423248291016;9.79237174987793;0.29881933331489563;25.059898376464844;24.776512145996094;9.776456832885742;0.32172434278880546;0.996233343996436;0.800000011920929;0.800000011920929;0.800000011920929
lidar;0.0;25.0;25.056638717651367;24.795930862426758;9.788619041442871;0.2992227375507355;25.056224822998047;24.797426223754883;9.790168762207031;0.2970293130462115;0.9948900343882452;0.800000011920929;0.800000011920929;0.800000011920929
lidar;0.0;25.0;25.0575008392334;24.799959182739258;9.785401344299316;0.298957496881485;25.06511116027832;24.773483276367188;9.756999969482422;0.33852422511024904;0.9967115519747801;0.800000011920929;0.800000011920929;0.800000011920929
lidar;0.0;25.0;25.058324813842773;24.80410385131836;9.782326698303223;0.298594206571579;25.07282257080078;24.75541114807129;9.72822093963623;0.372814411202661;0.9979242084292627;0.800000011920929;0.800000011920929;0.800000011920929
lidar;0.0;25.0;25.059146881103516;24.808242797851562;9.779258728027344;0.29832252860069275;25.06148338317871;24.800670623779297;9.770544052124023;0.31010024523926777;0.9988330005729233;0.800000011920929;0.800000011920929;0.800000011920929
lidar;0.0;25.0;25.059968948364258;24.8123722076416;9.77619457244873;0.29814210534095764;25.049264907836914;24.845861434936523;9.816140174865723;0.24492949698191438;0.999437510994619;0.800000011920929;0.800000011920929;0.800000011920929
lidar;0.0;25.0;25.060789108276367;24.816499710083008;9.773134231567383;0.2980526387691498;25.06404685974121;24.806665420532227;9.760973930358887;0.314028195729382;0.999737501155198;0.800000011920929;0.800000011920929;0.800000011920929
lidar;0.0;25.0;25.061607360839844;24.820627212524414;9.770073890686035;0.2980539798736572;25.054889678955078;24.840187072753906;9.795145988464355;0.2655532360774818;0.9997330903901144;0.800000011920929;0.800000011920929;0.800000011920929
lidar;0.0;25.0;25.062427520751953;24.82475471496582;9.767013549804688;0.29814612865448;25.052932739257812;24.851411819458008;9.802454948425293;0.2527930622220385;0.9994240403134422;0.800000011920929;0.800000011920929;0.800000011920929
lidar;0.0;25.0;25.063249588012695;24.828886032104492;9.763949394226074;0.29832923412323;25.06940460205078;24.812231063842773;9.740975379943848;0.3273652545923752;0.9988106489152414;0.800000011920929;0.800000011920929;0.800000011920929
lidar;0.0;25.0;25.064071655273438;24.833023071289062;9.760881423950195;0.2986035943031311;25.060361862182617;24.842693328857422;9.77472972869873;0.28131057357147365;0.9978929161674365;0.800000011920929;0.800000011920929;0.800000011920929
lidar;0.0;25.0;25.064895629882812;24.837169647216797;9.757806777954102;0.298969566822052;25.068038940429688;24.829282760620117;9.746075630187988;0.31345023717007553;0.9966713192045324;0.800000011920929;0.800000011920929;0.800000011920929
lidar;0.0;25.0;25.06572151184082;24.841327667236328;9.754722595214844;0.2994278073310852;25.05754280090332;24.861074447631836;9.785249710083008;0.2621621994703315;0.9951459767248632;0.800000011920929;0.800000011920929;0.800000011920929
lidar;0.0;25.0;25.066484451293945;24.845651626586914;9.751873970031738;0.29968297481536865;25.059921264648438;24.860889434814453;9.776369094848633;0.2700982999537625;0.9942988755888474;0.800000011920929;0.800000011920929;0.800000011920929
lidar;0.0;25.0;25.067142486572266;24.850221633911133;9.749417304992676;0.2995549738407135;25.084707260131836;24.81104278564453;9.683868408203125;0.37791467716930843;0.9955913421759764;0.800000011920929;0.800000011920929;0.800000011920929
lidar;0.0;25.0;25.06770896911621;24.8549861907959;9.74730396270752;0.29911309480667114;25.07559585571289;24.83809471130371;9.71786880493164;0.3339553115312615;0.9970619082156226;0.800000011920929;0.800000011920929;0.800000011920929
lidar;0.0;25.0;25.068273544311523;24.859739303588867;9.745196342468262;0.2987633943557739;25.081947326660156;24.831647872924805;9.694164276123047;0.3585988131694179;0.9982288480676851;0.800000011920929;0.800000011920929;0.800000011920929
lidar;0.0;25.0;25.068838119506836;24.86448097229004;9.74309253692627;0.29850536584854126;25.079103469848633;24.84427261352539;9.704781532287598;0.3430195631561926;0.999091625283645;0.800000011920929;0.800000011920929;0.800000011920929
lidar;0.0;25.0;25.069400787353516;24.869216918945312;9.740991592407227;0.2983386218547821;25.088977813720703;24.83232307434082;9.667925834655762;0.3824997342871028;0.9996501207428348;0.800000011920929;0.800000011920929;0.800000011920929
lidar;0.0;25.0;25.069963455200195;24.87394905090332;9.738893508911133;0.29826274514198303;25.063779830932617;24.885089874267578;9.761971473693848;0.2719002207493126;0.9999040961294245;0.800000011920929;0.800000011920929;0.800000011920929
lidar;0.0;25.0;25.070526123046875;24.878679275512695;9.736794471740723;0.2982777953147888;25.058706283569336;24.89901351928711;9.78090763092041;0.2482866103836383;0.9998534917720927;0.800000011920929;0.800000011920929;0.800000011920929
lidar;0.0;25.0;25.071088790893555;24.883411407470703;9.734695434570312;0.29838377237319946;25.046043395996094;24.924488067626953;9.828166007995605;0.1932587483371564;0.9994983673104825;0.800000011920929;0.800000011920929;0.800000011920929
lidar;0.0;25.0;25.071651458740234;24.88814926147461;9.732593536376953;0.29858076572418213;25.066286087036133;24.89652442932129;9.752616882324219;0.2762237574702393;0.9988387227939483;0.800000011920929;0.800000011920929;0.800000011920929
lidar;0.0;25.0;25.072202682495117;24.892913818359375;9.730534553527832;0.2988189458847046;25.088573455810547;24.868633270263672;9.669437408447266;0.3665712820597776;0.9980425836438053;0.800000011920929;0.800000011920929;0.800000011920929
lidar;0.0;25.0;25.07269859313965;24.89776611328125;9.728687286376953;0.29890966415405273;25.088024139404297;24.8762149810791;9.671490669250488;0.36192464756097953;0.9977391363519736;0.800000011920929;0.800000011920929;0.800000011920929
lidar;0.0;25.0;25.073192596435547;24.902626037597656;9.726839065551758;0.2990916073322296;25.060077667236328;24.920072555541992;9.775784492492676;0.2455001587880038;0.9971318841528309;0.800000011920929;0.800000011920929;0.800000011920929
lidar;0.0;25.0;25.073688507080078;24.90749168395996;9.724987983703613;0.29936498403549194;25.058076858520508;24.927091598510742;9.783257484436035;0.23593605814477592;0.9962208867153521;0.800000011920929;0.800000011920929;0.800000011920929
lidar;0.0;25.0;25.074186325073242;24.91236686706543;9.723133087158203;0.2997302711009979;25.043485641479492;24.948633193969727;9.837709426879883;0.17569246266161453;0.995006322709752;0.800000011920929;0.800000011920929;0.800000011920929
lidar;0.0;25.0;25.07452392578125;24.917436599731445;9.72187614440918;0.29953891038894653;25.07895278930664;24.912527084350586;9.705342292785645;0.3173453140477534;0.9963076713203994;0.800000011920929;0.800000011920929;0.800000011920929
lidar;0.0;25.0;25.0748291015625;24.922531127929688;9.720734596252441;0.29931601881980896;25.096393585205078;24.900205612182617;9.640256881713867;0.3855717971355259;0.9970496891242908;0.800000011920929;0.800000011920929;0.800000011920929
lidar;0.0;25.0;25.075105667114258;24.927648544311523;9.719698905944824;0.29907286167144775;25.09128761291504;24.912059783935547;9.659310340881348;0.36350585753301473;0.9978603126489916;0.800000011920929;0.800000011920929;0.800000011920929
lidar;0.0;25.0;25.07535743713379;24.932781219482422;9.718765258789062;0.29881444573402405;25.067367553710938;24.93990707397461;9.748581886291504;0.2671339811363431;0.9987233877842397;0.800000011920929;0.800000011920929;0.800000011920929
lidar;0.0;25.0;25.075605392456055;24.937908172607422;9.717832565307617;0.298647403717041;25.05817985534668;24.952219009399414;9.782868385314941;0.22981344449142915;0.9992823005265625;0.800000011920929;0.800000011920929;0.800000011920929
lidar;0.0;25.0;25.075857162475586;24.943029403686523;9.716900825500488;0.2985714077949524;25.070161819458008;24.947307586669922;9.738153457641602;0.27615712847597146;0.9995366930845339;0.800000011920929;0.800000011920929;0.800000011920929
lidar;0.0;25.0;25.07610511779785;24.948150634765625;9.71596908569336;0.2985864281654358;25.085472106933594;24.941768646240234;9.681011199951172;0.33533611014974707;0.9994867443730312;0.800000011920929;0.800000011920929;0.800000011920929
lidar;0.0;25.0;25.076303482055664;24.953306198120117;9.715231895446777;0.29848816990852356;25.094661712646484;24.94207000732422;9.646714210510254;0.3703077271265425;0.9998154044235459;0.800000011920929;0.800000011920929;0.800000011920929
lidar;0.0;25.0;25.076488494873047;24.958465576171875;9.714540481567383;0.2984336316585541;25.080184936523438;24.956459045410156;9.700748443603516;0.3128527020044374;0.9999981522559904;0.800000011920929;0.800000011920929;0.800000011920929
lidar;0.0;25.0;25.07667350769043;24.963624954223633;9.713849067687988;0.29846999049186707;25.05937957763672;24.971830368041992;9.778393745422363;0.23114696541895335;0.9998763203612225;0.800000011920929;0.800000011920929;0.800000011920929
lidar;0.0;25.0;25.07685089111328;24.968791961669922;9.713189125061035;0.2985643446445465;25.08384895324707;24.96595001220703;9.687068939208984;0.3257542203122143;0.999560236930582;0.800000011920929;0.800000011920929;0.800000011920929
lidar;0.0;25.0;25.07696533203125;24.973983764648438;9.712762832641602;0.29850566387176514;25.066665649414062;24.97746467590332;9.751200675964355;0.2585602045997138;0.9997562765885707;0.800000011920929;0.800000011920929;0.800000011920929
lidar;0.0;25.0;25.07707977294922;24.979175567626953;9.712336540222168;0.29853808879852295;25.06191062927246;24.983272552490234;9.768946647644043;0.2397885176127006;0.9996477365514673;0.800000011920929;0.800000011920929;0.800000011920929
lidar;0.0;25.0;25.077194213867188;24.9843692779541;9.711910247802734;0.2986615002155304;25.075183868408203;24.98477554321289;9.719409942626953;0.2908870022953942;0.9992346763799445;0.800000011920929;0.800000011920929;0.800000011920929
lidar;0.0;25.0;25.07723617553711;24.989580154418945;9.711751937866211;0.29859867691993713;25.074708938598633;24.989919662475586;9.721181869506836;0.28882960220862314;0.999445140366286;0.800000011920929;0.800000011920929;0.800000011920929
lidar;0.0;25.0;25.077274322509766;24.994789123535156;9.711607933044434;0.2986113429069519;25.064393997192383;24.995656967163086;9.759676933288574;0.24883860959473952;0.9994029403004401;0.800000011920929;0.800000011920929;0.800000011920929
lidar;0.0;25.0;25.077312469482422;25.0;9.711463928222656;0.2987150251865387;25.07240867614746;25.0;9.729767799377441;0.27976529887193985;0.9990563392437225;0.800000011920929;0.800000011920929;0.800000011920929
lidar;0.0;25.0;25.077274322509766;25.005210876464844;9.711607933044434;0.29861128330230713;25.06907844543457;25.004657745361328;9.742195129394531;0.2669396524525858;0.9994029403004401;0.800000011920929;0.800000011920929;0.800000011920929
lidar;0.0;25.0;25.07723617553711;25.010419845581055;9.711751937866211;0.29859864711761475;25.081022262573242;25.01093101501465;9.697617530822754;0.31324020837160343;0.999445140366286;0.800000011920929;0.800000011920929;0.800000011920929
lidar;0.0;25.0;25.077194213867188;25.0156307220459;9.711910247802734;0.298661470413208;25.067455291748047;25.01365852355957;9.74825668334961;0.2609811055536706;0.9992346763799445;0.800000011920929;0.800000011920929;0.800000011920929
lidar;0.0;25.0;25.07707977294922;25.020824432373047;9.712336540222168;0.2985381782054901;25.090614318847656;25.02448272705078;9.661819458007812;0.35096552747744414;0.9996477365514673;0.800000011920929;0.800000011920929;0.800000011920929
lidar;0.0;25.0;25.07696533203125;25.026016235351562;9.712762832641602;0.2985057532787323;25.07196617126465;25.02432632446289;9.731416702270508;0.2791197597278476;0.9997562765885707;0.800000011920929;0.800000011920929;0.800000011920929
lidar;0.0;25.0;25.07685089111328;25.031208038330078;9.713189125061035;0.2985643148422241;25.064727783203125;25.02628517150879;9.758429527282715;0.2514693949227186;0.999560236930582;0.800000011920929;0.800000011920929;0.800000011920929
lidar;0.0;25.0;25.07667350769043;25.036375045776367;9.713849067687988;0.29847007989883423;25.091033935546875;25.04318618774414;9.660257339477539;0.35436910886916323;0.9998763203612225;0.800000011920929;0.800000011920929;0.800000011920929
lidar;0.0;25.0;25.076488494873047;25.041534423828125;9.714540481567383;0.29843375086784363;25.058109283447266;25.031553268432617;9.783135414123535;0.2267216293278151;0.9999981522559904;0.800000011920929;0.800000011920929;0.800000011920929
lidar;0.0;25.0;25.076303482055664;25.046693801879883;9.715231895446777;0.2984882891178131;25.070219039916992;25.042970657348633;9.737936973571777;0.2746898953389039;0.9998154044235459;0.800000011920929;0.800000011920929;0.800000011920929
lidar;0.0;25.0;25.07610511779785;25.051849365234375;9.71596908569336;0.2985864281654358;25.07834243774414;25.053373336791992;9.707620620727539;0.307362968295066;0.9994867443730312;0.800000011920929;0.800000011920929;0.800000011920929
lidar;0.0;25.0;25.075857162475586;25.056970596313477;9.716900825500488;0.29857146739959717;25.06573486328125;25.049367904663086;9.754678726196289;0.2587292919206331;0.9995366930845339;0.800000011920929;0.800000011920929;0.800000011920929
lidar;0.0;25.0;25.075605392456055;25.062091827392578;9.717832565307617;0.2986474335193634;25.086532592773438;25.07106590270996;9.677054405212402;0.3418067234729917;0.9992823005265625;0.800000011920929;0.800000011920929;0.800000011920929
lidar;0.0;25.0;25.07535743713379;25.067218780517578;9.718765258789062;0.29881444573402405;25.0605525970459;25.054014205932617;9.77401351928711;0.2401122290424018;0.9987233877842397;0.800000011920929;0.800000011920929;0.800000011920929
lidar;0.0;25.0;25.075105667114258;25.07235336303711;9.719698905944824;0.29907292127609253;25.084197998046875;25.08111000061035;9.685771942138672;0.33527148574806287;0.9978603126489916;0.800000011920929;0.800000011920929;0.800000011920929
lidar;0.0;25.0;25.0748291015625;25.077468872070312;9.720734596252441;0.2993159592151642;25.069185256958008;25.071626663208008;9.74179744720459;0.2767406312794024;0.9970496891242908;0.800000011920929;0.800000011920929;0.800000011920929
lidar;0.0;25.0;25.07452392578125;25.082563400268555;9.72187614440918;0.29953891038894653;25.049589157104492;25.05493927001953;9.814933776855469;0.19931619200994705;0.9963076713203994;0.800000011920929;0.800000011920929;0.800000011920929
lidar;0.0;25.0;25.074186325073242;25.08763313293457;9.723133087158203;0.2997303009033203;25.082473754882812;25.097421646118164;9.692205429077148;0.33321230815626485;0.995006322709752;0.800000011920929;0.800000011920929;0.800000011920929
lidar;0.0;25.0;25.073688507080078;25.09250831604004;9.724987983703613;0.2993650436401367;25.086854934692383;25.109037399291992;9.67585563659668;0.3528490337520236;0.9962208867153521;0.800000011920929;0.800000011920929;0.800000011920929
lidar;0.0;25.0;25.073192596435547;25.097373962402344;9.726839065551758;0.29909172654151917;25.09307098388672;25.123821258544922;9.6526517868042;0.38032173209239367;0.9971318841528309;0.800000011920929;0.800000011920929;0.800000011920929
lidar;0.0;25.0;25.07269859313965;25.10223388671875;9.728687286376953;0.2989097535610199;25.067102432250977;25.094364166259766;9.749571800231934;0.2759011591269724;0.9977391363519736;0.800000011920929;0.800000011920929;0.800000011920929
lidar;0.0;25.0;25.072202682495117;25.107086181640625;9.730534553527832;0.2988188862800598;25.086074829101562;25.127660751342773;9.678765296936035;0.3562271322806494;0.9980425836438053;0.800000011920929;0.800000011920929;0.800000011920929
lidar;0.0;25.0;25.071651458740234;25.11185073852539;9.732593536376953;0.2985807955265045;25.067474365234375;25.105331420898438;9.74817943572998;0.28117846774637967;0.9988387227939483;0.800000011920929;0.800000011920929;0.800000011920929
lidar;0.0;25.0;25.071088790893555;25.116588592529297;9.734695434570312;0.29838380217552185;25.082500457763672;25.135305404663086;9.69210147857666;0.34628807106182236;0.9994983673104825;0.800000011920929;0.800000011920929;0.800000011920929
lidar;0.0;25.0;25.070526123046875;25.121320724487305;9.736794471740723;0.2982778549194336;25.073421478271484;25.12630271911621;9.72598648071289;0.31052652375971224;0.9998534917720927;0.800000011920929;0.800000011920929;0.800000011920929
lidar;0.0;25.0;25.069963455200195;25.12605094909668;9.738892555236816;0.2982628047466278;25.063030242919922;25.11355972290039;9.764766693115234;0.2687069129120449;0.9999040961294245;0.800000011920929;0.800000011920929;0.800000011920929
lidar;0.0;25.0;25.069400787353516;25.130783081054688;9.740991592407227;0.2983386516571045;25.063854217529297;25.120330810546875;9.761693000793457;0.274494452158602;0.9996501207428348;0.800000011920929;0.800000011920929;0.800000011920929
lidar;0.0;25.0;25.068838119506836;25.13551902770996;9.74309253692627;0.29850539565086365;25.05829429626465;25.114761352539062;9.78244400024414;0.25278238148065635;0.999091625283645;0.800000011920929;0.800000011920929;0.800000011920929
lidar;0.0;25.0;25.068273544311523;25.140260696411133;9.745196342468262;0.2987633943557739;25.0907039642334;25.186338424682617;9.661487579345703;0.396912926745996;0.9982288480676851;0.800000011920929;0.800000011920929;0.800000011920929
lidar;0.0;25.0;25.06770896911621;25.1450138092041;9.74730396270752;0.29911312460899353;25.071870803833008;25.1539249420166;9.731773376464844;0.3174963690213517;0.9970619082156226;0.800000011920929;0.800000011920929;0.800000011920929
lidar;0.0;25.0;25.067142486572266;25.149778366088867;9.749417304992676;0.2995549738407135;25.053205490112305;25.118684768676758;9.801435470581055;0.2373713319946329;0.9955913421759764;0.800000011920929;0.800000011920929;0.800000011920929
lidar;0.0;25.0;25.066484451293945;25.154348373413086;9.751873970031738;0.29968300461769104;25.071672439575195;25.166391372680664;9.732513427734375;0.3230671399934071;0.9942988160050892;0.800000011920929;0.800000011920929;0.800000011920929
lidar;0.0;25.0;25.06572151184082;25.158672332763672;9.754722595214844;0.29942786693573;25.052915573120117;25.12775421142578;9.80251693725586;0.24108278692759483;0.9951459767248632;0.800000011920929;0.800000011920929;0.800000011920929
lidar;0.0;25.0;25.064895629882812;25.162830352783203;9.757806777954102;0.2989695966243744;25.057039260864258;25.143117904663086;9.787126541137695;0.26277607652659846;0.9966713192045324;0.800000011920929;0.800000011920929;0.800000011920929
lidar;0.0;25.0;25.064071655273438;25.166976928710938;9.760881423950195;0.29860368371009827;25.07329559326172;25.19101333618164;9.726461410522461;0.3415870136573112;0.9978929161674365;0.800000011920929;0.800000011920929;0.800000011920929
lidar;0.0;25.0;25.063249588012695;25.171113967895508;9.763949394226074;0.29832929372787476;25.074270248413086;25.2009334564209;9.722816467285156;0.35031524290993565;0.9988106489152414;0.800000011920929;0.800000011920929;0.800000011920929
lidar;0.0;25.0;25.062427520751953;25.17524528503418;9.767013549804688;0.29814624786376953;25.0771541595459;25.216581344604492;9.712059020996094;0.36847017376583874;0.9994240403134422;0.800000011920929;0.800000011920929;0.800000011920929
lidar;0.0;25.0;25.061607360839844;25.179372787475586;9.770073890686035;0.2980540990829468;25.08498191833496;25.247425079345703;9.682842254638672;0.4111328501728028;0.9997330903901144;0.800000011920929;0.800000011920929;0.800000011920929
lidar;0.0;25.0;25.060789108276367;25.183500289916992;9.773134231567383;0.2980527877807617;25.053129196166992;25.160377502441406;9.801719665527344;0.26049767954292113;0.999737501155198;0.800000011920929;0.800000011920929;0.800000011920929
lidar;0.0;25.0;25.059968948364258;25.1876277923584;9.77619457244873;0.2981421947479248;25.05905532836914;25.184768676757812;9.7796049118042;0.2935994142840114;0.999437510994619;0.800000011920929;0.800000011920929;0.800000011920929
lidar;0.0;25.0;25.059146881103516;25.191757202148438;9.779258728027344;0.2983226180076599;25.05851173400879;25.189697265625;9.781630516052246;0.295116667638302;0.9988330005729233;0.800000011920929;0.800000011920929;0.800000011920929
lidar;0.0;25.0;25.058324813842773;25.19589614868164;9.782326698303223;0.29859423637390137;25.055953979492188;25.18793296813965;9.791173934936523;0.28645841947546674;0.9979242084292627;0.800000011920929;0.800000011920929;0.800000011920929
lidar;0.0;25.0;25.0575008392334;25.200040817260742;9.785401344299316;0.298957496881485;25.06548309326172;25.227806091308594;9.755615234375;0.34045212690745125;0.996711492808904;0.800000011920929;0.800000011920929;0.800000011920929
lidar;0.0;25.0;25.056638717651367;25.204069137573242;9.788619041442871;0.29922279715538025;25.069313049316406;25.24972915649414;9.741323471069336;0.36617226821154303;0.9948900938153288;0.800000011920929;0.800000011920929;0.800000011920929
lidar;0.0;25.0;25.055633544921875;25.207576751708984;9.79237174987793;0.2988193929195404;25.059398651123047;25.22162437438965;9.778322219848633;0.3190398641950013;0.996233343996436;0.800000011920929;0.800000011920929;0.800000011920929
lidar;0.0;25.0;25.054630279541016;25.211076736450195;9.79611587524414;0.29850783944129944;25.052183151245117;25.201622009277344;9.805248260498047;0.2851365316206809;0.9972733257411999;0.800000011920929;0.800000011920929;0.800000011920929
lidar;0.0;25.0;25.051101684570312;24.788768768310547;9.795042991638184;0.2987269461154938;25.06772804260254;24.720043182373047;9.728358268737793;0.3959196657310933;0.9965416791005064;0.800000011920929;0.800000011920929;0.800000011920929
lidar;0.0;25.0;25.052040100097656;24.792266845703125;9.791275978088379;0.29904279112815857;25.036640167236328;24.853740692138672;9.853042602539062;0.21054886135707368;0.9954890608100924;0.800000011920929;0.800000011920929;0.800000011920929
lidar;0.0;25.0;25.05296516418457;24.79583740234375;9.787567138671875;0.2993578612804413;25.043058395385742;24.834028244018555;9.827302932739258;0.24336207768561316;0.9953784944109842;0.800000011920929;0.800000011920929;0.800000011920929
lidar;0.0;25.0;25.05373764038086;24.79999542236328;9.784470558166504;0.29890161752700806;25.052980422973633;24.802810668945312;9.787504196166992;0.2946955338029936;0.9968978761258794;0.800000011920929;0.800000011920929;0.800000011920929
lidar;0.0;25.0;25.054508209228516;24.804141998291016;9.781383514404297;0.29853764176368713;25.060569763183594;24.7823543548584;9.757065773010254;0.33174561702212885;0.9981134533895065;0.800000011920929;0.800000011920929;0.800000011920929
lidar;0.0;25.0;25.055274963378906;24.808279037475586;9.778302192687988;0.2982652485370636;25.061079025268555;24.788150787353516;9.755027770996094;0.3295780032961555;0.9990250468896553;0.800000011920929;0.800000011920929;0.800000011920929
lidar;0.0;25.0;25.056041717529297;24.812410354614258;9.775226593017578;0.298084020614624;25.0545654296875;24.81735610961914;9.78115177154541;0.2902255970582934;0.9996323585290519;0.800000011920929;0.800000011920929;0.800000011920929
lidar;0.0;25.0;25.056808471679688;24.81653594970703;9.7721529006958;0.2979937493801117;25.06165885925293;24.800870895385742;9.752696990966797;0.3234392470969685;0.9999350905416204;0.800000011920929;0.800000011920929;0.800000011920929
lidar;0.0;25.0;25.057575225830078;24.820663452148438;9.76908016204834;0.29799431562423706;25.066370010375977;24.793262481689453;9.733799934387207;0.3435226807285349;0.9999333024072186;0.800000011920929;0.800000011920929;0.800000011920929
lidar;0.0;25.0;25.058340072631836;24.82478904724121;9.766007423400879;0.29808568954467773;25.05860137939453;24.824010848999023;9.764966011047363;0.29941171185146936;0.9996269345458831;0.800000011920929;0.800000011920929;0.800000011920929
lidar;0.0;25.0;25.05910873413086;24.828920364379883;9.762930870056152;0.2982679605484009;25.05367088317871;24.84465980529785;9.78474235534668;0.2708260248843792;0.9990159868814524;0.800000011920929;0.800000011920929;0.800000011920929
lidar;0.0;25.0;25.05987548828125;24.833057403564453;9.759849548339844;0.29854145646095276;25.05607032775879;24.84366798400879;9.77511215209961;0.2795682618428516;0.9981008172743919;0.800000011920929;0.800000011920929;0.800000011920929
lidar;0.0;25.0;25.060646057128906;24.837203979492188;9.756762504577637;0.2989065945148468;25.066377639770508;24.82181739807129;9.733773231506348;0.32715728152063256;0.9968816044236719;0.800000011920929;0.800000011920929;0.800000011920929
lidar;0.0;25.0;25.061418533325195;24.84136199951172;9.753665924072266;0.29936397075653076;25.06657600402832;24.82803726196289;9.732976913452148;0.3245072869531372;0.9953585864379264;0.800000011920929;0.800000011920929;0.800000011920929
lidar;0.0;25.0;25.062192916870117;24.84553337097168;9.75055980682373;0.2999141812324524;25.056142807006836;24.860557556152344;9.774820327758789;0.2707439124944159;0.9935325387048348;0.800000011920929;0.800000011920929;0.800000011920929
lidar;0.0;25.0;25.062755584716797;24.85023307800293;9.74830150604248;0.29953381419181824;25.046489715576172;24.889049530029297;9.813536643981934;0.22190025643335273;0.9956613181995437;0.800000011920929;0.800000011920929;0.800000011920929
lidar;0.0;25.0;25.063283920288086;24.854997634887695;9.74617862701416;0.2990918457508087;25.055334091186523;24.873214721679688;9.778066635131836;0.2615168414166647;0.9971325991166403;0.800000011920929;0.800000011920929;0.800000011920929
lidar;0.0;25.0;25.063812255859375;24.85974884033203;9.744061470031738;0.2987419366836548;25.05660629272461;24.875585556030273;9.772961616516113;0.26500888447381327;0.9983002543710076;0.800000011920929;0.800000011920929;0.800000011920929
lidar;0.0;25.0;25.06433868408203;24.864490509033203;9.741949081420898;0.2984837591648102;25.077308654785156;24.837177276611328;9.689934730529785;0.3586479213369925;0.9991636872402813;0.800000011920929;0.800000011920929;0.800000011920929
lidar;0.0;25.0;25.064865112304688;24.869226455688477;9.739839553833008;0.2983168065547943;25.05589485168457;24.887311935424805;9.775818824768066;0.2570601618869586;0.9997227787999813;0.800000011920929;0.800000011920929;0.800000011920929
lidar;0.0;25.0;25.065391540527344;24.873958587646484;9.737730979919434;0.2982408404350281;25.051321029663086;24.901077270507812;9.79416275024414;0.2340686468497952;0.9999774098409598;0.800000011920929;0.800000011920929;0.800000011920929
lidar;0.0;25.0;25.065916061401367;24.87868881225586;9.735623359680176;0.2982557415962219;25.057479858398438;24.894214630126953;9.769458770751953;0.2600839696576419;0.9999274015472301;0.800000011920929;0.800000011920929;0.800000011920929
lidar;0.0;25.0;25.066442489624023;24.883420944213867;9.733514785766602;0.29836148023605347;25.06315040588379;24.889196395874023;9.746718406677246;0.2835791735584395;0.9995728135378252;0.800000011920929;0.800000011920929;0.800000011920929
lidar;0.0;25.0;25.06696891784668;24.888158798217773;9.731404304504395;0.2985582947731018;25.070127487182617;24.88288116455078;9.718730926513672;0.31264555392922966;0.9989137054233463;0.800000011920929;0.800000011920929;0.800000011920929
lidar;0.0;25.0;25.067495346069336;24.892902374267578;9.729290008544922;0.2988464832305908;25.06788444519043;24.89228630065918;9.727730751037598;0.3005683850241584;0.9979503155097118;0.800000011920929;0.800000011920929;0.800000011920929
lidar;0.0;25.0;25.068023681640625;24.897659301757812;9.727170944213867;0.29922646284103394;25.08319664001465;24.874832153320312;9.666321754455566;0.3659640378242448;0.9966830015299433;0.800000011920929;0.800000011920929;0.800000011920929
lidar;0.0;25.0;25.06849479675293;24.90251350402832;9.725285530090332;0.2994386553764343;25.079179763793945;24.88730239868164;9.682425498962402;0.34615519301466846;0.9959762099343961;0.800000011920929;0.800000011920929;0.800000011920929
lidar;0.0;25.0;25.068958282470703;24.90738296508789;9.723421096801758;0.29971471428871155;25.072078704833984;24.9031925201416;9.710909843444824;0.31327277326423897;0.9950584172020197;0.800000011920929;0.800000011920929;0.800000011920929
lidar;0.0;25.0;25.06930160522461;24.91242027282715;9.722047805786133;0.2995501458644867;25.08590316772461;24.89143943786621;9.655463218688965;0.3713091700248225;0.9962704184585393;0.800000011920929;0.800000011920929;0.800000011920929
lidar;0.0;25.0;25.06958770751953;24.91752052307129;9.720901489257812;0.2992345094680786;25.07398223876953;24.912309646606445;9.703269958496094;0.318138258779424;0.997321367486822;0.800000011920929;0.800000011920929;0.800000011920929
lidar;0.0;25.0;25.06987190246582;24.922609329223633;9.719757080078125;0.29901057481765747;25.05800437927246;24.935754776000977;9.767354965209961;0.24822537691334662;0.9980683327724225;0.800000011920929;0.800000011920929;0.800000011920929
lidar;0.0;25.0;25.070158004760742;24.92769432067871;9.71861457824707;0.29887789487838745;25.069995880126953;24.9278621673584;9.71926498413086;0.29818672752677133;0.9985113739385871;0.800000011920929;0.800000011920929;0.800000011920929
lidar;0.0;25.0;25.070411682128906;24.93280601501465;9.717595100402832;0.29870617389678955;25.08012580871582;24.92353630065918;9.678633689880371;0.3399162714412442;0.999085545568135;0.800000011920929;0.800000011920929;0.800000011920929
lidar;0.0;25.0;25.07064437866211;24.937929153442383;9.716659545898438;0.29853877425193787;25.06416893005371;24.943618774414062;9.742629051208496;0.271175674802602;0.9996457695852431;0.800000011920929;0.800000011920929;0.800000011920929
lidar;0.0;25.0;25.070877075195312;24.943050384521484;9.715723991394043;0.29846248030662537;25.077810287475586;24.937480926513672;9.687922477722168;0.3276516385655781;0.9999015331251099;0.800000011920929;0.800000011920929;0.800000011920929
lidar;0.0;25.0;25.07111167907715;24.948169708251953;9.714788436889648;0.2984771132469177;25.059696197509766;24.95648956298828;9.760575294494629;0.25056142274785564;0.999852716916195;0.800000011920929;0.800000011920929;0.800000011920929
lidar;0.0;25.0;25.071332931518555;24.953298568725586;9.713896751403809;0.2985369563102722;25.063434600830078;24.95846939086914;9.745579719543457;0.2654775128888559;0.9996525049413967;0.800000011920929;0.800000011920929;0.800000011920929
lidar;0.0;25.0;25.07150650024414;24.958459854125977;9.713202476501465;0.29848238825798035;25.073162078857422;24.957496643066406;9.706563949584961;0.3053913752014467;0.9998348355382857;0.800000011920929;0.800000011920929;0.800000011920929
lidar;0.0;25.0;25.071680068969727;24.963619232177734;9.712507247924805;0.2985188961029053;25.074800491333008;24.962034225463867;9.699987411499023;0.31151926319835727;0.9997125863987341;0.800000011920929;0.800000011920929;0.800000011920929
lidar;0.0;25.0;25.071853637695312;24.968782424926758;9.711812019348145;0.29864633083343506;25.057703018188477;24.974929809570312;9.76856517791748;0.23983393695233077;0.9992858171322211;0.800000011920929;0.800000011920929;0.800000011920929
lidar;0.0;25.0;25.071979522705078;24.973970413208008;9.711309432983398;0.29866480827331543;25.071535110473633;24.974130630493164;9.71308708190918;0.2968254199852031;0.999223768664119;0.800000011920929;0.800000011920929;0.800000011920929
lidar;0.0;25.0;25.072086334228516;24.979164123535156;9.710881233215332;0.2986973524093628;25.058320999145508;24.983142852783203;9.766090393066406;0.24165922763398745;0.999114513383609;0.800000011920929;0.800000011920929;0.800000011920929
lidar;0.0;25.0;25.072193145751953;24.98436164855957;9.710453033447266;0.2988210618495941;25.07793426513672;24.983116149902344;9.687421798706055;0.3225895148636456;0.9987008571312146;0.800000011920929;0.800000011920929;0.800000011920929
lidar;0.0;25.0;25.072246551513672;24.989572525024414;9.710238456726074;0.2988146245479584;25.087356567382812;24.987390518188477;9.64963436126709;0.3613119910188915;0.9987226724242858;0.800000011920929;0.800000011920929;0.800000011920929
lidar;0.0;25.0;25.072280883789062;24.99478530883789;9.71009349822998;0.29882749915122986;25.08599853515625;24.99379539489746;9.655077934265137;0.3555350307715961;0.9986800551223872;0.800000011920929;0.800000011920929;0.800000011920929
lidar;0.0;25.0;25.07231903076172;25.0;9.709948539733887;0.2989313006401062;25.07590103149414;25.0;9.695575714111328;0.31374385893394624;0.9983333945197235;0.800000011920929;0.800000011920929;0.800000011920929
lidar;0.0;25.0;25.072280883789062;25.00521469116211;9.71009349822998;0.2988274097442627;25.086925506591797;25.006271362304688;9.651359558105469;0.3593681953406929;0.9986800551223872;0.800000011920929;0.800000011920929;0.800000011920929
lidar;0.0;25.0;25.072246551513672;25.010427474975586;9.710238456726074;0.2988146245479584;25.069290161132812;25.01000213623047;9.722097396850586;0.2865850014722109;0.9987226724242858;0.800000011920929;0.800000011920929;0.800000011920929
lidar;0.0;25.0;25.072193145751953;25.01563835144043;9.71045207977295;0.2988210916519165;25.082244873046875;25.0178165435791;9.670137405395508;0.340427822506374;0.9987008571312146;0.800000011920929;0.800000011920929;0.800000011920929
lidar;0.0;25.0;25.072086334228516;25.020835876464844;9.710881233215332;0.29869747161865234;25.074947357177734;25.021663665771484;9.6993989944458;0.3105595892491726;0.999114513383609;0.800000011920929;0.800000011920929;0.800000011920929
lidar;0.0;25.0;25.071979522705078;25.026029586791992;9.711309432983398;0.2986648380756378;25.055788040161133;25.02017593383789;9.776247024536133;0.23148367473782394;0.999223768664119;0.800000011920929;0.800000011920929;0.800000011920929
lidar;0.0;25.0;25.071853637695312;25.031217575073242;9.711812019348145;0.29864636063575745;25.08083724975586;25.035120010375977;9.675782203674316;0.3359836058970007;0.9992858171322211;0.800000011920929;0.800000011920929;0.800000011920929
lidar;0.0;25.0;25.071680068969727;25.036380767822266;9.712507247924805;0.2985190451145172;25.06693458557129;25.033971786499023;9.731536865234375;0.27875941475139276;0.9997125863987341;0.800000011920929;0.800000011920929;0.800000011920929
lidar;0.0;25.0;25.07150650024414;25.041540145874023;9.713202476501465;0.2984825372695923;25.068023681640625;25.039518356323242;9.727170944213867;0.2839450026110846;0.9998347759193755;0.800000011920929;0.800000011920929;0.800000011920929
lidar;0.0;25.0;25.071332931518555;25.046701431274414;9.713896751403809;0.298537015914917;25.073837280273438;25.04833984375;9.703858375549316;0.30901240579217326;0.9996524453314113;0.800000011920929;0.800000011920929;0.800000011920929
lidar;0.0;25.0;25.07111167907715;25.051830291748047;9.714788436889648;0.2984771728515625;25.08729362487793;25.06362533569336;9.649886131286621;0.3663984343991196;0.999852716916195;0.800000011920929;0.800000011920929;0.800000011920929
lidar;0.0;25.0;25.070877075195312;25.056949615478516;9.715723991394043;0.29846253991127014;25.087261199951172;25.070112228393555;9.650015830993652;0.3674496134208886;0.9999015331251099;0.800000011920929;0.800000011920929;0.800000011920929
lidar;0.0;25.0;25.07064437866211;25.062070846557617;9.716658592224121;0.29853886365890503;25.100833892822266;25.088594436645508;9.595579147338867;0.42611336368123853;0.9996457695852431;0.800000011920929;0.800000011920929;0.800000011920929
lidar;0.0;25.0;25.070411682128906;25.06719398498535;9.717595100402832;0.29870617389678955;25.071168899536133;25.067916870117188;9.714561462402344;0.3019153136055154;0.999085485997049;0.800000011920929;0.800000011920929;0.800000011920929
lidar;0.0;25.0;25.070158004760742;25.07230567932129;9.71861457824707;0.29887786507606506;25.066650390625;25.06869125366211;9.73267650604248;0.2839414513528476;0.9985113739385871;0.800000011920929;0.800000011920929;0.800000011920929
lidar;0.0;25.0;25.06987190246582;25.077390670776367;9.719757080078125;0.2990105152130127;25.05950355529785;25.06590461730957;9.761343955993652;0.25463837057743594;0.9980683327724225;0.800000011920929;0.800000011920929;0.800000011920929
lidar;0.0;25.0;25.06958770751953;25.08247947692871;9.720901489257812;0.2992345094680786;25.084030151367188;25.099597930908203;9.662976264953613;0.36133900815930386;0.997321367486822;0.800000011920929;0.800000011920929;0.800000011920929
lidar;0.0;25.0;25.06930160522461;25.08757972717285;9.722047805786133;0.2995501458644867;25.066654205322266;25.0842342376709;9.732665061950684;0.2881079066082359;0.9962704184585393;0.800000011920929;0.800000011920929;0.800000011920929
lidar;0.0;25.0;25.068958282470703;25.09261703491211;9.723421096801758;0.29971471428871155;25.064281463623047;25.086334228515625;9.742183685302734;0.27938278761068175;0.9950584172020197;0.800000011920929;0.800000011920929;0.800000011920929
lidar;0.0;25.0;25.06849479675293;25.09748649597168;9.725285530090332;0.2994386851787567;25.079164505004883;25.112674713134766;9.682490348815918;0.3460846615638319;0.9959762099343961;0.800000011920929;0.800000011920929;0.800000011920929
lidar;0.0;25.0;25.068023681640625;25.102340698242188;9.727170944213867;0.29922643303871155;25.069297790527344;25.104257583618164;9.722064018249512;0.3048283177343987;0.9966830015299433;0.800000011920929;0.800000011920929;0.800000011920929
lidar;0.0;25.0;25.067495346069336;25.107097625732422;9.729290008544922;0.2988464832305908;25.080904006958008;25.128374099731445;9.675508499145508;0.3582177533539444;0.9979503155097118;0.800000011920929;0.800000011920929;0.800000011920929
lidar;0.0;25.0;25.06696891784668;25.111841201782227;9.731404304504395;0.2985583245754242;25.09302520751953;25.155359268188477;9.6268949508667;0.414726024353832;0.9989137054233463;0.800000011920929;0.800000011920929;0.800000011920929
lidar;0.0;25.0;25.066442489624023;25.116579055786133;9.733514785766602;0.29836151003837585;25.073047637939453;25.1281681060791;9.707023620605469;0.32802224213277803;0.9995728135378252;0.800000011920929;0.800000011920929;0.800000011920929
lidar;0.0;25.0;25.065916061401367;25.12131118774414;9.735623359680176;0.2982558012008667;25.06360626220703;25.1170597076416;9.744891166687012;0.28780046214723215;0.9999274015472301;0.800000011920929;0.800000011920929;0.800000011920929
lidar;0.0;25.0;25.065391540527344;25.126041412353516;9.737730979919434;0.29824092984199524;25.07144546508789;25.137712478637695;9.713446617126465;0.3258558705355297;0.9999774098409598;0.800000011920929;0.800000011920929;0.800000011920929
lidar;0.0;25.0;25.064865112304688;25.130773544311523;9.739839553833008;0.2983168661594391;25.07349967956543;25.148181915283203;9.705206871032715;0.338028460592283;0.9997227787999813;0.800000011920929;0.800000011920929;0.800000011920929
lidar;0.0;25.0;25.06433868408203;25.135509490966797;9.741949081420898;0.29848378896713257;25.08010482788086;25.16871452331543;9.67871379852295;0.3716266196418634;0.9991636872402813;0.800000011920929;0.800000011920929;0.800000011920929
lidar;0.0;25.0;25.063812255859375;25.14025115966797;9.744061470031738;0.29874199628829956;25.06309700012207;25.1386775970459;9.746932029724121;0.29539170289869476;0.9983001946648717;0.800000011920929;0.800000011920929;0.800000011920929
lidar;0.0;25.0;25.063283920288086;25.145002365112305;9.74617862701416;0.29909181594848633;25.056381225585938;25.12918472290039;9.7738676071167;0.26646417895915786;0.9971325991166403;0.800000011920929;0.800000011920929;0.800000011920929
lidar;0.0;25.0;25.062755584716797;25.14976692199707;9.74830150604248;0.29953381419181824;25.07763671875;25.18528175354004;9.688613891601562;0.37056486019633567;0.9956613181995437;0.800000011920929;0.800000011920929;0.800000011920929
lidar;0.0;25.0;25.062192916870117;25.15446662902832;9.75055980682373;0.2999142110347748;25.067398071289062;25.167396545410156;9.729681015014648;0.3250169365499887;0.9935325387048348;0.800000011920929;0.800000011920929;0.800000011920929
lidar;0.0;25.0;25.061418533325195;25.15863800048828;9.753665924072266;0.2993640601634979;25.06500244140625;25.16789436340332;9.739294052124023;0.3168303212763123;0.9953585864379264;0.800000011920929;0.800000011920929;0.800000011920929
lidar;0.0;25.0;25.060646057128906;25.162796020507812;9.756762504577637;0.2989066541194916;25.05158805847168;25.13848304748535;9.79308795928955;0.2542672309771066;0.9968816044236719;0.800000011920929;0.800000011920929;0.800000011920929
lidar;0.0;25.0;25.05987548828125;25.166942596435547;9.759849548339844;0.29854151606559753;25.07657241821289;25.213491439819336;9.692886352539062;0.3817865331816659;0.9981008172743919;0.800000011920929;0.800000011920929;0.800000011920929
lidar;0.0;25.0;25.05910873413086;25.171079635620117;9.762930870056152;0.29826804995536804;25.04107666015625;25.11888885498047;9.835251808166504;0.2072774704171281;0.9990159868814524;0.800000011920929;0.800000011920929;0.800000011920929
lidar;0.0;25.0;25.058340072631836;25.17521095275879;9.766007423400879;0.2980858385562897;25.070453643798828;25.211585998535156;9.717429161071777;0.3599699825543316;0.9996269345458831;0.800000011920929;0.800000011920929;0.800000011920929
lidar;0.0;25.0;25.057575225830078;25.179336547851562;9.76908016204834;0.2979945242404938;25.053781509399414;25.167522430419922;9.784294128417969;0.278361441671762;0.9999333024072186;0.800000011920929;0.800000011920929;0.800000011920929
lidar;0.0;25.0;25.056808471679688;25.18346405029297;9.7721529006958;0.29799389839172363;25.058502197265625;25.18893051147461;9.765363693237305;0.30687285649306556;0.9999350905416204;0.800000011920929;0.800000011920929;0.800000011920929
lidar;0.0;25.0;25.056041717529297;25.187589645385742;9.775226593017578;0.2980841398239136;25.051523208618164;25.172462463378906;9.793353080749512;0.2740456596048227;0.9996323585290519;0.800000011920929;0.800000011920929;0.800000011920929
lidar;0.0;25.0;25.055274963378906;25.191720962524414;9.778302192687988;0.2982653081417084;25.057584762573242;25.19972801208496;9.76904296875;0.3107227342792562;0.9990250468896553;0.800000011920929;0.800000011920929;0.800000011920929
lidar;0.0;25.0;25.054508209228516;25.195858001708984;9.781383514404297;0.2985377013683319;25.064573287963867;25.232027053833008;9.741011619567871;0.3536682000690635;0.9981134533895065;0.800000011920929;0.800000011920929;0.800000011920929
lidar;0.0;25.0;25.05373764038086;25.20000457763672;9.784470558166504;0.29890164732933044;25.045381546020508;25.168903350830078;9.817985534667969;0.2524226108122194;0.9968978761258794;0.800000011920929;0.800000011920929;0.800000011920929
lidar;0.0;25.0;25.05296516418457;25.20416259765625;9.787567138671875;0.29935789108276367;25.06439971923828;25.248233795166016;9.741710662841797;0.36397879483182893;0.9953784944109842;0.800000011920929;0.800000011920929;0.800000011920929
lidar;0.0;25.0;25.052040100097656;25.207733154296875;9.791275978088379;0.29904282093048096;25.054590225219727;25.217905044555664;9.781054496765137;0.31368741150030505;0.9954891201881708;0.800000011920929;0.800000011920929;0.800000011920929
lidar;0.0;25.0;25.051101684570312;25.211231231689453;9.795042991638184;0.29872700572013855;25.05300521850586;25.219100952148438;9.787407875061035;0.3098547864781332;0.9965416791005064;0.800000011920929;0.800000011920929;0.800000011920929
lidar;0.0;25.0;25.04755973815918;24.78858184814453;9.794001579284668;0.2989896535873413;25.042469024658203;24.81121063232422;9.816048622131348;0.26698958819225527;0.9956661462888906;0.800000011920929;0.800000011920929;0.800000011920929
lidar;0.0;25.0;25.048433303833008;24.792081832885742;9.790212631225586;0.29931068420410156;25.049406051635742;24.787904739379883;9.785998344421387;0.305323083804814;0.9945983287663287;0.800000011920929;0.800000011920929;0.800000011920929
lidar;0.0;25.0;25.04924964904785;24.795839309692383;9.786676406860352;0.29935595393180847;25.04267120361328;24.82310676574707;9.815168380737305;0.2593735025368473;0.9953851702482344;0.800000011920929;0.800000011920929;0.800000011920929
lidar;0.0;25.0;25.04996681213379;24.799997329711914;9.783567428588867;0.2988996207714081;25.043392181396484;24.82631492614746;9.812047004699707;0.25956781254243727;0.9969046114371254;0.800000011920929;0.800000011920929;0.800000011920929
lidar;0.0;25.0;25.050683975219727;24.80414390563965;9.78046703338623;0.29853564500808716;25.046192169189453;24.82149887084961;9.799920082092285;0.2720823636412579;0.9981203674272011;0.800000011920929;0.800000011920929;0.800000011920929
lidar;0.0;25.0;25.0513973236084;24.80828094482422;9.777373313903809;0.29826316237449646;25.06531524658203;24.756362915039062;9.717087745666504;0.379030862505299;0.9990320204903358;0.800000011920929;0.800000011920929;0.800000011920929
lidar;0.0;25.0;25.05211067199707;24.812410354614258;9.774284362792969;0.2980819344520569;25.04679298400879;24.831554412841797;9.797317504882812;0.26766355220952376;0.9996393919142836;0.800000011920929;0.800000011920929;0.800000011920929
lidar;0.0;25.0;25.05282211303711;24.816537857055664;9.771198272705078;0.29799166321754456;25.042192459106445;24.853456497192383;9.817240715026855;0.23802556102976544;0.99994230270845;0.800000011920929;0.800000011920929;0.800000011920929
lidar;0.0;25.0;25.05353546142578;24.820663452148438;9.768112182617188;0.29799219965934753;25.054243087768555;24.818294525146484;9.76504898071289;0.30192891617280815;0.9999405741659602;0.800000011920929;0.800000011920929;0.800000011920929
lidar;0.0;25.0;25.054248809814453;24.824790954589844;9.765026092529297;0.29808348417282104;25.04075813293457;24.868358612060547;9.823453903198242;0.22396262775375161;0.9996342659222472;0.800000011920929;0.800000011920929;0.800000011920929
lidar;0.0;25.0;25.054960250854492;24.828922271728516;9.761937141418457;0.29826581478118896;25.053260803222656;24.834217071533203;9.769305229187012;0.28903406918031727;0.9990234374755878;0.800000011920929;0.800000011920929;0.800000011920929
lidar;0.0;25.0;25.055675506591797;24.833059310913086;9.758843421936035;0.29853925108909607;25.065399169921875;24.803905487060547;9.716728210449219;0.3506746413709379;0.9981083272756249;0.800000011920929;0.800000011920929;0.800000011920929
lidar;0.0;25.0;25.0563907623291;24.83720588684082;9.755743026733398;0.2989043593406677;25.061172485351562;24.823400497436523;9.735030174255371;0.32425079997699796;0.9968892335521954;0.800000011920929;0.800000011920929;0.800000011920929
lidar;0.0;25.0;25.057109832763672;24.84136199951172;9.752633094787598;0.2993617355823517;25.057723999023438;24.83965301513672;9.749968528747559;0.30258709792613114;0.9953663348132669;0.800000011920929;0.800000011920929;0.800000011920929
lidar;0.0;25.0;25.057767868041992;24.845699310302734;9.749783515930176;0.29958951473236084;25.07889747619629;24.789257049560547;9.658254623413086;0.4091785604043836;0.9954768418476737;0.800000011920929;0.800000011920929;0.800000011920929
lidar;0.0;25.0;25.05830192565918;24.850366592407227;9.747468948364258;0.2992682158946991;25.059661865234375;24.84687614440918;9.741578102111816;0.3062493433390132;0.9965451359203819;0.800000011920929;0.800000011920929;0.800000011920929
lidar;0.0;25.0;25.058834075927734;24.855022430419922;9.745158195495605;0.29903870820999146;25.0543155670166;24.86615753173828;9.764730453491211;0.27607253635483486;0.9973098634469384;0.800000011920929;0.800000011920929;0.800000011920929
lidar;0.0;25.0;25.05934715270996;24.859724044799805;9.742942810058594;0.298793762922287;25.066219329833984;24.843477249145508;9.71316909790039;0.3334012263972696;0.998127222067819;0.800000011920929;0.800000011920929;0.800000011920929
lidar;0.0;25.0;25.05983543395996;24.86446762084961;9.740819931030273;0.29853591322898865;25.058074951171875;24.868457794189453;9.748449325561523;0.28974767663821466;0.9989890456418619;0.800000011920929;0.800000011920929;0.800000011920929
lidar;0.0;25.0;25.060325622558594;24.869203567504883;9.738700866699219;0.2983693480491638;25.066139221191406;24.856597900390625;9.713516235351562;0.32712661307454;0.9995466470604133;0.800000011920929;0.800000011920929;0.800000011920929
lidar;0.0;25.0;25.060813903808594;24.87393569946289;9.73658275604248;0.29829370975494385;25.062089920043945;24.871294021606445;9.731061935424805;0.30454607016209345;0.9997997879930698;0.800000011920929;0.800000011920929;0.800000011920929
lidar;0.0;25.0;25.061304092407227;24.878665924072266;9.734465599060059;0.2983090579509735;25.048328399658203;24.904346466064453;9.790663719177246;0.23517440513556442;0.9997483491986532;0.800000011920929;0.800000011920929;0.800000011920929
lidar;0.0;25.0;25.061792373657227;24.883399963378906;9.73234748840332;0.29841530323028564;25.063257217407227;24.88063621520996;9.72600269317627;0.3054896829045781;0.9993924499108967;0.800000011920929;0.800000011920929;0.800000011920929
lidar;0.0;25.0;25.06228256225586;24.888137817382812;9.73022747039795;0.2986125349998474;25.062559127807617;24.887638092041016;9.729022026062012;0.2999469918288681;0.9987320303760352;0.800000011920929;0.800000011920929;0.800000011920929
lidar;0.0;25.0;25.062772750854492;24.89288330078125;9.728103637695312;0.29890120029449463;25.05116081237793;24.91269874572754;9.778401374816895;0.2436075378918334;0.9977673889994844;0.800000011920929;0.800000011920929;0.800000011920929
lidar;0.0;25.0;25.063262939453125;24.897640228271484;9.725975036621094;0.29928168654441833;25.05889129638672;24.904714584350586;9.744914054870605;0.2785970775930639;0.9964988829729592;0.800000011920929;0.800000011920929;0.800000011920929
lidar;0.0;25.0;25.063756942749023;24.902408599853516;9.723840713500977;0.2997545003890991;25.071861267089844;24.890003204345703;9.688735961914062;0.33785839112211313;0.99492687000443;0.800000011920929;0.800000011920929;0.800000011920929
lidar;0.0;25.0;25.06412696838379;24.90737533569336;9.722235679626465;0.299740731716156;25.076616287231445;24.88933753967285;9.668142318725586;0.3581139812983182;0.9956372383280879;0.800000011920929;0.800000011920929;0.800000011920929
lidar;0.0;25.0;25.06439208984375;24.91248321533203;9.721083641052246;0.2993324100971222;25.07764434814453;24.894474029541016;9.663687705993652;0.3609298941492724;0.996995568479102;0.800000011920929;0.800000011920929;0.800000011920929
lidar;0.0;25.0;25.06465721130371;24.917579650878906;9.719934463500977;0.2990160584449768;25.05887222290039;24.924955368041992;9.7449951171875;0.2722591940904472;0.9980502127984883;0.800000011920929;0.800000011920929;0.800000011920929
lidar;0.0;25.0;25.064922332763672;24.922666549682617;9.718786239624023;0.29879140853881836;25.055007934570312;24.934476852416992;9.761730194091797;0.2531639579053247;0.9988007545413128;0.800000011920929;0.800000011920929;0.800000011920929
lidar;0.0;25.0;25.065187454223633;24.92774772644043;9.71764087677002;0.29865795373916626;25.047285079956055;24.94759178161621;9.795188903808594;0.2166330944045663;0.9992470145216527;0.800000011920929;0.800000011920929;0.800000011920929
lidar;0.0;25.0;25.065452575683594;24.93282699584961;9.716495513916016;0.2986154854297638;25.062435150146484;24.935922622680664;9.729560852050781;0.28485334899572945;0.9993889927586126;0.800000011920929;0.800000011920929;0.800000011920929
lidar;0.0;25.0;25.065685272216797;24.93793487548828;9.715489387512207;0.2985176742076874;25.049135208129883;24.95357322692871;9.787176132202148;0.2233018640463563;0.9997164607185905;0.800000011920929;0.800000011920929;0.800000011920929
lidar;0.0;25.0;25.065900802612305;24.94305419921875;9.714550018310547;0.2984413206577301;25.074670791625977;24.93547821044922;9.676567077636719;0.33815293489323656;0.9999725222578477;0.800000011920929;0.800000011920929;0.800000011920929
lidar;0.0;25.0;25.066118240356445;24.94817352294922;9.713611602783203;0.2984558939933777;25.073795318603516;24.942155838012695;9.680355072021484;0.3331140193454186;0.9999239444761834;0.800000011920929;0.800000011920929;0.800000011920929
lidar;0.0;25.0;25.066335678100586;24.95329475402832;9.712672233581543;0.29856133460998535;25.075393676757812;24.946916580200195;9.673431396484375;0.3393360552383985;0.9995707869475307;0.800000011920929;0.800000011920929;0.800000011920929
lidar;0.0;25.0;25.06652069091797;24.95844078063965;9.711864471435547;0.29862046241760254;25.054594039916992;24.965892791748047;9.763528823852539;0.24507618180531882;0.999372720763519;0.800000011920929;0.800000011920929;0.800000011920929
lidar;0.0;25.0;25.066682815551758;24.96360206604004;9.711166381835938;0.29865726828575134;25.058551788330078;24.968040466308594;9.746382713317871;0.26224321895881175;0.999249458289854;0.800000011920929;0.800000011920929;0.800000011920929
lidar;0.0;25.0;25.066843032836914;24.968769073486328;9.710467338562012;0.29878512024879456;25.069860458374023;24.96735954284668;9.697403907775879;0.3122658038509227;0.9988217949184908;0.800000011920929;0.800000011920929;0.800000011920929
lidar;0.0;25.0;25.066984176635742;24.973947525024414;9.709855079650879;0.29891449213027954;25.08401107788086;24.96732521057129;9.636107444763184;0.3748908946947843;0.9983891248891877;0.800000011920929;0.800000011920929;0.800000011920929
lidar;0.0;25.0;25.06708526611328;24.97914695739746;9.709424018859863;0.29894745349884033;25.082860946655273;24.974241256713867;9.641090393066406;0.36924954505128377;0.9982787370289272;0.800000011920929;0.800000011920929;0.800000011920929
lidar;0.0;25.0;25.067184448242188;24.98434829711914;9.708992958068848;0.29907160997390747;25.05108070373535;24.988100051879883;9.778746604919434;0.22738509417712913;0.9978641271516618;0.800000011920929;0.800000011920929;0.800000011920929
lidar;0.0;25.0;25.06724739074707;24.989561080932617;9.708722114562988;0.29912206530570984;25.078779220581055;24.987770080566406;9.658771514892578;0.35041765195127955;0.9976961611006729;0.800000011920929;0.800000011920929;0.800000011920929
lidar;0.0;25.0;25.067279815673828;24.994779586791992;9.708576202392578;0.2991350293159485;25.073415756225586;24.99430274963379;9.682004928588867;0.3264096431012021;0.9976531862713165;0.800000011920929;0.800000011920929;0.800000011920929
lidar;0.0;25.0;25.06731414794922;25.0;9.708430290222168;0.2992391884326935;25.062124252319336;25.0;9.730911254882812;0.2761671067924061;0.9973062872611547;0.800000011920929;0.800000011920929;0.800000011920929
lidar;0.0;25.0;25.067279815673828;25.005220413208008;9.708576202392578;0.2991350293159485;25.074514389038086;25.005781173706055;9.677238464355469;0.3313016498047946;0.9976531862713165;0.800000011920929;0.800000011920929;0.800000011920929
lidar;0.0;25.0;25.06724739074707;25.010438919067383;9.708722114562988;0.29912203550338745;25.082916259765625;25.01287078857422;9.640847206115723;0.3688250046937391;0.9976961611006729;0.800000011920929;0.800000011920929;0.800000011920929
lidar;0.0;25.0;25.067184448242188;25.01565170288086;9.708992958068848;0.29907163977622986;25.07887840270996;25.01837730407715;9.658341407775879;0.35112712609610774;0.9978641271516618;0.800000011920929;0.800000011920929;0.800000011920929
lidar;0.0;25.0;25.06708526611328;25.02085304260254;9.709424018859863;0.2989475429058075;25.052001953125;25.016164779663086;9.77475643157959;0.23173301946509972;0.9982787370289272;0.800000011920929;0.800000011920929;0.800000011920929
lidar;0.0;25.0;25.066984176635742;25.026052474975586;9.709855079650879;0.29891452193260193;25.076122283935547;25.029605865478516;9.670279502868652;0.3396862163818072;0.9983890652839797;0.800000011920929;0.800000011920929;0.800000011920929
lidar;0.0;25.0;25.066843032836914;25.031230926513672;9.710467338562012;0.29878517985343933;25.06397247314453;25.029890060424805;9.722901344299316;0.28595374766216436;0.9988217949184908;0.800000011920929;0.800000011920929;0.800000011920929
lidar;0.0;25.0;25.066682815551758;25.03639793395996;9.711166381835938;0.29865744709968567;25.057592391967773;25.031436920166016;9.750536918640137;0.2579479039211663;0.999249458289854;0.800000011920929;0.800000011920929;0.800000011920929
lidar;0.0;25.0;25.06652069091797;25.04155921936035;9.711864471435547;0.2986205518245697;25.073781967163086;25.046096801757812;9.680418014526367;0.33121169666382655;0.999372720763519;0.800000011920929;0.800000011920929;0.800000011920929
lidar;0.0;25.0;25.066335678100586;25.04670524597168;9.712672233581543;0.2985613942146301;25.055795669555664;25.039283752441406;9.75832462310791;0.2511240129665558;0.9995707869475307;0.800000011920929;0.800000011920929;0.800000011920929
lidar;0.0;25.0;25.066118240356445;25.05182647705078;9.713611602783203;0.29845598340034485;25.059511184692383;25.046648025512695;9.742225646972656;0.2686363409869152;0.9999239444761834;0.800000011920929;0.800000011920929;0.800000011920929
lidar;0.0;25.0;25.065900802612305;25.05694580078125;9.714550018310547;0.29844141006469727;25.07208824157715;25.062292098999023;9.687752723693848;0.32645848157758306;0.9999725222578477;0.800000011920929;0.800000011920929;0.800000011920929
lidar;0.0;25.0;25.065685272216797;25.06206512451172;9.715489387512207;0.29851773381233215;25.082351684570312;25.077816009521484;9.643292427062988;0.37426889297802446;0.9997164607185905;0.800000011920929;0.800000011920929;0.800000011920929
lidar;0.0;25.0;25.065452575683594;25.06717300415039;9.716495513916016;0.2986155152320862;25.067068099975586;25.068832397460938;9.709491729736328;0.3059927017968262;0.9993889927586126;0.800000011920929;0.800000011920929;0.800000011920929
lidar;0.0;25.0;25.065187454223633;25.07225227355957;9.71764087677002;0.2986578643321991;25.055927276611328;25.061988830566406;9.757750511169434;0.2562326708876378;0.9992470145216527;0.800000011920929;0.800000011920929;0.800000011920929
lidar;0.0;25.0;25.064922332763672;25.077333450317383;9.71878719329834;0.2987913489341736;25.047073364257812;25.056072235107422;9.796100616455078;0.21664503294579157;0.9988007545413128;0.800000011920929;0.800000011920929;0.800000011920929
lidar;0.0;25.0;25.06465721130371;25.082420349121094;9.719934463500977;0.2990160584449768;25.077625274658203;25.098949432373047;9.663763999938965;0.35898723280915146;0.9980502127984883;0.800000011920929;0.800000011920929;0.800000011920929
lidar;0.0;25.0;25.06439208984375;25.08751678466797;9.721083641052246;0.2993323802947998;25.068418502807617;25.092987060546875;9.703646659851074;0.31804560925582603;0.996995568479102;0.800000011920929;0.800000011920929;0.800000011920929
lidar;0.0;25.0;25.06412696838379;25.09262466430664;9.722235679626465;0.2997407913208008;25.04428482055664;25.06396484375;9.808180809020996;0.20699580233843537;0.9956372383280879;0.800000011920929;0.800000011920929;0.800000011920929
lidar;0.0;25.0;25.063756942749023;25.097591400146484;9.723840713500977;0.2997545003890991;25.06975746154785;25.10677719116211;9.697847366333008;0.3279688859250281;0.99492687000443;0.800000011920929;0.800000011920929;0.800000011920929
lidar;0.0;25.0;25.063262939453125;25.102359771728516;9.725975036621094;0.29928168654441833;25.072885513305664;25.11792755126953;9.684298515319824;0.344799501111436;0.9964988829729592;0.800000011920929;0.800000011920929;0.800000011920929
lidar;0.0;25.0;25.062772750854492;25.10711669921875;9.728103637695312;0.2989012598991394;25.080013275146484;25.136537551879883;9.653422355651855;0.38099977165862425;0.9977673889994844;0.800000011920929;0.800000011920929;0.800000011920929
lidar;0.0;25.0;25.06228256225586;25.111862182617188;9.73022747039795;0.2986126244068146;25.042184829711914;25.075767517089844;9.81727409362793;0.20226056517048407;0.9987320303760352;0.800000011920929;0.800000011920929;0.800000011920929
lidar;0.0;25.0;25.061792373657227;25.116600036621094;9.73234748840332;0.29841533303260803;25.059572219848633;25.112409591674805;9.741969108581543;0.2876878729101509;0.9993923903140169;0.800000011920929;0.800000011920929;0.800000011920929
lidar;0.0;25.0;25.061304092407227;25.121334075927734;9.734465599060059;0.2983090877532959;25.069307327270508;25.137174606323242;9.699798583984375;0.3372547111623642;0.9997483491986532;0.800000011920929;0.800000011920929;0.800000011920929
lidar;0.0;25.0;25.060813903808594;25.12606430053711;9.73658275604248;0.298293799161911;25.065353393554688;25.13547134399414;9.716925621032715;0.32055380142508727;0.9997997879930698;0.800000011920929;0.800000011920929;0.800000011920929
lidar;0.0;25.0;25.060325622558594;25.130796432495117;9.738700866699219;0.29836931824684143;25.073514938354492;25.159395217895508;9.681568145751953;0.3636074028111876;0.9995466470604133;0.800000011920929;0.800000011920929;0.800000011920929
lidar;0.0;25.0;25.05983543395996;25.13553237915039;9.740819931030273;0.29853594303131104;25.03952980041504;25.08953857421875;9.828773498535156;0.19722647128195517;0.9989890456418619;0.800000011920929;0.800000011920929;0.800000011920929
lidar;0.0;25.0;25.05934715270996;25.140275955200195;9.742942810058594;0.298793762922287;25.073566436767578;25.173885345458984;9.681350708007812;0.3703859881477581;0.998127222067819;0.800000011920929;0.800000011920929;0.800000011920929
lidar;0.0;25.0;25.058834075927734;25.144977569580078;9.745158195495605;0.29903867840766907;25.043987274169922;25.10839080810547;9.809471130371094;0.22357220688336077;0.9973098634469384;0.800000011920929;0.800000011920929;0.800000011920929
lidar;0.0;25.0;25.05830192565918;25.149633407592773;9.747468948364258;0.2992681562900543;25.05865478515625;25.150541305541992;9.745938301086426;0.3010823474987605;0.9965451953242241;0.800000011920929;0.800000011920929;0.800000011920929
lidar;0.0;25.0;25.057767868041992;25.154300689697266;9.749783515930176;0.2995895445346832;25.043697357177734;25.11672019958496;9.810722351074219;0.22662565390164022;0.9954768418476737;0.800000011920929;0.800000011920929;0.800000011920929
lidar;0.0;25.0;25.057109832763672;25.15863800048828;9.752633094787598;0.2993617653846741;25.050662994384766;25.140731811523438;9.780553817749023;0.2655726104103747;0.9953663348132669;0.800000011920929;0.800000011920929;0.800000011920929
lidar;0.0;25.0;25.0563907623291;25.162796020507812;9.755743026733398;0.2989044785499573;25.069995880126953;25.202072143554688;9.696812629699707;0.3710192266246416;0.9968892335521954;0.800000011920929;0.800000011920929;0.800000011920929
lidar;0.0;25.0;25.055675506591797;25.166940689086914;9.758843421936035;0.2985393702983856;25.051685333251953;25.154977798461914;9.776124000549316;0.27714599335359547;0.9981083272756249;0.800000011920929;0.800000011920929;0.800000011920929
lidar;0.0;25.0;25.054960250854492;25.171077728271484;9.761937141418457;0.29826590418815613;25.05080795288086;25.158151626586914;9.779924392700195;0.27572990550078014;0.9990234374755878;0.800000011920929;0.800000011920929;0.800000011920929
lidar;0.0;25.0;25.054248809814453;25.175209045410156;9.765026092529297;0.29808372259140015;25.064424514770508;25.20807647705078;9.720948219299316;0.35400032445681434;0.9996342659222472;0.800000011920929;0.800000011920929;0.800000011920929
lidar;0.0;25.0;25.05353546142578;25.179336547851562;9.768112182617188;0.29799240827560425;25.05216407775879;25.174739837646484;9.774054527282715;0.2903558311498719;0.9999405741659602;0.800000011920929;0.800000011920929;0.800000011920929
lidar;0.0;25.0;25.05282211303711;25.183462142944336;9.771197319030762;0.2979918122291565;25.060199737548828;25.209081649780273;9.739248275756836;0.33960323603740544;0.99994230270845;0.800000011920929;0.800000011920929;0.800000011920929
lidar;0.0;25.0;25.05211067199707;25.187589645385742;9.774284362792969;0.29808205366134644;25.054794311523438;25.197248458862305;9.762661933898926;0.31343031335370825;0.9996393919142836;0.800000011920929;0.800000011920929;0.800000011920929
lidar;0.0;25.0;25.0513973236084;25.191720962524414;9.777373313903809;0.2982633113861084;25.061460494995117;25.229257583618164;9.733783721923828;0.3566620148434135;0.9990320204903358;0.800000011920929;0.800000011920929;0.800000011920929
lidar;0.0;25.0;25.050683975219727;25.19585609436035;9.78046703338623;0.29853567481040955;25.05147933959961;25.198932647705078;9.777020454406738;0.30322251640946374;0.9981203674272011;0.800000011920929;0.800000011920929;0.800000011920929
lidar;0.0;25.0;25.04996681213379;25.200002670288086;9.783567428588867;0.29889971017837524;25.044578552246094;25.17843246459961;9.806909561157227;0.2666634315386023;0.9969046114371254;0.800000011920929;0.800000011920929;0.800000011920929
lidar;0.0;25.0;25.04924964904785;25.204160690307617;9.786676406860352;0.2993559241294861;25.039207458496094;25.162534713745117;9.830170631408691;0.2383204227751616;0.9953851702482344;0.800000011920929;0.800000011920929;0.800000011920929
lidar;0.0;25.0;25.048433303833008;25.207918167114258;9.790212631225586;0.29931068420410156;25.057598114013672;25.24726104736328;9.75051498413086;0.3559472597703174;0.9945983287663287;0.800000011920929;0.800000011920929;0.800000011920929
lidar;0.0;25.0;25.04755973815918;25.21141815185547;9.794000625610352;0.29898974299430847;25.042207717895508;25.1876277923584;9.817181587219238;0.2653446894248628;0.995666205878172;0.800000011920929;0.800000011920929;0.800000011920929
lidar;0.0;25.0;25.04400062561035;24.788366317749023;9.792990684509277;0.2992960512638092;25.045337677001953;24.781936645507812;9.786702156066895;0.30838859905017046;0.9946469663074459;0.800000011920929;0.800000011920929;0.800000011920929
lidar;0.0;25.0;25.044811248779297;24.7918643951416;9.789178848266602;0.299623042345047;25.042083740234375;24.804534912109375;9.802013397216797;0.28138256124911154;0.9935614462925778;0.800000011920929;0.800000011920929;0.800000011920929
lidar;0.0;25.0;25.0455265045166;24.795804977416992;9.785812377929688;0.29940709471702576;25.04575538635254;24.794780731201172;9.784738540649414;0.3009086609619607;0.9952151181376012;0.800000011920929;0.800000011920929;0.800000011920929
lidar;0.0;25.0;25.04619026184082;24.799962997436523;9.782690048217773;0.2989514470100403;25.051956176757812;24.774991989135742;9.75556468963623;0.33626890240397034;0.9967318175303512;0.800000011920929;0.800000011920929;0.800000011920929
lidar;0.0;25.0;25.046852111816406;24.804107666015625;9.779577255249023;0.2985881567001343;25.05702781677246;24.761566162109375;9.731707572937012;0.3634332793065893;0.9979448316409121;0.800000011920929;0.800000011920929;0.800000011920929
lidar;0.0;25.0;25.04751205444336;24.808246612548828;9.776470184326172;0.29831647872924805;25.04619598388672;24.81355857849121;9.782663345336914;0.29005089800870365;0.9988538622202693;0.800000011920929;0.800000011920929;0.800000011920929
lidar;0.0;25.0;25.048171997070312;24.8123779296875;9.773367881774902;0.298135906457901;25.03404998779297;24.867382049560547;9.83980941772461;0.21073139685437905;0.9994586705916111;0.800000011920929;0.800000011920929;0.800000011920929
lidar;0.0;25.0;25.048831939697266;24.816503524780273;9.770268440246582;0.29804638028144836;25.05740737915039;24.78428077697754;9.729925155639648;0.35038699586522304;0.9997590780262716;0.800000011920929;0.800000011920929;0.800000011920929
lidar;0.0;25.0;25.049489974975586;24.82063102722168;9.767169952392578;0.29804760217666626;25.041465759277344;24.84971046447754;9.80491828918457;0.2497260650676792;0.9997548461050311;0.800000011920929;0.800000011920929;0.800000011920929
lidar;0.0;25.0;25.050148010253906;24.824758529663086;9.764070510864258;0.298139750957489;25.048255920410156;24.83137321472168;9.772976875305176;0.2868854418979943;0.9994461536478296;0.800000011920929;0.800000011920929;0.800000011920929
lidar;0.0;25.0;25.05080795288086;24.828889846801758;9.760968208312988;0.29832273721694946;25.057870864868164;24.805103302001953;9.727741241455078;0.33979167306287;0.9988330005729233;0.800000011920929;0.800000011920929;0.800000011920929
lidar;0.0;25.0;25.051467895507812;24.833026885986328;9.757861137390137;0.2985970377922058;25.03722381591797;24.879236221313477;9.824873924255371;0.21595924180127313;0.9979155661970928;0.800000011920929;0.800000011920929;0.800000011920929
lidar;0.0;25.0;25.0521297454834;24.837173461914062;9.75474739074707;0.29896292090415955;25.058948516845703;24.81587791442871;9.722672462463379;0.33806299673421525;0.9966942069590451;0.800000011920929;0.800000011920929;0.800000011920929
lidar;0.0;25.0;25.052793502807617;24.841331481933594;9.751625061035156;0.299421101808548;25.05474090576172;24.835477828979492;9.742462158203125;0.31046793502602393;0.9951691624675032;0.800000011920929;0.800000011920929;0.800000011920929
lidar;0.0;25.0;25.053346633911133;24.8458309173584;9.74902629852295;0.2993350028991699;25.051931381225586;24.84992027282715;9.755683898925781;0.29139469023129844;0.9963233469920838;0.800000011920929;0.800000011920929;0.800000011920929
lidar;0.0;25.0;25.0538387298584;24.850494384765625;9.74670696258545;0.2990117371082306;25.05634117126465;24.84354591369629;9.73493480682373;0.31290862566763156;0.9974002836257546;0.800000011920929;0.800000011920929;0.800000011920929
lidar;0.0;25.0;25.054330825805664;24.855148315429688;9.744391441345215;0.2987799644470215;25.0384464263916;24.89750099182129;9.81912612915039;0.21142277180688415;0.9981735944437581;0.800000011920929;0.800000011920929;0.800000011920929
lidar;0.0;25.0;25.05482292175293;24.85979652404785;9.74207878112793;0.2986395061016083;25.06576919555664;24.831802368164062;9.69057846069336;0.3582708066325868;0.9986427427116525;0.800000011920929;0.800000011920929;0.800000011920929
lidar;0.0;25.0;25.055315017700195;24.864442825317383;9.739768028259277;0.29859012365341187;25.064973831176758;24.840770721435547;9.69432258605957;0.35073438998157086;0.9988076687728423;0.800000011920929;0.800000011920929;0.800000011920929
lidar;0.0;25.0;25.0557804107666;24.86914825439453;9.737576484680176;0.29849615693092346;25.0427188873291;24.8997859954834;9.79902172088623;0.22860454032503918;0.9991217852325319;0.800000011920929;0.800000011920929;0.800000011920929
lidar;0.0;25.0;25.056232452392578;24.873882293701172;9.735448837280273;0.2984215319156647;25.05408477783203;24.87869644165039;9.745550155639648;0.2870270908985383;0.9993713498097749;0.800000011920929;0.800000011920929;0.800000011920929
lidar;0.0;25.0;25.056684494018555;24.87861442565918;9.733321189880371;0.2984378933906555;25.070079803466797;24.849929809570312;9.670300483703613;0.3689641554132961;0.9993165135780229;0.800000011920929;0.800000011920929;0.800000011920929
lidar;0.0;25.0;25.05713653564453;24.88334846496582;9.731192588806152;0.298545241355896;25.0580997467041;24.88138198852539;9.72666072845459;0.30357901884061234;0.9989572764051534;0.800000011920929;0.800000011920929;0.800000011920929
lidar;0.0;25.0;25.057588577270508;24.88808822631836;9.729063034057617;0.2987435758113861;25.06793785095215;24.867979049682617;9.680376052856445;0.3524266580862562;0.998293697817372;0.800000011920929;0.800000011920929;0.800000011920929
lidar;0.0;25.0;25.058042526245117;24.89283561706543;9.7269287109375;0.29903343319892883;25.068735122680664;24.87309455871582;9.676624298095703;0.35412075033647333;0.997326076118189;0.800000011920929;0.800000011920929;0.800000011920929
lidar;0.0;25.0;25.05849838256836;24.897594451904297;9.724790573120117;0.29941514134407043;25.063047409057617;24.889629364013672;9.703387260437012;0.32270028990375754;0.9960546493931327;0.800000011920929;0.800000011920929;0.800000011920929
lidar;0.0;25.0;25.058937072753906;24.90239143371582;9.722719192504883;0.29980984330177307;25.047637939453125;24.921104431152344;9.775877952575684;0.24233218398201314;0.9954079386382182;0.800000011920929;0.800000011920929;0.800000011920929
lidar;0.0;25.0;25.05921745300293;24.907453536987305;9.72139835357666;0.2994837462902069;25.049091339111328;24.923280715942383;9.76904010772705;0.24827055504590473;0.9964918492446335;0.800000011920929;0.800000011920929;0.800000011920929
lidar;0.0;25.0;25.05948829650879;24.91252326965332;9.720126152038574;0.29919999837875366;25.080150604248047;24.882139205932617;9.622920036315918;0.40311874735520414;0.997437000022709;0.800000011920929;0.800000011920929;0.800000011920929
lidar;0.0;25.0;25.059734344482422;24.91761589050293;9.718973159790039;0.2988832890987396;25.049480438232422;24.931758880615234;9.76721477508545;0.24757626206426475;0.998493909921007;0.800000011920929;0.800000011920929;0.800000011920929
lidar;0.0;25.0;25.059978485107422;24.922700881958008;9.717822074890137;0.29865819215774536;25.055871963500977;24.927993774414062;9.737139701843262;0.2782123673027188;0.9992465973228074;0.800000011920929;0.800000011920929;0.800000011920929
lidar;0.0;25.0;25.060222625732422;24.927780151367188;9.716672897338867;0.2985241711139679;25.078147888183594;24.906286239624023;9.632349014282227;0.3873716580057984;0.9996949434364768;0.800000011920929;0.800000011920929;0.800000011920929
lidar;0.0;25.0;25.060466766357422;24.9328556060791;9.715524673461914;0.29848119616508484;25.069990158081055;24.92228126525879;9.6707181930542;0.3454927941392729;0.9998387694465161;0.800000011920929;0.800000011920929;0.800000011920929
lidar;0.0;25.0;25.060710906982422;24.93793296813965;9.714375495910645;0.2985292375087738;25.063440322875977;24.935142517089844;9.7015380859375;0.31194635516737035;0.9996780156918716;0.800000011920929;0.800000011920929;0.800000011920929
lidar;0.0;25.0;25.060922622680664;24.943042755126953;9.713379859924316;0.2985078990459442;25.04945945739746;24.953760147094727;9.767313957214355;0.24233668314835832;0.9997496604858384;0.800000011920929;0.800000011920929;0.800000011920929
lidar;0.0;25.0;25.06112289428711;24.948162078857422;9.71243667602539;0.29852256178855896;25.068389892578125;24.941999435424805;9.678252220153809;0.33400985144045703;0.9997003674496222;0.800000011920929;0.800000011920929;0.800000011920929
lidar;0.0;25.0;25.061325073242188;24.953283309936523;9.711493492126465;0.29862838983535767;25.057437896728516;24.95624351501465;9.729774475097656;0.27970631378342725;0.999346554306892;0.800000011920929;0.800000011920929;0.800000011920929
lidar;0.0;25.0;25.061525344848633;24.958412170410156;9.710549354553223;0.2988252639770508;25.06448745727539;24.956409454345703;9.696613311767578;0.3132125711560128;0.9986882804939364;0.800000011920929;0.800000011920929;0.800000011920929
lidar;0.0;25.0;25.061677932739258;24.96357536315918;9.70982551574707;0.29888537526130676;25.032737731933594;24.980667114257812;9.84598445892334;0.15863856700022905;0.99848705523257;0.800000011920929;0.800000011920929;0.800000011920929
lidar;0.0;25.0;25.06182861328125;24.9687442779541;9.709122657775879;0.2990138530731201;25.070085525512695;24.964570999145508;9.670275688171387;0.3389468748100993;0.9980577827465681;0.800000011920929;0.800000011920929;0.800000011920929
lidar;0.0;25.0;25.06197738647461;24.973920822143555;9.708418846130371;0.2992335855960846;25.067323684692383;24.971670150756836;9.683269500732422;0.32504383417686844;0.9973247049193381;0.800000011920929;0.800000011920929;0.800000011920929
lidar;0.0;25.0;25.062074661254883;24.979122161865234;9.707964897155762;0.29928871989250183;25.061607360839844;24.979280471801758;9.710163116455078;0.29703512286397765;0.997140645898533;0.800000011920929;0.800000011920929;0.800000011920929
lidar;0.0;25.0;25.062166213989258;24.984329223632812;9.707530975341797;0.29941341280937195;25.035215377807617;24.99112319946289;9.834324836730957;0.1696085077868197;0.9967249038073261;0.800000011920929;0.800000011920929;0.800000011920929
lidar;0.0;25.0;25.062236785888672;24.989547729492188;9.707201957702637;0.2995212972164154;25.047603607177734;24.99200439453125;9.77603816986084;0.22910462696007017;0.9963661432193688;0.800000011920929;0.800000011920929;0.800000011920929
lidar;0.0;25.0;25.062267303466797;24.99477195739746;9.707056045532227;0.29953455924987793;25.045984268188477;24.996139526367188;9.783658027648926;0.22120912202182882;0.9963225720425709;0.800000011920929;0.800000011920929;0.800000011920929
lidar;0.0;25.0;25.062297821044922;25.0;9.7069091796875;0.299638956785202;25.045969009399414;25.0;9.783736228942871;0.2210957255299894;0.9959755542201812;0.800000011920929;0.800000011920929;0.800000011920929
lidar;0.0;25.0;25.062267303466797;25.00522804260254;9.707056045532227;0.29953455924987793;25.08519172668457;25.007152557373047;9.599205017089844;0.40981181408458217;0.9963225720425709;0.800000011920929;0.800000011920929;0.800000011920929
lidar;0.0;25.0;25.062236785888672;25.010452270507812;9.707201957702637;0.2995212972164154;25.073774337768555;25.01239013671875;9.652917861938477;0.3550529102346779;0.9963661432193688;0.800000011920929;0.800000011920929;0.800000011920929
lidar;0.0;25.0;25.062166213989258;25.015670776367188;9.707530975341797;0.2994134724140167;25.068939208984375;25.017377853393555;9.675667762756348;0.3320331646773341;0.9967249038073261;0.800000011920929;0.800000011920929;0.800000011920929
lidar;0.0;25.0;25.062074661254883;25.020877838134766;9.707964897155762;0.29928871989250183;25.057056427001953;25.019189834594727;9.73157024383545;0.2750966743149983;0.997140645898533;0.800000011920929;0.800000011920929;0.800000011920929
lidar;0.0;25.0;25.06197738647461;25.026079177856445;9.708418846130371;0.2992335855960846;25.03302574157715;25.013896942138672;9.844624519348145;0.15945369711136512;0.9973247049193381;0.800000011920929;0.800000011920929;0.800000011920929
lidar;0.0;25.0;25.06182861328125;25.0312557220459;9.709122657775879;0.2990139126777649;25.074573516845703;25.03769874572754;9.649160385131836;0.3606532411468268;0.9980577827465681;0.800000011920929;0.800000011920929;0.800000011920929
lidar;0.0;25.0;25.061677932739258;25.03642463684082;9.70982551574707;0.2988854646682739;25.068063735961914;25.040197372436523;9.679780960083008;0.3298310849381258;0.99848705523257;0.800000011920929;0.800000011920929;0.800000011920929
lidar;0.0;25.0;25.061525344848633;25.041587829589844;9.710549354553223;0.2988252341747284;25.06066131591797;25.041006088256836;9.714609146118164;0.2946343436788581;0.9986882804939364;0.800000011920929;0.800000011920929;0.800000011920929
lidar;0.0;25.0;25.061325073242188;25.046716690063477;9.711493492126465;0.29862844944000244;25.054580688476562;25.04157829284668;9.743220329284668;0.2657885979609116;0.999346554306892;0.800000011920929;0.800000011920929;0.800000011920929
lidar;0.0;25.0;25.06112289428711;25.051837921142578;9.71243667602539;0.2985227108001709;25.062110900878906;25.052675247192383;9.707796096801758;0.30334040350223923;0.9997003674496222;0.800000011920929;0.800000011920929;0.800000011920929
lidar;0.0;25.0;25.060922622680664;25.056957244873047;9.713379859924316;0.2985079288482666;25.063751220703125;25.059602737426758;9.7000732421875;0.3123665362063855;0.9997496604858384;0.800000011920929;0.800000011920929;0.800000011920929
lidar;0.0;25.0;25.060710906982422;25.06206703186035;9.714375495910645;0.2985292077064514;25.04061508178711;25.041522979736328;9.808917999267578;0.19971498352973466;0.9996780156918716;0.800000011920929;0.800000011920929;0.800000011920929
lidar;0.0;25.0;25.060466766357422;25.0671443939209;9.715524673461914;0.2984811067581177;25.07164764404297;25.079557418823242;9.66292953491211;0.35366524841691854;0.9998387694465161;0.800000011920929;0.800000011920929;0.800000011920929
lidar;0.0;25.0;25.060222625732422;25.072219848632812;9.716672897338867;0.2985241115093231;25.06220245361328;25.074594497680664;9.707359313964844;0.30833741885432236;0.9996949434364768;0.800000011920929;0.800000011920929;0.800000011920929
lidar;0.0;25.0;25.059978485107422;25.077299118041992;9.717822074890137;0.2986580729484558;25.060190200805664;25.07756996154785;9.716830253601074;0.29970839865117255;0.9992465973228074;0.800000011920929;0.800000011920929;0.800000011920929
lidar;0.0;25.0;25.059734344482422;25.08238410949707;9.718973159790039;0.29888322949409485;25.04656219482422;25.06421661376953;9.780941009521484;0.2329780591676403;0.998493909921007;0.800000011920929;0.800000011920929;0.800000011920929
lidar;0.0;25.0;25.05948829650879;25.08747673034668;9.720126152038574;0.2991999685764313;25.059659957885742;25.087730407714844;9.719319343566895;0.3000627303468362;0.997437000022709;0.800000011920929;0.800000011920929;0.800000011920929
lidar;0.0;25.0;25.05921745300293;25.092546463012695;9.72139835357666;0.2994837462902069;25.053743362426758;25.083988189697266;9.74715805053711;0.2717934439199291;0.9964918492446335;0.800000011920929;0.800000011920929;0.800000011920929
lidar;0.0;25.0;25.058937072753906;25.09760856628418;9.722719192504883;0.29980984330177307;25.048961639404297;25.081087112426758;9.76965045928955;0.24906482862460663;0.9954079386382182;0.800000011920929;0.800000011920929;0.800000011920929
lidar;0.0;25.0;25.05849838256836;25.102405548095703;9.724790573120117;0.29941511154174805;25.059823989868164;25.10472869873047;9.718548774719238;0.306205828728149;0.9960546493931327;0.800000011920929;0.800000011920929;0.800000011920929
lidar;0.0;25.0;25.058042526245117;25.10716438293457;9.7269287109375;0.2990334630012512;25.05436134338379;25.100366592407227;9.744248390197754;0.2800675247631271;0.997326076118189;0.800000011920929;0.800000011920929;0.800000011920929
lidar;0.0;25.0;25.057588577270508;25.11191177368164;9.729063034057617;0.2987436354160309;25.069122314453125;25.134323120117188;9.674802780151367;0.35857241392571754;0.998293697817372;0.800000011920929;0.800000011920929;0.800000011920929
lidar;0.0;25.0;25.05713653564453;25.11665153503418;9.731192588806152;0.2985452711582184;25.077117919921875;25.157445907592773;9.637187957763672;0.4029498133124888;0.9989572764051534;0.800000011920929;0.800000011920929;0.800000011920929
lidar;0.0;25.0;25.056684494018555;25.12138557434082;9.733321189880371;0.2984379231929779;25.066356658935547;25.1420955657959;9.687821388244629;0.34935609525053796;0.9993165135780229;0.800000011920929;0.800000011920929;0.800000011920929
lidar;0.0;25.0;25.056232452392578;25.126117706298828;9.735448837280273;0.29842156171798706;25.058263778686523;25.13067626953125;9.725887298583984;0.30920727435453615;0.9993713498097749;0.800000011920929;0.800000011920929;0.800000011920929
lidar;0.0;25.0;25.0557804107666;25.13085174560547;9.737576484680176;0.29849615693092346;25.055116653442383;25.129297256469727;9.740694999694824;0.2949485268754449;0.9991217852325319;0.800000011920929;0.800000011920929;0.800000011920929
lidar;0.0;25.0;25.055315017700195;25.135557174682617;9.739768028259277;0.29859012365341187;25.05946922302246;25.14573860168457;9.720223426818848;0.32101561816676477;0.9988076687728423;0.800000011920929;0.800000011920929;0.800000011920929
lidar;0.0;25.0;25.05482292175293;25.14020347595215;9.74207878112793;0.2986394762992859;25.043352127075195;25.110870361328125;9.796041488647461;0.2361581453642913;0.9986427427116525;0.800000011920929;0.800000011920929;0.800000011920929
lidar;0.0;25.0;25.054330825805664;25.144851684570312;9.744391441345215;0.2987798750400543;25.057146072387695;25.152355194091797;9.731151580810547;0.31425650561689894;0.9981735944437581;0.800000011920929;0.800000011920929;0.800000011920929
lidar;0.0;25.0;25.0538387298584;25.149505615234375;9.74670696258545;0.2990116775035858;25.05193519592285;25.14421844482422;9.75566577911377;0.288435452852958;0.9974002836257546;0.800000011920929;0.800000011920929;0.800000011920929
lidar;0.0;25.0;25.053346633911133;25.1541690826416;9.74902629852295;0.2993350028991699;25.065183639526367;25.188377380371094;9.693336486816406;0.3657563950729473;0.9963233469920838;0.800000011920929;0.800000011920929;0.800000011920929
lidar;0.0;25.0;25.052793502807617;25.158668518066406;9.751625061035156;0.29942113161087036;25.060548782348633;25.181974411010742;9.715144157409668;0.34339968304148055;0.9951691624675032;0.800000011920929;0.800000011920929;0.800000011920929
lidar;0.0;25.0;25.0521297454834;25.162826538085938;9.75474739074707;0.2989630401134491;25.051050186157227;25.159454345703125;9.759827613830566;0.2927702350623752;0.9966942069590451;0.800000011920929;0.800000011920929;0.800000011920929
lidar;0.0;25.0;25.051467895507812;25.166973114013672;9.757861137390137;0.298597127199173;25.05769157409668;25.187162399291992;9.728583335876465;0.33470211528713384;0.9979155661970928;0.800000011920929;0.800000011920929;0.800000011920929
lidar;0.0;25.0;25.05080795288086;25.171110153198242;9.760968208312988;0.298322856426239;25.043203353881836;25.145498275756836;9.796747207641602;0.25366956116666395;0.9988330005729233;0.800000011920929;0.800000011920929;0.800000011920929
lidar;0.0;25.0;25.050148010253906;25.175241470336914;9.764070510864258;0.29813989996910095;25.05771255493164;25.201679229736328;9.72847843170166;0.34311662394292336;0.9994461536478296;0.800000011920929;0.800000011920929;0.800000011920929
lidar;0.0;25.0;25.049489974975586;25.17936897277832;9.767169952392578;0.2980477809906006;25.053735733032227;25.194761276245117;9.747191429138184;0.3236227703847737;0.9997548461050311;0.800000011920929;0.800000011920929;0.800000011920929
lidar;0.0;25.0;25.048831939697266;25.183496475219727;9.770268440246582;0.2980464994907379;25.060226440429688;25.226316452026367;9.716656684875488;0.36760030096766894;0.9997590780262716;0.800000011920929;0.800000011920929;0.800000011920929
lidar;0.0;25.0;25.048171997070312;25.187623977661133;9.773367881774902;0.29813605546951294;25.040678024291992;25.158432006835938;9.808629035949707;0.2517501785852979;0.9994586705916111;0.800000011920929;0.800000011920929;0.800000011920929
lidar;0.0;25.0;25.04751205444336;25.191753387451172;9.776470184326172;0.29831650853157043;25.054079055786133;25.218252182006836;9.74558162689209;0.3395396397027257;0.9988538622202693;0.800000011920929;0.800000011920929;0.800000011920929
lidar;0.0;25.0;25.046852111816406;25.195892333984375;9.779577255249023;0.29858821630477905;25.035442352294922;25.1481876373291;9.833253860473633;0.22587649087992487;0.9979448316409121;0.800000011920929;0.800000011920929;0.800000011920929
lidar;0.0;25.0;25.04619026184082;25.200037002563477;9.782690048217773;0.2989515960216522;25.035505294799805;25.153762817382812;9.832962036132812;0.2297936775298816;0.9967318175303512;0.800000011920929;0.800000011920929;0.800000011920929
lidar;0.0;25.0;25.0455265045166;25.204195022583008;9.785812377929688;0.29940712451934814;25.061912536621094;25.277690887451172;9.708721160888672;0.40717134272815925;0.9952151181376012;0.800000011920929;0.800000011920929;0.800000011920929
lidar;0.0;25.0;25.044811248779297;25.2081356048584;9.789178848266602;0.2996230721473694;25.047327041625977;25.219818115234375;9.777345657348633;0.31644141363443284;0.9935614462925778;0.800000011920929;0.800000011920929;0.800000011920929
lidar;0.0;25.0;25.04400062561035;25.211633682250977;9.792990684509277;0.2992960810661316;25.059707641601562;25.287172317504883;9.719103813171387;0.40612285387342306;0.9946470263579301;0.800000011920929;0.800000011920929;0.800000011920929
lidar;0.0;25.0;25.040393829345703;24.788299560546875;9.792189598083496;0.2993890941143036;25.044645309448242;24.766023635864258;9.770323753356934;0.33089099104466535;0.9943376185186455;0.800000011920929;0.800000011920929;0.800000011920929
lidar;0.0;25.0;25.041168212890625;24.791645050048828;9.788206100463867;0.2999386191368103;25.03729248046875;24.811264038085938;9.808149337768555;0.2716950494887268;0.9925156835947754;0.800000011920929;0.800000011920929;0.800000011920929
lidar;0.0;25.0;25.04179573059082;24.795734405517578;9.7849760055542;0.29951152205467224;25.05184555053711;24.746618270874023;9.733274459838867;0.3715272389536533;0.9948683378185451;0.800000011920929;0.800000011920929;0.800000011920929
lidar;0.0;25.0;25.04240608215332;24.79989242553711;9.781840324401855;0.299057275056839;25.04509735107422;24.78719139099121;9.767993927001953;0.31803759253721076;0.996379435270949;0.800000011920929;0.800000011920929;0.800000011920929
lidar;0.0;25.0;25.043012619018555;24.804039001464844;9.77871322631836;0.29869532585144043;25.042407989501953;24.80679702758789;9.781828880310059;0.29449025980130483;0.9975870250043067;0.800000011920929;0.800000011920929;0.800000011920929
lidar;0.0;25.0;25.04361915588379;24.808176040649414;9.775593757629395;0.29842501878738403;25.04861068725586;24.786226272583008;9.74991512298584;0.33257294003477583;0.9984906912735625;0.800000011920929;0.800000011920929;0.800000011920929
lidar;0.0;25.0;25.044225692749023;24.812307357788086;9.772478103637695;0.29824596643447876;25.050716400146484;24.784765243530273;9.739090919494629;0.34201053663471664;0.9990902542931883;0.800000011920929;0.800000011920929;0.800000011920929
lidar;0.0;25.0;25.044830322265625;24.816434860229492;9.769365310668945;0.29815784096717834;25.036739349365234;24.849563598632812;9.810989379882812;0.24434783510239944;0.9993854760509725;0.800000011920929;0.800000011920929;0.800000011920929
lidar;0.0;25.0;25.04543685913086;24.8205623626709;9.766253471374512;0.2981606125831604;25.03696632385254;24.854007720947266;9.809822082519531;0.24258534071198873;0.9993762373805362;0.800000011920929;0.800000011920929;0.800000011920929
lidar;0.0;25.0;25.04604148864746;24.824689865112305;9.763140678405762;0.29825425148010254;25.048934936523438;24.81366729736328;9.748247146606445;0.31700789123110645;0.9990625978078931;0.800000011920929;0.800000011920929;0.800000011920929
lidar;0.0;25.0;25.046646118164062;24.82882308959961;9.760025024414062;0.2984388768672943;25.04010772705078;24.85281753540039;9.793663024902344;0.2566049430527099;0.9984446168266176;0.800000011920929;0.800000011920929;0.800000011920929
lidar;0.0;25.0;25.047252655029297;24.83296012878418;9.756904602050781;0.298714816570282;25.056489944458008;24.800310134887695;9.70938777923584;0.35710314319963155;0.9975225329601933;0.800000011920929;0.800000011920929;0.800000011920929
lidar;0.0;25.0;25.047861099243164;24.837108612060547;9.753777503967285;0.29908236861228943;25.049829483032227;24.830406188964844;9.743648529052734;0.31138560625278217;0.9962966442088788;0.800000011920929;0.800000011920929;0.800000011920929
lidar;0.0;25.0;25.048471450805664;24.841266632080078;9.750640869140625;0.29954221844673157;25.045055389404297;24.85245132446289;9.768209457397461;0.27843754708379714;0.9947670694399726;0.800000011920929;0.800000011920929;0.800000011920929
lidar;0.0;25.0;25.048927307128906;24.84592628479004;9.748289108276367;0.299150675535202;25.05037498474121;24.841367721557617;9.74084186553955;0.30800119884655114;0.9969372747033801;0.800000011920929;0.800000011920929;0.800000011920929
lidar;0.0;25.0;25.049379348754883;24.850587844848633;9.745964050292969;0.29882586002349854;25.04521369934082;24.863189697265625;9.767391204833984;0.27362040375950136;0.9980206488356208;0.800000011920929;0.800000011920929;0.800000011920929
lidar;0.0;25.0;25.04983139038086;24.855239868164062;9.743642807006836;0.29859259724617004;25.04601287841797;24.8663330078125;9.763287544250488;0.27571200119058326;0.9988000392870423;0.800000011920929;0.800000011920929;0.800000011920929
lidar;0.0;25.0;25.050281524658203;24.859886169433594;9.741325378417969;0.2984505593776703;25.031230926513672;24.9129695892334;9.839326858520508;0.18537924615202012;0.999275207523015;0.800000011920929;0.800000011920929;0.800000011920929
lidar;0.0;25.0;25.050731658935547;24.86452865600586;9.739008903503418;0.29839950799942017;25.046842575073242;24.874916076660156;9.759018898010254;0.27552117597774883;0.9994459152317022;0.800000011920929;0.800000011920929;0.800000011920929
lidar;0.0;25.0;25.05118179321289;24.869173049926758;9.736692428588867;0.29843926429748535;25.054431915283203;24.86086654663086;9.719974517822266;0.3173883751786673;0.9993122220145263;0.800000011920929;0.800000011920929;0.800000011920929
lidar;0.0;25.0;25.051631927490234;24.87381935119629;9.734375;0.29857009649276733;25.036897659301758;24.90983009338379;9.810181617736816;0.21336166014532704;0.9988741278038342;0.800000011920929;0.800000011920929;0.800000011920929
lidar;0.0;25.0;25.05205726623535;24.878530502319336;9.732189178466797;0.29864245653152466;25.055212020874023;24.87116813659668;9.71595573425293;0.3167448705598324;0.9986319541210551;0.800000011920929;0.800000011920929;0.800000011920929
lidar;0.0;25.0;25.052473068237305;24.883268356323242;9.730050086975098;0.29875147342681885;25.0338134765625;24.924776077270508;9.826041221618652;0.19251896578740374;0.9982674717571504;0.800000011920929;0.800000011920929;0.800000011920929
lidar;0.0;25.0;25.052888870239258;24.888010025024414;9.727909088134766;0.2989516258239746;25.069177627563477;24.8535213470459;9.644112586975098;0.3910216079508706;0.9975989463240047;0.800000011920929;0.800000011920929;0.800000011920929
lidar;0.0;25.0;25.053306579589844;24.89276123046875;9.725765228271484;0.299243301153183;25.053443908691406;24.892484664916992;9.725056648254395;0.30001598881307123;0.9966264960299731;0.800000011920929;0.800000011920929;0.800000011920929
lidar;0.0;25.0;25.05372428894043;24.89752197265625;9.723615646362305;0.299626886844635;25.069480895996094;24.867464065551758;9.642549514770508;0.38751093156009175;0.9953504799700349;0.800000011920929;0.800000011920929;0.800000011920929
lidar;0.0;25.0;25.054039001464844;24.902481079101562;9.721990585327148;0.2995316684246063;25.076448440551758;24.862041473388672;9.606703758239746;0.42374340677629435;0.9963323474078883;0.800000011920929;0.800000011920929;0.800000011920929
lidar;0.0;25.0;25.054296493530273;24.907541275024414;9.720667839050293;0.299204558134079;25.04847526550293;24.917455673217773;9.750621795654297;0.26711930589958804;0.9974216224490757;0.800000011920929;0.800000011920929;0.800000011920929
lidar;0.0;25.0;25.054553985595703;24.91259002685547;9.71934700012207;0.29896917939186096;25.053104400634766;24.9149112701416;9.726799011230469;0.2910314651410343;0.9982070325982401;0.800000011920929;0.800000011920929;0.800000011920929
lidar;0.0;25.0;25.0548095703125;24.917633056640625;9.71802806854248;0.29882511496543884;25.04136848449707;24.93783187866211;9.787178993225098;0.2255416117284944;0.9986883997068491;0.800000011920929;0.800000011920929;0.800000011920929
lidar;0.0;25.0;25.055036544799805;24.922714233398438;9.716863632202148;0.2986105680465698;25.056344985961914;24.920875549316406;9.710131645202637;0.3057103387672621;0.999405860929814;0.800000011920929;0.800000011920929;0.800000011920929
lidar;0.0;25.0;25.055259704589844;24.927791595458984;9.715710639953613;0.29847654700279236;25.04593276977539;24.939979553222656;9.763692855834961;0.24809931214524122;0.9998549223002473;0.800000011920929;0.800000011920929;0.800000011920929
lidar;0.0;25.0;25.055484771728516;24.9328670501709;9.714557647705078;0.2984333634376526;25.059206008911133;24.928363800048828;9.695409774780273;0.3184529285679176;0.9999994635581729;0.800000011920929;0.800000011920929;0.800000011920929
lidar;0.0;25.0;25.055707931518555;24.937942504882812;9.71340560913086;0.29848113656044006;25.062715530395508;24.93013572692871;9.677352905273438;0.3360295507513062;0.999839365480749;0.800000011920929;0.800000011920929;0.800000011920929
lidar;0.0;25.0;25.055932998657227;24.94301986694336;9.712252616882324;0.29861992597579956;25.055334091186523;24.94363021850586;9.715331077575684;0.29542457844932013;0.9993746877195016;0.800000011920929;0.800000011920929;0.800000011920929
lidar;0.0;25.0;25.056123733520508;24.948135375976562;9.711264610290527;0.2986775040626526;25.065929412841797;24.939075469970703;9.660826683044434;0.35085196464331014;0.9991819859166187;0.800000011920929;0.800000011920929;0.800000011920929
lidar;0.0;25.0;25.05630874633789;24.95326042175293;9.71031665802002;0.2987837791442871;25.053281784057617;24.955772399902344;9.725890159606934;0.2827208520559868;0.9988266825533033;0.800000011920929;0.800000011920929;0.800000011920929
lidar;0.0;25.0;25.056493759155273;24.958389282226562;9.709367752075195;0.29898127913475037;25.06942367553711;24.94886589050293;9.642841339111328;0.3674188866676543;0.998167037875434;0.800000011920929;0.800000011920929;0.800000011920929
lidar;0.0;25.0;25.056665420532227;24.96353530883789;9.70848274230957;0.2992035448551178;25.058910369873047;24.96209144592285;9.696935653686523;0.3110554443905745;0.9974255562332667;0.800000011920929;0.800000011920929;0.800000011920929
lidar;0.0;25.0;25.05680274963379;24.968711853027344;9.707776069641113;0.2993329167366028;25.055824279785156;24.969249725341797;9.712811470031738;0.29417541640815026;0.9969943165938021;0.800000011920929;0.800000011920929;0.800000011920929
lidar;0.0;25.0;25.05694007873535;24.973892211914062;9.707069396972656;0.29955360293388367;25.045364379882812;24.979198455810547;9.76661491394043;0.2386611895210392;0.9962592722641618;0.800000011920929;0.800000011920929;0.800000011920929
lidar;0.0;25.0;25.057050704956055;24.97909164428711;9.706501960754395;0.2997215688228607;25.073694229125977;24.972991943359375;9.620879173278809;0.3871593434049975;0.9957006573765418;0.800000011920929;0.800000011920929;0.800000011920929
lidar;0.0;25.0;25.0571346282959;24.98430633544922;9.70606517791748;0.29984715580940247;25.057357788085938;24.9842472076416;9.704922676086426;0.30101239748401704;0.9952834250621645;0.800000011920929;0.800000011920929;0.800000011920929
lidar;0.0;25.0;25.057199478149414;24.989532470703125;9.705735206604004;0.29995477199554443;25.05219078063965;24.990447998046875;9.731505393981934;0.2736870863417858;0.9952870014209609;0.800000011920929;0.800000011920929;0.800000011920929
lidar;0.0;25.0;25.057209014892578;24.994766235351562;9.70568561553955;0.29986852407455444;25.059234619140625;24.99458122253418;9.695267677307129;0.31048353023967545;0.9955733419720596;0.800000011920929;0.800000011920929;0.800000011920929
lidar;0.0;25.0;25.057218551635742;25.0;9.705636024475098;0.29987362027168274;25.046215057373047;25.0;9.762239456176758;0.24221032870935852;0.9955565330441091;0.800000011920929;0.800000011920929;0.800000011920929
lidar;0.0;25.0;25.057209014892578;25.005233764648438;9.70568561553955;0.29986852407455444;25.043067932128906;25.00394058227539;9.77843189239502;0.2257498382219509;0.9955733419720596;0.800000011920929;0.800000011920929;0.800000011920929
lidar;0.0;25.0;25.057199478149414;25.010467529296875;9.705735206604004;0.29995477199554443;25.068037033081055;25.012451171875;9.649982452392578;0.3567856464070272;0.9952870014209609;0.800000011920929;0.800000011920929;0.800000011920929
lidar;0.0;25.0;25.0571346282959;25.01569366455078;9.70606517791748;0.29984715580940247;25.061111450195312;25.01678466796875;9.685606002807617;0.32071832327739314;0.9952834250621645;0.800000011920929;0.800000011920929;0.800000011920929
lidar;0.0;25.0;25.057050704956055;25.02090835571289;9.706501960754395;0.2997215688228607;25.057937622070312;25.02123260498047;9.701939582824707;0.30438024615589887;0.9957006573765418;0.800000011920929;0.800000011920929;0.800000011920929
lidar;0.0;25.0;25.05694007873535;25.026107788085938;9.707069396972656;0.29955366253852844;25.041624069213867;25.019084930419922;9.785861015319824;0.21898061536569008;0.9962592722641618;0.800000011920929;0.800000011920929;0.800000011920929
lidar;0.0;25.0;25.05680274963379;25.031288146972656;9.707776069641113;0.29933294653892517;25.056758880615234;25.031265258789062;9.707999229431152;0.2991045959423378;0.9969943165938021;0.800000011920929;0.800000011920929;0.800000011920929
lidar;0.0;25.0;25.056665420532227;25.03646469116211;9.70848274230957;0.2992035746574402;25.05289649963379;25.034038543701172;9.727875709533691;0.2792995462161815;0.9974255562332667;0.800000011920929;0.800000011920929;0.800000011920929
lidar;0.0;25.0;25.056493759155273;25.041610717773438;9.709367752075195;0.29898133873939514;25.05138397216797;25.0378475189209;9.735649108886719;0.271945021071648;0.998167037875434;0.800000011920929;0.800000011920929;0.800000011920929
lidar;0.0;25.0;25.05630874633789;25.04673957824707;9.71031665802002;0.2987838685512543;25.038558959960938;25.032007217407227;9.801630020141602;0.2046015096976836;0.9988266825533033;0.800000011920929;0.800000011920929;0.800000011920929
lidar;0.0;25.0;25.056123733520508;25.051864624023438;9.711264610290527;0.29867756366729736;25.059099197387695;25.05461311340332;9.695962905883789;0.3145055090441662;0.9991819859166187;0.800000011920929;0.800000011920929;0.800000011920929
lidar;0.0;25.0;25.055932998657227;25.05698013305664;9.712252616882324;0.2986198663711548;25.073421478271484;25.07479476928711;9.622282981872559;0.39198860349457876;0.9993746877195016;0.800000011920929;0.800000011920929;0.800000011920929
lidar;0.0;25.0;25.055707931518555;25.062057495117188;9.71340560913086;0.2984810769557953;25.072147369384766;25.08036994934082;9.628837585449219;0.3865566011616133;0.999839365480749;0.800000011920929;0.800000011920929;0.800000011920929
lidar;0.0;25.0;25.055484771728516;25.0671329498291;9.714557647705078;0.2984332740306854;25.05279541015625;25.063879013061523;9.728389739990234;0.2839715878408884;0.9999994635581729;0.800000011920929;0.800000011920929;0.800000011920929
lidar;0.0;25.0;25.055259704589844;25.072208404541016;9.715710639953613;0.2984764575958252;25.05541229248047;25.072406768798828;9.714929580688477;0.29929649264473634;0.9998549223002473;0.800000011920929;0.800000011920929;0.800000011920929
lidar;0.0;25.0;25.055036544799805;25.077285766601562;9.716863632202148;0.29861053824424744;25.04949188232422;25.069499969482422;9.745390892028809;0.26852444195237424;0.999405860929814;0.800000011920929;0.800000011920929;0.800000011920929
lidar;0.0;25.0;25.0548095703125;25.082366943359375;9.71802806854248;0.29882514476776123;25.057476043701172;25.086374282836914;9.704312324523926;0.31336079133947414;0.9986883997068491;0.800000011920929;0.800000011920929;0.800000011920929
lidar;0.0;25.0;25.054553985595703;25.08740997314453;9.71934700012207;0.2989691495895386;25.06177520751953;25.098979949951172;9.682198524475098;0.3385420946499506;0.9982070325982401;0.800000011920929;0.800000011920929;0.800000011920929
lidar;0.0;25.0;25.054296493530273;25.092458724975586;9.720667839050293;0.2992045283317566;25.053197860717773;25.090587615966797;9.726323127746582;0.2931473326770231;0.9974216224490757;0.800000011920929;0.800000011920929;0.800000011920929
lidar;0.0;25.0;25.054039001464844;25.097518920898438;9.721990585327148;0.2995316684246063;25.06108856201172;25.110239028930664;9.685726165771484;0.33860414460406285;0.9963322874798227;0.800000011920929;0.800000011920929;0.800000011920929
lidar;0.0;25.0;25.05372428894043;25.10247802734375;9.723615646362305;0.299626886844635;25.056913375854492;25.108562469482422;9.707207679748535;0.3174146624206517;0.9953504799700349;0.800000011920929;0.800000011920929;0.800000011920929
lidar;0.0;25.0;25.053306579589844;25.10723876953125;9.725765228271484;0.29924333095550537;25.0642032623291;25.129161834716797;9.66970443725586;0.36041605124148707;0.9966264960299731;0.800000011920929;0.800000011920929;0.800000011920929
lidar;0.0;25.0;25.052888870239258;25.111989974975586;9.727909088134766;0.298951655626297;25.03900909423828;25.082599639892578;9.799312591552734;0.22049904474946605;0.9975989463240047;0.800000011920929;0.800000011920929;0.800000011920929
lidar;0.0;25.0;25.052473068237305;25.116731643676758;9.730050086975098;0.29875150322914124;25.052398681640625;25.116565704345703;9.730433464050293;0.29832783973859445;0.9982674717571504;0.800000011920929;0.800000011920929;0.800000011920929
lidar;0.0;25.0;25.05205726623535;25.121469497680664;9.732189178466797;0.29864245653152466;25.05885887145996;25.137340545654297;9.697195053100586;0.33766510883464945;0.9986319541210551;0.800000011920929;0.800000011920929;0.800000011920929
lidar;0.0;25.0;25.051631927490234;25.12618064880371;9.734375;0.2985701262950897;25.052478790283203;25.12824821472168;9.730022430419922;0.3034625802292037;0.9988741278038342;0.800000011920929;0.800000011920929;0.800000011920929
lidar;0.0;25.0;25.05118179321289;25.130826950073242;9.736692428588867;0.29843923449516296;25.04813575744629;25.12303924560547;9.752366065979004;0.28067507777190087;0.9993122220145263;0.800000011920929;0.800000011920929;0.800000011920929
lidar;0.0;25.0;25.050731658935547;25.13547134399414;9.739008903503418;0.2983993589878082;25.05328369140625;25.14228630065918;9.72587776184082;0.3134128047064224;0.9994459152317022;0.800000011920929;0.800000011920929;0.800000011920929
lidar;0.0;25.0;25.050281524658203;25.140113830566406;9.741325378417969;0.29845044016838074;25.062885284423828;25.17523765563965;9.676481246948242;0.3732658420738847;0.999275207523015;0.800000011920929;0.800000011920929;0.800000011920929
lidar;0.0;25.0;25.04983139038086;25.144760131835938;9.743642807006836;0.29859256744384766;25.053462982177734;25.155311584472656;9.724958419799805;0.32035534643480995;0.9988000392870423;0.800000011920929;0.800000011920929;0.800000011920929
lidar;0.0;25.0;25.049379348754883;25.149412155151367;9.745964050292969;0.29882580041885376;25.04817008972168;25.145753860473633;9.752185821533203;0.291506695501783;0.9980206488356208;0.800000011920929;0.800000011920929;0.800000011920929
lidar;0.0;25.0;25.048927307128906;25.15407371520996;9.748289108276367;0.29915061593055725;25.053403854370117;25.168170928955078;9.725257873535156;0.3265228162108352;0.9969372747033801;0.800000011920929;0.800000011920929;0.800000011920929
lidar;0.0;25.0;25.048471450805664;25.158733367919922;9.750640869140625;0.29954224824905396;25.04660415649414;25.152620315551758;9.760244369506836;0.2880065915074493;0.9947670694399726;0.800000011920929;0.800000011920929;0.800000011920929
lidar;0.0;25.0;25.047861099243164;25.162891387939453;9.753776550292969;0.2990824282169342;25.062150955200195;25.211524963378906;9.680265426635742;0.3883752381423353;0.9962966442088788;0.800000011920929;0.800000011920929;0.800000011920929
lidar;0.0;25.0;25.047252655029297;25.16703987121582;9.756903648376465;0.29871490597724915;25.0406436920166;25.143678665161133;9.790902137756348;0.25693853890391766;0.9975225329601933;0.800000011920929;0.800000011920929;0.800000011920929
lidar;0.0;25.0;25.046646118164062;25.17117691040039;9.760024070739746;0.29843902587890625;25.048452377319336;25.177806854248047;9.750730514526367;0.30999737523622856;0.9984446168266176;0.800000011920929;0.800000011920929;0.800000011920929
lidar;0.0;25.0;25.04604148864746;25.175310134887695;9.763140678405762;0.2982544004917145;25.049882888793945;25.18994140625;9.743370056152344;0.3231488807027885;0.9990625978078931;0.800000011920929;0.800000011920929;0.800000011920929
lidar;0.0;25.0;25.04543685913086;25.1794376373291;9.766253471374512;0.29816073179244995;25.04365348815918;25.172401428222656;9.775419235229492;0.28646846464905557;0.9993762373805362;0.800000011920929;0.800000011920929;0.800000011920929
lidar;0.0;25.0;25.044830322265625;25.183565139770508;9.769365310668945;0.2981579303741455;25.054424285888672;25.222841262817383;9.720016479492188;0.36195436224670063;0.9993854760509725;0.800000011920929;0.800000011920929;0.800000011920929
lidar;0.0;25.0;25.044225692749023;25.187692642211914;9.772478103637695;0.29824602603912354;25.045047760009766;25.191179275512695;9.76824951171875;0.30378834489416146;0.9990902542931883;0.800000011920929;0.800000011920929;0.800000011920929
lidar;0.0;25.0;25.04361915588379;25.191823959350586;9.775593757629395;0.2984250783920288;25.052534103393555;25.231027603149414;9.729730606079102;0.3594151656418617;0.9984906912735625;0.800000011920929;0.800000011920929;0.800000011920929
lidar;0.0;25.0;25.043012619018555;25.195960998535156;9.77871322631836;0.2986953556537628;25.04891014099121;25.222824096679688;9.748379707336426;0.339640069924914;0.9975870250043067;0.800000011920929;0.800000011920929;0.800000011920929
lidar;0.0;25.0;25.04240608215332;25.20010757446289;9.781840324401855;0.2990573048591614;25.03750991821289;25.1770076751709;9.807024002075195;0.26453505298907337;0.996379435270949;0.800000011920929;0.800000011920929;0.800000011920929
lidar;0.0;25.0;25.04179573059082;25.204265594482422;9.7849760055542;0.29951152205467224;25.051921844482422;25.253751754760742;9.732885360717773;0.3720699772803677;0.9948683378185451;0.800000011920929;0.800000011920929;0.800000011920929
lidar;0.0;25.0;25.041168212890625;25.208354949951172;9.788206100463867;0.2999385893344879;25.047420501708984;25.239999771118164;9.756037712097168;0.34549453901834326;0.9925158027839011;0.800000011920929;0.800000011920929;0.800000011920929
lidar;0.0;25.0;25.040393829345703;25.211700439453125;9.792189598083496;0.2993890047073364;25.04695701599121;25.246097564697266;9.758424758911133;0.3480335614682099;0.9943377372807839;0.800000011920929;0.800000011920929;0.800000011920929
lidar;0.0;25.0;25.0367431640625;24.788406372070312;9.791621208190918;0.2992381751537323;25.029766082763672;24.828580856323242;9.831186294555664;0.24242209667493375;0.9948390126781681;0.800000011920929;0.800000011920929;0.800000011920929
lidar;0.0;25.0;25.037439346313477;24.791793823242188;9.78767204284668;0.29972416162490845;25.03555679321289;24.80226707458496;9.798352241516113;0.28464754687429256;0.9941620829833778;0.800000011920929;0.800000011920929;0.800000011920929
lidar;0.0;25.0;25.03801727294922;24.79584312438965;9.784395217895508;0.29935014247894287;25.037578582763672;24.798202514648438;9.786887168884277;0.295890902244122;0.9954043027528484;0.800000011920929;0.800000011920929;0.800000011920929
lidar;0.0;25.0;25.038593292236328;24.799884796142578;9.781126022338867;0.29906806349754333;25.033037185668945;24.82869529724121;9.812636375427246;0.25601169273157576;0.996343493167865;0.800000011920929;0.800000011920929;0.800000011920929
lidar;0.0;25.0;25.039165496826172;24.803932189941406;9.777875900268555;0.298857182264328;25.037796020507812;24.810791015625;9.785646438598633;0.28840310087756793;0.9970470068869504;0.800000011920929;0.800000011920929;0.800000011920929
lidar;0.0;25.0;25.039718627929688;24.80807113647461;9.77474308013916;0.29858899116516113;25.03600311279297;24.826025009155273;9.795815467834473;0.2706564775977132;0.9979425670665865;0.800000011920929;0.800000011920929;0.800000011920929
lidar;0.0;25.0;25.040271759033203;24.81220245361328;9.771613121032715;0.29841214418411255;25.031091690063477;24.85500717163086;9.823668479919434;0.230396862853555;0.9985342025923721;0.800000011920929;0.800000011920929;0.800000011920929
lidar;0.0;25.0;25.040822982788086;24.81633186340332;9.768486976623535;0.2983262538909912;25.03461456298828;24.844263076782227;9.803693771362305;0.2529598193418558;0.998821616117318;0.800000011920929;0.800000011920929;0.800000011920929
lidar;0.0;25.0;25.041372299194336;24.820459365844727;9.765361785888672;0.2983313202857971;25.041715621948242;24.818971633911133;9.76341724395752;0.300803668738257;0.9988047480881423;0.800000011920929;0.800000011920929;0.800000011920929
lidar;0.0;25.0;25.04192352294922;24.824588775634766;9.762235641479492;0.2984272837638855;25.040876388549805;24.82897186279297;9.76817512512207;0.2909715341560692;0.9984837175176774;0.800000011920929;0.800000011920929;0.800000011920929
lidar;0.0;25.0;25.042476654052734;24.82872200012207;9.759105682373047;0.2986142635345459;25.042055130004883;24.83042335510254;9.761497497558594;0.2956493572972772;0.9978584645538473;0.800000011920929;0.800000011920929;0.800000011920929
lidar;0.0;25.0;25.04302978515625;24.832860946655273;9.75597095489502;0.298892617225647;25.063642501831055;24.752788543701172;9.639062881469727;0.4420846763874077;0.9969293475397607;0.800000011920929;0.800000011920929;0.800000011920929
lidar;0.0;25.0;25.043582916259766;24.83700942993164;9.752830505371094;0.29926276206970215;25.03249740600586;24.878463745117188;9.815694808959961;0.22314871833563615;0.9956964851450247;0.800000011920929;0.800000011920929;0.800000011920929
lidar;0.0;25.0;25.044097900390625;24.8413143157959;9.749906539916992;0.2994541525840759;25.03549575805664;24.872268676757812;9.798691749572754;0.241039697658714;0.9959275128525177;0.800000011920929;0.800000011920929;0.800000011920929
lidar;0.0;25.0;25.044509887695312;24.845985412597656;9.747570037841797;0.29903632402420044;25.05571746826172;24.807205200195312;9.684011459350586;0.3743298595672876;0.9973186850310745;0.800000011920929;0.800000011920929;0.800000011920929
lidar;0.0;25.0;25.044921875;24.850645065307617;9.7452392578125;0.2987106144428253;25.049684524536133;24.834806442260742;9.718222618103027;0.3303877594680404;0.9984059333251551;0.800000011920929;0.800000011920929;0.800000011920929
lidar;0.0;25.0;25.045331954956055;24.855295181274414;9.742912292480469;0.2984763979911804;25.04031753540039;24.871301651000977;9.77134895324707;0.2654621775692447;0.9991891384071605;0.800000011920929;0.800000011920929;0.800000011920929
lidar;0.0;25.0;25.04574203491211;24.859941482543945;9.740589141845703;0.2983333468437195;25.05777931213379;24.823081970214844;9.672319412231445;0.3768468088666948;0.9996680021329075;0.800000011920929;0.800000011920929;0.800000011920929
lidar;0.0;25.0;25.04615020751953;24.86458396911621;9.738266944885254;0.2982812225818634;25.048290252685547;24.858306884765625;9.72613525390625;0.3121071094557005;0.9998422860962265;0.800000011920929;0.800000011920929;0.800000011920929
lidar;0.0;25.0;25.046560287475586;24.869224548339844;9.735945701599121;0.2983199656009674;25.051349639892578;24.855772018432617;9.708783149719238;0.32900666141828616;0.9997121095564419;0.800000011920929;0.800000011920929;0.800000011920929
lidar;0.0;25.0;25.04697036743164;24.873868942260742;9.733622550964355;0.29844969511032104;25.045820236206055;24.876956939697266;9.740143775939941;0.2911423121104412;0.9992773533440015;0.800000011920929;0.800000011920929;0.800000011920929
lidar;0.0;25.0;25.047380447387695;24.87851905822754;9.73129653930664;0.29867056012153625;25.048913955688477;24.874589920043945;9.722600936889648;0.30833485304846664;0.9985381365548531;0.800000011920929;0.800000011920929;0.800000011920929
lidar;0.0;25.0;25.04779052734375;24.8831787109375;9.728965759277344;0.29898279905319214;25.047828674316406;24.883085250854492;9.72874927520752;0.299222442932763;0.9974949360787886;0.800000011920929;0.800000011920929;0.800000011920929
lidar;0.0;25.0;25.04817771911621;24.887903213500977;9.726767539978027;0.29923689365386963;25.05004119873047;24.883569717407227;9.716204643249512;0.31080462669172243;0.9966478942673883;0.800000011920929;0.800000011920929;0.800000011920929
lidar;0.0;25.0;25.048559188842773;24.892658233642578;9.72461223602295;0.2995310425758362;25.048707962036133;24.89232635498047;9.723763465881348;0.30045353084953863;0.9956689479285749;0.800000011920929;0.800000011920929;0.800000011920929
lidar;0.0;25.0;25.048913955688477;24.897476196289062;9.722599983215332;0.29975736141204834;25.05926513671875;24.875778198242188;9.663887977600098;0.36320079461867183;0.9955822231758514;0.800000011920929;0.800000011920929;0.800000011920929
lidar;0.0;25.0;25.049148559570312;24.902545928955078;9.721270561218262;0.2993374466896057;25.040239334106445;24.920209884643555;9.771791458129883;0.24508188431065264;0.9969788193866916;0.800000011920929;0.800000011920929;0.800000011920929
lidar;0.0;25.0;25.049381256103516;24.90760040283203;9.719944953918457;0.29900962114334106;25.05194091796875;24.902812957763672;9.70543098449707;0.3145063369599014;0.9980718492350823;0.800000011920929;0.800000011920929;0.800000011920929
lidar;0.0;25.0;25.04961395263672;24.912647247314453;9.718622207641602;0.29877346754074097;25.037935256958008;24.933208465576172;9.784856796264648;0.2284445364635176;0.9988608360598158;0.800000011920929;0.800000011920929;0.800000011920929
lidar;0.0;25.0;25.049846649169922;24.917686462402344;9.717300415039062;0.298628568649292;25.04671859741211;24.922855377197266;9.735048294067383;0.2798809680175717;0.9993456006316939;0.800000011920929;0.800000011920929;0.800000011920929
lidar;0.0;25.0;25.050079345703125;24.9227237701416;9.715980529785156;0.2985747456550598;25.057863235473633;24.91071319580078;9.671838760375977;0.3449785012943782;0.999525964232883;0.800000011920929;0.800000011920929;0.800000011920929
lidar;0.0;25.0;25.050296783447266;24.92778205871582;9.714753150939941;0.2985147535800934;25.049171447753906;24.929397583007812;9.7211332321167;0.29183746336134375;0.999727010718747;0.800000011920929;0.800000011920929;0.800000011920929
lidar;0.0;25.0;25.050500869750977;24.932859420776367;9.71359634399414;0.29847171902656555;25.049654006958008;24.933982849121094;9.71839427947998;0.29347185345104104;0.9998709559410739;0.800000011920929;0.800000011920929;0.800000011920929
lidar;0.0;25.0;25.050704956054688;24.93793487548828;9.71243953704834;0.29851973056793213;25.056812286376953;24.930456161499023;9.677797317504883;0.33448196912826733;0.9997103810187736;0.800000011920929;0.800000011920929;0.800000011920929
lidar;0.0;25.0;25.0509090423584;24.943012237548828;9.711282730102539;0.29865866899490356;25.038137435913086;24.95730972290039;9.783713340759277;0.2237342942041445;0.9992452263749169;0.800000011920929;0.800000011920929;0.800000011920929
lidar;0.0;25.0;25.05111312866211;24.94809913635254;9.710124015808105;0.2988888621330261;25.0471134185791;24.952159881591797;9.732808113098145;0.2754990563194569;0.9984757304576466;0.800000011920929;0.800000011920929;0.800000011920929
lidar;0.0;25.0;25.051286697387695;24.953222274780273;9.70914077758789;0.2990279495716095;25.040014266967773;24.963502883911133;9.7730712890625;0.23330148276476592;0.9980114100923013;0.800000011920929;0.800000011920929;0.800000011920929
lidar;0.0;25.0;25.051454544067383;24.958354949951172;9.708187103271484;0.2992263734340668;25.035085678100586;24.971603393554688;9.801021575927734;0.20403341326942476;0.9973496797374783;0.800000011920929;0.800000011920929;0.800000011920929
lidar;0.0;25.0;25.05162239074707;24.963497161865234;9.707232475280762;0.29951635003089905;25.038660049438477;24.97266387939453;9.780743598937988;0.22431031313247457;0.996384143940178;0.800000011920929;0.800000011920929;0.800000011920929
lidar;0.0;25.0;25.05176544189453;24.96866798400879;9.706428527832031;0.2997426986694336;25.048812866210938;24.970455169677734;9.723172187805176;0.28264707026902297;0.9956313966726841;0.800000011920929;0.800000011920929;0.800000011920929
lidar;0.0;25.0;25.051883697509766;24.973859786987305;9.705748558044434;0.29993218183517456;25.05474853515625;24.972415924072266;9.689499855041504;0.31649447863428104;0.995362341382773;0.800000011920929;0.800000011920929;0.800000011920929
lidar;0.0;25.0;25.051925659179688;24.979089736938477;9.70551872253418;0.2997542917728424;25.072654724121094;24.97074317932129;9.587959289550781;0.41941929797507527;0.9959527253244388;0.800000011920929;0.800000011920929;0.800000011920929
lidar;0.0;25.0;25.051950454711914;24.98432159423828;9.705370903015137;0.2995847463607788;25.051225662231445;24.984539031982422;9.70948314666748;0.295403266869387;0.996516346992393;0.800000011920929;0.800000011920929;0.800000011920929
lidar;0.0;25.0;25.051977157592773;24.989547729492188;9.705223083496094;0.29950660467147827;25.051849365234375;24.989572525024414;9.70594310760498;0.29877508783826107;0.9967764614988003;0.800000011920929;0.800000011920929;0.800000011920929
lidar;0.0;25.0;25.051986694335938;24.994773864746094;9.705171585083008;0.29942256212234497;25.049808502197266;24.994993209838867;9.717520713806152;0.28688067912672743;0.9970562457227886;0.800000011920929;0.800000011920929;0.800000011920929
lidar;0.0;25.0;25.05199432373047;25.0;9.705121040344238;0.2994275987148285;25.059667587280273;25.0;9.661605834960938;0.3436145814957604;0.997039616296195;0.800000011920929;0.800000011920929;0.800000011920929
lidar;0.0;25.0;25.051986694335938;25.005226135253906;9.705171585083008;0.29942256212234497;25.03536033630371;25.003555297851562;9.799457550048828;0.2036670884305438;0.9970562457227886;0.800000011920929;0.800000011920929;0.800000011920929
lidar;0.0;25.0;25.051977157592773;25.010452270507812;9.705223083496094;0.2995065748691559;25.047954559326172;25.0096435546875;9.72803783416748;0.2763255736821163;0.9967764614988003;0.800000011920929;0.800000011920929;0.800000011920929
lidar;0.0;25.0;25.051950454711914;25.01567840576172;9.705370903015137;0.2995847463607788;25.043203353881836;25.013038635253906;9.754977226257324;0.24914382550983755;0.996516346992393;0.800000011920929;0.800000011920929;0.800000011920929
lidar;0.0;25.0;25.051925659179688;25.020910263061523;9.70551872253418;0.2997542917728424;25.04369354248047;25.017595291137695;9.752202987670898;0.2522339335077288;0.9959527253244388;0.800000011920929;0.800000011920929;0.800000011920929
lidar;0.0;25.0;25.051883697509766;25.026140213012695;9.705748558044434;0.2999321520328522;25.041593551635742;25.02095603942871;9.764110565185547;0.2404430567720316;0.995362341382773;0.800000011920929;0.800000011920929;0.800000011920929
lidar;0.0;25.0;25.05176544189453;25.03133201599121;9.706428527832031;0.299742728471756;25.063459396362305;25.038410186767578;9.640105247497559;0.3674600502942357;0.9956313966726841;0.800000011920929;0.800000011920929;0.800000011920929
lidar;0.0;25.0;25.05162239074707;25.036502838134766;9.707232475280762;0.29951635003089905;25.035484313964844;25.02509117126465;9.798760414123535;0.20587901646106097;0.996384143940178;0.800000011920929;0.800000011920929;0.800000011920929
lidar;0.0;25.0;25.051454544067383;25.041645050048828;9.708187103271484;0.29922640323638916;25.03684425354004;25.02981948852539;9.791050910949707;0.21425797113323192;0.9973496797374783;0.800000011920929;0.800000011920929;0.800000011920929
lidar;0.0;25.0;25.051286697387695;25.046777725219727;9.70914077758789;0.2990280091762543;25.056386947631836;25.051429748535156;9.680218696594238;0.32876165264061175;0.9980114100923013;0.800000011920929;0.800000011920929;0.800000011920929
lidar;0.0;25.0;25.05111312866211;25.05190086364746;9.710124015808105;0.2988888919353485;25.045639038085938;25.046342849731445;9.741172790527344;0.2668745917015097;0.9984757304576466;0.800000011920929;0.800000011920929;0.800000011920929
lidar;0.0;25.0;25.0509090423584;25.056987762451172;9.711282730102539;0.2986586093902588;25.05077362060547;25.056835174560547;9.712053298950195;0.2978614841280841;0.9992452263749169;0.800000011920929;0.800000011920929;0.800000011920929
lidar;0.0;25.0;25.050704956054688;25.06206512451172;9.71243953704834;0.2985196113586426;25.044923782348633;25.054990768432617;9.745222091674805;0.26448752598644487;0.9997103810187736;0.800000011920929;0.800000011920929;0.800000011920929
lidar;0.0;25.0;25.050500869750977;25.067140579223633;9.71359634399414;0.2984716594219208;25.04865837097168;25.0646915435791;9.724043846130371;0.2875835478259944;0.9998709559410739;0.800000011920929;0.800000011920929;0.800000011920929
lidar;0.0;25.0;25.050296783447266;25.07221794128418;9.714753150939941;0.298514723777771;25.041067123413086;25.0589656829834;9.76709270477295;0.24374086379880394;0.999727010718747;0.800000011920929;0.800000011920929;0.800000011920929
lidar;0.0;25.0;25.050079345703125;25.0772762298584;9.715980529785156;0.2985747158527374;25.057506561279297;25.08873748779297;9.673860549926758;0.34285348085447875;0.999525964232883;0.800000011920929;0.800000011920929;0.800000011920929
lidar;0.0;25.0;25.049846649169922;25.082313537597656;9.717301368713379;0.29862847924232483;25.041645050048828;25.068767547607422;9.763822555541992;0.24948537156398842;0.9993456006316939;0.800000011920929;0.800000011920929;0.800000011920929
lidar;0.0;25.0;25.04961395263672;25.087352752685547;9.718622207641602;0.2987734377384186;25.046619415283203;25.082077026367188;9.735614776611328;0.2807308036555704;0.9988608360598158;0.800000011920929;0.800000011920929;0.800000011920929
lidar;0.0;25.0;25.049381256103516;25.09239959716797;9.719944953918457;0.2990095913410187;25.0572452545166;25.107112884521484;9.675347328186035;0.3466259974835306;0.9980718492350823;0.800000011920929;0.800000011920929;0.800000011920929
lidar;0.0;25.0;25.049148559570312;25.097454071044922;9.721270561218262;0.2993374168872833;25.045696258544922;25.090608596801758;9.740850448608398;0.27831046862080105;0.9969788193866916;0.800000011920929;0.800000011920929;0.800000011920929
lidar;0.0;25.0;25.048913955688477;25.102523803710938;9.722599983215332;0.29975733160972595;25.034854888916016;25.073057174682617;9.802328109741211;0.21360335577843154;0.9955822231758514;0.800000011920929;0.800000011920929;0.800000011920929
lidar;0.0;25.0;25.048559188842773;25.107341766357422;9.72461223602295;0.2995310425758362;25.06667137145996;25.147382736206055;9.621885299682617;0.4112636441338664;0.9956689479285749;0.800000011920929;0.800000011920929;0.800000011920929
lidar;0.0;25.0;25.04817771911621;25.112096786499023;9.726767539978027;0.29923686385154724;25.049989700317383;25.11631202697754;9.716489791870117;0.31049234982811624;0.9966478942673883;0.800000011920929;0.800000011920929;0.800000011920929
lidar;0.0;25.0;25.04779052734375;25.1168212890625;9.728965759277344;0.29898279905319214;25.046743392944336;25.114259719848633;9.734909057617188;0.29242689278029377;0.9974949360787886;0.800000011920929;0.800000011920929;0.800000011920929
lidar;0.0;25.0;25.047380447387695;25.12148094177246;9.73129653930664;0.2986705005168915;25.040504455566406;25.103851318359375;9.770288467407227;0.255329730337765;0.9985381365548531;0.800000011920929;0.800000011920929;0.800000011920929
lidar;0.0;25.0;25.04697036743164;25.126131057739258;9.733622550964355;0.2984496057033539;25.039222717285156;25.10532569885254;9.777562141418457;0.2492196092874188;0.9992773533440015;0.800000011920929;0.800000011920929;0.800000011920929
lidar;0.0;25.0;25.046560287475586;25.130775451660156;9.735945701599121;0.29831981658935547;25.04534339904785;25.12735939025879;9.742841720581055;0.29052866741563993;0.9997121095564419;0.800000011920929;0.800000011920929;0.800000011920929
lidar;0.0;25.0;25.04615020751953;25.13541603088379;9.738266944885254;0.2982810139656067;25.05447769165039;25.15985107421875;9.691041946411133;0.35210125166859446;0.9998422860962265;0.800000011920929;0.800000011920929;0.800000011920929
lidar;0.0;25.0;25.04574203491211;25.140058517456055;9.740589141845703;0.29833313822746277;25.03915786743164;25.119901657104492;9.777923583984375;0.255396657990691;0.9996680021329075;0.800000011920929;0.800000011920929;0.800000011920929
lidar;0.0;25.0;25.045331954956055;25.144704818725586;9.742913246154785;0.29847630858421326;25.022245407104492;25.071012496948242;9.873836517333984;0.14647478346895607;0.9991891384071605;0.800000011920929;0.800000011920929;0.800000011920929
lidar;0.0;25.0;25.044921875;25.149354934692383;9.7452392578125;0.29871052503585815;25.03743553161621;25.124467849731445;9.787690162658691;0.24893606513558125;0.9984059333251551;0.800000011920929;0.800000011920929;0.800000011920929
lidar;0.0;25.0;25.044509887695312;25.154014587402344;9.747570037841797;0.29903629422187805;25.051786422729492;25.17919158935547;9.706305503845215;0.3479194990216477;0.9973186850310745;0.800000011920929;0.800000011920929;0.800000011920929
lidar;0.0;25.0;25.044097900390625;25.1586856842041;9.749906539916992;0.29945412278175354;25.043481826782227;25.15646743774414;9.753402709960938;0.29526768678430065;0.9959275719642191;0.800000011920929;0.800000011920929;0.800000011920929
lidar;0.0;25.0;25.043582916259766;25.16299057006836;9.752830505371094;0.29926273226737976;25.047330856323242;25.1770076751709;9.731574058532715;0.3249983617229522;0.9956964851450247;0.800000011920929;0.800000011920929;0.800000011920929
lidar;0.0;25.0;25.04302978515625;25.167139053344727;9.75597095489502;0.29889270663261414;25.034032821655273;25.132198333740234;9.806985855102539;0.23640890213023708;0.9969293475397607;0.800000011920929;0.800000011920929;0.800000011920929
lidar;0.0;25.0;25.042476654052734;25.17127799987793;9.759105682373047;0.29861438274383545;25.039724349975586;25.160179138183594;9.774715423583984;0.2792640510291618;0.9978584645538473;0.800000011920929;0.800000011920929;0.800000011920929
lidar;0.0;25.0;25.04192352294922;25.175411224365234;9.762234687805176;0.29842737317085266;25.0444393157959;25.185932159423828;9.74797534942627;0.3163255874387728;0.9984837175176774;0.800000011920929;0.800000011920929;0.800000011920929
lidar;0.0;25.0;25.041372299194336;25.179540634155273;9.765361785888672;0.2983313798904419;25.043127059936523;25.187149047851562;9.755416870117188;0.3109760632485749;0.9988047480881423;0.800000011920929;0.800000011920929;0.800000011920929
lidar;0.0;25.0;25.040822982788086;25.18366813659668;9.768486976623535;0.298326313495636;25.037206649780273;25.16739845275879;9.788995742797852;0.2718988830137901;0.998821616117318;0.800000011920929;0.800000011920929;0.800000011920929
lidar;0.0;25.0;25.040271759033203;25.18779754638672;9.771613121032715;0.29841214418411255;25.043087005615234;25.200929641723633;9.75564193725586;0.3192811962149354;0.9985342025923721;0.800000011920929;0.800000011920929;0.800000011920929
lidar;0.0;25.0;25.039718627929688;25.19192886352539;9.77474308013916;0.29858899116516113;25.039791107177734;25.192276000976562;9.774334907531738;0.29912923212282805;0.9979425670665865;0.800000011920929;0.800000011920929;0.800000011920929
lidar;0.0;25.0;25.039165496826172;25.196067810058594;9.777875900268555;0.298857182264328;25.034135818481445;25.170881271362305;9.80640983581543;0.26046648569479547;0.9970470068869504;0.800000011920929;0.800000011920929;0.800000011920929
lidar;0.0;25.0;25.038593292236328;25.200115203857422;9.781126022338867;0.29906806349754333;25.0361328125;25.187353134155273;9.795084953308105;0.27999363051249176;0.996343493167865;0.800000011920929;0.800000011920929;0.800000011920929
lidar;0.0;25.0;25.03801727294922;25.20415687561035;9.784395217895508;0.2993501126766205;25.044139862060547;25.237037658691406;9.749669075012207;0.3475644988706913;0.9954043027528484;0.800000011920929;0.800000011920929;0.800000011920929
lidar;0.0;25.0;25.037439346313477;25.208206176757812;9.78767204284668;0.29972416162490845;25.039222717285156;25.218122482299805;9.777559280395508;0.313998658334199;0.9941620829833778;0.800000011920929;0.800000011920929;0.800000011920929
lidar;0.0;25.0;25.0367431640625;25.211593627929688;9.791621208190918;0.2992381155490875;25.043790817260742;25.25218391418457;9.75164794921875;0.3566411280312146;0.9948391321223555;0.800000011920929;0.800000011920929;0.800000011920929
lidar;0.0;25.0;25.03308868408203;24.788484573364258;9.791088104248047;0.29912853240966797;25.04331398010254;24.723115921020508;9.72652530670166;0.3915732401024265;0.995203435658621;0.800000011920929;0.800000011920929;0.800000011920929
lidar;0.0;25.0;25.03369903564453;24.791967391967773;9.787227630615234;0.29947519302368164;25.03390884399414;24.79067611694336;9.785908699035645;0.3013322313954005;0.9949885603588834;0.800000011920929;0.800000011920929;0.800000011920929
lidar;0.0;25.0;25.03421974182129;24.7960147857666;9.783946990966797;0.2990976870059967;25.03887176513672;24.768278121948242;9.754569053649902;0.3397682799882355;0.9962446093468666;0.800000011920929;0.800000011920929;0.800000011920929
lidar;0.0;25.0;25.034738540649414;24.80005645751953;9.780673027038574;0.29881200194358826;25.033254623413086;24.80859375;9.7900390625;0.286052128005294;0.9971973300840905;0.800000011920929;0.800000011920929;0.800000011920929
lidar;0.0;25.0;25.035255432128906;24.804088592529297;9.77740478515625;0.29861775040626526;25.041072845458984;24.771764755249023;9.740676879882812;0.3478892736061161;0.9978461263234331;0.800000011920929;0.800000011920929;0.800000011920929
lidar;0.0;25.0;25.0357723236084;24.80811882019043;9.774140357971191;0.29851460456848145;25.037843704223633;24.7970027923584;9.761056900024414;0.3158060599417066;0.9981911181499425;0.800000011920929;0.800000011920929;0.800000011920929
lidar;0.0;25.0;25.03628921508789;24.81214714050293;9.770875930786133;0.29850247502326965;25.02784538269043;24.85585594177246;9.824188232421875;0.22904689251943733;0.9982318878449371;0.800000011920929;0.800000011920929;0.800000011920929
lidar;0.0;25.0;25.036802291870117;24.816192626953125;9.767634391784668;0.29855167865753174;25.034961700439453;24.825393676757812;9.779264450073242;0.2836090002044437;0.9980676770578496;0.800000011920929;0.800000011920929;0.800000011920929
lidar;0.0;25.0;25.03730010986328;24.820322036743164;9.764494895935059;0.2985597848892212;25.036176681518555;24.825729370117188;9.77158260345459;0.28957462706475073;0.9980406163989579;0.800000011920929;0.800000011920929;0.800000011920929
lidar;0.0;25.0;25.037797927856445;24.824453353881836;9.761354446411133;0.29865890741348267;25.032812118530273;24.84760856628418;9.792832374572754;0.2592652762285298;0.99770969138691;0.800000011920929;0.800000011920929;0.800000011920929
lidar;0.0;25.0;25.03829574584961;24.82858657836914;9.758211135864258;0.29884907603263855;25.040786743164062;24.817434310913086;9.742480278015137;0.3182921181721173;0.9970747831067758;0.800000011920929;0.800000011920929;0.800000011920929
lidar;0.0;25.0;25.038793563842773;24.832727432250977;9.755062103271484;0.29913070797920227;25.034353256225586;24.851877212524414;9.783103942871094;0.2648855029491459;0.9961361882598425;0.800000011920929;0.800000011920929;0.800000011920929
lidar;0.0;25.0;25.03929328918457;24.836877822875977;9.751907348632812;0.2995041608810425;25.036989212036133;24.846446990966797;9.766461372375488;0.28193425801134137;0.9948941468314272;0.800000011920929;0.800000011920929;0.800000011920929
lidar;0.0;25.0;25.03972053527832;24.841337203979492;9.749212265014648;0.299409955739975;25.05019760131836;24.799488067626953;9.683063507080078;0.37838246110345997;0.9960745574936157;0.800000011920929;0.800000011920929;0.800000011920929
lidar;0.0;25.0;25.04009246826172;24.84600830078125;9.746869087219238;0.2989918887615204;25.04346466064453;24.833051681518555;9.725570678710938;0.32414908286815386;0.9974672792770422;0.800000011920929;0.800000011920929;0.800000011920929
lidar;0.0;25.0;25.040462493896484;24.85066795349121;9.744532585144043;0.29866576194763184;25.030977249145508;24.885671615600586;9.804414749145508;0.22865788974836823;0.9985560774150114;0.800000011920929;0.800000011920929;0.800000011920929
lidar;0.0;25.0;25.040830612182617;24.855318069458008;9.742199897766113;0.2984310984611511;25.03923797607422;24.860965728759766;9.752264022827148;0.2867810267005521;0.999340772599637;0.800000011920929;0.800000011920929;0.800000011920929
lidar;0.0;25.0;25.041200637817383;24.859962463378906;9.739870071411133;0.29828765988349915;25.03498077392578;24.881105422973633;9.779144287109375;0.25325206762716246;0.9998210668426264;0.800000011920929;0.800000011920929;0.800000011920929
lidar;0.0;25.0;25.041568756103516;24.86460304260254;9.737542152404785;0.2982351779937744;25.04758071899414;24.845020294189453;9.69958209991455;0.34137018317424134;0.9999967813493997;0.800000011920929;0.800000011920929;0.800000011920929
lidar;0.0;25.0;25.04193878173828;24.869245529174805;9.735214233398438;0.2982735335826874;25.049636840820312;24.84524154663086;9.686605453491211;0.35302927781016763;0.9998679161198909;0.800000011920929;0.800000011920929;0.800000011920929
lidar;0.0;25.0;25.042306900024414;24.873889923095703;9.732885360717773;0.2984027862548828;25.041540145874023;24.876176834106445;9.7377290725708;0.2929911128005606;0.9994344710703952;0.800000011920929;0.800000011920929;0.800000011920929
lidar;0.0;25.0;25.04267692565918;24.878538131713867;9.730552673339844;0.2986232042312622;25.048215866088867;24.862770080566406;9.695572853088379;0.3373912155217863;0.9986965655486907;0.800000011920929;0.800000011920929;0.800000011920929
lidar;0.0;25.0;25.043046951293945;24.883195877075195;9.728217124938965;0.29893502593040466;25.051977157592773;24.85896110534668;9.67182445526123;0.36096103347698005;0.9976544976585098;0.800000011920929;0.800000011920929;0.800000011920929
lidar;0.0;25.0;25.04341697692871;24.88786506652832;9.725874900817871;0.29933878779411316;25.054222106933594;24.859960556030273;9.657659530639648;0.37382837933130103;0.9963085053993097;0.800000011920929;0.800000011920929;0.800000011920929
lidar;0.0;25.0;25.04378890991211;24.892549514770508;9.723526000976562;0.2998351752758026;25.03766441345215;24.90757942199707;9.762199401855469;0.2578936484953115;0.9946589466488315;0.800000011920929;0.800000011920929;0.800000011920929
lidar;0.0;25.0;25.044048309326172;24.89751434326172;9.721890449523926;0.29964718222618103;25.0489559173584;24.886098861694336;9.690911293029785;0.3330256412904671;0.9959481952306017;0.800000011920929;0.800000011920929;0.800000011920929
lidar;0.0;25.0;25.04425811767578;24.90258026123047;9.720559120178223;0.29922690987586975;25.04229736328125;24.906898498535156;9.732945442199707;0.285962972705172;0.997347116689293;0.800000011920929;0.800000011920929;0.800000011920929
lidar;0.0;25.0;25.044469833374023;24.907634735107422;9.719230651855469;0.29889872670173645;25.043643951416016;24.90934944152832;9.72443962097168;0.2933530204294846;0.9984422922739834;0.800000011920929;0.800000011920929;0.800000011920929
lidar;0.0;25.0;25.044679641723633;24.91267967224121;9.717904090881348;0.2986621558666229;25.045265197753906;24.911537170410156;9.714212417602539;0.30257127870536515;0.9992333650814155;0.800000011920929;0.800000011920929;0.800000011920929
lidar;0.0;25.0;25.044889450073242;24.91771697998047;9.716580390930176;0.29851675033569336;25.048294067382812;24.911476135253906;9.69508171081543;0.32116083206258683;0.9997200369802834;0.800000011920929;0.800000011920929;0.800000011920929
lidar;0.0;25.0;25.04509925842285;24.922752380371094;9.715256690979004;0.2984623908996582;25.05398178100586;24.907535552978516;9.65916633605957;0.3572555302765576;0.9999021291698919;0.800000011920929;0.800000011920929;0.800000011920929
lidar;0.0;25.0;25.04530906677246;24.927785873413086;9.713933944702148;0.2984989583492279;25.047481536865234;24.92432403564453;9.700215339660645;0.3128129980526608;0.9997797012443843;0.800000011920929;0.800000011920929;0.800000011920929
lidar;0.0;25.0;25.045513153076172;24.932830810546875;9.712638854980469;0.29859644174575806;25.04759979248047;24.929752349853516;9.699469566345215;0.3122805448961475;0.9994533657860517;0.800000011920929;0.800000011920929;0.800000011920929
lidar;0.0;25.0;25.045698165893555;24.937908172607422;9.711477279663086;0.2986449897289276;25.051172256469727;24.930469512939453;9.676913261413574;0.3344219947052334;0.999291121923787;0.800000011920929;0.800000011920929;0.800000011920929
lidar;0.0;25.0;25.045881271362305;24.942989349365234;9.710315704345703;0.2987845540046692;25.044178009033203;24.945106506347656;9.721070289611816;0.2876926671336396;0.9988245368851797;0.800000011920929;0.800000011920929;0.800000011920929
lidar;0.0;25.0;25.046066284179688;24.948076248168945;9.709153175354004;0.2990153431892395;25.051074981689453;24.94243049621582;9.677529335021973;0.331526944985562;0.9980536699741747;0.800000011920929;0.800000011920929;0.800000011920929
lidar;0.0;25.0;25.046249389648438;24.95317268371582;9.707987785339355;0.2993377447128296;25.04492950439453;24.954509735107422;9.716326713562012;0.29078949498878537;0.996978759778691;0.800000011920929;0.800000011920929;0.800000011920929
lidar;0.0;25.0;25.046405792236328;24.958309173583984;9.707006454467773;0.2995607852935791;25.037811279296875;24.96603012084961;9.761270523071289;0.24408102417464855;0.9962363243347657;0.800000011920929;0.800000011920929;0.800000011920929
lidar;0.0;25.0;25.04655647277832;24.963457107543945;9.706047058105469;0.2998522222042084;25.048856735229492;24.961650848388672;9.691524505615234;0.31466594217921334;0.9952681657372109;0.800000011920929;0.800000011920929;0.800000011920929
lidar;0.0;25.0;25.04663848876953;24.968664169311523;9.705535888671875;0.2997770607471466;25.056215286254883;24.962230682373047;9.645072937011719;0.3613310195926851;0.9958775043803779;0.800000011920929;0.800000011920929;0.800000011920929
lidar;0.0;25.0;25.046676635742188;24.973894119262695;9.705292701721191;0.2995211184024811;25.039209365844727;24.978071212768555;9.752437591552734;0.25160599601850414;0.9967284799094036;0.800000011920929;0.800000011920929;0.800000011920929
lidar;0.0;25.0;25.046714782714844;24.97911834716797;9.70505142211914;0.2993538975715637;25.045114517211914;24.979833602905273;9.715160369873047;0.2890940377405674;0.9972852466804496;0.800000011920929;0.800000011920929;0.800000011920929
lidar;0.0;25.0;25.046743392944336;24.98434066772461;9.704876899719238;0.2992117404937744;25.02739143371582;24.99082374572754;9.827059745788574;0.1753358858538397;0.9977589843311169;0.800000011920929;0.800000011920929;0.800000011920929
lidar;0.0;25.0;25.04676628112793;24.989561080932617;9.704729080200195;0.2991334795951843;25.046415328979492;24.989639282226562;9.706945419311523;0.2968887114224683;0.9980198742546524;0.800000011920929;0.800000011920929;0.800000011920929
lidar;0.0;25.0;25.046777725219727;24.994781494140625;9.704658508300781;0.2990689277648926;25.042993545532227;24.995203018188477;9.728546142578125;0.27487898721897347;0.9982355833646166;0.800000011920929;0.800000011920929;0.800000011920929
lidar;0.0;25.0;25.046785354614258;25.0;9.704607963562012;0.29907387495040894;25.05348014831543;25.0;9.66234302520752;0.341865994402918;0.9982190728949937;0.800000011920929;0.800000011920929;0.800000011920929
lidar;0.0;25.0;25.046777725219727;25.005218505859375;9.704658508300781;0.2990688979625702;25.056720733642578;25.006328582763672;9.641873359680176;0.36264636112887266;0.9982355833646166;0.800000011920929;0.800000011920929;0.800000011920929
lidar;0.0;25.0;25.04676628112793;25.010438919067383;9.704729080200195;0.2991334795951843;25.04677391052246;25.010440826416016;9.704681396484375;0.2991817738102319;0.9980198742546524;0.800000011920929;0.800000011920929;0.800000011920929
lidar;0.0;25.0;25.046743392944336;25.01565933227539;9.704876899719238;0.2992117404937744;25.056438446044922;25.01890754699707;9.643654823303223;0.3612823279318429;0.9977589250066365;0.800000011920929;0.800000011920929;0.800000011920929
lidar;0.0;25.0;25.046714782714844;25.02088165283203;9.70505142211914;0.2993538975715637;25.04726791381836;25.021129608154297;9.701558113098145;0.3029003242531909;0.9972852466804496;0.800000011920929;0.800000011920929;0.800000011920929
lidar;0.0;25.0;25.046676635742188;25.026105880737305;9.705292701721191;0.2995211184024811;25.036067962646484;25.020172119140625;9.772282600402832;0.23143693885653444;0.9967284799094036;0.800000011920929;0.800000011920929;0.800000011920929
lidar;0.0;25.0;25.04663848876953;25.031335830688477;9.705535888671875;0.2997770607471466;25.051950454711914;25.03490447998047;9.671996116638184;0.3339212899382079;0.9958774449071658;0.800000011920929;0.800000011920929;0.800000011920929
lidar;0.0;25.0;25.04655647277832;25.036542892456055;9.706047058105469;0.29985225200653076;25.05291748046875;25.041534423828125;9.6658935546875;0.3408110363195115;0.9952681657372109;0.800000011920929;0.800000011920929;0.800000011920929
lidar;0.0;25.0;25.046405792236328;25.041690826416016;9.707006454467773;0.2995607852935791;25.046459197998047;25.041738510131836;9.706670761108398;0.29990455640484565;0.9962363837486993;0.800000011920929;0.800000011920929;0.800000011920929
lidar;0.0;25.0;25.046249389648438;25.04682731628418;9.707987785339355;0.2993377149105072;25.03704261779785;25.037504196166992;9.766122817993164;0.23974389678070143;0.996978759778691;0.800000011920929;0.800000011920929;0.800000011920929
lidar;0.0;25.0;25.046066284179688;25.051923751831055;9.709153175354004;0.2990152835845947;25.043724060058594;25.049283981323242;9.723936080932617;0.28381645311812237;0.9980536699741747;0.800000011920929;0.800000011920929;0.800000011920929
lidar;0.0;25.0;25.045881271362305;25.057010650634766;9.710315704345703;0.29878443479537964;25.04857063293457;25.060352325439453;9.693340301513672;0.31629360990601335;0.9988245368851797;0.800000011920929;0.800000011920929;0.800000011920929
lidar;0.0;25.0;25.045698165893555;25.062091827392578;9.711477279663086;0.29864493012428284;25.05234718322754;25.07112693786621;9.6694917678833;0.3421042199636432;0.999291121923787;0.800000011920929;0.800000011920929;0.800000011920929
lidar;0.0;25.0;25.045513153076172;25.067169189453125;9.712638854980469;0.29859644174575806;25.049833297729492;25.073543548583984;9.685370445251465;0.3269305629791569;0.9994533657860517;0.800000011920929;0.800000011920929;0.800000011920929
lidar;0.0;25.0;25.04530906677246;25.072214126586914;9.713933944702148;0.29849889874458313;25.057872772216797;25.092239379882812;9.634604454040527;0.38127543804204866;0.9997797012443843;0.800000011920929;0.800000011920929;0.800000011920929
lidar;0.0;25.0;25.04509925842285;25.077247619628906;9.715256690979004;0.29846227169036865;25.034778594970703;25.0595703125;9.780416488647461;0.23016341644266064;0.9999021291698919;0.800000011920929;0.800000011920929;0.800000011920929
lidar;0.0;25.0;25.044889450073242;25.08228302001953;9.716580390930176;0.2985166907310486;25.04735565185547;25.086801528930664;9.701010704040527;0.31491579453284246;0.9997200369802834;0.800000011920929;0.800000011920929;0.800000011920929
lidar;0.0;25.0;25.044679641723633;25.08732032775879;9.717904090881348;0.29866206645965576;25.03094482421875;25.06047821044922;9.804617881774902;0.2068562812265358;0.9992333650814155;0.800000011920929;0.800000011920929;0.800000011920929
lidar;0.0;25.0;25.044469833374023;25.092365264892578;9.719230651855469;0.2988986074924469;25.03951072692871;25.082063674926758;9.750540733337402;0.2655664947712922;0.9984422922739834;0.800000011920929;0.800000011920929;0.800000011920929
lidar;0.0;25.0;25.04425811767578;25.09741973876953;9.720559120178223;0.29922690987586975;25.050661087036133;25.11151123046875;9.680136680603027;0.34251129302314354;0.9973470570309636;0.800000011920929;0.800000011920929;0.800000011920929
lidar;0.0;25.0;25.044048309326172;25.10248565673828;9.721890449523926;0.29964718222618103;25.03433609008789;25.07988739013672;9.78321361541748;0.23357493688037984;0.9959481952306017;0.800000011920929;0.800000011920929;0.800000011920929
lidar;0.0;25.0;25.04378890991211;25.107450485229492;9.723526000976562;0.2998351454734802;25.048765182495117;25.11966323852539;9.692103385925293;0.3339127603402449;0.9946589466488315;0.800000011920929;0.800000011920929;0.800000011920929
lidar;0.0;25.0;25.04341697692871;25.11213493347168;9.725874900817871;0.29933878779411316;25.04492950439453;25.11604118347168;9.716324806213379;0.3097677503887878;0.9963085053993097;0.800000011920929;0.800000011920929;0.800000011920929
lidar;0.0;25.0;25.043046951293945;25.116804122924805;9.728217124938965;0.2989349365234375;25.048784255981445;25.132375717163086;9.691984176635742;0.33878731393143313;0.9976544976585098;0.800000011920929;0.800000011920929;0.800000011920929
lidar;0.0;25.0;25.04267692565918;25.121461868286133;9.730552673339844;0.29862311482429504;25.042449951171875;25.120819091796875;9.731977462768555;0.2970443105025111;0.9986965655486907;0.800000011920929;0.800000011920929;0.800000011920929
lidar;0.0;25.0;25.042306900024414;25.126110076904297;9.732885360717773;0.2984026074409485;25.039047241210938;25.116392135620117;9.75346851348877;0.2754083227188035;0.9994344710703952;0.800000011920929;0.800000011920929;0.800000011920929
lidar;0.0;25.0;25.04193878173828;25.130754470825195;9.735214233398438;0.2982732951641083;25.022789001464844;25.07105255126953;9.856115341186523;0.1620821700405536;0.9998679161198909;0.800000011920929;0.800000011920929;0.800000011920929
lidar;0.0;25.0;25.041568756103516;25.13539695739746;9.737542152404785;0.2982349991798401;25.03912925720215;25.127450942993164;9.752943992614746;0.28073333227111263;0.9999967813493997;0.800000011920929;0.800000011920929;0.800000011920929
lidar;0.0;25.0;25.041200637817383;25.140037536621094;9.739870071411133;0.2982875108718872;25.044973373413086;25.152860641479492;9.716052055358887;0.32559993136834203;0.9998210668426264;0.800000011920929;0.800000011920929;0.800000011920929
lidar;0.0;25.0;25.040830612182617;25.144681930541992;9.742199897766113;0.29843100905418396;25.0375919342041;25.133203506469727;9.762651443481445;0.2747559372771085;0.999340772599637;0.800000011920929;0.800000011920929;0.800000011920929
lidar;0.0;25.0;25.040462493896484;25.14933204650879;9.744532585144043;0.2986656725406647;25.030689239501953;25.11326026916504;9.806242942810059;0.22652048400306352;0.9985560774150114;0.800000011920929;0.800000011920929;0.800000011920929
lidar;0.0;25.0;25.04009246826172;25.15399169921875;9.746869087219238;0.2989918291568756;25.042552947998047;25.1634464263916;9.731328964233398;0.31734755483126625;0.9974672792770422;0.800000011920929;0.800000011920929;0.800000011920929
lidar;0.0;25.0;25.03972053527832;25.158662796020508;9.749212265014648;0.299409955739975;25.030534744262695;25.121973037719727;9.807205200195312;0.23017346529822164;0.9960745574936157;0.800000011920929;0.800000011920929;0.800000011920929
lidar;0.0;25.0;25.03929328918457;25.163122177124023;9.751907348632812;0.29950419068336487;25.040603637695312;25.16855812072754;9.743638038635254;0.30948708951949294;0.9948941468314272;0.800000011920929;0.800000011920929;0.800000011920929
lidar;0.0;25.0;25.038793563842773;25.167272567749023;9.755062103271484;0.29913073778152466;25.037471771240234;25.16157341003418;9.763406753540039;0.2889399804451961;0.9961361882598425;0.800000011920929;0.800000011920929;0.800000011920929
lidar;0.0;25.0;25.03829574584961;25.17141342163086;9.758211135864258;0.29884910583496094;25.045875549316406;25.205339431762695;9.710355758666992;0.357997808716253;0.9970747831067758;0.800000011920929;0.800000011920929;0.800000011920929
lidar;0.0;25.0;25.037797927856445;25.175546646118164;9.761354446411133;0.29865893721580505;25.049219131469727;25.228595733642578;9.689239501953125;0.38890892575711633;0.99770969138691;0.800000011920929;0.800000011920929;0.800000011920929
lidar;0.0;25.0;25.03730010986328;25.179677963256836;9.764494895935059;0.29855984449386597;25.034265518188477;25.165058135986328;9.78365707397461;0.2742670037427253;0.9980406163989579;0.800000011920929;0.800000011920929;0.800000011920929
lidar;0.0;25.0;25.036802291870117;25.183807373046875;9.767634391784668;0.2985517084598541;25.050731658935547;25.253368377685547;9.679696083068848;0.4115383872321138;0.9980676770578496;0.800000011920929;0.800000011920929;0.800000011920929
lidar;0.0;25.0;25.03628921508789;25.18785285949707;9.770875930786133;0.29850247502326965;25.037240982055664;25.19277572631836;9.764872550964355;0.3063231876567785;0.9982318878449371;0.800000011920929;0.800000011920929;0.800000011920929
lidar;0.0;25.0;25.0357723236084;25.19188117980957;9.774140357971191;0.29851460456848145;25.026153564453125;25.140289306640625;9.834868431091309;0.21825077295505724;0.9981911181499425;0.800000011920929;0.800000011920929;0.800000011920929
lidar;0.0;25.0;25.035255432128906;25.195911407470703;9.77740478515625;0.29861778020858765;25.019392013549805;25.107757568359375;9.87756633758545;0.1642488213220192;0.9978461263234331;0.800000011920929;0.800000011920929;0.800000011920929
lidar;0.0;25.0;25.034738540649414;25.19994354248047;9.780673027038574;0.2988119423389435;25.031646728515625;25.18215560913086;9.800185203552246;0.27222847451273957;0.9971973300840905;0.800000011920929;0.800000011920929;0.800000011920929
lidar;0.0;25.0;25.03421974182129;25.2039852142334;9.783946990966797;0.2990976572036743;25.029123306274414;25.17360496520996;9.816123008728027;0.25455423864371335;0.9962446093468666;0.800000011920929;0.800000011920929;0.800000011920929
lidar;0.0;25.0;25.03369903564453;25.208032608032227;9.787227630615234;0.29947519302368164;25.030988693237305;25.191299438476562;9.804342269897461;0.2753871856308396;0.9949885603588834;0.800000011920929;0.800000011920929;0.800000011920929
lidar;0.0;25.0;25.03308868408203;25.211515426635742;9.791088104248047;0.2991285026073456;25.037864685058594;25.242050170898438;9.760930061340332;0.3423102738381266;0.995203554463361;0.800000011920929;0.800000011920929;0.800000011920929
lidar;0.0;25.0;25.029430389404297;24.788532257080078;9.790590286254883;0.29906022548675537;25.026432037353516;24.810070037841797;9.811918258666992;0.26860163701568274;0.9954307675264664;0.800000011920929;0.800000011920929;0.800000011920929
lidar;0.0;25.0;25.02996063232422;24.792104721069336;9.786812782287598;0.2992774248123169;25.034990310668945;24.75720977783203;9.751029014587402;0.3495115289630751;0.9956459400219262;0.800000011920929;0.800000011920929;0.800000011920929
lidar;0.0;25.0;25.03042221069336;24.796152114868164;9.783528327941895;0.2988971471786499;25.03162956237793;24.788066864013672;9.774940490722656;0.3107540649298084;0.9969130156188802;0.800000011920929;0.800000011920929;0.800000011920929
lidar;0.0;25.0;25.0308837890625;24.80019187927246;9.780250549316406;0.298608660697937;25.03053092956543;24.802473068237305;9.782758712768555;0.29519924534609987;0.9978764059322078;0.800000011920929;0.800000011920929;0.800000011920929
lidar;0.0;25.0;25.031343460083008;24.804224014282227;9.7769775390625;0.2984115183353424;25.040630340576172;24.746219635009766;9.710899353027344;0.3868260729127079;0.9985358119562427;0.800000011920929;0.800000011920929;0.800000011920929
lidar;0.0;25.0;25.031803131103516;24.808252334594727;9.77370834350586;0.2983054220676422;25.028188705444336;24.830039978027344;9.799421310424805;0.2644103426649595;0.9988910556367964;0.800000011920929;0.800000011920929;0.800000011920929
lidar;0.0;25.0;25.032262802124023;24.812280654907227;9.770441055297852;0.2982902228832245;25.03053855895996;24.822307586669922;9.78270435333252;0.28235454931783177;0.998942077077997;0.800000011920929;0.800000011920929;0.800000011920929
lidar;0.0;25.0;25.03272247314453;24.816307067871094;9.767172813415527;0.2983660101890564;25.03816795349121;24.785730361938477;9.72841739654541;0.34803088305175756;0.9986887575038138;0.800000011920929;0.800000011920929;0.800000011920929
lidar;0.0;25.0;25.03318214416504;24.82033920288086;9.763901710510254;0.2985326647758484;25.030920028686523;24.83258056640625;9.779989242553711;0.27819114894519265;0.9981312750797399;0.800000011920929;0.800000011920929;0.800000011920929
lidar;0.0;25.0;25.033641815185547;24.82437515258789;9.760625839233398;0.2987906336784363;25.032493591308594;24.830368041992188;9.768793106079102;0.28859624385544097;0.9972698090202975;0.800000011920929;0.800000011920929;0.800000011920929
lidar;0.0;25.0;25.034103393554688;24.828420639038086;9.757343292236328;0.2991402745246887;25.036540985107422;24.816152572631836;9.73999309539795;0.32052875742751574;0.9961043595783033;0.800000011920929;0.800000011920929;0.800000011920929
lidar;0.0;25.0;25.034547805786133;24.832561492919922;9.754178047180176;0.2994292974472046;25.041841506958008;24.79721450805664;9.702284812927246;0.3626388157249613;0.9951432348665108;0.800000011920929;0.800000011920929;0.800000011920929
lidar;0.0;25.0;25.03499412536621;24.836713790893555;9.751008033752441;0.2998069226741791;25.038726806640625;24.819290161132812;9.724440574645996;0.3317962353426275;0.9938896891711215;0.800000011920929;0.800000011920929;0.800000011920929
lidar;0.0;25.0;25.035341262817383;24.841323852539062;9.748536109924316;0.299435019493103;25.03209686279297;24.85588836669922;9.771615982055664;0.27195204733668155;0.9959912893089145;0.800000011920929;0.800000011920929;0.800000011920929
lidar;0.0;25.0;25.03567123413086;24.84599494934082;9.746186256408691;0.2990171015262604;25.045791625976562;24.802305221557617;9.674181938171387;0.38384537735729013;0.9973830580860732;0.800000011920929;0.800000011920929;0.800000011920929
lidar;0.0;25.0;25.036001205444336;24.85065460205078;9.743843078613281;0.2986912131309509;25.0343017578125;24.857698440551758;9.755926132202148;0.2846013900130874;0.9984710216912323;0.800000011920929;0.800000011920929;0.800000011920929
lidar;0.0;25.0;25.03632926940918;24.855304718017578;9.741503715515137;0.2984568476676941;25.034875869750977;24.861095428466797;9.751847267150879;0.2865147052059452;0.9992548227317614;0.800000011920929;0.800000011920929;0.800000011920929
lidar;0.0;25.0;25.036657333374023;24.85995101928711;9.739168167114258;0.29831361770629883;25.02313804626465;24.911603927612305;9.835367202758789;0.1882904169975364;0.9997343421165876;0.800000011920929;0.800000011920929;0.800000011920929
lidar;0.0;25.0;25.036985397338867;24.864591598510742;9.736833572387695;0.2982613146305084;25.033977508544922;24.875608444213867;9.758243560791016;0.27399617525240005;0.9999092817291726;0.800000011920929;0.800000011920929;0.800000011920929
lidar;0.0;25.0;25.03731346130371;24.869234085083008;9.734498977661133;0.2982999086380005;25.03390121459961;24.881193161010742;9.75877857208252;0.2710207003455035;0.9997795820259572;0.800000011920929;0.800000011920929;0.800000011920929
lidar;0.0;25.0;25.037641525268555;24.873878479003906;9.732163429260254;0.2984294295310974;25.030250549316406;24.898639678955078;9.784749031066895;0.23983685711429162;0.9993454218075838;0.800000011920929;0.800000011920929;0.800000011920929
lidar;0.0;25.0;25.0379695892334;24.878528594970703;9.729825019836426;0.2986500561237335;25.0323486328125;24.89651107788086;9.76982307434082;0.25443572281147964;0.9986068011287764;0.800000011920929;0.800000011920929;0.800000011920929
lidar;0.0;25.0;25.038299560546875;24.88318634033203;9.727481842041016;0.29896217584609985;25.036224365234375;24.889514923095703;9.742246627807617;0.2827654034551637;0.9975640773232373;0.800000011920929;0.800000011920929;0.800000011920929
lidar;0.0;25.0;25.03862953186035;24.887855529785156;9.725133895874023;0.29936617612838745;25.029224395751953;24.915157318115234;9.792052268981934;0.22648317065306728;0.9962174296224694;0.800000011920929;0.800000011920929;0.800000011920929
lidar;0.0;25.0;25.038957595825195;24.892547607421875;9.722800254821777;0.2998386025428772;25.035764694213867;24.901351928710938;9.745515823364258;0.2752677958390083;0.9953122142176383;0.800000011920929;0.800000011920929;0.800000011920929
lidar;0.0;25.0;25.039161682128906;24.8975830078125;9.721349716186523;0.2994473874568939;25.05238914489746;24.862991333007812;9.627235412597656;0.400585895625368;0.9966126680669811;0.800000011920929;0.800000011920929;0.800000011920929
lidar;0.0;25.0;25.039365768432617;24.902606964111328;9.719902038574219;0.2991481125354767;25.046234130859375;24.885610580444336;9.6710205078125;0.3513546870106025;0.9976095558260798;0.800000011920929;0.800000011920929;0.800000011920929
lidar;0.0;25.0;25.03955841064453;24.907644271850586;9.718522071838379;0.29887157678604126;25.04375457763672;24.897846221923828;9.688665390014648;0.330573439185405;0.9985328315985741;0.800000011920929;0.800000011920929;0.800000011920929
lidar;0.0;25.0;25.039745330810547;24.912687301635742;9.717193603515625;0.29863491654396057;25.03984260559082;24.9124755859375;9.716506958007812;0.2993593199498574;0.999324321767392;0.800000011920929;0.800000011920929;0.800000011920929
lidar;0.0;25.0;25.039932250976562;24.917724609375;9.715866088867188;0.29848945140838623;25.03816032409668;24.921377182006836;9.728477478027344;0.28524039181376876;0.999811470499133;0.800000011920929;0.800000011920929;0.800000011920929
lidar;0.0;25.0;25.040119171142578;24.922760009765625;9.714539527893066;0.2984349727630615;25.041749954223633;24.91961669921875;9.70292854309082;0.31057315269184405;0.9999940395358194;0.800000011920929;0.800000011920929;0.800000011920929
lidar;0.0;25.0;25.04030418395996;24.927793502807617;9.713212966918945;0.2984714210033417;25.040796279907227;24.92691421508789;9.709722518920898;0.30210401622376826;0.9998720288228753;0.800000011920929;0.800000011920929;0.800000011920929
lidar;0.0;25.0;25.040491104125977;24.932830810546875;9.711885452270508;0.2985988259315491;25.032241821289062;24.946516036987305;9.770586967468262;0.23776136841001927;0.9994454383696235;0.800000011920929;0.800000011920929;0.800000011920929
lidar;0.0;25.0;25.040678024291992;24.9378719329834;9.710556983947754;0.29881739616394043;25.04128074645996;24.93695068359375;9.706267356872559;0.30324568781139266;0.9987144469711314;0.800000011920929;0.800000011920929;0.800000011920929
lidar;0.0;25.0;25.040847778320312;24.942949295043945;9.709352493286133;0.2989976406097412;25.048343658447266;24.932477951049805;9.656014442443848;0.3538672407933051;0.9981126189271228;0.800000011920929;0.800000011920929;0.800000011920929
lidar;0.0;25.0;25.041011810302734;24.948040008544922;9.708184242248535;0.2992294430732727;25.039230346679688;24.950298309326172;9.720867156982422;0.2862242006141125;0.9973394277260917;0.800000011920929;0.800000011920929;0.800000011920929
lidar;0.0;25.0;25.041175842285156;24.953140258789062;9.707014083862305;0.29955294728279114;25.02713966369629;24.969112396240234;9.80688762664795;0.1974408246946641;0.9962624907631231;0.800000011920929;0.800000011920929;0.800000011920929
lidar;0.0;25.0;25.04134178161621;24.958251953125;9.705841064453125;0.2999686300754547;25.054733276367188;24.94472885131836;9.610556602478027;0.39713516472098387;0.994882046962244;0.800000011920929;0.800000011920929;0.800000011920929
lidar;0.0;25.0;25.04139518737793;24.96347999572754;9.705459594726562;0.2996683418750763;25.038543701171875;24.96599578857422;9.725748062133789;0.27902713607690344;0.9962390659292522;0.800000011920929;0.800000011920929;0.800000011920929
lidar;0.0;25.0;25.041440963745117;24.968704223632812;9.705135345458984;0.29940247535705566;25.03190803527832;24.975902557373047;9.772957801818848;0.23053599844443673;0.9971235992027804;0.800000011920929;0.800000011920929;0.800000011920929
lidar;0.0;25.0;25.04148292541504;24.973922729492188;9.704837799072266;0.2992017865180969;25.036331176757812;24.977161407470703;9.741490364074707;0.2620475494273381;0.9977923633959849;0.800000011920929;0.800000011920929;0.800000011920929
lidar;0.0;25.0;25.041515350341797;24.97913932800293;9.704597473144531;0.2990344762802124;25.048095703125;24.975833892822266;9.657774925231934;0.34643187302709894;0.9983505606265274;0.800000011920929;0.800000011920929;0.800000011920929
lidar;0.0;25.0;25.041545867919922;24.984355926513672;9.704384803771973;0.29893046617507935;25.032669067382812;24.98769760131836;9.76754379272461;0.23506277404223966;0.9986979961651831;0.800000011920929;0.800000011920929;0.800000011920929
lidar;0.0;25.0;25.041566848754883;24.98957061767578;9.70423698425293;0.2988521456718445;25.040822982788086;24.989757537841797;9.709524154663086;0.2935097481121841;0.9989597201744381;0.800000011920929;0.800000011920929;0.800000011920929
lidar;0.0;25.0;25.041580200195312;24.99478530883789;9.704146385192871;0.29880693554878235;25.047775268554688;24.994009017944336;9.66006851196289;0.3433246183890752;0.9991107582395697;0.800000011920929;0.800000011920929;0.800000011920929
lidar;0.0;25.0;25.04158592224121;25.0;9.704095840454102;0.2988118827342987;25.050710678100586;25.0;9.639175415039062;0.36437017039860253;0.999094426615914;0.800000011920929;0.800000011920929;0.800000011920929
lidar;0.0;25.0;25.041580200195312;25.00521469116211;9.704146385192871;0.29880693554878235;25.054475784301758;25.006832122802734;9.612380027770996;0.3914892291771884;0.9991107582395697;0.800000011920929;0.800000011920929;0.800000011920929
lidar;0.0;25.0;25.041566848754883;25.01042938232422;9.70423698425293;0.2988521456718445;25.051359176635742;25.01288604736328;9.634561538696289;0.36925476226178455;0.9989597201744381;0.800000011920929;0.800000011920929;0.800000011920929
lidar;0.0;25.0;25.041545867919922;25.015644073486328;9.704384803771973;0.29893043637275696;25.03079605102539;25.0115966796875;9.780871391296387;0.22158567572381846;0.9986979961651831;0.800000011920929;0.800000011920929;0.800000011920929
lidar;0.0;25.0;25.041515350341797;25.02086067199707;9.704597473144531;0.2990344762802124;25.035945892333984;25.0180606842041;9.744233131408691;0.2589107862954608;0.9983505606265274;0.800000011920929;0.800000011920929;0.800000011920929
lidar;0.0;25.0;25.04148292541504;25.026077270507812;9.704837799072266;0.2992017865180969;25.037641525268555;25.023662567138672;9.732171058654785;0.2714937236440861;0.9977923633959849;0.800000011920929;0.800000011920929;0.800000011920929
lidar;0.0;25.0;25.041440963745117;25.031295776367188;9.705135345458984;0.29940247535705566;25.0451602935791;25.03410530090332;9.67867374420166;0.32627175012158405;0.9971235992027804;0.800000011920929;0.800000011920929;0.800000011920929
lidar;0.0;25.0;25.04139518737793;25.03652000427246;9.705459594726562;0.2996683418750763;25.03937530517578;25.034738540649414;9.719836235046387;0.28504181707456494;0.9962390659292522;0.800000011920929;0.800000011920929;0.800000011920929
lidar;0.0;25.0;25.04134178161621;25.041748046875;9.705841064453125;0.2999686300754547;25.052513122558594;25.053028106689453;9.62635612487793;0.38102422230798394;0.9948821064356361;0.800000011920929;0.800000011920929;0.800000011920929
lidar;0.0;25.0;25.041175842285156;25.046859741210938;9.707014083862305;0.29955291748046875;25.032119750976562;25.03655242919922;9.771459579467773;0.23366351023164902;0.9962624907631231;0.800000011920929;0.800000011920929;0.800000011920929
lidar;0.0;25.0;25.041011810302734;25.051959991455078;9.708184242248535;0.29922938346862793;25.04007339477539;25.050771713256836;9.714860916137695;0.29238360464435525;0.9973394869269047;0.800000011920929;0.800000011920929;0.800000011920929
lidar;0.0;25.0;25.040847778320312;25.057050704956055;9.709352493286133;0.29899758100509644;25.06131362915039;25.085636138916016;9.563732147216797;0.44880125384055497;0.9981126189271228;0.800000011920929;0.800000011920929;0.800000011920929
lidar;0.0;25.0;25.040678024291992;25.0621280670166;9.710556983947754;0.2988174259662628;25.036293029785156;25.055429458618164;9.741767883300781;0.2665960773034552;0.9987144469711314;0.800000011920929;0.800000011920929;0.800000011920929
lidar;0.0;25.0;25.040491104125977;25.067169189453125;9.711885452270508;0.2985987365245819;25.04155921936035;25.068941116333008;9.704292297363281;0.3064686922158729;0.9994454383696235;0.800000011920929;0.800000011920929;0.800000011920929
lidar;0.0;25.0;25.04030418395996;25.072206497192383;9.713212966918945;0.29847124218940735;25.042640686035156;25.07638931274414;9.696598052978516;0.315763132399534;0.9998720288228753;0.800000011920929;0.800000011920929;0.800000011920929
lidar;0.0;25.0;25.040119171142578;25.077239990234375;9.714539527893066;0.2984348237514496;25.03652572631836;25.07032585144043;9.740097999572754;0.2717147740083894;0.9999940395358194;0.800000011920929;0.800000011920929;0.800000011920929
lidar;0.0;25.0;25.039932250976562;25.082275390625;9.715866088867188;0.2984893321990967;25.052078247070312;25.1072998046875;9.629441261291504;0.3892799374019289;0.999811470499133;0.800000011920929;0.800000011920929;0.800000011920929
lidar;0.0;25.0;25.039745330810547;25.087312698364258;9.717193603515625;0.2986348271369934;25.032785415649414;25.072019577026367;9.766724586486816;0.24633119382213348;0.999324321767392;0.800000011920929;0.800000011920929;0.800000011920929
lidar;0.0;25.0;25.03955841064453;25.092355728149414;9.718522071838379;0.29887154698371887;25.030685424804688;25.071640014648438;9.781658172607422;0.23183463747954525;0.9985327720896411;0.800000011920929;0.800000011920929;0.800000011920929
lidar;0.0;25.0;25.039365768432617;25.097393035888672;9.719902038574219;0.2991480529308319;25.024959564208984;25.06175422668457;9.822396278381348;0.18968342843314062;0.9976095558260798;0.800000011920929;0.800000011920929;0.800000011920929
lidar;0.0;25.0;25.039161682128906;25.1024169921875;9.721349716186523;0.29944735765457153;25.044509887695312;25.116405487060547;9.683290481567383;0.3403473362890471;0.9966126680669811;0.800000011920929;0.800000011920929;0.800000011920929
lidar;0.0;25.0;25.038957595825195;25.107452392578125;9.722801208496094;0.2998385727405548;25.030920028686523;25.085283279418945;9.779993057250977;0.23797479603890062;0.9953122142176383;0.800000011920929;0.800000011920929;0.800000011920929
lidar;0.0;25.0;25.03862953186035;25.112144470214844;9.725133895874023;0.2993660867214203;25.050477981567383;25.14653778076172;9.640837669372559;0.3911755780403239;0.9962174296224694;0.800000011920929;0.800000011920929;0.800000011920929
lidar;0.0;25.0;25.038299560546875;25.11681365966797;9.727481842041016;0.2989620268344879;25.031877517700195;25.097225189208984;9.77318286895752;0.2488269135847608;0.9975640773232373;0.800000011920929;0.800000011920929;0.800000011920929
lidar;0.0;25.0;25.0379695892334;25.121471405029297;9.729825019836426;0.29864993691444397;25.04985809326172;25.159500122070312;9.645242691040039;0.39214648347099296;0.9986068011287764;0.800000011920929;0.800000011920929;0.800000011920929
lidar;0.0;25.0;25.037641525268555;25.126121520996094;9.732163429260254;0.2984291911125183;25.030643463134766;25.102676391601562;9.781953811645508;0.2429521522872161;0.9993454218075838;0.800000011920929;0.800000011920929;0.800000011920929
lidar;0.0;25.0;25.03731346130371;25.130765914916992;9.734498977661133;0.29829972982406616;25.043386459350586;25.152048110961914;9.691287994384766;0.3468486294846592;0.9997795820259572;0.800000011920929;0.800000011920929;0.800000011920929
lidar;0.0;25.0;25.036985397338867;25.135408401489258;9.736833572387695;0.2982611358165741;25.030803680419922;25.112777709960938;9.780816078186035;0.2484133677898846;0.9999092817291726;0.800000011920929;0.800000011920929;0.800000011920929
lidar;0.0;25.0;25.036657333374023;25.14004898071289;9.739168167114258;0.2983134388923645;25.03069496154785;25.117267608642578;9.781597137451172;0.2497873100903933;0.9997343421165876;0.800000011920929;0.800000011920929;0.800000011920929
lidar;0.0;25.0;25.03632926940918;25.144695281982422;9.741504669189453;0.29845672845840454;25.02879524230957;25.11469078063965;9.795105934143066;0.23656837336026426;0.9992548227317614;0.800000011920929;0.800000011920929;0.800000011920929
lidar;0.0;25.0;25.036001205444336;25.14934539794922;9.743843078613281;0.29869112372398376;25.043642044067383;25.181045532226562;9.689472198486328;0.3620899791159714;0.9984710216912323;0.800000011920929;0.800000011920929;0.800000011920929
lidar;0.0;25.0;25.03567123413086;25.15400505065918;9.746186256408691;0.299017071723938;25.03263282775879;25.140888214111328;9.767803192138672;0.27355085711156923;0.9973830580860732;0.800000011920929;0.800000011920929;0.800000011920929
lidar;0.0;25.0;25.035341262817383;25.158676147460938;9.748536109924316;0.299435019493103;25.03997802734375;25.17949867248535;9.715537071228027;0.33872907923616025;0.9959912893089145;0.800000011920929;0.800000011920929;0.800000011920929
lidar;0.0;25.0;25.03499412536621;25.163286209106445;9.751008033752441;0.29980695247650146;25.03483009338379;25.162521362304688;9.752175331115723;0.2984006875412013;0.9938896891711215;0.800000011920929;0.800000011920929;0.800000011920929
lidar;0.0;25.0;25.034547805786133;25.167438507080078;9.754178047180176;0.2994292974472046;25.025527954101562;25.12372589111328;9.818354606628418;0.22125681801410968;0.9951432348665108;0.800000011920929;0.800000011920929;0.800000011920929
lidar;0.0;25.0;25.034103393554688;25.171579360961914;9.757343292236328;0.2991402745246887;25.03715705871582;25.186946868896484;9.73560905456543;0.32593339084372214;0.996104419365873;0.800000011920929;0.800000011920929;0.800000011920929
lidar;0.0;25.0;25.033641815185547;25.17562484741211;9.760625839233398;0.2987906336784363;25.03704833984375;25.19341468811035;9.73637866973877;0.3290559797751139;0.9972698090202975;0.800000011920929;0.800000011920929;0.800000011920929
lidar;0.0;25.0;25.03318214416504;25.17966079711914;9.763901710510254;0.2985326647758484;25.031536102294922;25.17074966430664;9.775611877441406;0.2837253618532007;0.9981312750797399;0.800000011920929;0.800000011920929;0.800000011920929
lidar;0.0;25.0;25.03272247314453;25.183692932128906;9.767172813415527;0.2983660101890564;25.031587600708008;25.17732048034668;9.775249481201172;0.2880156525114701;0.9986887575038138;0.800000011920929;0.800000011920929;0.800000011920929
lidar;0.0;25.0;25.032262802124023;25.187719345092773;9.770441055297852;0.2982902228832245;25.032691955566406;25.190217971801758;9.767386436462402;0.30225921062477473;0.998942077077997;0.800000011920929;0.800000011920929;0.800000011920929
lidar;0.0;25.0;25.031803131103516;25.191747665405273;9.77370834350586;0.2983054220676422;25.030590057373047;25.184436798095703;9.782337188720703;0.2869315832610805;0.9988910556367964;0.800000011920929;0.800000011920929;0.800000011920929
lidar;0.0;25.0;25.031343460083008;25.195775985717773;9.7769775390625;0.2984115183353424;25.029775619506836;25.185985565185547;9.788129806518555;0.28348963185239223;0.9985358119562427;0.800000011920929;0.800000011920929;0.800000011920929
lidar;0.0;25.0;25.0308837890625;25.19980812072754;9.780250549316406;0.298608660697937;25.042627334594727;25.275787353515625;9.696687698364258;0.4121576231681461;0.9978764059322078;0.800000011920929;0.800000011920929;0.800000011920929
lidar;0.0;25.0;25.03042221069336;25.203847885131836;9.783528327941895;0.2988971769809723;25.029239654541016;25.195920944213867;9.791945457458496;0.2872750465555442;0.9969130156188802;0.800000011920929;0.800000011920929;0.800000011920929
lidar;0.0;25.0;25.02996063232422;25.207895278930664;9.786812782287598;0.2992774546146393;25.033777236938477;25.234371185302734;9.759663581848145;0.33738982896131026;0.9956459400219262;0.800000011920929;0.800000011920929;0.800000011920929
lidar;0.0;25.0;25.029430389404297;25.211467742919922;9.790590286254883;0.2990601658821106;25.03766632080078;25.270648956298828;9.731985092163086;0.38275545800996147;0.9954308272861027;0.800000011920929;0.800000011920929;0.800000011920929
lidar;0.0;25.0;25.025768280029297;24.788551330566406;9.790127754211426;0.29903316497802734;25.02094841003418;24.82811164855957;9.82939338684082;0.2430865714831983;0.995520890017529;0.800000011920929;0.800000011920929;0.800000011920929
lidar;0.0;25.0;25.02622413635254;24.792205810546875;9.78642749786377;0.29913079738616943;25.025543212890625;24.797603607177734;9.791974067687988;0.29136188610815744;0.9961339828722884;0.800000011920929;0.800000011920929;0.800000011920929
lidar;0.0;25.0;25.026628494262695;24.796253204345703;9.783138275146484;0.2987484633922577;25.01969337463379;24.849308013916016;9.839606285095215;0.22095763439370564;0.9974091647954847;0.800000011920929;0.800000011920929;0.800000011920929
lidar;0.0;25.0;25.02703094482422;24.80029296875;9.779855728149414;0.2984578013420105;25.029253005981445;24.78386878967285;9.761751174926758;0.3230023112736779;0.9983806609389205;0.800000011920929;0.800000011920929;0.800000011920929
lidar;0.0;25.0;25.027433395385742;24.804325103759766;9.776578903198242;0.29825857281684875;25.03306770324707;24.764127731323242;9.730682373046875;0.3595291838519505;0.9990478753291637;0.800000011920929;0.800000011920929;0.800000011920929
lidar;0.0;25.0;25.027833938598633;24.808353424072266;9.773305892944336;0.2981502413749695;25.025283813476562;24.825908660888672;9.794072151184082;0.27083853321666246;0.9994108677073613;0.800000011920929;0.800000011920929;0.800000011920929
lidar;0.0;25.0;25.028236389160156;24.8123779296875;9.770033836364746;0.29813286662101746;25.02962303161621;24.80316734313965;9.758743286132812;0.3127712197768079;0.9994693994564072;0.800000011920929;0.800000011920929;0.800000011920929
lidar;0.0;25.0;25.02863883972168;24.81640625;9.766761779785156;0.2982063293457031;25.03482437133789;24.776744842529297;9.716375350952148;0.3626276280892069;0.9992234111331427;0.800000011920929;0.800000011920929;0.800000011920929
lidar;0.0;25.0;25.029041290283203;24.820436477661133;9.763486862182617;0.29837071895599365;25.031972885131836;24.80230712890625;9.739607810974121;0.32849513779700173;0.9986730814861178;0.800000011920929;0.800000011920929;0.800000011920929
lidar;0.0;25.0;25.029443740844727;24.824472427368164;9.760207176208496;0.29862627387046814;25.039316177368164;24.765613555908203;9.67979907989502;0.39876297555433105;0.9978186486687505;0.800000011920929;0.800000011920929;0.800000011920929
lidar;0.0;25.0;25.02984619140625;24.828516006469727;9.75692081451416;0.29897341132164;25.031030654907227;24.821706771850586;9.747269630432129;0.3108439011776284;0.9966601731055896;0.800000011920929;0.800000011920929;0.800000011920929
lidar;0.0;25.0;25.030250549316406;24.832571029663086;9.753625869750977;0.29941272735595703;25.02716064453125;24.849672317504883;9.778792381286621;0.26882852624311676;0.9951981309531729;0.800000011920929;0.800000011920929;0.800000011920929
lidar;0.0;25.0;25.030649185180664;24.83667755126953;9.750381469726562;0.2998711168766022;25.036785125732422;24.803987503051758;9.700418472290039;0.359893257226323;0.9945432545946009;0.800000011920929;0.800000011920929;0.800000011920929
lidar;0.0;25.0;25.03095054626465;24.8413028717041;9.747925758361816;0.2994730770587921;25.034339904785156;24.823930740356445;9.720329284667969;0.33225778984515997;0.9958646895155685;0.800000011920929;0.800000011920929;0.800000011920929
lidar;0.0;25.0;25.031246185302734;24.845945358276367;9.745521545410156;0.29911211133003235;25.039348602294922;24.80599021911621;9.679521560668945;0.37668857261622224;0.997066021054961;0.800000011920929;0.800000011920929;0.800000011920929
lidar;0.0;25.0;25.03153419494629;24.85060691833496;9.743171691894531;0.29878702759742737;25.02598762512207;24.87688446044922;9.788347244262695;0.24623045333965415;0.9981507658528732;0.800000011920929;0.800000011920929;0.800000011920929
lidar;0.0;25.0;25.031822204589844;24.85525894165039;9.740825653076172;0.2985534369945526;25.036090850830078;24.835847854614258;9.706068992614746;0.33859066719828884;0.998931467496395;0.800000011920929;0.800000011920929;0.800000011920929
lidar;0.0;25.0;25.0321102142334;24.859905242919922;9.738482475280762;0.2984110414981842;25.035043716430664;24.84710693359375;9.714591026306152;0.3256729581432168;0.9994078278814678;0.800000011920929;0.800000011920929;0.800000011920929
lidar;0.0;25.0;25.032398223876953;24.864547729492188;9.736141204833984;0.29835957288742065;25.028627395629883;24.880313873291016;9.766853332519531;0.2636317783242511;0.9995797872395183;0.800000011920929;0.800000011920929;0.800000011920929
lidar;0.0;25.0;25.032684326171875;24.869190216064453;9.733799934387207;0.29839906096458435;25.041093826293945;24.835535049438477;9.66530990600586;0.375173732577902;0.9994472265668446;0.800000011920929;0.800000011920929;0.800000011920929
lidar;0.0;25.0;25.03297233581543;24.873836517333984;9.731456756591797;0.2985294461250305;25.02874183654785;24.890026092529297;9.765917778015137;0.26022109759468415;0.9990102648732598;0.800000011920929;0.800000011920929;0.800000011920929
lidar;0.0;25.0;25.033260345458984;24.87848663330078;9.729111671447754;0.2987510561943054;25.038358688354492;24.859865188598633;9.68759536743164;0.3445370583104909;0.9982689619506644;0.800000011920929;0.800000011920929;0.800000011920929
lidar;0.0;25.0;25.03354835510254;24.883146286010742;9.726761817932129;0.29906412959098816;25.029191970825195;24.898319244384766;9.762242317199707;0.26023042772264987;0.9972236155077773;0.800000011920929;0.800000011920929;0.800000011920929
lidar;0.0;25.0;25.033838272094727;24.8878173828125;9.724407196044922;0.2994691729545593;25.038610458374023;24.871999740600586;9.685547828674316;0.341694414668048;0.9958745241106839;0.800000011920929;0.800000011920929;0.800000011920929
lidar;0.0;25.0;25.03409194946289;24.892620086669922;9.722349166870117;0.2996377944946289;25.028362274169922;24.910663604736328;9.769003868103027;0.24928864317101374;0.9959792494279901;0.800000011920929;0.800000011920929;0.800000011920929
lidar;0.0;25.0;25.034269332885742;24.89765167236328;9.72089672088623;0.2992457449436188;25.039276123046875;24.882699966430664;9.680121421813965;0.3429639510614473;0.9972841142011637;0.800000011920929;0.800000011920929;0.800000011920929
lidar;0.0;25.0;25.034446716308594;24.902671813964844;9.71944808959961;0.29894569516181946;25.0374813079834;24.89410400390625;9.694748878479004;0.32526446332050196;0.9982849955941102;0.800000011920929;0.800000011920929;0.800000011920929
lidar;0.0;25.0;25.034624099731445;24.907684326171875;9.718001365661621;0.29873713850975037;25.03635597229004;24.9030704498291;9.703907012939453;0.31366825714487573;0.9989820122055539;0.800000011920929;0.800000011920929;0.800000011920929
lidar;0.0;25.0;25.03480339050293;24.912691116333008;9.716557502746582;0.29861974716186523;25.040599822998047;24.898149490356445;9.669342994689941;0.34836210367718734;0.9993746280483726;0.800000011920929;0.800000011920929;0.800000011920929
lidar;0.0;25.0;25.03497314453125;24.917709350585938;9.715157508850098;0.29854652285575867;25.026212692260742;24.938325881958008;9.786518096923828;0.22375309546637867;0.9996199607907376;0.800000011920929;0.800000011920929;0.800000011920929
lidar;0.0;25.0;25.035137176513672;24.922744750976562;9.713827133178711;0.2984923720359802;25.033950805664062;24.92535400390625;9.723495483398438;0.2884078222785348;0.9998015761482014;0.800000011920929;0.800000011920929;0.800000011920929
lidar;0.0;25.0;25.035301208496094;24.927778244018555;9.71249771118164;0.29852908849716187;25.03611946105957;24.926103591918945;9.705826759338379;0.3054558442469497;0.9996787309608748;0.800000011920929;0.800000011920929;0.800000011920929
lidar;0.0;25.0;25.035463333129883;24.932817459106445;9.711166381835938;0.2986568510532379;25.03031349182129;24.942575454711914;9.753122329711914;0.2552744992040078;0.9992513059858857;0.800000011920929;0.800000011920929;0.800000011920929
lidar;0.0;25.0;25.035627365112305;24.9378604888916;9.709834098815918;0.2988757789134979;25.031957626342773;24.94426155090332;9.739728927612305;0.2680838505809394;0.9985195397665825;0.800000011920929;0.800000011920929;0.800000011920929
lidar;0.0;25.0;25.035791397094727;24.942913055419922;9.708499908447266;0.29918619990348816;25.03973388671875;24.936626434326172;9.676400184631348;0.3321321563345384;0.9974836109687639;0.800000011920929;0.800000011920929;0.800000011920929
lidar;0.0;25.0;25.03594970703125;24.947986602783203;9.707218170166016;0.29953160881996155;25.029712677001953;24.95701026916504;9.75800609588623;0.2475721247790949;0.9963334202925711;0.800000011920929;0.800000011920929;0.800000011920929
lidar;0.0;25.0;25.03609275817871;24.953092575073242;9.706042289733887;0.29985666275024414;25.03212547302246;24.958250045776367;9.738363265991211;0.2668873224633485;0.9952535032260297;0.800000011920929;0.800000011920929;0.800000011920929
lidar;0.0;25.0;25.036165237426758;24.958293914794922;9.705461502075195;0.2996668517589569;25.033985137939453;24.96080780029297;9.723209381103516;0.2816103838495933;0.9962439539004754;0.800000011920929;0.800000011920929;0.800000011920929
lidar;0.0;25.0;25.036212921142578;24.96351432800293;9.70506477355957;0.2993813455104828;25.01939582824707;24.980459213256836;9.842035293579102;0.16034633445943913;0.9971941111461053;0.800000011920929;0.800000011920929;0.800000011920929
lidar;0.0;25.0;25.0362548828125;24.968732833862305;9.704736709594727;0.299119234085083;25.027116775512695;24.976613998413086;9.77915096282959;0.22373351174697642;0.998068034671001;0.800000011920929;0.800000011920929;0.800000011920929
lidar;0.0;25.0;25.036293029785156;24.97394561767578;9.704412460327148;0.2989448606967926;25.032608032226562;24.976591110229492;9.734428405761719;0.2685879189257156;0.9986503125165949;0.800000011920929;0.800000011920929;0.800000011920929
lidar;0.0;25.0;25.036327362060547;24.979156494140625;9.704143524169922;0.29880645871162415;25.03369903564453;24.980663299560547;9.725547790527344;0.2771880822922255;0.9991127252166124;0.800000011920929;0.800000011920929;0.800000011920929
lidar;0.0;25.0;25.03635597229004;24.984365463256836;9.703903198242188;0.29873016476631165;25.0311222076416;24.986616134643555;9.746532440185547;0.25572113377851596;0.9993676542993948;0.800000011920929;0.800000011920929;0.800000011920929
lidar;0.0;25.0;25.036375045776367;24.98957633972168;9.703744888305664;0.29866212606430054;25.03689193725586;24.989429473876953;9.699536323547363;0.3029042976081511;0.9995955228858315;0.800000011920929;0.800000011920929;0.800000011920929
lidar;0.0;25.0;25.036388397216797;24.994787216186523;9.703635215759277;0.2986363470554352;25.036649703979492;24.9947509765625;9.701513290405273;0.3007742589915051;0.9996817112099441;0.800000011920929;0.800000011920929;0.800000011920929
lidar;0.0;25.0;25.036396026611328;25.0;9.703584671020508;0.29864129424095154;25.040363311767578;25.0;9.671272277832031;0.3311960002974145;0.999665439138244;0.800000011920929;0.800000011920929;0.800000011920929
lidar;0.0;25.0;25.036388397216797;25.005212783813477;9.703635215759277;0.2986363470554352;25.047388076782227;25.006786346435547;9.614054679870605;0.3889032259940419;0.9996817112099441;0.800000011920929;0.800000011920929;0.800000011920929
lidar;0.0;25.0;25.036375045776367;25.01042366027832;9.703744888305664;0.29866212606430054;25.033266067504883;25.009531021118164;9.729072570800781;0.2731287306589642;0.9995955228858315;0.800000011920929;0.800000011920929;0.800000011920929
lidar;0.0;25.0;25.03635597229004;25.015634536743164;9.703903198242188;0.29873016476631165;25.034822463989258;25.01497459411621;9.716395378112793;0.2861264842316896;0.9993676542993948;0.800000011920929;0.800000011920929;0.800000011920929
lidar;0.0;25.0;25.036327362060547;25.020843505859375;9.704143524169922;0.29880645871162415;25.03348731994629;25.019214630126953;9.72726821899414;0.27545135162056755;0.9991127252166124;0.800000011920929;0.800000011920929;0.800000011920929
lidar;0.0;25.0;25.036293029785156;25.02605438232422;9.704412460327148;0.2989448606967926;25.032394409179688;25.02325439453125;9.736173629760742;0.26682293326489576;0.9986503125165949;0.800000011920929;0.800000011920929;0.800000011920929
lidar;0.0;25.0;25.0362548828125;25.031267166137695;9.704736709594727;0.299119234085083;25.037139892578125;25.03203010559082;9.697519302368164;0.30643113193514426;0.998068034671001;0.800000011920929;0.800000011920929;0.800000011920929
lidar;0.0;25.0;25.036212921142578;25.03648567199707;9.70506477355957;0.2993813157081604;25.03713035583496;25.037410736083984;9.697589874267578;0.306969094873143;0.9971940514671007;0.800000011920929;0.800000011920929;0.800000011920929
lidar;0.0;25.0;25.036165237426758;25.041706085205078;9.705461502075195;0.2996668517589569;25.043315887451172;25.049951553344727;9.647224426269531;0.3589181580754411;0.9962439539004754;0.800000011920929;0.800000011920929;0.800000011920929
lidar;0.0;25.0;25.03609275817871;25.046907424926758;9.706042289733887;0.29985663294792175;25.036046981811523;25.04684829711914;9.706418991088867;0.29947250846868934;0.9952535032260297;0.800000011920929;0.800000011920929;0.800000011920929
lidar;0.0;25.0;25.03594970703125;25.052013397216797;9.707218170166016;0.29953157901763916;25.032480239868164;25.046993255615234;9.735472679138184;0.27062509782641975;0.9963334202925711;0.800000011920929;0.800000011920929;0.800000011920929
lidar;0.0;25.0;25.035791397094727;25.057086944580078;9.708499908447266;0.2991861402988434;25.044095993041992;25.070331573486328;9.64087200164795;0.3685968237236896;0.9974836109687639;0.800000011920929;0.800000011920929;0.800000011920929
lidar;0.0;25.0;25.035627365112305;25.0621395111084;9.709835052490234;0.298875629901886;25.031375885009766;25.054723739624023;9.744462966918945;0.26320753261846286;0.9985195397665825;0.800000011920929;0.800000011920929;0.800000011920929
lidar;0.0;25.0;25.035463333129883;25.067182540893555;9.711167335510254;0.2986566722393036;25.04434585571289;25.084007263183594;9.638836860656738;0.3734469838513673;0.9992513059858857;0.800000011920929;0.800000011920929;0.800000011920929
lidar;0.0;25.0;25.035301208496094;25.072221755981445;9.71249771118164;0.2985289692878723;25.036272048950195;25.07420539855957;9.704596519470215;0.3067333508173331;0.9996787309608748;0.800000011920929;0.800000011920929;0.800000011920929
lidar;0.0;25.0;25.035137176513672;25.077255249023438;9.713828086853027;0.29849228262901306;25.034603118896484;25.076080322265625;9.718178749084473;0.2939543984134874;0.9998015761482014;0.800000011920929;0.800000011920929;0.800000011920929
lidar;0.0;25.0;25.03497314453125;25.082290649414062;9.715157508850098;0.29854652285575867;25.029447555541992;25.06928825378418;9.760160446166992;0.2513785902745316;0.9996199607907376;0.800000011920929;0.800000011920929;0.800000011920929
lidar;0.0;25.0;25.03480339050293;25.087308883666992;9.716557502746582;0.29861980676651;25.041250228881836;25.10348129272461;9.66404914855957;0.35393900351895635;0.9993746280483726;0.800000011920929;0.800000011920929;0.800000011920929
lidar;0.0;25.0;25.034624099731445;25.092315673828125;9.718002319335938;0.2987370491027832;25.032819747924805;25.087501525878906;9.732704162597656;0.2831618669539597;0.9989820122055539;0.800000011920929;0.800000011920929;0.800000011920929
lidar;0.0;25.0;25.034446716308594;25.097328186035156;9.71944808959961;0.2989456355571747;25.038333892822266;25.108308792114258;9.687793731689453;0.33267520072815565;0.9982849955941102;0.800000011920929;0.800000011920929;0.800000011920929
lidar;0.0;25.0;25.034269332885742;25.10234832763672;9.72089672088623;0.299245685338974;25.033035278320312;25.098661422729492;9.730951309204102;0.2884655077617573;0.9972841142011637;0.800000011920929;0.800000011920929;0.800000011920929
lidar;0.0;25.0;25.03409194946289;25.107379913330078;9.722349166870117;0.2996377944946289;25.037395477294922;25.117786407470703;9.695443153381348;0.32867466257083666;0.9959792494279901;0.800000011920929;0.800000011920929;0.800000011920929
lidar;0.0;25.0;25.033838272094727;25.1121826171875;9.724407196044922;0.29946911334991455;25.028474807739258;25.094398498535156;9.768096923828125;0.25199434914296076;0.9958745241106839;0.800000011920929;0.800000011920929;0.800000011920929
lidar;0.0;25.0;25.03354835510254;25.116853713989258;9.726761817932129;0.29906409978866577;25.03221321105957;25.11220359802246;9.737637519836426;0.28716060264323884;0.9972236155077773;0.800000011920929;0.800000011920929;0.800000011920929
lidar;0.0;25.0;25.033260345458984;25.12151336669922;9.729111671447754;0.2987509071826935;25.040494918823242;25.14794158935547;9.67019271850586;0.3637301068244334;0.9982689619506644;0.800000011920929;0.800000011920929;0.800000011920929
lidar;0.0;25.0;25.03297233581543;25.126163482666016;9.731457710266113;0.29852938652038574;25.028308868408203;25.108314514160156;9.769449234008789;0.25629462452010277;0.9990102648732598;0.800000011920929;0.800000011920929;0.800000011920929
lidar;0.0;25.0;25.032684326171875;25.130809783935547;9.733799934387207;0.2983989417552948;25.0238037109375;25.09526252746582;9.806138038635254;0.21731115343583413;0.9994472265668446;0.800000011920929;0.800000011920929;0.800000011920929
lidar;0.0;25.0;25.032398223876953;25.135452270507812;9.736141204833984;0.2983594834804535;25.038433074951172;25.160686492919922;9.68698787689209;0.35394022912185;0.9995797872395183;0.800000011920929;0.800000011920929;0.800000011920929
lidar;0.0;25.0;25.0321102142334;25.140094757080078;9.738482475280762;0.29841095209121704;25.030319213867188;25.13227653503418;9.753076553344727;0.28175856949114736;0.9994078278814678;0.800000011920929;0.800000011920929;0.800000011920929
lidar;0.0;25.0;25.031822204589844;25.14474105834961;9.740825653076172;0.29855334758758545;25.02210235595703;25.100526809692383;9.819995880126953;0.207353715867402;0.998931467496395;0.800000011920929;0.800000011920929;0.800000011920929
lidar;0.0;25.0;25.03153419494629;25.14939308166504;9.743171691894531;0.29878702759742737;25.03752326965332;25.177770614624023;9.694387435913086;0.3555406027730612;0.9981507658528732;0.800000011920929;0.800000011920929;0.800000011920929
lidar;0.0;25.0;25.031246185302734;25.154054641723633;9.745521545410156;0.2991121709346771;25.026363372802734;25.12997817993164;9.785293579101562;0.25236441738282944;0.997066021054961;0.800000011920929;0.800000011920929;0.800000011920929
lidar;0.0;25.0;25.03095054626465;25.1586971282959;9.747925758361816;0.2994730770587921;25.02790069580078;25.143054962158203;9.772770881652832;0.2699562137876662;0.9958646895155685;0.800000011920929;0.800000011920929;0.800000011920929
lidar;0.0;25.0;25.030649185180664;25.16332244873047;9.750381469726562;0.2998711168766022;25.03425407409668;25.182525634765625;9.721030235290527;0.33513115901012425;0.9945431947437119;0.800000011920929;0.800000011920929;0.800000011920929
lidar;0.0;25.0;25.030250549316406;25.167428970336914;9.753625869750977;0.29941269755363464;25.029773712158203;25.164793014526367;9.757505416870117;0.29469735168720707;0.9951981900238535;0.800000011920929;0.800000011920929;0.800000011920929
lidar;0.0;25.0;25.02984619140625;25.171483993530273;9.75692081451416;0.29897341132164;25.031721115112305;25.18225860595703;9.741647720336914;0.31775785690148767;0.9966602327305789;0.800000011920929;0.800000011920929;0.800000011920929
lidar;0.0;25.0;25.029443740844727;25.175527572631836;9.760207176208496;0.29862624406814575;25.036842346191406;25.219636917114258;9.69994831085205;0.373669041628505;0.9978186486687505;0.800000011920929;0.800000011920929;0.800000011920929
lidar;0.0;25.0;25.029041290283203;25.179563522338867;9.763486862182617;0.2983706593513489;25.02550506591797;25.157703399658203;9.792280197143555;0.26204690406312153;0.9986730814861178;0.800000011920929;0.800000011920929;0.800000011920929
lidar;0.0;25.0;25.02863883972168;25.18359375;9.766761779785156;0.29820629954338074;25.023372650146484;25.14984130859375;9.80964183807373;0.24338183562801222;0.9992234111331427;0.800000011920929;0.800000011920929;0.800000011920929
lidar;0.0;25.0;25.028236389160156;25.1876220703125;9.770033836364746;0.29813286662101746;25.03203773498535;25.2128849029541;9.739068031311035;0.33827794032244834;0.9994693994564072;0.800000011920929;0.800000011920929;0.800000011920929
lidar;0.0;25.0;25.027833938598633;25.191646575927734;9.773305892944336;0.29815027117729187;25.02431869506836;25.167444229125977;9.801935195922852;0.26049709281162925;0.9994108677073613;0.800000011920929;0.800000011920929;0.800000011920929
lidar;0.0;25.0;25.027433395385742;25.195674896240234;9.776578903198242;0.29825857281684875;25.028165817260742;25.200899124145508;9.770615577697754;0.3062199432391066;0.9990478753291637;0.800000011920929;0.800000011920929;0.800000011920929
lidar;0.0;25.0;25.02703094482422;25.19970703125;9.779855728149414;0.2984578013420105;25.022594451904297;25.166929244995117;9.815987586975098;0.24947288753068161;0.9983806609389205;0.800000011920929;0.800000011920929;0.800000011920929
lidar;0.0;25.0;25.026628494262695;25.203746795654297;9.783138275146484;0.2987484633922577;25.02741813659668;25.209802627563477;9.776691436767578;0.3076289122494454;0.9974091647954847;0.800000011920929;0.800000011920929;0.800000011920929
lidar;0.0;25.0;25.02622413635254;25.207794189453125;9.78642749786377;0.29913079738616943;25.033935546875;25.268898010253906;9.723623275756836;0.387094304271689;0.9961339828722884;0.800000011920929;0.800000011920929;0.800000011920929
lidar;0.0;25.0;25.025768280029297;25.211448669433594;9.790127754211426;0.29903316497802734;25.017982482910156;25.147558212280273;9.853541374206543;0.20867883508320162;0.9955209491862218;0.800000011920929;0.800000011920929;0.800000011920929
lidar;0.0;25.0;25.022104263305664;24.788541793823242;9.789700508117676;0.2990473210811615;25.016633987426758;24.84087562561035;9.841747283935547;0.22503592923393667;0.9954737423999336;0.800000011920929;0.800000011920929;0.800000011920929
lidar;0.0;25.0;25.022485733032227;24.792272567749023;9.786070823669434;0.2990351915359497;25.01782989501953;24.835277557373047;9.830358505249023;0.23712827523529478;0.9964526296251056;0.800000011920929;0.800000011920929;0.800000011920929
lidar;0.0;25.0;25.022830963134766;24.79631996154785;9.782776832580566;0.29865148663520813;25.022289276123047;24.8011474609375;9.787924766540527;0.2915730590922339;0.9977331161791577;0.800000011920929;0.800000011920929;0.800000011920929
lidar;0.0;25.0;25.023176193237305;24.800357818603516;9.77949047088623;0.2983594238758087;25.01420783996582;24.877607345581055;9.864814758300781;0.18291165869920412;0.9987097382452794;0.800000011920929;0.800000011920929;0.800000011920929
lidar;0.0;25.0;25.023521423339844;24.80438995361328;9.776209831237793;0.2981588542461395;25.016687393188477;24.861221313476562;9.841228485107422;0.21153280542190772;0.9993821382078474;0.800000011920929;0.800000011920929;0.800000011920929
lidar;0.0;25.0;25.023866653442383;24.80841827392578;9.772932052612305;0.29804906249046326;25.02997398376465;24.75938606262207;9.71481990814209;0.37432747282588397;0.9997501373200411;0.800000011920929;0.800000011920929;0.800000011920929
lidar;0.0;25.0;25.02420997619629;24.812442779541016;9.76965618133545;0.29803019762039185;25.022537231445312;24.825397491455078;9.785564422607422;0.2774463818956813;0.9998135566767737;0.800000011920929;0.800000011920929;0.800000011920929
lidar;0.0;25.0;25.024555206298828;24.816469192504883;9.766379356384277;0.2981022000312805;25.031723022460938;24.762887954711914;9.698172569274902;0.3851345775415185;0.9995724559098624;0.800000011920929;0.800000011920929;0.800000011920929
lidar;0.0;25.0;25.024898529052734;24.820499420166016;9.763099670410156;0.2982650399208069;25.02582550048828;24.81382942199707;9.754295349121094;0.30935015150968515;0.9990268349043095;0.800000011920929;0.800000011920929;0.800000011920929
lidar;0.0;25.0;25.025243759155273;24.824535369873047;9.75981616973877;0.2985190749168396;25.020095825195312;24.86031723022461;9.808794975280762;0.23764407803178947;0.9981769324072969;0.800000011920929;0.800000011920929;0.800000011920929
lidar;0.0;25.0;25.025590896606445;24.82857894897461;9.756525039672852;0.29886460304260254;25.027130126953125;24.818265914916992;9.741876602172852;0.3168455402506613;0.9970229866339207;0.800000011920929;0.800000011920929;0.800000011920929
lidar;0.0;25.0;25.025936126708984;24.832632064819336;9.753226280212402;0.2993023097515106;25.025419235229492;24.835973739624023;9.75815200805664;0.2933282676830998;0.9955652950914512;0.800000011920929;0.800000011920929;0.800000011920929
lidar;0.0;25.0;25.026268005371094;24.836807250976562;9.750082015991211;0.29963451623916626;25.03055191040039;24.8101863861084;9.70931339263916;0.34851332776110444;0.9953284858307543;0.800000011920929;0.800000011920929;0.800000011920929
lidar;0.0;25.0;25.026525497436523;24.8414306640625;9.747625350952148;0.29923442006111145;25.030094146728516;24.820098876953125;9.713675498962402;0.33948740309843595;0.9966587425549931;0.800000011920929;0.800000011920929;0.800000011920929
lidar;0.0;25.0;25.026782989501953;24.846040725708008;9.745173454284668;0.29892638325691223;25.02115249633789;24.87841033935547;9.798748016357422;0.23608079853783692;0.9976853727596549;0.800000011920929;0.800000011920929;0.800000011920929
lidar;0.0;25.0;25.027040481567383;24.850645065307617;9.74272632598877;0.2987099587917328;25.02762222290039;24.847431182861328;9.737192153930664;0.30513624072726414;0.9984079600012749;0.800000011920929;0.800000011920929;0.800000011920929
lidar;0.0;25.0;25.027297973632812;24.855243682861328;9.740283012390137;0.2985846698284149;25.0306396484375;24.837520599365234;9.708483695983887;0.33514186615126557;0.9988265037623075;0.800000011920929;0.800000011920929;0.800000011920929
lidar;0.0;25.0;25.02755355834961;24.859838485717773;9.737839698791504;0.29855042695999146;25.033742904663086;24.828357696533203;9.678956031799316;0.36560714199210065;0.9989408254469333;0.800000011920929;0.800000011920929;0.800000011920929
lidar;0.0;25.0;25.027803421020508;24.864469528198242;9.735465049743652;0.2985302209854126;25.035293579101562;24.827960968017578;9.664204597473145;0.37894769524474076;0.9990084171002367;0.800000011920929;0.800000011920929;0.800000011920929
lidar;0.0;25.0;25.028051376342773;24.869115829467773;9.733116149902344;0.2985711991786957;25.03192710876465;24.85102653503418;9.696234703063965;0.33983174705809716;0.9988709092943943;0.800000011920929;0.800000011920929;0.800000011920929
lidar;0.0;25.0;25.028297424316406;24.873762130737305;9.730766296386719;0.2987031638622284;25.019628524780273;24.912433624267578;9.813243865966797;0.2071981341160012;0.9984290600527788;0.800000011920929;0.800000011920929;0.800000011920929
lidar;0.0;25.0;25.028545379638672;24.878416061401367;9.728412628173828;0.298926442861557;25.0255184173584;24.89130973815918;9.757214546203613;0.267225539037309;0.9976831673647262;0.800000011920929;0.800000011920929;0.800000011920929
lidar;0.0;25.0;25.028793334960938;24.88307762145996;9.726056098937988;0.29924118518829346;25.02680206298828;24.891159057617188;9.744990348815918;0.2785579902786861;0.9966334107242001;0.800000011920929;0.800000011920929;0.800000011920929
lidar;0.0;25.0;25.029041290283203;24.88775062561035;9.723692893981934;0.2996480464935303;25.02848243713379;24.889907836914062;9.72900390625;0.2938892465591925;0.9952800273886172;0.800000011920929;0.800000011920929;0.800000011920929
lidar;0.0;25.0;25.02922821044922;24.892662048339844;9.721906661987305;0.29951921105384827;25.03202247619629;24.882404327392578;9.695330619812012;0.32814233468043563;0.9963734151735835;0.800000011920929;0.800000011920929;0.800000011920929
lidar;0.0;25.0;25.029380798339844;24.89769172668457;9.720452308654785;0.2991268038749695;25.024049758911133;24.916259765625;9.771188735961914;0.2448374179204726;0.9976807834269051;0.800000011920929;0.800000011920929;0.800000011920929
lidar;0.0;25.0;25.02953338623047;24.902711868286133;9.719001770019531;0.2988261580467224;25.024627685546875;24.91887664794922;9.765689849853516;0.2491764722295913;0.9986843466781486;0.800000011920929;0.800000011920929;0.800000011920929
lidar;0.0;25.0;25.029685974121094;24.90772247314453;9.717554092407227;0.29861709475517273;25.037614822387695;24.88307762145996;9.642123222351074;0.3783666221838898;0.99938350911536;0.800000011920929;0.800000011920929;0.800000011920929
lidar;0.0;25.0;25.02983856201172;24.91272735595703;9.716107368469238;0.29849913716316223;25.03682518005371;24.892288208007812;9.649621963500977;0.3684060030071816;0.9997783899110958;0.800000011920929;0.800000011920929;0.800000011920929
lidar;0.0;25.0;25.029991149902344;24.9177303314209;9.714661598205566;0.29847219586372375;25.023815155029297;24.934669494628906;9.773414611816406;0.2370146900726216;0.9998686909684608;0.800000011920929;0.800000011920929;0.800000011920929
lidar;0.0;25.0;25.030141830444336;24.922733306884766;9.713215827941895;0.29853618144989014;25.031177520751953;24.92007827758789;9.703359603881836;0.3087967068314604;0.9996544122592912;0.800000011920929;0.800000011920929;0.800000011920929
lidar;0.0;25.0;25.030292510986328;24.927743911743164;9.711787223815918;0.29867202043533325;25.023954391479492;24.94286346435547;9.772090911865234;0.23617977936912687;0.9991998672810225;0.800000011920929;0.800000011920929;0.800000011920929
lidar;0.0;25.0;25.030431747436523;24.932785034179688;9.71045207977295;0.2988005578517914;25.027923583984375;24.938325881958008;9.734326362609863;0.2741636543265402;0.9987704156969563;0.800000011920929;0.800000011920929;0.800000011920929
lidar;0.0;25.0;25.03057289123535;24.937829971313477;9.70911693572998;0.2990201711654663;25.030563354492188;24.937849044799805;9.709205627441406;0.29892836002220696;0.9980368614023126;0.800000011920929;0.800000011920929;0.800000011920929
lidar;0.0;25.0;25.03071403503418;24.94288444519043;9.707777976989746;0.29933151602745056;25.02621841430664;24.951244354248047;9.750550270080566;0.25551843743432257;0.9969990849464598;0.800000011920929;0.800000011920929;0.800000011920929
lidar;0.0;25.0;25.030855178833008;24.947952270507812;9.706436157226562;0.29973477125167847;25.032136917114258;24.945789337158203;9.694242477416992;0.3121844789724211;0.9956577421886412;0.800000011920929;0.800000011920929;0.800000011920929
lidar;0.0;25.0;25.030948638916016;24.95310401916504;9.705536842346191;0.2997754216194153;25.03632354736328;24.94495964050293;9.654397010803223;0.35183808317378473;0.9958828687241958;0.800000011920929;0.800000011920929;0.800000011920929
lidar;0.0;25.0;25.03099250793457;24.958330154418945;9.705133438110352;0.29940420389175415;25.02984619140625;24.959871292114258;9.716029167175293;0.28834117861346437;0.9971180557082558;0.800000011920929;0.800000011920929;0.800000011920929
lidar;0.0;25.0;25.031034469604492;24.963546752929688;9.704737663269043;0.2991185784339905;25.027734756469727;24.967422485351562;9.736128807067871;0.2673176710086284;0.9980701208984131;0.800000011920929;0.800000011920929;0.800000011920929
lidar;0.0;25.0;25.03107452392578;24.968753814697266;9.704341888427734;0.2989245355129242;25.026578903198242;24.97327423095703;9.747116088867188;0.2556774122078951;0.9987182617982966;0.800000011920929;0.800000011920929;0.800000011920929
lidar;0.0;25.0;25.031108856201172;24.973962783813477;9.704014778137207;0.2987523376941681;25.029258728027344;24.97551155090332;9.721628189086914;0.28097458501155953;0.9992938638408713;0.800000011920929;0.800000011920929;0.800000011920929
lidar;0.0;25.0;25.031143188476562;24.97916603088379;9.703690528869629;0.2986689805984497;25.03072738647461;24.97944450378418;9.707651138305664;0.29467678765538996;0.9995728730916511;0.800000011920929;0.800000011920929;0.800000011920929
lidar;0.0;25.0;25.03116798400879;24.984373092651367;9.703449249267578;0.29859307408332825;25.034475326538086;24.982715606689453;9.671995162963867;0.33026440028458465;0.9998269677157284;0.800000011920929;0.800000011920929;0.800000011920929
lidar;0.0;25.0;25.03118896484375;24.989580154418945;9.703253746032715;0.29856306314468384;25.029705047607422;24.990076065063477;9.717373847961426;0.2843562525975264;0.9999271035218951;0.800000011920929;0.800000011920929;0.800000011920929
lidar;0.0;25.0;25.03120231628418;24.994789123535156;9.703124046325684;0.2985568344593048;25.035545349121094;24.994064331054688;9.661806106567383;0.3401087869709326;0.9999481439634481;0.800000011920929;0.800000011920929;0.800000011920929
lidar;0.0;25.0;25.031208038330078;25.0;9.703073501586914;0.2985617220401764;25.031545639038086;25.0;9.699865341186523;0.3017881878030827;0.9999319911025861;0.800000011920929;0.800000011920929;0.800000011920929
lidar;0.0;25.0;25.03120231628418;25.005210876464844;9.703124046325684;0.2985568046569824;25.037696838378906;25.00629425048828;9.64134407043457;0.3606861434668366;0.9999481439634481;0.800000011920929;0.800000011920929;0.800000011920929
lidar;0.0;25.0;25.03118896484375;25.010419845581055;9.703253746032715;0.29856306314468384;25.02863883972168;25.009567260742188;9.72751235961914;0.2741552585718896;0.9999271035218951;0.800000011920929;0.800000011920929;0.800000011920929
lidar;0.0;25.0;25.03116798400879;25.015626907348633;9.703449249267578;0.29859304428100586;25.031999588012695;25.016042709350586;9.695547103881836;0.3065496742560815;0.9998269677157284;0.800000011920929;0.800000011920929;0.800000011920929
lidar;0.0;25.0;25.031143188476562;25.02083396911621;9.703690528869629;0.2986689805984497;25.034460067749023;25.023052215576172;9.672136306762695;0.3304749646767587;0.9995728730916511;0.800000011920929;0.800000011920929;0.800000011920929
lidar;0.0;25.0;25.031108856201172;25.026037216186523;9.704014778137207;0.2987523376941681;25.037378311157227;25.03128433227539;9.644370079040527;0.35895512066589785;0.9992938638408713;0.800000011920929;0.800000011920929;0.800000011920929
lidar;0.0;25.0;25.03107452392578;25.031246185302734;9.704341888427734;0.2989245355129242;25.02472686767578;25.02486228942871;9.764749526977539;0.23784959358491511;0.9987182617982966;0.800000011920929;0.800000011920929;0.800000011920929
lidar;0.0;25.0;25.031034469604492;25.036453247070312;9.704737663269043;0.29911860823631287;25.03753662109375;25.044092178344727;9.642861366271973;0.36180233260397354;0.9980701208984131;0.800000011920929;0.800000011920929;0.800000011920929
lidar;0.0;25.0;25.03099250793457;25.041669845581055;9.705133438110352;0.29940420389175415;25.039283752441406;25.052818298339844;9.62624454498291;0.3795073701137792;0.9971180557082558;0.800000011920929;0.800000011920929;0.800000011920929
lidar;0.0;25.0;25.030948638916016;25.04689598083496;9.705536842346191;0.2997754216194153;25.03196907043457;25.04844093322754;9.695829391479492;0.30965824040332685;0.9958828687241958;0.800000011920929;0.800000011920929;0.800000011920929
lidar;0.0;25.0;25.030855178833008;25.052047729492188;9.706436157226562;0.29973477125167847;25.02581787109375;25.04355239868164;9.754354476928711;0.2508085265993505;0.9956577421886412;0.800000011920929;0.800000011920929;0.800000011920929
lidar;0.0;25.0;25.03071403503418;25.05711555480957;9.707777976989746;0.2993314564228058;25.027599334716797;25.05132484436035;9.737405776977539;0.26898235229523754;0.9969991443539191;0.800000011920929;0.800000011920929;0.800000011920929
lidar;0.0;25.0;25.03057289123535;25.062170028686523;9.70911693572998;0.29902008175849915;25.03489875793457;25.07096290588379;9.667972564697266;0.3413148334297426;0.9980368614023126;0.800000011920929;0.800000011920929;0.800000011920929
lidar;0.0;25.0;25.030431747436523;25.067214965820312;9.710453033447266;0.2988004982471466;25.027816772460938;25.061437606811523;9.735342979431152;0.273114598782604;0.9987704156969563;0.800000011920929;0.800000011920929;0.800000011920929
lidar;0.0;25.0;25.030292510986328;25.072256088256836;9.711787223815918;0.298672080039978;25.033472061157227;25.079837799072266;9.68154239654541;0.3300145380919834;0.9991998672810225;0.800000011920929;0.800000011920929;0.800000011920929
lidar;0.0;25.0;25.030141830444336;25.077266693115234;9.713215827941895;0.29853615164756775;25.029926300048828;25.07671546936035;9.715265274047852;0.2964031450649133;0.9996544122592912;0.800000011920929;0.800000011920929;0.800000011920929
lidar;0.0;25.0;25.029991149902344;25.0822696685791;9.714661598205566;0.29847219586372375;25.02547264099121;25.06987953186035;9.757637023925781;0.25351877206891027;0.9998686909684608;0.800000011920929;0.800000011920929;0.800000011920929
lidar;0.0;25.0;25.02983856201172;25.08727264404297;9.716107368469238;0.29849910736083984;25.033010482788086;25.0965518951416;9.685920715332031;0.3302392349286547;0.9997783899110958;0.800000011920929;0.800000011920929;0.800000011920929
lidar;0.0;25.0;25.029685974121094;25.09227752685547;9.717554092407227;0.29861706495285034;25.024991989135742;25.07768440246582;9.762224197387695;0.2513889286403463;0.99938350911536;0.800000011920929;0.800000011920929;0.800000011920929
lidar;0.0;25.0;25.02953338623047;25.097288131713867;9.719001770019531;0.2988261282444;25.032594680786133;25.10737419128418;9.689871788024902;0.3298041759087762;0.9986843466781486;0.800000011920929;0.800000011920929;0.800000011920929
lidar;0.0;25.0;25.029380798339844;25.10230827331543;9.720452308654785;0.2991267144680023;25.021526336669922;25.074953079223633;9.795196533203125;0.21914753293257544;0.9976807834269051;0.800000011920929;0.800000011920929;0.800000011920929
lidar;0.0;25.0;25.02922821044922;25.107337951660156;9.721906661987305;0.29951921105384827;25.025243759155273;25.09270477294922;9.759818077087402;0.25868652989997254;0.9963734151735835;0.800000011920929;0.800000011920929;0.800000011920929
lidar;0.0;25.0;25.029041290283203;25.11224937438965;9.723692893981934;0.2996480464935303;25.02521324157715;25.09745216369629;9.76011848449707;0.26014605026620574;0.9952800273886172;0.800000011920929;0.800000011920929;0.800000011920929
lidar;0.0;25.0;25.028793334960938;25.11692237854004;9.726056098937988;0.2992411255836487;25.025848388671875;25.104969024658203;9.754064559936523;0.2686460479022218;0.9966334107242001;0.800000011920929;0.800000011920929;0.800000011920929
lidar;0.0;25.0;25.028545379638672;25.121583938598633;9.728412628173828;0.29892638325691223;25.037696838378906;25.160566329956055;9.641336441040039;0.39476856252080883;0.9976831673647262;0.800000011920929;0.800000011920929;0.800000011920929
lidar;0.0;25.0;25.028297424316406;25.126237869262695;9.730766296386719;0.298703134059906;25.02588653564453;25.11548614501953;9.753695487976074;0.27326380173297704;0.9984290600527788;0.800000011920929;0.800000011920929;0.800000011920929
lidar;0.0;25.0;25.028051376342773;25.130884170532227;9.733116149902344;0.2985711395740509;25.02153205871582;25.100465774536133;9.795144081115723;0.2291788642870252;0.9988709092943943;0.800000011920929;0.800000011920929;0.800000011920929
lidar;0.0;25.0;25.027803421020508;25.135530471801758;9.735465049743652;0.2985301911830902;25.030113220214844;25.14678382873535;9.713499069213867;0.3233192712926617;0.9990084171002367;0.800000011920929;0.800000011920929;0.800000011920929
lidar;0.0;25.0;25.02755355834961;25.140161514282227;9.737839698791504;0.29855039715766907;25.02757453918457;25.1402645111084;9.737646102905273;0.2987709544911357;0.9989408254469333;0.800000011920929;0.800000011920929;0.800000011920929
lidar;0.0;25.0;25.027297973632812;25.144756317138672;9.740283012390137;0.2985846996307373;25.02542495727539;25.134822845458984;9.75810718536377;0.2780926581552847;0.9988265037623075;0.800000011920929;0.800000011920929;0.800000011920929
lidar;0.0;25.0;25.027040481567383;25.149354934692383;9.74272632598877;0.29871001839637756;25.02921485900879;25.161359786987305;9.722046852111816;0.3227203887357209;0.9984079600012749;0.800000011920929;0.800000011920929;0.800000011920929
lidar;0.0;25.0;25.026782989501953;25.153959274291992;9.745173454284668;0.2989265024662018;25.022661209106445;25.130260467529297;9.78439712524414;0.25291551352373826;0.9976853129764766;0.800000011920929;0.800000011920929;0.800000011920929
lidar;0.0;25.0;25.026525497436523;25.1585693359375;9.747624397277832;0.2992344796657562;25.024696350097656;25.147628784179688;9.765039443969727;0.27858605197416797;0.9966587425549931;0.800000011920929;0.800000011920929;0.800000011920929
lidar;0.0;25.0;25.026268005371094;25.163192749023438;9.750082015991211;0.29963451623916626;25.02823829650879;25.175439834594727;9.731328010559082;0.32211933273920973;0.9953284858307543;0.800000011920929;0.800000011920929;0.800000011920929
lidar;0.0;25.0;25.025936126708984;25.167367935180664;9.753226280212402;0.29930227994918823;25.01930046081543;25.12453842163086;9.816376686096191;0.2227099715525435;0.9955652950914512;0.800000011920929;0.800000011920929;0.800000011920929
lidar;0.0;25.0;25.025590896606445;25.17142105102539;9.756525039672852;0.2988646328449249;25.029762268066406;25.199373245239258;9.71682357788086;0.34759821465955953;0.9970229866339207;0.800000011920929;0.800000011920929;0.800000011920929
lidar;0.0;25.0;25.025243759155273;25.175464630126953;9.75981616973877;0.2985190451145172;25.03132438659668;25.21772003173828;9.701974868774414;0.37040867506668507;0.9981769919900828;0.800000011920929;0.800000011920929;0.800000011920929
lidar;0.0;25.0;25.024898529052734;25.179500579833984;9.763099670410156;0.2982650101184845;25.031686782836914;25.228431701660156;9.69852066040039;0.3795725211631872;0.9990268349043095;0.800000011920929;0.800000011920929;0.800000011920929
lidar;0.0;25.0;25.024555206298828;25.183530807495117;9.766379356384277;0.2981022000312805;25.027259826660156;25.203750610351562;9.740639686584473;0.33094590055381257;0.9995724559098624;0.800000011920929;0.800000011920929;0.800000011920929
lidar;0.0;25.0;25.02420997619629;25.187557220458984;9.76965618133545;0.2980302572250366;25.024219512939453;25.18763542175293;9.769558906555176;0.2981561874756718;0.9998135566767737;0.800000011920929;0.800000011920929;0.800000011920929
lidar;0.0;25.0;25.023866653442383;25.19158172607422;9.772932052612305;0.29804909229278564;25.018558502197266;25.148975372314453;9.823431015014648;0.231763812602077;0.9997501373200411;0.800000011920929;0.800000011920929;0.800000011920929
lidar;0.0;25.0;25.023521423339844;25.19561004638672;9.776209831237793;0.29815879464149475;25.014963150024414;25.12444496154785;9.857627868652344;0.18968426676402067;0.9993821382078474;0.800000011920929;0.800000011920929;0.800000011920929
lidar;0.0;25.0;25.023176193237305;25.199642181396484;9.77949047088623;0.2983594536781311;25.024932861328125;25.214765548706055;9.762785911560059;0.32096097153495073;0.9987097382452794;0.800000011920929;0.800000011920929;0.800000011920929
lidar;0.0;25.0;25.022830963134766;25.20368003845215;9.782776832580566;0.29865145683288574;25.021730422973633;25.19386863708496;9.793240547180176;0.28426561064566125;0.9977331161791577;0.800000011920929;0.800000011920929;0.800000011920929
lidar;0.0;25.0;25.022485733032227;25.207727432250977;9.786070823669434;0.2990351915359497;25.018861770629883;25.17426109313965;9.820536613464355;0.25085765780453606;0.9964525700591225;0.800000011920929;0.800000011920929;0.800000011920929
lidar;0.0;25.0;25.022104263305664;25.211458206176758;9.789700508117676;0.2990472912788391;25.02010154724121;25.192298889160156;9.808755874633789;0.2719504148007188;0.9954738018785178;0.800000011920929;0.800000011920929;0.800000011920929
lidar;0.0;25.0;25.0184326171875;24.788501739501953;9.789307594299316;0.29910269379615784;25.021196365356445;24.75679588317871;9.757720947265625;0.3439434922864724;0.9952893254368722;0.800000011920929;0.800000011920929;0.800000011920929
lidar;0.0;25.0;25.01874542236328;24.79230308532715;9.78574275970459;0.2989904582500458;25.020681381225586;24.77085304260254;9.763614654541016;0.32986972667886316;0.9966016410938746;0.800000011920929;0.800000011920929;0.800000011920929
lidar;0.0;25.0;25.019033432006836;24.796350479125977;9.78244400024414;0.29860612750053406;25.020545959472656;24.78016471862793;9.765151977539062;0.32234075689523245;0.9978846906490089;0.800000011920929;0.800000011920929;0.800000011920929
lidar;0.0;25.0;25.01932144165039;24.800390243530273;9.779153823852539;0.2983134388923645;25.02043342590332;24.788904190063477;9.766446113586426;0.3154778533954745;0.9988637566314297;0.800000011920929;0.800000011920929;0.800000011920929
lidar;0.0;25.0;25.019609451293945;24.804420471191406;9.77586841583252;0.2981121242046356;25.01663589477539;24.83406639099121;9.809843063354492;0.2529233906792924;0.9995385408470983;0.800000011920929;0.800000011920929;0.800000011920929
lidar;0.0;25.0;25.019895553588867;24.808448791503906;9.77258586883545;0.29800179600715637;25.02019500732422;24.805570602416992;9.769168853759766;0.30247943096201063;0.9999088644978509;0.800000011920929;0.800000011920929;0.800000011920929
lidar;0.0;25.0;25.020183563232422;24.81247329711914;9.769305229187012;0.29798224568367004;25.018577575683594;24.827392578125;9.787657737731934;0.27427676190256006;0.999974608422259;0.800000011920929;0.800000011920929;0.800000011920929
lidar;0.0;25.0;25.020469665527344;24.816499710083008;9.766024589538574;0.2980535328388214;25.023469924926758;24.789615631103516;9.731745719909668;0.34172052850104434;0.9997357726006396;0.800000011920929;0.800000011920929;0.800000011920929
lidar;0.0;25.0;25.0207576751709;24.82052993774414;9.762741088867188;0.2982156276702881;25.023326873779297;24.79831314086914;9.73337173461914;0.3351299634524387;0.9991923571291824;0.800000011920929;0.800000011920929;0.800000011920929
lidar;0.0;25.0;25.021045684814453;24.82456398010254;9.759452819824219;0.2984689772129059;25.017013549804688;24.858177185058594;9.805541038513184;0.24128250629517384;0.998344600278093;0.800000011920929;0.800000011920929;0.800000011920929
lidar;0.0;25.0;25.021333694458008;24.8286075592041;9.756157875061035;0.2988137900829315;25.020885467529297;24.832204818725586;9.761275291442871;0.29254223733294327;0.9971926809066224;0.800000011920929;0.800000011920929;0.800000011920929
lidar;0.0;25.0;25.021623611450195;24.832660675048828;9.752854347229004;0.29925069212913513;25.02535057067871;24.803813934326172;9.710249900817871;0.35083666515916184;0.99573707552525;0.800000011920929;0.800000011920929;0.800000011920929
lidar;0.0;25.0;25.021888732910156;24.836898803710938;9.749802589416504;0.2994658946990967;25.01947593688965;24.854881286621094;9.777387619018555;0.2664484361212294;0.9958887101343515;0.800000011920929;0.800000011920929;0.800000011920929
lidar;0.0;25.0;25.022104263305664;24.841520309448242;9.747344017028809;0.29906442761421204;25.02555274963379;24.816801071166992;9.707934379577637;0.3457124490956761;0.9972252846765737;0.800000011920929;0.800000011920929;0.800000011920929
lidar;0.0;25.0;25.022319793701172;24.84613037109375;9.744891166687012;0.2987549304962158;25.02688980102539;24.814624786376953;9.692655563354492;0.35992735326376;0.9982579349548505;0.800000011920929;0.800000011920929;0.800000011920929
lidar;0.0;25.0;25.022533416748047;24.850730895996094;9.742443084716797;0.2985369563102722;25.028284072875977;24.81263542175293;9.676709175109863;0.3747297584112867;0.9989864826014905;0.800000011920929;0.800000011920929;0.800000011920929
lidar;0.0;25.0;25.022747039794922;24.855327606201172;9.739997863769531;0.2984101176261902;25.03011703491211;24.808456420898438;9.65576171875;0.395089608103749;0.9994107485405205;0.800000011920929;0.800000011920929;0.800000011920929
lidar;0.0;25.0;25.022960662841797;24.859922409057617;9.737553596496582;0.298374205827713;25.01775550842285;24.891674041748047;9.797042846679688;0.2307411933767014;0.9995306134192642;0.800000011920929;0.800000011920929;0.800000011920929
lidar;0.0;25.0;25.023174285888672;24.86451530456543;9.735109329223633;0.2984292209148407;25.020933151245117;24.877626419067383;9.7607421875;0.26955143141049165;0.9993460178827808;0.800000011920929;0.800000011920929;0.800000011920929
lidar;0.0;25.0;25.023387908935547;24.86911392211914;9.73266315460205;0.2985752522945404;25.024755477905273;24.86146354675293;9.717039108276367;0.316025156002482;0.9988570212513895;0.800000011920929;0.800000011920929;0.800000011920929
lidar;0.0;25.0;25.023603439331055;24.873716354370117;9.73021411895752;0.2988124489784241;25.02043342590332;24.890674591064453;9.766443252563477;0.2586856460984331;0.9980637432164519;0.800000011920929;0.800000011920929;0.800000011920929
lidar;0.0;25.0;25.02381706237793;24.878328323364258;9.727760314941406;0.2991413176059723;25.023990631103516;24.87744140625;9.725777626037598;0.30132060403386673;0.9969663618904261;0.800000011920929;0.800000011920929;0.800000011920929
lidar;0.0;25.0;25.02402687072754;24.882978439331055;9.725363731384277;0.29949358105659485;25.02495574951172;24.878461837768555;9.714762687683105;0.31105397254299383;0.9957934021339699;0.800000011920929;0.800000011920929;0.800000011920929
lidar;0.0;25.0;25.024234771728516;24.887653350830078;9.722992897033691;0.29990291595458984;25.024843215942383;24.884836196899414;9.716046333312988;0.30742409672000565;0.9944338799429383;0.800000011920929;0.800000011920929;0.800000011920929
lidar;0.0;25.0;25.024368286132812;24.892675399780273;9.72147274017334;0.2994828224182129;25.016523361206055;24.927223205566406;9.811131477355957;0.20307845442206224;0.9964945318170655;0.800000011920929;0.800000011920929;0.800000011920929
lidar;0.0;25.0;25.02449607849121;24.897705078125;9.720016479492188;0.2990902066230774;25.03106117248535;24.870283126831055;9.644960403442383;0.37926829608994567;0.9978027345636994;0.800000011920929;0.800000011920929;0.800000011920929
lidar;0.0;25.0;25.024621963500977;24.90272331237793;9.7185640335083;0.29878950119018555;25.028345108032227;24.88801383972168;9.676007270812988;0.3439702478123813;0.9988068939111642;0.800000011920929;0.800000011920929;0.800000011920929
lidar;0.0;25.0;25.024749755859375;24.907733917236328;9.717113494873047;0.29858022928237915;25.018617630004883;24.930591583251953;9.787196159362793;0.2246099623480376;0.9995068908246401;0.800000011920929;0.800000011920929;0.800000011920929
lidar;0.0;25.0;25.02487564086914;24.912738800048828;9.715665817260742;0.2984621226787567;25.020740509033203;24.927248001098633;9.762943267822266;0.24883498971440937;0.9999024271902672;0.800000011920929;0.800000011920929;0.800000011920929
lidar;0.0;25.0;25.02500343322754;24.917739868164062;9.714217185974121;0.2984349727630615;25.030975341796875;24.898090362548828;9.645951271057129;0.3697237747276904;0.9999933838845475;0.800000011920929;0.800000011920929;0.800000011920929
lidar;0.0;25.0;25.025129318237305;24.92274284362793;9.712769508361816;0.2984987497329712;25.03247833251953;24.9001522064209;9.628779411315918;0.3857834545530189;0.9997797012443843;0.800000011920929;0.800000011920929;0.800000011920929
lidar;0.0;25.0;25.02525520324707;24.927749633789062;9.711320877075195;0.29865357279777527;25.025039672851562;24.92836570739746;9.713784217834473;0.29610444508527534;0.9992614984827138;0.800000011920929;0.800000011920929;0.800000011920929
lidar;0.0;25.0;25.02538299560547;24.932762145996094;9.709869384765625;0.2988996207714081;25.031078338623047;24.917675018310547;9.644769668579102;0.36596643185383926;0.9984388947881604;0.800000011920929;0.800000011920929;0.800000011920929
lidar;0.0;25.0;25.025510787963867;24.93778419494629;9.708415985107422;0.29923728108406067;25.022258758544922;24.945716857910156;9.745590209960938;0.26108700031580767;0.9973122478905522;0.800000011920929;0.800000011920929;0.800000011920929
lidar;0.0;25.0;25.0256290435791;24.942840576171875;9.707058906555176;0.2995636761188507;25.02524185180664;24.943702697753906;9.71147346496582;0.2950495174404949;0.9962258931734135;0.800000011920929;0.800000011920929;0.800000011920929
lidar;0.0;25.0;25.02574348449707;24.94791603088379;9.705747604370117;0.29993340373039246;25.033172607421875;24.932886123657227;9.620831489562988;0.3864882550772312;0.9953582286426331;0.800000011920929;0.800000011920929;0.800000011920929
lidar;0.0;25.0;25.02578353881836;24.953144073486328;9.705292701721191;0.2995205521583557;25.026004791259766;24.952743530273438;9.702770233154297;0.30208423504110743;0.9967303873296114;0.800000011920929;0.800000011920929;0.800000011920929
lidar;0.0;25.0;25.02582359313965;24.958358764648438;9.704839706420898;0.29919981956481934;25.02202033996582;24.96449089050293;9.748297691345215;0.25514694200726196;0.9977989793468328;0.800000011920929;0.800000011920929;0.800000011920929
lidar;0.0;25.0;25.025859832763672;24.96356773376465;9.704410552978516;0.2989463806152344;25.02975845336914;24.95807647705078;9.659865379333496;0.34399816087585744;0.9986450673057066;0.800000011920929;0.800000011920929;0.800000011920929
lidar;0.0;25.0;25.025894165039062;24.96877098083496;9.704014778137207;0.29875215888023376;25.019989013671875;24.975894927978516;9.771528244018555;0.23060776630959465;0.9992943406466299;0.800000011920929;0.800000011920929;0.800000011920929
lidar;0.0;25.0;25.025930404663086;24.973970413208008;9.703619003295898;0.29864922165870667;25.024728775024414;24.975175857543945;9.717339515686035;0.2848239968411718;0.9996391534905466;0.800000011920929;0.800000011920929;0.800000011920929
lidar;0.0;25.0;25.025959014892578;24.97917366027832;9.703293800354004;0.2985670864582062;25.02657127380371;24.978679656982422;9.696281433105469;0.30562346260534234;0.9999141097061532;0.800000011920929;0.800000011920929;0.800000011920929
lidar;0.0;25.0;25.025983810424805;24.984375;9.702997207641602;0.2985466420650482;25.02855682373047;24.98282814025879;9.673589706420898;0.3281062720660828;0.9999824762342119;0.800000011920929;0.800000011920929;0.800000011920929
lidar;0.0;25.0;25.026004791259766;24.989580154418945;9.702762603759766;0.29855504631996155;25.02751922607422;24.98897361755371;9.685447692871094;0.31594601105685044;0.9999544620480533;0.800000011920929;0.800000011920929;0.800000011920929
lidar;0.0;25.0;25.026018142700195;24.994789123535156;9.702613830566406;0.298567533493042;25.0180606842041;24.996383666992188;9.79357624053955;0.20724424876472486;0.9999123215623773;0.800000011920929;0.800000011920929;0.800000011920929
lidar;0.0;25.0;25.02602195739746;25.0;9.702563285827637;0.2985731065273285;25.032634735107422;25.0;9.626994132995605;0.3744306643647654;0.9998939037305891;0.800000011920929;0.800000011920929;0.800000011920929
lidar;0.0;25.0;25.026018142700195;25.005210876464844;9.702613830566406;0.2985675632953644;25.030776977539062;25.00616455078125;9.648222923278809;0.353174916935903;0.9999123215623773;0.800000011920929;0.800000011920929;0.800000011920929
lidar;0.0;25.0;25.026004791259766;25.010419845581055;9.702762603759766;0.29855501651763916;25.0280818939209;25.01125144958496;9.679018020629883;0.3224044872733333;0.9999544620480533;0.800000011920929;0.800000011920929;0.800000011920929
lidar;0.0;25.0;25.025983810424805;25.015625;9.702997207641602;0.29854661226272583;25.024904251098633;25.01497459411621;9.715349197387695;0.28612996358255166;0.9999824762342119;0.800000011920929;0.800000011920929;0.800000011920929
lidar;0.0;25.0;25.025959014892578;25.02082633972168;9.703293800354004;0.2985670864582062;25.022825241088867;25.018314361572266;9.739103317260742;0.26253272904458047;0.9999141097061532;0.800000011920929;0.800000011920929;0.800000011920929
lidar;0.0;25.0;25.025930404663086;25.026029586791992;9.703619003295898;0.29864922165870667;25.033967971801758;25.03409767150879;9.611751556396484;0.39122020091938386;0.9996391534905466;0.800000011920929;0.800000011920929;0.800000011920929
lidar;0.0;25.0;25.025894165039062;25.03122901916504;9.704014778137207;0.29875215888023376;25.032215118408203;25.038850784301758;9.631767272949219;0.371675811169641;0.9992943406466299;0.800000011920929;0.800000011920929;0.800000011920929
lidar;0.0;25.0;25.025859832763672;25.03643226623535;9.704410552978516;0.2989463806152344;25.024337768554688;25.034286499023438;9.721820831298828;0.28133919300845206;0.9986450673057066;0.800000011920929;0.800000011920929;0.800000011920929
lidar;0.0;25.0;25.02582359313965;25.041641235351562;9.704839706420898;0.2991998493671417;25.030010223388672;25.048391342163086;9.656984329223633;0.34771004305884046;0.9977989793468328;0.800000011920929;0.800000011920929;0.800000011920929
lidar;0.0;25.0;25.02578353881836;25.046855926513672;9.705292701721191;0.2995205521583557;25.02186393737793;25.039731979370117;9.750092506408691;0.2539888992567518;0.9967303873296114;0.800000011920929;0.800000011920929;0.800000011920929
lidar;0.0;25.0;25.02574348449707;25.05208396911621;9.705747604370117;0.29993340373039246;25.023555755615234;25.047657012939453;9.730751037597656;0.2744464673441661;0.9953582286426331;0.800000011920929;0.800000011920929;0.800000011920929
lidar;0.0;25.0;25.0256290435791;25.057159423828125;9.707058906555176;0.2995636761188507;25.022897720336914;25.051067352294922;9.73827838897705;0.2676387715785495;0.9962258931734135;0.800000011920929;0.800000011920929;0.800000011920929
lidar;0.0;25.0;25.025510787963867;25.06221580505371;9.708415985107422;0.29923731088638306;25.025758743286133;25.062820434570312;9.705578804016113;0.3021481915269275;0.9973122478905522;0.800000011920929;0.800000011920929;0.800000011920929
lidar;0.0;25.0;25.02538299560547;25.067237854003906;9.709869384765625;0.2988995611667633;25.027206420898438;25.072067260742188;9.689033508300781;0.32036562495707116;0.9984388947881604;0.800000011920929;0.800000011920929;0.800000011920929
lidar;0.0;25.0;25.02525520324707;25.072250366210938;9.711320877075195;0.2986534833908081;25.02426528930664;25.069416046142578;9.72264575958252;0.2869365837893508;0.9992614984827138;0.800000011920929;0.800000011920929;0.800000011920929
lidar;0.0;25.0;25.025129318237305;25.07725715637207;9.712769508361816;0.29849863052368164;25.033735275268555;25.103715896606445;9.614402770996094;0.4007250529605017;0.9997797012443843;0.800000011920929;0.800000011920929;0.800000011920929
lidar;0.0;25.0;25.02500343322754;25.082260131835938;9.714217185974121;0.2984348237514496;25.023616790771484;25.077699661254883;9.730061531066895;0.28188956459387926;0.9999933838845475;0.800000011920929;0.800000011920929;0.800000011920929
lidar;0.0;25.0;25.02487564086914;25.087261199951172;9.715665817260742;0.29846206307411194;25.023895263671875;25.083820343017578;9.72688102722168;0.2866890482712162;0.9999024271902672;0.800000011920929;0.800000011920929;0.800000011920929
lidar;0.0;25.0;25.024749755859375;25.092266082763672;9.717113494873047;0.298580139875412;25.030044555664062;25.11200523376465;9.656593322753906;0.3624579917467705;0.9995068908246401;0.800000011920929;0.800000011920929;0.800000011920929
lidar;0.0;25.0;25.024621963500977;25.09727668762207;9.7185640335083;0.29878947138786316;25.02765655517578;25.109264373779297;9.683882713317871;0.33560955951005966;0.9988068939111642;0.800000011920929;0.800000011920929;0.800000011920929
lidar;0.0;25.0;25.02449607849121;25.102294921875;9.720016479492188;0.299090176820755;25.02299690246582;25.096036911010742;9.737144470214844;0.280793706066694;0.99780267483322;0.800000011920929;0.800000011920929;0.800000011920929
lidar;0.0;25.0;25.024368286132812;25.107324600219727;9.72147274017334;0.2994828224182129;25.022396087646484;25.098642349243164;9.744003295898438;0.27525689429549105;0.9964945318170655;0.800000011920929;0.800000011920929;0.800000011920929
lidar;0.0;25.0;25.024234771728516;25.112346649169922;9.722992897033691;0.2999029755592346;25.022329330444336;25.10350799560547;9.744782447814941;0.27631267928931685;0.9944338799429383;0.800000011920929;0.800000011920929;0.800000011920929
lidar;0.0;25.0;25.02402687072754;25.117021560668945;9.725363731384277;0.29949361085891724;25.02808380126953;25.13677406311035;9.679007530212402;0.35004550638120846;0.9957934021339699;0.800000011920929;0.800000011920929;0.800000011920929
lidar;0.0;25.0;25.02381706237793;25.121671676635742;9.727760314941406;0.2991412281990051;25.02174186706543;25.111064910888672;9.751492500305176;0.2730644594186928;0.9969663618904261;0.800000011920929;0.800000011920929;0.800000011920929
lidar;0.0;25.0;25.023603439331055;25.126283645629883;9.73021411895752;0.2988124489784241;25.021270751953125;25.113805770874023;9.756871223449707;0.26928781426204323;0.9980637432164519;0.800000011920929;0.800000011920929;0.800000011920929
lidar;0.0;25.0;25.023387908935547;25.13088607788086;9.73266315460205;0.2985752820968628;25.02336883544922;25.130779266357422;9.732881546020508;0.2983319859493464;0.9988569617780704;0.800000011920929;0.800000011920929;0.800000011920929
lidar;0.0;25.0;25.023174285888672;25.13548469543457;9.735109329223633;0.29842931032180786;25.019865036010742;25.11612892150879;9.772950172424316;0.2557971326534724;0.9993460178827808;0.800000011920929;0.800000011920929;0.800000011920929
lidar;0.0;25.0;25.022960662841797;25.140077590942383;9.737553596496582;0.2983742952346802;25.022228240966797;25.13560676574707;9.745930671691895;0.2888507894056164;0.9995306134192642;0.800000011920929;0.800000011920929;0.800000011920929
lidar;0.0;25.0;25.022747039794922;25.144672393798828;9.739997863769531;0.29841023683547974;25.024044036865234;25.15291976928711;9.725174903869629;0.3154223813544472;0.9994107485405205;0.800000011920929;0.800000011920929;0.800000011920929
lidar;0.0;25.0;25.022533416748047;25.149269104003906;9.742443084716797;0.29853710532188416;25.024202346801758;25.160327911376953;9.723361015319824;0.3206552428709855;0.9989864230743006;0.800000011920929;0.800000011920929;0.800000011920929
lidar;0.0;25.0;25.022319793701172;25.15386962890625;9.744891166687012;0.29875504970550537;25.01699447631836;25.11716651916504;9.805742263793945;0.22749272677330604;0.9982578753898598;0.800000011920929;0.800000011920929;0.800000011920929
lidar;0.0;25.0;25.022104263305664;25.158479690551758;9.747344017028809;0.2990644574165344;25.015254974365234;25.1093692779541;9.825638771057129;0.20638840243885892;0.9972252247748999;0.800000011920929;0.800000011920929;0.800000011920929
lidar;0.0;25.0;25.021888732910156;25.163101196289062;9.749802589416504;0.29946592450141907;25.0225830078125;25.16827392578125;9.74186897277832;0.3089622393007891;0.9958887101343515;0.800000011920929;0.800000011920929;0.800000011920929
lidar;0.0;25.0;25.021623611450195;25.167339324951172;9.752854347229004;0.29925066232681274;25.02292251586914;25.177392959594727;9.738006591796875;0.31722884031991794;0.9957371353131546;0.800000011920929;0.800000011920929;0.800000011920929
lidar;0.0;25.0;25.021333694458008;25.1713924407959;9.756157875061035;0.29881376028060913;25.020036697387695;25.160978317260742;9.770973205566406;0.28065755244845725;0.9971926809066224;0.800000011920929;0.800000011920929;0.800000011920929
lidar;0.0;25.0;25.021045684814453;25.17543601989746;9.759452819824219;0.2984688878059387;25.023733139038086;25.197843551635742;9.728729248046875;0.3365900234087316;0.998344600278093;0.800000011920929;0.800000011920929;0.800000011920929
lidar;0.0;25.0;25.0207576751709;25.17947006225586;9.762741088867188;0.2982156276702881;25.020347595214844;25.175935745239258;9.767414093017578;0.2923416055340983;0.9991923571291824;0.800000011920929;0.800000011920929;0.800000011920929
lidar;0.0;25.0;25.020469665527344;25.183500289916992;9.766024589538574;0.29805347323417664;25.024505615234375;25.219669342041016;9.719905853271484;0.35680283312011046;0.9997357726006396;0.800000011920929;0.800000011920929;0.800000011920929
lidar;0.0;25.0;25.020183563232422;25.18752670288086;9.769305229187012;0.29798221588134766;25.024930953979492;25.23164939880371;9.715024948120117;0.3680949575822743;0.999974608422259;0.800000011920929;0.800000011920929;0.800000011920929
lidar;0.0;25.0;25.019895553588867;25.191551208496094;9.77258586883545;0.29800179600715637;25.021442413330078;25.206445693969727;9.754903793334961;0.3211725994284317;0.9999088644978509;0.800000011920929;0.800000011920929;0.800000011920929
lidar;0.0;25.0;25.019609451293945;25.195579528808594;9.77586841583252;0.2981121242046356;25.01214599609375;25.121145248413086;9.861167907714844;0.18465737984379782;0.9995385408470983;0.800000011920929;0.800000011920929;0.800000011920929
lidar;0.0;25.0;25.01932144165039;25.199609756469727;9.779153823852539;0.2983134388923645;25.02066421508789;25.213476181030273;9.763813972473145;0.31903412671213227;0.9988637566314297;0.800000011920929;0.800000011920929;0.800000011920929
lidar;0.0;25.0;25.019033432006836;25.203649520874023;9.78244400024414;0.29860609769821167;25.01421356201172;25.15207290649414;9.837542533874512;0.2229814209155162;0.9978846310731327;0.800000011920929;0.800000011920929;0.800000011920929
lidar;0.0;25.0;25.01874542236328;25.20769691467285;9.78574275970459;0.2989904284477234;25.013790130615234;25.152801513671875;9.842371940612793;0.21996573860171637;0.9966016410938746;0.800000011920929;0.800000011920929;0.800000011920929
lidar;0.0;25.0;25.0184326171875;25.211498260498047;9.789307594299316;0.2991027235984802;25.01774024963379;25.203536987304688;9.79723834991455;0.2878438405504253;0.9952894446202833;0.800000011920929;0.800000011920929;0.800000011920929
lidar;0.0;25.0;25.014759063720703;24.788433074951172;9.788949966430664;0.29919931292533875;25.01723861694336;24.752891540527344;9.753493309020996;0.349464806598481;0.9949678779864253;0.800000011920929;0.800000011920929;0.800000011920929
lidar;0.0;25.0;25.015003204345703;24.792299270629883;9.785443305969238;0.2989966869354248;25.012916564941406;24.821178436279297;9.815276145935059;0.2574234019099177;0.9965811372183135;0.800000011920929;0.800000011920929;0.800000011920929
lidar;0.0;25.0;25.015233993530273;24.79634666442871;9.782140731811523;0.2986123263835907;25.014183044433594;24.81040382385254;9.797178268432617;0.2780013902588082;0.9978637694126586;0.800000011920929;0.800000011920929;0.800000011920929
lidar;0.0;25.0;25.015464782714844;24.800384521484375;9.778844833374023;0.29831981658935547;25.01811408996582;24.766191482543945;9.740962028503418;0.3494206825520485;0.9988425373849404;0.800000011920929;0.800000011920929;0.800000011920929
lidar;0.0;25.0;25.015695571899414;24.80441665649414;9.775554656982422;0.29811856150627136;25.014846801757812;24.81499671936035;9.78769588470459;0.2819932452508081;0.9995169639854075;0.800000011920929;0.800000011920929;0.800000011920929
lidar;0.0;25.0;25.01592445373535;24.808443069458008;9.772268295288086;0.2980083227157593;25.01572036743164;24.81089973449707;9.775188446044922;0.2941879347927808;0.9998869895985528;0.800000011920929;0.800000011920929;0.800000011920929
lidar;0.0;25.0;25.01615333557129;24.812469482421875;9.768982887268066;0.2979888617992401;25.01168441772461;24.864349365234375;9.832893371582031;0.21555119350280266;0.9999523758882767;0.800000011920929;0.800000011920929;0.800000011920929
lidar;0.0;25.0;25.01638412475586;24.816495895385742;9.765697479248047;0.29806023836135864;25.01937484741211;24.78299903869629;9.72292709350586;0.35246894760766695;0.9997132420472429;0.800000011920929;0.800000011920929;0.800000011920929
lidar;0.0;25.0;25.016613006591797;24.820526123046875;9.762409210205078;0.29822245240211487;25.016616821289062;24.82050132751465;9.762377738952637;0.2982619288889521;0.999169528539847;0.800000011920929;0.800000011920929;0.800000011920929
lidar;0.0;25.0;25.016843795776367;24.824560165405273;9.759116172790527;0.29847583174705505;25.0130615234375;24.863956451416016;9.813209533691406;0.23145013662892433;0.9983215331448297;0.800000011920929;0.800000011920929;0.800000011920929
lidar;0.0;25.0;25.017074584960938;24.828603744506836;9.755816459655762;0.29882076382637024;25.012649536132812;24.87302017211914;9.819096565246582;0.2213818757902027;0.9971693156854129;0.800000011920929;0.800000011920929;0.800000011920929
lidar;0.0;25.0;25.01730728149414;24.832656860351562;9.752508163452148;0.2992578148841858;25.01736068725586;24.832134246826172;9.751733779907227;0.30019426361645246;0.9957134127999029;0.800000011920929;0.800000011920929;0.800000011920929
lidar;0.0;25.0;25.017513275146484;24.83695411682129;9.749543190002441;0.29936516284942627;25.01679229736328;24.843664169311523;9.759849548339844;0.2870461620648566;0.9962237477692729;0.800000011920929;0.800000011920929;0.800000011920929
lidar;0.0;25.0;25.017684936523438;24.84157371520996;9.747082710266113;0.29896286129951477;25.020116806030273;24.81979751586914;9.71231746673584;0.34005694900200617;0.997563958305139;0.800000011920929;0.800000011920929;0.800000011920929
lidar;0.0;25.0;25.01785659790039;24.846181869506836;9.744627952575684;0.2986525297164917;25.01703453063965;24.85326385498047;9.756385803222656;0.2849024382370202;0.9986002445107118;0.800000011920929;0.800000011920929;0.800000011920929
lidar;0.0;25.0;25.018028259277344;24.85078239440918;9.742178916931152;0.2984336018562317;25.011749267578125;24.902755737304688;9.831977844238281;0.19448915646699566;0.9993323683772019;0.800000011920929;0.800000011920929;0.800000011920929
lidar;0.0;25.0;25.018199920654297;24.855379104614258;9.739731788635254;0.29830583930015564;25.018211364746094;24.85528564453125;9.739563941955566;0.29849828860591016;0.9997600912996375;0.800000011920929;0.800000011920929;0.800000011920929
lidar;0.0;25.0;25.01837158203125;24.85997200012207;9.737285614013672;0.2982689440250397;25.017927169799805;24.863351821899414;9.743627548217773;0.291068245822519;0.9998832344966296;0.800000011920929;0.800000011920929;0.800000011920929
lidar;0.0;25.0;25.01854133605957;24.864564895629883;9.73483943939209;0.29832300543785095;25.02222442626953;24.837661743164062;9.682169914245605;0.35758065911634457;0.9997019171848849;0.800000011920929;0.800000011920929;0.800000011920929
lidar;0.0;25.0;25.018712997436523;24.869159698486328;9.732392311096191;0.2984679639339447;25.020435333251953;24.857114791870117;9.707756042480469;0.32594509133967353;0.9992159605226549;0.800000011920929;0.800000011920929;0.800000011920929
lidar;0.0;25.0;25.018884658813477;24.873762130737305;9.729941368103027;0.2987041175365448;25.023509979248047;24.84284210205078;9.663795471191406;0.37186709440011323;0.9984257221559374;0.800000011920929;0.800000011920929;0.800000011920929
lidar;0.0;25.0;25.01905632019043;24.878372192382812;9.727486610412598;0.2990317642688751;25.015058517456055;24.903886795043945;9.784650802612305;0.23630415679949793;0.997331261496538;0.800000011920929;0.800000011920929;0.800000011920929
lidar;0.0;25.0;25.019227981567383;24.88299560546875;9.725025177001953;0.2994515001773834;25.018136978149414;24.889633178710938;9.74062728881836;0.2824606454111377;0.9959331158123279;0.800000011920929;0.800000011920929;0.800000011920929
lidar;0.0;25.0;25.019393920898438;24.88767433166504;9.722663879394531;0.29984724521636963;25.016178131103516;24.906291961669922;9.768628120422363;0.2501515351133108;0.9952833058028066;0.800000011920929;0.800000011920929;0.800000011920929
lidar;0.0;25.0;25.019498825073242;24.892696380615234;9.72114372253418;0.2994246780872345;25.017135620117188;24.90570068359375;9.754941940307617;0.26313382952902437;0.9966879486465876;0.800000011920929;0.800000011920929;0.800000011920929
lidar;0.0;25.0;25.01960563659668;24.897703170776367;9.71962833404541;0.2990942895412445;25.01630401611328;24.914926528930664;9.766833305358887;0.2487368508654932;0.9977889058716007;0.800000011920929;0.800000011920929;0.800000011920929
lidar;0.0;25.0;25.019710540771484;24.902708053588867;9.718133926391602;0.29883551597595215;25.02309226989746;24.88601303100586;9.669763565063477;0.35011742080249947;0.9986529350792697;0.800000011920929;0.800000011920929;0.800000011920929
lidar;0.0;25.0;25.019811630249023;24.907718658447266;9.716681480407715;0.29862648248672485;25.020488739013672;24.904563903808594;9.706992149353027;0.3088390193338432;0.9993520975231664;0.800000011920929;0.800000011920929;0.800000011920929
lidar;0.0;25.0;25.019912719726562;24.9127254486084;9.715229988098145;0.29850858449935913;25.0207576751709;24.909019470214844;9.70313835144043;0.3111835380321796;0.9997467398465154;0.800000011920929;0.800000011920929;0.800000011920929
lidar;0.0;25.0;25.0200138092041;24.917728424072266;9.71377944946289;0.29848164319992065;25.018774032592773;24.92282485961914;9.731514930725098;0.27998708549410367;0.999836862101933;0.800000011920929;0.800000011920929;0.800000011920929
lidar;0.0;25.0;25.02011489868164;24.922731399536133;9.712329864501953;0.2985456585884094;25.018341064453125;24.929546356201172;9.737703323364258;0.2722124356073225;0.9996224642032228;0.800000011920929;0.800000011920929;0.800000011920929
lidar;0.0;25.0;25.020217895507812;24.927738189697266;9.710878372192383;0.2987006902694702;25.018749237060547;24.932985305786133;9.731870651245117;0.277012266190349;0.9991035461853626;0.800000011920929;0.800000011920929;0.800000011920929
lidar;0.0;25.0;25.02031898498535;24.932750701904297;9.709424018859863;0.2989470660686493;25.014373779296875;24.952430725097656;9.794454574584961;0.21146732235417265;0.9982802867961199;0.800000011920929;0.800000011920929;0.800000011920929
lidar;0.0;25.0;25.02042007446289;24.937774658203125;9.707967758178711;0.29928508400917053;25.021602630615234;24.934175491333008;9.691070556640625;0.31660197450199773;0.9971529842419073;0.800000011920929;0.800000011920929;0.800000011920929
lidar;0.0;25.0;25.020523071289062;24.942811965942383;9.706507682800293;0.29971519112586975;25.024709701538086;24.9311466217041;9.646645545959473;0.3608475728241771;0.9957218765370155;0.800000011920929;0.800000011920929;0.800000011920929
lidar;0.0;25.0;25.020591735839844;24.947948455810547;9.705521583557129;0.2997514307498932;25.025846481323242;24.934667587280273;9.630390167236328;0.37622767571641025;0.9959622621952494;0.800000011920929;0.800000011920929;0.800000011920929
lidar;0.0;25.0;25.0206241607666;24.953170776367188;9.705049514770508;0.2993559241294861;25.013154983520508;24.97013282775879;9.811882972717285;0.19092730995301394;0.9972784521123016;0.800000011920929;0.800000011920929;0.800000011920929
lidar;0.0;25.0;25.02065658569336;24.95838165283203;9.704596519470215;0.29903507232666016;25.018043518066406;24.963647842407227;9.741971969604492;0.2611997744923526;0.9983484744529626;0.800000011920929;0.800000011920929;0.800000011920929
lidar;0.0;25.0;25.020689010620117;24.963584899902344;9.704143524169922;0.2988060414791107;25.017192840576172;24.969738006591797;9.754143714904785;0.24830714770772527;0.9991143942599158;0.800000011920929;0.800000011920929;0.800000011920929
lidar;0.0;25.0;25.020719528198242;24.968780517578125;9.703691482543945;0.2986680269241333;25.02224349975586;24.96648597717285;9.681912422180176;0.3206204180308218;0.9995759725778646;0.800000011920929;0.800000011920929;0.800000011920929
lidar;0.0;25.0;25.020748138427734;24.97397804260254;9.703293800354004;0.2985672056674957;25.025543212890625;24.96796226501465;9.634700775146484;0.36758985842830394;0.9999136924713492;0.800000011920929;0.800000011920929;0.800000011920929
lidar;0.0;25.0;25.020774841308594;24.97917366027832;9.702898025512695;0.2985551059246063;25.016462326049805;24.983497619628906;9.764577865600586;0.23657296218820362;0.9999544620480533;0.800000011920929;0.800000011920929;0.800000011920929
lidar;0.0;25.0;25.020797729492188;24.984375;9.702571868896484;0.29856327176094055;25.02397918701172;24.981983184814453;9.65706729888916;0.3442414893519777;0.999927043911073;0.800000011920929;0.800000011920929;0.800000011920929
lidar;0.0;25.0;25.020816802978516;24.989578247070312;9.702302932739258;0.29860565066337585;25.01851463317871;24.990732192993164;9.735228538513184;0.2655797332850855;0.999784946452409;0.800000011920929;0.800000011920929;0.800000011920929
lidar;0.0;25.0;25.020830154418945;24.994787216186523;9.702122688293457;0.2986503541469574;25.019344329833984;24.995159149169922;9.723373413085938;0.27734462743991456;0.9996352791551252;0.800000011920929;0.800000011920929;0.800000011920929
lidar;0.0;25.0;25.02083396911621;25.0;9.702052116394043;0.2986755073070526;25.014860153198242;25.0;9.787489891052246;0.21302926413255963;0.9995512962369434;0.800000011920929;0.800000011920929;0.800000011920929
lidar;0.0;25.0;25.020830154418945;25.005212783813477;9.702122688293457;0.298650324344635;25.017778396606445;25.00444793701172;9.745748519897461;0.254911549832418;0.9996352791551252;0.800000011920929;0.800000011920929;0.800000011920929
lidar;0.0;25.0;25.020816802978516;25.010421752929688;9.702302932739258;0.29860565066337585;25.022396087646484;25.011211395263672;9.679723739624023;0.3212540112155719;0.999784946452409;0.800000011920929;0.800000011920929;0.800000011920929
lidar;0.0;25.0;25.020797729492188;25.015625;9.702571868896484;0.29856327176094055;25.02419090270996;25.01817512512207;9.654037475585938;0.34728354609439493;0.999927043911073;0.800000011920929;0.800000011920929;0.800000011920929
lidar;0.0;25.0;25.020774841308594;25.02082633972168;9.702898025512695;0.2985551059246063;25.022106170654297;25.022159576416016;9.683876037597656;0.31766946815371166;0.9999544620480533;0.800000011920929;0.800000011920929;0.800000011920929
lidar;0.0;25.0;25.020748138427734;25.02602195739746;9.703293800354004;0.29856717586517334;25.021678924560547;25.027189254760742;9.689984321594238;0.3119597577311966;0.9999136924713492;0.800000011920929;0.800000011920929;0.800000011920929
lidar;0.0;25.0;25.020719528198242;25.031219482421875;9.703691482543945;0.2986680269241333;25.023305892944336;25.03511619567871;9.66671371459961;0.3359405488860033;0.9995759725778646;0.800000011920929;0.800000011920929;0.800000011920929
lidar;0.0;25.0;25.020689010620117;25.036415100097656;9.704143524169922;0.29880598187446594;25.023273468017578;25.04096794128418;9.667163848876953;0.33615445735858573;0.9991143942599158;0.800000011920929;0.800000011920929;0.800000011920929
lidar;0.0;25.0;25.02065658569336;25.04161834716797;9.704596519470215;0.29903507232666016;25.026533126831055;25.053457260131836;9.620559692382812;0.38410471791557643;0.9983484744529626;0.800000011920929;0.800000011920929;0.800000011920929
lidar;0.0;25.0;25.0206241607666;25.046829223632812;9.705049514770508;0.2993559241294861;25.021564483642578;25.04896354675293;9.691615104675293;0.3129916219373009;0.9972784521123016;0.800000011920929;0.800000011920929;0.800000011920929
lidar;0.0;25.0;25.020591735839844;25.052051544189453;9.705521583557129;0.2997514009475708;25.01681900024414;25.042512893676758;9.75948715209961;0.2448195135069742;0.9959622621952494;0.800000011920929;0.800000011920929;0.800000011920929
lidar;0.0;25.0;25.020523071289062;25.057188034057617;9.706507682800293;0.29971519112586975;25.018054962158203;25.050312042236328;9.741792678833008;0.26368206386118787;0.9957219364311811;0.800000011920929;0.800000011920929;0.800000011920929
lidar;0.0;25.0;25.02042007446289;25.062225341796875;9.707968711853027;0.29928499460220337;25.018220901489258;25.055524826049805;9.739418029785156;0.2670543160543542;0.9971529842419073;0.800000011920929;0.800000011920929;0.800000011920929
lidar;0.0;25.0;25.02031898498535;25.067249298095703;9.70942497253418;0.2989470064640045;25.01993179321289;25.065967559814453;9.714957237243652;0.29325508666850897;0.9982802867961199;0.800000011920929;0.800000011920929;0.800000011920929
lidar;0.0;25.0;25.020217895507812;25.072261810302734;9.710878372192383;0.2987006604671478;25.018407821655273;25.065792083740234;9.736763954162598;0.2719568322961134;0.9991035461853626;0.800000011920929;0.800000011920929;0.800000011920929
lidar;0.0;25.0;25.02011489868164;25.077268600463867;9.712329864501953;0.29854556918144226;25.014219284057617;25.054616928100586;9.79666519165039;0.21102150419260812;0.9996224642032228;0.800000011920929;0.800000011920929;0.800000011920929
lidar;0.0;25.0;25.0200138092041;25.082271575927734;9.71377944946289;0.29848161339759827;25.017229080200195;25.070823669433594;9.753609657287598;0.2569460768675782;0.999836862101933;0.800000011920929;0.800000011920929;0.800000011920929
lidar;0.0;25.0;25.019912719726562;25.0872745513916;9.715229988098145;0.29850858449935913;25.021154403686523;25.09272003173828;9.697465896606445;0.3171296229224752;0.9997467398465154;0.800000011920929;0.800000011920929;0.800000011920929
lidar;0.0;25.0;25.019811630249023;25.092281341552734;9.716681480407715;0.29862645268440247;25.0219783782959;25.102373123168945;9.685693740844727;0.33128782198495155;0.9993520975231664;0.800000011920929;0.800000011920929;0.800000011920929
lidar;0.0;25.0;25.019710540771484;25.097291946411133;9.718133926391602;0.29883551597595215;25.01997947692871;25.098623275756836;9.714274406433105;0.30292749700738014;0.9986529350792697;0.800000011920929;0.800000011920929;0.800000011920929
lidar;0.0;25.0;25.01960563659668;25.102296829223633;9.71962833404541;0.2990942597389221;25.022544860839844;25.117630004882812;9.677603721618652;0.343924740744313;0.9977888464488582;0.800000011920929;0.800000011920929;0.800000011920929
lidar;0.0;25.0;25.019498825073242;25.107303619384766;9.72114372253418;0.2994247078895569;25.020240783691406;25.111387252807617;9.710532188415527;0.3108194977111123;0.9966878892691071;0.800000011920929;0.800000011920929;0.800000011920929
lidar;0.0;25.0;25.019393920898438;25.11232566833496;9.722663879394531;0.29984724521636963;25.020605087280273;25.119348526000977;9.705323219299316;0.3185951565858975;0.9952832458111669;0.800000011920929;0.800000011920929;0.800000011920929
lidar;0.0;25.0;25.019227981567383;25.11700439453125;9.725025177001953;0.2994515299797058;25.018016815185547;25.109638214111328;9.742338180541992;0.2805970286000643;0.9959331158123279;0.800000011920929;0.800000011920929;0.800000011920929
lidar;0.0;25.0;25.01905632019043;25.121627807617188;9.727486610412598;0.2990318834781647;25.020336151123047;25.129802703857422;9.7091703414917;0.3191297883018007;0.997331261496538;0.800000011920929;0.800000011920929;0.800000011920929
lidar;0.0;25.0;25.018884658813477;25.126237869262695;9.729941368103027;0.29870420694351196;25.018728256225586;25.12519645690918;9.732172012329102;0.2962376842521903;0.9984257221559374;0.800000011920929;0.800000011920929;0.800000011920929
lidar;0.0;25.0;25.018712997436523;25.130840301513672;9.732392311096191;0.29846811294555664;25.01815414428711;25.126930236816406;9.740386962890625;0.2895513217983802;0.9992159605226549;0.800000011920929;0.800000011920929;0.800000011920929
lidar;0.0;25.0;25.01854133605957;25.135435104370117;9.73483943939209;0.2983231842517853;25.01689338684082;25.123394012451172;9.758415222167969;0.2717992097928138;0.9997018575630098;0.800000011920929;0.800000011920929;0.800000011920929
lidar;0.0;25.0;25.01837158203125;25.14002799987793;9.737285614013672;0.2982691824436188;25.017026901245117;25.12978744506836;9.756499290466309;0.27645541328055795;0.9998832344966296;0.800000011920929;0.800000011920929;0.800000011920929
lidar;0.0;25.0;25.018199920654297;25.144620895385742;9.739730834960938;0.29830601811408997;25.019323348999023;25.15354347229004;9.723675727844238;0.31670818527839084;0.9997600912996375;0.800000011920929;0.800000011920929;0.800000011920929
lidar;0.0;25.0;25.018028259277344;25.14921760559082;9.742177963256836;0.29843372106552124;25.01652717590332;25.136795043945312;9.763643264770508;0.2735881480267934;0.9993323683772019;0.800000011920929;0.800000011920929;0.800000011920929
lidar;0.0;25.0;25.01785659790039;25.153818130493164;9.744627952575684;0.29865261912345886;25.013660430908203;25.117660522460938;9.804655075073242;0.228452194501651;0.9986002445107118;0.800000011920929;0.800000011920929;0.800000011920929
lidar;0.0;25.0;25.017684936523438;25.15842628479004;9.747082710266113;0.29896292090415955;25.018526077270508;25.16594886779785;9.735074043273926;0.3131573942163959;0.997563958305139;0.800000011920929;0.800000011920929;0.800000011920929
lidar;0.0;25.0;25.017513275146484;25.16304588317871;9.749543190002441;0.29936519265174866;25.016956329345703;25.157865524291992;9.757499694824219;0.2898546576708818;0.9962237477692729;0.800000011920929;0.800000011920929;0.800000011920929
lidar;0.0;25.0;25.01730728149414;25.167343139648438;9.752508163452148;0.2992577850818634;25.01884651184082;25.18222999572754;9.73049259185791;0.32587877654619624;0.9957134720640434;0.800000011920929;0.800000011920929;0.800000011920929
lidar;0.0;25.0;25.017074584960938;25.171396255493164;9.755816459655762;0.29882076382637024;25.013669967651367;25.13721466064453;9.804513931274414;0.2392272253609486;0.9971693156854129;0.800000011920929;0.800000011920929;0.800000011920929
lidar;0.0;25.0;25.016843795776367;25.175439834594727;9.759116172790527;0.29847586154937744;25.013139724731445;25.13684844970703;9.812103271484375;0.23282057478206525;0.9983215331448297;0.800000011920929;0.800000011920929;0.800000011920929
lidar;0.0;25.0;25.016613006591797;25.179473876953125;9.762409210205078;0.29822248220443726;25.0178279876709;25.19259262084961;9.745043754577637;0.3200193865168703;0.999169528539847;0.800000011920929;0.800000011920929;0.800000011920929
lidar;0.0;25.0;25.01638412475586;25.183504104614258;9.765697479248047;0.29806020855903625;25.014232635498047;25.15941619873047;9.796454429626465;0.2589343575094659;0.9997132420472429;0.800000011920929;0.800000011920929;0.800000011920929
lidar;0.0;25.0;25.01615333557129;25.187530517578125;9.768982887268066;0.2979888617992401;25.015647888183594;25.181655883789062;9.776219367980957;0.2886553415572681;0.9999523758882767;0.800000011920929;0.800000011920929;0.800000011920929
lidar;0.0;25.0;25.01592445373535;25.191556930541992;9.772268295288086;0.29800835251808167;25.017274856567383;25.207792282104492;9.752965927124023;0.32326711978589845;0.9998869895985528;0.800000011920929;0.800000011920929;0.800000011920929
lidar;0.0;25.0;25.015695571899414;25.19558334350586;9.775555610656738;0.2981185019016266;25.02120590209961;25.264266967773438;9.696736335754395;0.40280929756253847;0.9995169639854075;0.800000011920929;0.800000011920929;0.800000011920929
lidar;0.0;25.0;25.015464782714844;25.199615478515625;9.778844833374023;0.29831981658935547;25.01602554321289;25.206850051879883;9.770828247070312;0.3091340988239748;0.9988425373849404;0.800000011920929;0.800000011920929;0.800000011920929
lidar;0.0;25.0;25.015233993530273;25.20365333557129;9.782140731811523;0.2986123561859131;25.019071578979492;25.25494956970215;9.727267265319824;0.37382613280341315;0.9978637694126586;0.800000011920929;0.800000011920929;0.800000011920929
lidar;0.0;25.0;25.015003204345703;25.207700729370117;9.785443305969238;0.29899662733078003;25.013866424560547;25.191972732543945;9.801690101623535;0.2763566707464257;0.9965811372183135;0.800000011920929;0.800000011920929;0.800000011920929
lidar;0.0;25.0;25.014759063720703;25.211566925048828;9.788949966430664;0.29919931292533875;25.016910552978516;25.2424259185791;9.75816535949707;0.3428405788081848;0.9949679377067765;0.800000011920929;0.800000011920929;0.800000011920929
lidar;0.0;25.0;25.011077880859375;24.7883358001709;9.788626670837402;0.29933732748031616;25.00853157043457;24.836990356445312;9.837213516235352;0.23053043004086124;0.9945092798722966;0.800000011920929;0.800000011920929;0.800000011920929
lidar;0.0;25.0;25.011259078979492;24.792259216308594;9.785173416137695;0.2990536689758301;25.01006507873535;24.814268112182617;9.80793285369873;0.2673717319017973;0.9963909982052515;0.800000011920929;0.800000011920929;0.800000011920929
lidar;0.0;25.0;25.011432647705078;24.796306610107422;9.781866073608398;0.2986702024936676;25.00908660888672;24.838106155395508;9.826628684997559;0.23738092262463825;0.9976704715788306;0.800000011920929;0.800000011920929;0.800000011920929
lidar;0.0;25.0;25.01160430908203;24.80034637451172;9.778565406799316;0.29837849736213684;25.012805938720703;24.77968978881836;9.755656242370605;0.3292475297122183;0.9986460804193642;0.800000011920929;0.800000011920929;0.800000011920929
lidar;0.0;25.0;25.011777877807617;24.804378509521484;9.775270462036133;0.298178106546402;25.01264762878418;24.789934158325195;9.75867748260498;0.3201941724427338;0.9993175267488552;0.800000011920929;0.800000011920929;0.800000011920929
lidar;0.0;25.0;25.01194953918457;24.80840492248535;9.771979331970215;0.298068642616272;25.015430450439453;24.75260353088379;9.705568313598633;0.38488136037163995;0.9996845126330647;0.800000011920929;0.800000011920929;0.800000011920929
lidar;0.0;25.0;25.012123107910156;24.81243133544922;9.768689155578613;0.29805007576942444;25.012968063354492;24.799358367919922;9.752568244934082;0.31882210367082947;0.9997469782621645;0.800000011920929;0.800000011920929;0.800000011920929
lidar;0.0;25.0;25.01229476928711;24.816457748413086;9.765398025512695;0.2981223464012146;25.012298583984375;24.816402435302734;9.765327453613281;0.2982123143689727;0.9995049238041015;0.800000011920929;0.800000011920929;0.800000011920929
lidar;0.0;25.0;25.012468338012695;24.82048797607422;9.762104988098145;0.29828551411628723;25.010549545288086;24.84809112548828;9.798686981201172;0.25241663559112415;0.9989584088128398;0.800000011920929;0.800000011920929;0.800000011920929
lidar;0.0;25.0;25.01263999938965;24.824522018432617;9.758807182312012;0.29853981733322144;25.012725830078125;24.823331832885742;9.757170677185059;0.30056604387523544;0.998107671734637;0.800000011920929;0.800000011920929;0.800000011920929
lidar;0.0;25.0;25.012813568115234;24.82856559753418;9.755502700805664;0.298885703086853;25.01416015625;24.8105525970459;9.729812622070312;0.3302900508933464;0.9969527722957701;0.800000011920929;0.800000011920929;0.800000011920929
lidar;0.0;25.0;25.01298713684082;24.83262062072754;9.752189636230469;0.29932358860969543;25.012832641601562;24.834611892700195;9.75513744354248;0.2957628663483188;0.9954942464386108;0.800000011920929;0.800000011920929;0.800000011920929
lidar;0.0;25.0;25.013137817382812;24.836971282958984;9.749302864074707;0.2993322014808655;25.01387596130371;24.827817916870117;9.735225677490234;0.3161410667395236;0.9963333603732553;0.800000011920929;0.800000011920929;0.800000011920929
lidar;0.0;25.0;25.013267517089844;24.841590881347656;9.746840476989746;0.2989296615123749;25.013277053833008;24.841482162475586;9.746665000915527;0.29913739755024815;0.9976748227955133;0.800000011920929;0.800000011920929;0.800000011920929
lidar;0.0;25.0;25.013397216796875;24.84619903564453;9.744384765625;0.29861894249916077;25.012523651123047;24.856216430664062;9.761032104492188;0.27917010167514356;0.998712301299071;0.800000011920929;0.800000011920929;0.800000011920929
lidar;0.0;25.0;25.013525009155273;24.850799560546875;9.741931915283203;0.29839974641799927;25.0111141204834;24.877389907836914;9.787923812866211;0.24522085200310423;0.9994455575733585;0.800000011920929;0.800000011920929;0.800000011920929
lidar;0.0;25.0;25.013652801513672;24.85539436340332;9.739482879638672;0.29827168583869934;25.01421356201172;24.849462509155273;9.72879695892334;0.31050699512212315;0.9998744130168197;0.800000011920929;0.800000011920929;0.800000011920929
lidar;0.0;25.0;25.01378059387207;24.859987258911133;9.737035751342773;0.2982344925403595;25.015029907226562;24.847299575805664;9.713207244873047;0.3252587127632929;0.9999986886978423;0.800000011920929;0.800000011920929;0.800000011920929
lidar;0.0;25.0;25.0139102935791;24.864580154418945;9.734587669372559;0.2982882559299469;25.016742706298828;24.836997985839844;9.680530548095703;0.3590415407060858;0.9998183250581673;0.800000011920929;0.800000011920929;0.800000011920929
lidar;0.0;25.0;25.0140380859375;24.86917495727539;9.732137680053711;0.2984327971935272;25.014062881469727;24.868946075439453;9.731667518615723;0.2989575358156879;0.9993335008269008;0.800000011920929;0.800000011920929;0.800000011920929
lidar;0.0;25.0;25.0141658782959;24.873777389526367;9.729684829711914;0.29866868257522583;25.015317916870117;24.863515853881836;9.707710266113281;0.3229482982557296;0.9985442160816782;0.800000011920929;0.800000011920929;0.800000011920929
lidar;0.0;25.0;25.01429557800293;24.878387451171875;9.727228164672852;0.29899606108665466;25.015853881835938;24.865135192871094;9.697505950927734;0.33157555147751094;0.9974506497319963;0.800000011920929;0.800000011920929;0.800000011920929
lidar;0.0;25.0;25.01442527770996;24.88300895690918;9.724764823913574;0.2994154095649719;25.015655517578125;24.87302589416504;9.701279640197754;0.32496352199185835;0.996053457197301;0.800000011920929;0.800000011920929;0.800000011920929
lidar;0.0;25.0;25.014543533325195;24.88772964477539;9.722501754760742;0.2997017800807953;25.015336990356445;24.881593704223633;9.707334518432617;0.3160827292891899;0.9957666399302735;0.800000011920929;0.800000011920929;0.800000011920929
lidar;0.0;25.0;25.014623641967773;24.89274787902832;9.720982551574707;0.2992785573005676;25.012493133544922;24.908370971679688;9.761627197265625;0.2556821659672231;0.9971745612121963;0.800000011920929;0.800000011920929;0.800000011920929
lidar;0.0;25.0;25.01470184326172;24.897754669189453;9.719466209411621;0.2989475429058075;25.0184268951416;24.87184715270996;9.648384094238281;0.3746949541750129;0.9982787966734621;0.800000011920929;0.800000011920929;0.800000011920929
lidar;0.0;25.0;25.014781951904297;24.90275001525879;9.717952728271484;0.2987081706523895;25.01470375061035;24.903257369995117;9.719422340393066;0.2971517520612287;0.9990788102357544;0.800000011920929;0.800000011920929;0.800000011920929
lidar;0.0;25.0;25.014860153198242;24.907739639282227;9.716442108154297;0.2985599935054779;25.014060974121094;24.912700653076172;9.731687545776367;0.2825075172691717;0.999574601660903;0.800000011920929;0.800000011920929;0.800000011920929
lidar;0.0;25.0;25.01494026184082;24.9127254486084;9.71493148803711;0.2985028028488159;25.01620101928711;24.90535545349121;9.690855026245117;0.3237137326651462;0.9997658729435239;0.800000011920929;0.800000011920929;0.800000011920929
lidar;0.0;25.0;25.015018463134766;24.917713165283203;9.713421821594238;0.29853662848472595;25.013193130493164;24.927711486816406;9.748244285583496;0.262260833155413;0.999652624146033;0.800000011920929;0.800000011920929;0.800000011920929
lidar;0.0;25.0;25.015098571777344;24.922700881958008;9.711910247802734;0.2986614406108856;25.0140438079834;24.9281005859375;9.732032775878906;0.2778005406152064;0.9992348551660541;0.800000011920929;0.800000011920929;0.800000011920929
lidar;0.0;25.0;25.015174865722656;24.927705764770508;9.710441589355469;0.2988327741622925;25.01611328125;24.923234939575195;9.692533493041992;0.31731389816089295;0.9986618160824443;0.800000011920929;0.800000011920929;0.800000011920929
lidar;0.0;25.0;25.01525115966797;24.932722091674805;9.708984375;0.29907989501953125;25.014385223388672;24.93654441833496;9.725519180297852;0.28208690307333834;0.9978367092119792;0.800000011920929;0.800000011920929;0.800000011920929
lidar;0.0;25.0;25.01532745361328;24.937747955322266;9.707525253295898;0.29941868782043457;25.013391494750977;24.945606231689453;9.744453430175781;0.26161430447604717;0.9967076779037783;0.800000011920929;0.800000011920929;0.800000011920929
lidar;0.0;25.0;25.015403747558594;24.942785263061523;9.706063270568848;0.29984962940216064;25.012643814086914;24.953041076660156;9.758749008178711;0.24610349762694703;0.9952750204649347;0.800000011920929;0.800000011920929;0.800000011920929
lidar;0.0;25.0;25.015439987182617;24.94797706604004;9.705370903015137;0.29958489537239075;25.020740509033203;24.93012046813965;9.604233741760254;0.4024228154980741;0.996516048732736;0.800000011920929;0.800000011920929;0.800000011920929
lidar;0.0;25.0;25.015466690063477;24.95319366455078;9.704877853393555;0.29921120405197144;25.012310028076172;24.962745666503906;9.765108108520508;0.23814582813842936;0.99776065356985;0.800000011920929;0.800000011920929;0.800000011920929
lidar;0.0;25.0;25.015493392944336;24.958396911621094;9.704385757446289;0.2989293932914734;25.01964569091797;24.94724464416504;9.625143051147461;0.37905997279193177;0.9987013935325231;0.800000011920929;0.800000011920929;0.800000011920929
lidar;0.0;25.0;25.015518188476562;24.963594436645508;9.703901290893555;0.29873135685920715;25.01479148864746;24.965299606323242;9.717779159545898;0.28473047977983545;0.9993640185021619;0.800000011920929;0.800000011920929;0.800000011920929
lidar;0.0;25.0;25.015541076660156;24.968788146972656;9.703449249267578;0.29859328269958496;25.017154693603516;24.96554946899414;9.672675132751465;0.32957948945954696;0.9998261332666865;0.800000011920929;0.800000011920929;0.800000011920929
lidar;0.0;25.0;25.015565872192383;24.973979949951172;9.702997207641602;0.29854628443717957;25.014827728271484;24.97521209716797;9.717058181762695;0.2844124864685969;0.9999836087234456;0.800000011920929;0.800000011920929;0.800000011920929
lidar;0.0;25.0;25.015586853027344;24.97917366027832;9.702571868896484;0.2985634505748749;25.011682510375977;24.984390258789062;9.777070999145508;0.22378039060160523;0.9999263882678292;0.800000011920929;0.800000011920929;0.800000011920929
lidar;0.0;25.0;25.015607833862305;24.984371185302734;9.702176094055176;0.2986423075199127;25.01439094543457;24.9855899810791;9.725399017333984;0.27535527171632473;0.9996624589057953;0.800000011920929;0.800000011920929;0.800000011920929
lidar;0.0;25.0;25.015625;24.989574432373047;9.701849937438965;0.29874101281166077;25.020456314086914;24.986351013183594;9.609655380249023;0.39111896575206195;0.9993323683772019;0.800000011920929;0.800000011920929;0.800000011920929
lidar;0.0;25.0;25.015636444091797;24.99478530883789;9.701630592346191;0.2988242506980896;25.01340103149414;24.99553108215332;9.744280815124512;0.2561088718303203;0.9990538358228691;0.800000011920929;0.800000011920929;0.800000011920929
lidar;0.0;25.0;25.015642166137695;25.0;9.70154094696045;0.2988690435886383;25.022136688232422;25.0;9.577596664428711;0.422983138717694;0.9989041089717636;0.800000011920929;0.800000011920929;0.800000011920929
lidar;0.0;25.0;25.015636444091797;25.00521469116211;9.701630592346191;0.2988242506980896;25.013277053833008;25.00442886352539;9.746663093566895;0.2537233669031627;0.9990538358228691;0.800000011920929;0.800000011920929;0.800000011920929
lidar;0.0;25.0;25.015625;25.010425567626953;9.701849937438965;0.29874101281166077;25.014890670776367;25.00993537902832;9.715860366821289;0.2847031570777006;0.9993323683772019;0.800000011920929;0.800000011920929;0.800000011920929
lidar;0.0;25.0;25.015607833862305;25.015628814697266;9.70217514038086;0.2986423373222351;25.018146514892578;25.018171310424805;9.653739929199219;0.34721077889571444;0.9996624589057953;0.800000011920929;0.800000011920929;0.800000011920929
lidar;0.0;25.0;25.015586853027344;25.02082633972168;9.702571868896484;0.2985634505748749;25.016098022460938;25.021509170532227;9.69283676147461;0.3083360261956051;0.9999263882678292;0.800000011920929;0.800000011920929;0.800000011920929
lidar;0.0;25.0;25.015565872192383;25.026020050048828;9.702997207641602;0.29854628443717957;25.01523208618164;25.025463104248047;9.709366798400879;0.29214366300695643;0.9999836087234456;0.800000011920929;0.800000011920929;0.800000011920929
lidar;0.0;25.0;25.015541076660156;25.031211853027344;9.703449249267578;0.29859328269958496;25.014867782592773;25.02985954284668;9.716292381286621;0.285662208060922;0.9998261332666865;0.800000011920929;0.800000011920929;0.800000011920929
lidar;0.0;25.0;25.015518188476562;25.036405563354492;9.703901290893555;0.29873135685920715;25.01116371154785;25.02618980407715;9.786989212036133;0.21490467680669373;0.9993640185021619;0.800000011920929;0.800000011920929;0.800000011920929
lidar;0.0;25.0;25.015493392944336;25.041603088378906;9.704385757446289;0.2989293932914734;25.015474319458008;25.04155158996582;9.704745292663574;0.2985658771668608;0.9987013935325231;0.800000011920929;0.800000011920929;0.800000011920929
lidar;0.0;25.0;25.015466690063477;25.04680633544922;9.704877853393555;0.29921120405197144;25.017419815063477;25.05272102355957;9.667593955993652;0.33701176540244876;0.99776065356985;0.800000011920929;0.800000011920929;0.800000011920929
lidar;0.0;25.0;25.015439987182617;25.05202293395996;9.705370903015137;0.29958489537239075;25.016935348510742;25.05706024169922;9.676844596862793;0.32859076516594543;0.996516048732736;0.800000011920929;0.800000011920929;0.800000011920929
lidar;0.0;25.0;25.015403747558594;25.057214736938477;9.706063270568848;0.29984962940216064;25.01430320739746;25.053125381469727;9.727069854736328;0.2784196269418995;0.9952750204649347;0.800000011920929;0.800000011920929;0.800000011920929
lidar;0.0;25.0;25.01532745361328;25.062252044677734;9.707526206970215;0.2994186282157898;25.016460418701172;25.066858291625977;9.685893058776855;0.3215649637919338;0.9967076779037783;0.800000011920929;0.800000011920929;0.800000011920929
lidar;0.0;25.0;25.01525115966797;25.067277908325195;9.708985328674316;0.2990798354148865;25.01353645324707;25.059715270996094;9.74170207977295;0.2654563543015951;0.9978367092119792;0.800000011920929;0.800000011920929;0.800000011920929
lidar;0.0;25.0;25.015174865722656;25.072294235229492;9.710441589355469;0.2988327443599701;25.017513275146484;25.083436965942383;9.665813446044922;0.34489025165457177;0.9986618160824443;0.800000011920929;0.800000011920929;0.800000011920929
lidar;0.0;25.0;25.015098571777344;25.077299118041992;9.711910247802734;0.29866141080856323;25.017290115356445;25.088520050048828;9.670089721679688;0.34201713932135175;0.9992348551660541;0.800000011920929;0.800000011920929;0.800000011920929
lidar;0.0;25.0;25.015018463134766;25.082286834716797;9.713420867919922;0.29853665828704834;25.022287368774414;25.122114181518555;9.57471752166748;0.44302863495677436;0.9996525645462706;0.800000011920929;0.800000011920929;0.800000011920929
lidar;0.0;25.0;25.01494026184082;25.0872745513916;9.71493148803711;0.2985028624534607;25.01392936706543;25.08137321472168;9.734206199645996;0.27831961604932726;0.9997658729435239;0.800000011920929;0.800000011920929;0.800000011920929
lidar;0.0;25.0;25.014860153198242;25.092260360717773;9.716442108154297;0.2985600233078003;25.01519775390625;25.0943546295166;9.710002899169922;0.3053396050634373;0.999574601660903;0.800000011920929;0.800000011920929;0.800000011920929
lidar;0.0;25.0;25.014781951904297;25.09724998474121;9.717952728271484;0.2987082004547119;25.0175838470459;25.115684509277344;9.664488792419434;0.3553309234552529;0.9990788102357544;0.800000011920929;0.800000011920929;0.800000011920929
lidar;0.0;25.0;25.01470184326172;25.102245330810547;9.719466209411621;0.29894760251045227;25.01410484313965;25.09808921813965;9.73087215423584;0.28679251855504245;0.9982787966734621;0.800000011920929;0.800000011920929;0.800000011920929
lidar;0.0;25.0;25.014623641967773;25.10725212097168;9.720982551574707;0.2992786169052124;25.0177059173584;25.129858016967773;9.66217041015625;0.3623615599367795;0.9971745612121963;0.800000011920929;0.800000011920929;0.800000011920929
lidar;0.0;25.0;25.014543533325195;25.11227035522461;9.722502708435059;0.2997017502784729;25.016199111938477;25.125049591064453;9.690917015075684;0.3338139520545604;0.9957666399302735;0.800000011920929;0.800000011920929;0.800000011920929
lidar;0.0;25.0;25.01442527770996;25.11699104309082;9.724764823913574;0.2994154393672943;25.014026641845703;25.113759994506836;9.732367515563965;0.2911439215646819;0.996053457197301;0.800000011920929;0.800000011920929;0.800000011920929
lidar;0.0;25.0;25.01429557800293;25.121612548828125;9.727228164672852;0.2989961504936218;25.016130447387695;25.137222290039062;9.692215919494629;0.337373695076433;0.9974506497319963;0.800000011920929;0.800000011920929;0.800000011920929
lidar;0.0;25.0;25.0141658782959;25.126222610473633;9.729684829711914;0.2986688017845154;25.012147903442383;25.108230590820312;9.768218040466309;0.2560938220410418;0.9985442160816782;0.800000011920929;0.800000011920929;0.800000011920929
lidar;0.0;25.0;25.0140380859375;25.13082504272461;9.732137680053711;0.2984330356121063;25.015560150146484;25.145009994506836;9.703091621398926;0.33079383265072043;0.9993335008269008;0.800000011920929;0.800000011920929;0.800000011920929
lidar;0.0;25.0;25.0139102935791;25.135419845581055;9.734587669372559;0.2982884645462036;25.011091232299805;25.107975006103516;9.78837776184082;0.2378355369294744;0.9998183846638937;0.800000011920929;0.800000011920929;0.800000011920929
lidar;0.0;25.0;25.01378059387207;25.140012741088867;9.737034797668457;0.2982347011566162;25.01596450805664;25.162185668945312;9.695391654968262;0.34546358611535544;0.9999986886978423;0.800000011920929;0.800000011920929;0.800000011920929
lidar;0.0;25.0;25.013652801513672;25.14460563659668;9.739482879638672;0.29827189445495605;25.0135440826416;25.143449783325195;9.74156379699707;0.29588964152364944;0.9998744130168197;0.800000011920929;0.800000011920929;0.800000011920929
lidar;0.0;25.0;25.013525009155273;25.149200439453125;9.741931915283203;0.298399955034256;25.01614761352539;25.17812728881836;9.691898345947266;0.35625293893778665;0.9994455575733585;0.800000011920929;0.800000011920929;0.800000011920929
lidar;0.0;25.0;25.013397216796875;25.15380096435547;9.744383811950684;0.2986190617084503;25.01561737060547;25.179302215576172;9.701998710632324;0.3481356577364109;0.998712301299071;0.800000011920929;0.800000011920929;0.800000011920929
lidar;0.0;25.0;25.013267517089844;25.158409118652344;9.746840476989746;0.29892969131469727;25.0115966796875;25.13846778869629;9.778707504272461;0.2613016356447425;0.9976748227955133;0.800000011920929;0.800000011920929;0.800000011920929
lidar;0.0;25.0;25.013137817382812;25.163028717041016;9.749302864074707;0.29933226108551025;25.014053344726562;25.17438507080078;9.731839179992676;0.3201837402990904;0.9963333603732553;0.800000011920929;0.800000011920929;0.800000011920929
lidar;0.0;25.0;25.01298713684082;25.16737937927246;9.752189636230469;0.29932358860969543;25.01517677307129;25.195598602294922;9.710411071777344;0.34978625269622865;0.9954942464386108;0.800000011920929;0.800000011920929;0.800000011920929
lidar;0.0;25.0;25.012813568115234;25.17143440246582;9.755502700805664;0.29888564348220825;25.015188217163086;25.203210830688477;9.710183143615723;0.3542866884420356;0.9969528315779999;0.800000011920929;0.800000011920929;0.800000011920929
lidar;0.0;25.0;25.01263999938965;25.175477981567383;9.758807182312012;0.29853975772857666;25.014873504638672;25.206470489501953;9.716208457946777;0.3512671364176406;0.998107671734637;0.800000011920929;0.800000011920929;0.800000011920929
lidar;0.0;25.0;25.012468338012695;25.17951202392578;9.762104988098145;0.29828548431396484;25.015514373779297;25.223390579223633;9.70395565032959;0.3711964451951605;0.9989584088128398;0.800000011920929;0.800000011920929;0.800000011920929
lidar;0.0;25.0;25.01229476928711;25.183542251586914;9.765398025512695;0.2981223464012146;25.00950050354004;25.141841888427734;9.818699836730957;0.23038894588093392;0.9995049238041015;0.800000011920929;0.800000011920929;0.800000011920929
lidar;0.0;25.0;25.012123107910156;25.18756866455078;9.768689155578613;0.29805007576942444;25.012969970703125;25.2006893157959;9.752510070800781;0.31889709872488137;0.9997469782621645;0.800000011920929;0.800000011920929;0.800000011920929
lidar;0.0;25.0;25.01194953918457;25.19159507751465;9.771979331970215;0.29806867241859436;25.0123233795166;25.197589874267578;9.76484489440918;0.30739480939876485;0.9996845126330647;0.800000011920929;0.800000011920929;0.800000011920929
lidar;0.0;25.0;25.011777877807617;25.195621490478516;9.775270462036133;0.2981780767440796;25.01231575012207;25.204559326171875;9.76500415802002;0.3118001976090997;0.9993175267488552;0.800000011920929;0.800000011920929;0.800000011920929
lidar;0.0;25.0;25.01160430908203;25.19965362548828;9.778565406799316;0.29837849736213684;25.01009750366211;25.173734664916992;9.807312965393066;0.2596412436244987;0.9986460804193642;0.800000011920929;0.800000011920929;0.800000011920929
lidar;0.0;25.0;25.011432647705078;25.203693389892578;9.781866073608398;0.2986701726913452;25.011226654052734;25.200016021728516;9.785802841186523;0.2932802761498009;0.9976704715788306;0.800000011920929;0.800000011920929;0.800000011920929
lidar;0.0;25.0;25.011259078979492;25.207740783691406;9.785173416137695;0.29905369877815247;25.01214599609375;25.224124908447266;9.768229484558105;0.32264091433880715;0.9963909982052515;0.800000011920929;0.800000011920929;0.800000011920929
lidar;0.0;25.0;25.011077880859375;25.2116641998291;9.788626670837402;0.29933735728263855;25.013526916503906;25.258464813232422;9.741888999938965;0.3655254104422227;0.9945093391286914;0.800000011920929;0.800000011920929;0.800000011920929
lidar;0.0;25.0;25.00739097595215;24.788209915161133;9.788338661193848;0.29951658844947815;25.004322052001953;24.87615203857422;9.876227378845215;0.17514719589862998;0.9939138293342749;0.800000011920929;0.800000011920929;0.800000011920929
lidar;0.0;25.0;25.007511138916016;24.792184829711914;9.784932136535645;0.2991616129875183;25.008134841918945;24.77488136291504;9.7670259475708;0.3240699449509733;0.9960312846046772;0.800000011920929;0.800000011920929;0.800000011920929
lidar;0.0;25.0;25.007625579833984;24.796232223510742;9.78161907196045;0.29877975583076477;25.00967788696289;24.74140167236328;9.722857475280762;0.379175821578425;0.997304797303573;0.800000011920929;0.800000011920929;0.800000011920929
lidar;0.0;25.0;25.007741928100586;24.80027198791504;9.778314590454102;0.298489511013031;25.007125854492188;24.816177368164062;9.795969009399414;0.2747177373385759;0.9982745648143008;0.800000011920929;0.800000011920929;0.800000011920929
lidar;0.0;25.0;25.007856369018555;24.804304122924805;9.77501392364502;0.2982907295227051;25.005569458007812;24.861270904541016;9.840508460998535;0.21145731806821644;0.9989401101910791;0.800000011920929;0.800000011920929;0.800000011920929
lidar;0.0;25.0;25.007972717285156;24.808332443237305;9.77171802520752;0.2981829047203064;25.00912094116211;24.780715942382812;9.7388277053833;0.341144443199097;0.9993014931845924;0.800000011920929;0.800000011920929;0.800000011920929
lidar;0.0;25.0;25.008087158203125;24.812358856201172;9.768423080444336;0.2981659173965454;25.008888244628906;24.79374885559082;9.745457649230957;0.3277349158321713;0.9993584156561213;0.800000011920929;0.800000011920929;0.800000011920929
lidar;0.0;25.0;25.008201599121094;24.81638526916504;9.765127182006836;0.2982398569583893;25.006139755249023;24.862565994262695;9.824198722839355;0.2232304958089071;0.9991109371313411;0.800000011920929;0.800000011920929;0.800000011920929
lidar;0.0;25.0;25.008317947387695;24.820415496826172;9.761828422546387;0.298404723405838;25.008817672729492;24.80962371826172;9.747516632080078;0.3163358842423231;0.9985591172366015;0.800000011920929;0.800000011920929;0.800000011920929
lidar;0.0;25.0;25.008432388305664;24.824451446533203;9.758525848388672;0.2986608147621155;25.008609771728516;24.820758819580078;9.753446578979492;0.30494291667937495;0.9977031351177339;0.800000011920929;0.800000011920929;0.800000011920929
lidar;0.0;25.0;25.008548736572266;24.828495025634766;9.755215644836426;0.2990085184574127;25.01136589050293;24.771957397460938;9.674518585205078;0.39758122772446713;0.9965431691178958;0.800000011920929;0.800000011920929;0.800000011920929
lidar;0.0;25.0;25.008663177490234;24.832550048828125;9.751896858215332;0.29944831132888794;25.009592056274414;24.814599990844727;9.725300788879395;0.331549516635975;0.9950797559804574;0.800000011920929;0.800000011920929;0.800000011920929
lidar;0.0;25.0;25.00876235961914;24.836952209472656;9.749082565307617;0.2993669807910919;25.006603240966797;24.877105712890625;9.81087589263916;0.2256427232583057;0.9962176083088738;0.800000011920929;0.800000011920929;0.800000011920929
lidar;0.0;25.0;25.008848190307617;24.84157371520996;9.746618270874023;0.29896464943885803;25.010761260986328;24.807323455810547;9.691841125488281;0.3635957019265694;0.9975577591176189;0.800000011920929;0.800000011920929;0.800000011920929
lidar;0.0;25.0;25.008934020996094;24.846181869506836;9.744158744812012;0.29865434765815735;25.010326385498047;24.82219886779785;9.704267501831055;0.3452212839765446;0.9985940455628937;0.800000011920929;0.800000011920929;0.800000011920929
lidar;0.0;25.0;25.00901985168457;24.85078239440918;9.741704940795898;0.2984354496002197;25.010271072387695;24.8300724029541;9.705857276916504;0.3398539082351981;0.9993260502535521;0.800000011920929;0.800000011920929;0.800000011920929
lidar;0.0;25.0;25.009105682373047;24.855377197265625;9.739253044128418;0.2983076870441437;25.008407592773438;24.866445541381836;9.759209632873535;0.275476460110655;0.9997537136194772;0.800000011920929;0.800000011920929;0.800000011920929
lidar;0.0;25.0;25.009191513061523;24.859970092773438;9.73680305480957;0.29827091097831726;25.00804328918457;24.877450942993164;9.769659996032715;0.2610353023571333;0.999876856798551;0.800000011920929;0.800000011920929;0.800000011920929
lidar;0.0;25.0;25.00927734375;24.86456298828125;9.734352111816406;0.29832494258880615;25.008731842041016;24.87252426147461;9.749967575073242;0.2807893171049015;0.9996954202727393;0.800000011920929;0.800000011920929;0.800000011920929
lidar;0.0;25.0;25.009363174438477;24.869159698486328;9.731900215148926;0.29846999049186707;25.013565063476562;24.8104305267334;9.611563682556152;0.4324385376861729;0.9992094636658608;0.800000011920929;0.800000011920929;0.800000011920929
lidar;0.0;25.0;25.00944709777832;24.873762130737305;9.729445457458496;0.29870617389678955;25.00991439819336;24.86752700805664;9.716083526611328;0.3134583143224529;0.9984191060991381;0.800000011920929;0.800000011920929;0.800000011920929
lidar;0.0;25.0;25.00953483581543;24.878372192382812;9.726984977722168;0.2990339696407318;25.007339477539062;24.906375885009766;9.78984546661377;0.23018251566858522;0.9973246455545115;0.800000011920929;0.800000011920929;0.800000011920929
lidar;0.0;25.0;25.009620666503906;24.882993698120117;9.724519729614258;0.2994536757469177;25.010709762573242;24.869749069213867;9.69333553314209;0.33335170366130273;0.9959264400350967;0.800000011920929;0.800000011920929;0.800000011920929
lidar;0.0;25.0;25.009695053100586;24.887754440307617;9.722350120544434;0.29963767528533936;25.00832176208496;24.903669357299805;9.761719703674316;0.25715017489569614;0.9959797860435742;0.800000011920929;0.800000011920929;0.800000011920929
lidar;0.0;25.0;25.009748458862305;24.892770767211914;9.720829963684082;0.299214243888855;25.009180068969727;24.899032592773438;9.737129211425781;0.28174413963079525;0.9973892571297972;0.800000011920929;0.800000011920929;0.800000011920929
lidar;0.0;25.0;25.009801864624023;24.897775650024414;9.71931266784668;0.29888293147087097;25.00759506225586;24.920785903930664;9.782493591308594;0.23160638236956888;0.9984948039480407;0.800000011920929;0.800000011920929;0.800000011920929
lidar;0.0;25.0;25.009855270385742;24.90277099609375;9.717799186706543;0.29864323139190674;25.008161544799805;24.919477462768555;9.766288757324219;0.24732851547666423;0.9992961884079233;0.800000011920929;0.800000011920929;0.800000011920929
lidar;0.0;25.0;25.009906768798828;24.907760620117188;9.716287612915039;0.29849472641944885;25.00995445251465;24.90732192993164;9.714941024780273;0.299911732183383;0.9997932314683242;0.800000011920929;0.800000011920929;0.800000011920929
lidar;0.0;25.0;25.009960174560547;24.912744522094727;9.714776992797852;0.298437237739563;25.009946823120117;24.912858963012695;9.715150833129883;0.29804602938526875;0.999985754489485;0.800000011920929;0.800000011920929;0.800000011920929
lidar;0.0;25.0;25.010013580322266;24.9177303314209;9.713266372680664;0.29847073554992676;25.009750366210938;24.91989517211914;9.720810890197754;0.2906170605931252;0.999873578545956;0.800000011920929;0.800000011920929;0.800000011920929
lidar;0.0;25.0;25.01006507873535;24.922718048095703;9.71175479888916;0.2985951006412506;25.011754989624023;24.90974235534668;9.663361549377441;0.348726547150914;0.9994568824446904;0.800000011920929;0.800000011920929;0.800000011920929
lidar;0.0;25.0;25.01011848449707;24.927711486816406;9.71024227142334;0.2988107204437256;25.007183074951172;24.94867706298828;9.794282913208008;0.21214393360402123;0.998735785501977;0.800000011920929;0.800000011920929;0.800000011920929
lidar;0.0;25.0;25.01017189025879;24.93271255493164;9.708725929260254;0.2991178035736084;25.011789321899414;24.922012329101562;9.662405967712402;0.3466852928998615;0.9977103470029306;0.800000011920929;0.800000011920929;0.800000011920929
lidar;0.0;25.0;25.010225296020508;24.937726974487305;9.707206726074219;0.2995167672634125;25.010875701904297;24.93376350402832;9.68857192993164;0.3185797172432639;0.9963811637001988;0.800000011920929;0.800000011920929;0.800000011920929
lidar;0.0;25.0;25.01027488708496;24.942766189575195;9.705737113952637;0.2999531924724579;25.01145362854004;24.93621063232422;9.672030448913574;0.33431170537334415;0.9952921868678076;0.800000011920929;0.800000011920929;0.800000011920929
lidar;0.0;25.0;25.01029396057129;24.94799041748047;9.705223083496094;0.299507200717926;25.007617950439453;24.961505889892578;9.781821250915527;0.22167939578446838;0.9967744348004859;0.800000011920929;0.800000011920929;0.800000011920929
lidar;0.0;25.0;25.010311126708984;24.953205108642578;9.704728126525879;0.2991344928741455;25.00899887084961;24.959157943725586;9.742292404174805;0.2610793034869938;0.9980165957227787;0.800000011920929;0.800000011920929;0.800000011920929
lidar;0.0;25.0;25.01032829284668;24.95840835571289;9.704236030578613;0.2988526225090027;25.00974464416504;24.96076011657715;9.72097110748291;0.281943137041178;0.9989579916278593;0.800000011920929;0.800000011920929;0.800000011920929
lidar;0.0;25.0;25.010345458984375;24.96360206604004;9.703744888305664;0.2986622452735901;25.009449005126953;24.96675682067871;9.729416847229004;0.2727812290406047;0.9995950460483922;0.800000011920929;0.800000011920929;0.800000011920929
lidar;0.0;25.0;25.01036262512207;24.968791961669922;9.703253746032715;0.2985629141330719;25.010507583618164;24.968353271484375;9.69908332824707;0.30275822469136615;0.9999276995668701;0.800000011920929;0.800000011920929;0.800000011920929
lidar;0.0;25.0;25.010379791259766;24.973979949951172;9.702762603759766;0.29855459928512573;25.00987434387207;24.97524642944336;9.717232704162598;0.28402015352077997;0.9999556541452508;0.800000011920929;0.800000011920929;0.800000011920929
lidar;0.0;25.0;25.010395050048828;24.979169845581055;9.702302932739258;0.298605740070343;25.009727478027344;24.980510711669922;9.721455574035645;0.2793946025817551;0.9997847080168959;0.800000011920929;0.800000011920929;0.800000011920929
lidar;0.0;25.0;25.010412216186523;24.984365463256836;9.701849937438965;0.29874080419540405;25.010900497436523;24.98362922668457;9.68782901763916;0.3127894699753667;0.99933296437994;0.800000011920929;0.800000011920929;0.800000011920929
lidar;0.0;25.0;25.010425567626953;24.98956871032715;9.701452255249023;0.29891154170036316;25.010961532592773;24.989032745361328;9.686102867126465;0.31428033787564413;0.998762369172259;0.800000011920929;0.800000011920929;0.800000011920929
lidar;0.0;25.0;25.01043701171875;24.994779586791992;9.701154708862305;0.29907339811325073;25.011730194091797;24.99413299560547;9.664092063903809;0.3361637278338299;0.998221755102961;0.800000011920929;0.800000011920929;0.800000011920929
lidar;0.0;25.0;25.010440826416016;25.0;9.701027870178223;0.29915401339530945;25.011856079101562;25.0;9.66046142578125;0.3397451196482228;0.9979526997138365;0.800000011920929;0.800000011920929;0.800000011920929
lidar;0.0;25.0;25.01043701171875;25.005220413208008;9.701154708862305;0.29907339811325073;25.009849548339844;25.004926681518555;9.717936515808105;0.2822784058468781;0.998221755102961;0.800000011920929;0.800000011920929;0.800000011920929
lidar;0.0;25.0;25.010425567626953;25.01043128967285;9.701452255249023;0.29891151189804077;25.012245178222656;25.012250900268555;9.649359703063965;0.3510682068494965;0.998762369172259;0.800000011920929;0.800000011920929;0.800000011920929
lidar;0.0;25.0;25.010412216186523;25.015634536743164;9.701849937438965;0.29874080419540405;25.00745964050293;25.01120376586914;9.786362648010254;0.21406048307608566;0.99933296437994;0.800000011920929;0.800000011920929;0.800000011920929
lidar;0.0;25.0;25.010395050048828;25.020830154418945;9.702302932739258;0.298605740070343;25.008893966674805;25.017820358276367;9.745309829711914;0.25546806243771397;0.9997847080168959;0.800000011920929;0.800000011920929;0.800000011920929
lidar;0.0;25.0;25.010379791259766;25.026020050048828;9.702762603759766;0.2985546290874481;25.009653091430664;25.024200439453125;9.723556518554688;0.27766873254851054;0.9999556541452508;0.800000011920929;0.800000011920929;0.800000011920929
lidar;0.0;25.0;25.01036262512207;25.031208038330078;9.703253746032715;0.2985629141330719;25.010095596313477;25.03040313720703;9.710916519165039;0.2908526098099767;0.9999276995668701;0.800000011920929;0.800000011920929;0.800000011920929
lidar;0.0;25.0;25.010345458984375;25.03639793395996;9.703744888305664;0.2986622452735901;25.011213302612305;25.039447784423828;9.678919792175293;0.3236890365309343;0.9995950460483922;0.800000011920929;0.800000011920929;0.800000011920929
lidar;0.0;25.0;25.01032829284668;25.04159164428711;9.704236030578613;0.2988526225090027;25.01413345336914;25.056921005249023;9.595236778259277;0.40898987501544576;0.9989579916278593;0.800000011920929;0.800000011920929;0.800000011920929
lidar;0.0;25.0;25.010311126708984;25.046794891357422;9.704728126525879;0.2991344630718231;25.009172439575195;25.041624069213867;9.737351417541504;0.2660847660646133;0.9980165361562537;0.800000011920929;0.800000011920929;0.800000011920929
lidar;0.0;25.0;25.01029396057129;25.05200958251953;9.705223083496094;0.299507200717926;25.009286880493164;25.046924591064453;9.734041213989258;0.2702259440464056;0.9967744348004859;0.800000011920929;0.800000011920929;0.800000011920929
lidar;0.0;25.0;25.01027488708496;25.057233810424805;9.705737113952637;0.2999531924724579;25.010623931884766;25.05916976928711;9.695780754089355;0.3101019230634686;0.9952921868678076;0.800000011920929;0.800000011920929;0.800000011920929
lidar;0.0;25.0;25.010225296020508;25.062273025512695;9.707206726074219;0.2995167672634125;25.013288497924805;25.0809326171875;9.61947250366211;0.38926637803499703;0.9963811637001988;0.800000011920929;0.800000011920929;0.800000011920929
lidar;0.0;25.0;25.01017189025879;25.06728744506836;9.708725929260254;0.2991178035736084;25.008852005004883;25.058555603027344;9.7465181350708;0.2603081713616267;0.9977103470029306;0.800000011920929;0.800000011920929;0.800000011920929
lidar;0.0;25.0;25.01011848449707;25.072288513183594;9.71024227142334;0.29881078004837036;25.012466430664062;25.08905601501465;9.643035888671875;0.36811668873838876;0.998735785501977;0.800000011920929;0.800000011920929;0.800000011920929
lidar;0.0;25.0;25.01006507873535;25.077281951904297;9.71175479888916;0.2985951602458954;25.011600494384766;25.08906364440918;9.667814254760742;0.34411325106761353;0.9994568824446904;0.800000011920929;0.800000011920929;0.800000011920929
lidar;0.0;25.0;25.010013580322266;25.0822696685791;9.713266372680664;0.29847076535224915;25.011564254760742;25.09501075744629;9.668855667114258;0.3446988944154188;0.999873578545956;0.800000011920929;0.800000011920929;0.800000011920929
lidar;0.0;25.0;25.009960174560547;25.087255477905273;9.714776992797852;0.298437237739563;25.007911682128906;25.069303512573242;9.773456573486328;0.2370388245519337;0.9999856948859072;0.800000011920929;0.800000011920929;0.800000011920929
lidar;0.0;25.0;25.009906768798828;25.092239379882812;9.716287612915039;0.29849475622177124;25.00713539123535;25.06643295288086;9.795662879943848;0.21498349200478067;0.9997932314683242;0.800000011920929;0.800000011920929;0.800000011920929
lidar;0.0;25.0;25.009855270385742;25.09722900390625;9.717799186706543;0.2986432611942291;25.011503219604492;25.113494873046875;9.670587539672852;0.34860642264550024;0.9992961884079233;0.800000011920929;0.800000011920929;0.800000011920929
lidar;0.0;25.0;25.009801864624023;25.102224349975586;9.71931266784668;0.29888296127319336;25.009685516357422;25.10100746154785;9.722654342651367;0.29532518743144864;0.9984948039480407;0.800000011920929;0.800000011920929;0.800000011920929
lidar;0.0;25.0;25.009748458862305;25.107229232788086;9.720829963684082;0.299214243888855;25.0080623626709;25.08867835998535;9.769126892089844;0.24744882841175064;0.9973892571297972;0.800000011920929;0.800000011920929;0.800000011920929
lidar;0.0;25.0;25.009695053100586;25.112245559692383;9.722350120544434;0.29963767528533936;25.0074520111084;25.086278915405273;9.786581993103027;0.2303193024640059;0.9959797860435742;0.800000011920929;0.800000011920929;0.800000011920929
lidar;0.0;25.0;25.009620666503906;25.117006301879883;9.724519729614258;0.2994537353515625;25.01020050048828;25.124073028564453;9.707881927490234;0.3175385479836541;0.9959264400350967;0.800000011920929;0.800000011920929;0.800000011920929
lidar;0.0;25.0;25.00953483581543;25.121627807617188;9.726984977722168;0.2990340292453766;25.00845718383789;25.107877731323242;9.757851600646973;0.26522628849714436;0.9973246455545115;0.800000011920929;0.800000011920929;0.800000011920929
lidar;0.0;25.0;25.00944709777832;25.126239776611328;9.729445457458496;0.2987063229084015;25.008007049560547;25.106992721557617;9.7706937789917;0.25316569606554007;0.9984191060991381;0.800000011920929;0.800000011920929;0.800000011920929
lidar;0.0;25.0;25.009363174438477;25.130840301513672;9.731900215148926;0.2984701693058014;25.008129119873047;25.113609313964844;9.76720905303955;0.2591613254092097;0.9992094636658608;0.800000011920929;0.800000011920929;0.800000011920929
lidar;0.0;25.0;25.00927734375;25.13543701171875;9.734352111816406;0.29832515120506287;25.010927200317383;25.159542083740234;9.68707275390625;0.35142071173637246;0.9996954202727393;0.800000011920929;0.800000011920929;0.800000011920929
lidar;0.0;25.0;25.009191513061523;25.140029907226562;9.73680305480957;0.2982710301876068;25.01068687438965;25.162824630737305;9.693958282470703;0.3468248414224449;0.999876856798551;0.800000011920929;0.800000011920929;0.800000011920929
lidar;0.0;25.0;25.009105682373047;25.144622802734375;9.739253044128418;0.298307865858078;25.008384704589844;25.133169174194336;9.759902954101562;0.2746838042545643;0.9997537136194772;0.800000011920929;0.800000011920929;0.800000011920929
lidar;0.0;25.0;25.00901985168457;25.14921760559082;9.741704940795898;0.29843559861183167;25.006807327270508;25.11262321472168;9.805049896240234;0.22524653990195267;0.9993260502535521;0.800000011920929;0.800000011920929;0.800000011920929
lidar;0.0;25.0;25.008934020996094;25.153818130493164;9.744158744812012;0.2986544668674469;25.008440017700195;25.145305633544922;9.758316993713379;0.28212736821240664;0.9985940455628937;0.800000011920929;0.800000011920929;0.800000011920929
lidar;0.0;25.0;25.008848190307617;25.15842628479004;9.746618270874023;0.2989647090435028;25.006389617919922;25.114418029785156;9.817004203796387;0.21591659293619617;0.9975578189628049;0.800000011920929;0.800000011920929;0.800000011920929
lidar;0.0;25.0;25.00876235961914;25.163047790527344;9.749082565307617;0.2993669807910919;25.007673263549805;25.142780303955078;9.780271530151367;0.26215591844031444;0.9962176083088738;0.800000011920929;0.800000011920929;0.800000011920929
lidar;0.0;25.0;25.008663177490234;25.167449951171875;9.751896858215332;0.29944831132888794;25.009626388549805;25.18604278564453;9.724349021911621;0.33269818504772086;0.9950797559804574;0.800000011920929;0.800000011920929;0.800000011920929
lidar;0.0;25.0;25.008548736572266;25.171504974365234;9.755215644836426;0.2990085482597351;25.0094051361084;25.1887149810791;9.730649948120117;0.32901555004433164;0.9965431691178958;0.800000011920929;0.800000011920929;0.800000011920929
lidar;0.0;25.0;25.008432388305664;25.175548553466797;9.758525848388672;0.29866084456443787;25.009544372558594;25.198688507080078;9.72669506072998;0.33802970534407406;0.9977031351177339;0.800000011920929;0.800000011920929;0.800000011920929
lidar;0.0;25.0;25.008317947387695;25.179584503173828;9.761828422546387;0.2984047532081604;25.009414672851562;25.20328140258789;9.730400085449219;0.3377817031331317;0.9985591172366015;0.800000011920929;0.800000011920929;0.800000011920929
lidar;0.0;25.0;25.008201599121094;25.18361473083496;9.765127182006836;0.2982398569583893;25.010303497314453;25.23065757751465;9.704952239990234;0.3746496838320754;0.9991109371313411;0.800000011920929;0.800000011920929;0.800000011920929
lidar;0.0;25.0;25.008087158203125;25.187641143798828;9.768423080444336;0.2981659173965454;25.007081985473633;25.16431427001953;9.797211647033691;0.2610983183396839;0.9993584156561213;0.800000011920929;0.800000011920929;0.800000011920929
lidar;0.0;25.0;25.007972717285156;25.191667556762695;9.77171802520752;0.2981829047203064;25.00830841064453;25.199756622314453;9.762085914611816;0.31076457964024934;0.9993014931845924;0.800000011920929;0.800000011920929;0.800000011920929
lidar;0.0;25.0;25.007856369018555;25.195695877075195;9.77501392364502;0.2982906699180603;25.007110595703125;25.177095413208008;9.79640007019043;0.26993738845732596;0.9989401101910791;0.800000011920929;0.800000011920929;0.800000011920929
lidar;0.0;25.0;25.007741928100586;25.19972801208496;9.778314590454102;0.2984895408153534;25.007221221923828;25.186302185058594;9.793216705322266;0.27842449617210113;0.9982745050965519;0.800000011920929;0.800000011920929;0.800000011920929
lidar;0.0;25.0;25.007625579833984;25.203767776489258;9.781620025634766;0.29877969622612;25.00954818725586;25.25513458251953;9.726569175720215;0.37409711712364596;0.997304737718579;0.800000011920929;0.800000011920929;0.800000011920929
lidar;0.0;25.0;25.007511138916016;25.207815170288086;9.784932136535645;0.2991616129875183;25.005882263183594;25.162771224975586;9.831548690795898;0.2343179590592716;0.9960312846046772;0.800000011920929;0.800000011920929;0.800000011920929
lidar;0.0;25.0;25.00739097595215;25.211790084838867;9.788338661193848;0.29951658844947815;25.0091552734375;25.26235008239746;9.737810134887695;0.3710182501466677;0.9939138892494961;0.800000011920929;0.800000011920929;0.800000011920929
lidar;0.0;25.0;25.003698348999023;24.788053512573242;9.7880859375;0.29973742365837097;25.003705978393555;24.787696838378906;9.787729263305664;0.30024148323367467;0.9931816461002695;0.800000011920929;0.800000011920929;0.800000011920929
lidar;0.0;25.0;25.00375747680664;24.79207420349121;9.784719467163086;0.29932066798210144;25.003036499023438;24.832000732421875;9.826057434082031;0.24184482527134216;0.9955022331783427;0.800000011920929;0.800000011920929;0.800000011920929
lidar;0.0;25.0;25.003816604614258;24.796123504638672;9.781401634216309;0.2989409863948822;25.003795623779297;24.797161102294922;9.782515525817871;0.2974185106302115;0.9967668053720394;0.800000011920929;0.800000011920929;0.800000011920929
lidar;0.0;25.0;25.003873825073242;24.800161361694336;9.778091430664062;0.2986530363559723;25.004085540771484;24.789182662963867;9.765899658203125;0.3150605595883209;0.9977279303777487;0.800000011920929;0.800000011920929;0.800000011920929
lidar;0.0;25.0;25.003931045532227;24.804195404052734;9.774785995483398;0.2984565198421478;25.004369735717773;24.782394409179688;9.749711036682129;0.3316860677493986;0.9983850717646079;0.800000011920929;0.800000011920929;0.800000011920929
lidar;0.0;25.0;25.00398826599121;24.808223724365234;9.771484375;0.29835110902786255;25.00313377380371;24.849302291870117;9.820433616638184;0.2344427424522618;0.9987379908534413;0.800000011920929;0.800000011920929;0.800000011920929
lidar;0.0;25.0;25.004045486450195;24.8122501373291;9.768184661865234;0.29833659529685974;25.004135131835938;24.8081111907959;9.763073921203613;0.304913679080671;0.9987868070767315;0.800000011920929;0.800000011920929;0.800000011920929
lidar;0.0;25.0;25.004104614257812;24.8162784576416;9.764883041381836;0.2984130084514618;25.00405502319336;24.818429946899414;9.7676362991333;0.29491866930754285;0.9985312819560879;0.800000011920929;0.800000011920929;0.800000011920929
lidar;0.0;25.0;25.004161834716797;24.820310592651367;9.761579513549805;0.2985803782939911;25.003477096557617;24.849885940551758;9.800822257995605;0.24943516677446204;0.9979717134887064;0.800000011920929;0.800000011920929;0.800000011920929
lidar;0.0;25.0;25.00421905517578;24.8243465423584;9.758271217346191;0.2988390624523163;25.00401496887207;24.832868576049805;9.769999504089355;0.284339972239542;0.9971081016993021;0.800000011920929;0.800000011920929;0.800000011920929
lidar;0.0;25.0;25.004276275634766;24.828392028808594;9.754955291748047;0.29918938875198364;25.00480079650879;24.8073673248291;9.724934577941895;0.3358440291994877;0.9959406855057307;0.800000011920929;0.800000011920929;0.800000011920929
lidar;0.0;25.0;25.004335403442383;24.832448959350586;9.751631736755371;0.29963189363479614;25.003252029418945;24.874351501464844;9.81374740600586;0.22469519358699153;0.9944700001592297;0.800000011920929;0.800000011920929;0.800000011920929
lidar;0.0;25.0;25.004383087158203;24.836896896362305;9.748882293701172;0.2994694709777832;25.005210876464844;24.80609130859375;9.701454162597656;0.3560296637679158;0.9958765507298885;0.800000011920929;0.800000011920929;0.800000011920929
lidar;0.0;25.0;25.004426956176758;24.84151840209961;9.746414184570312;0.29906806349754333;25.005582809448242;24.80013084411621;9.680191040039062;0.37716882842724414;0.9972129463067638;0.800000011920929;0.800000011920929;0.800000011920929
lidar;0.0;25.0;25.00446891784668;24.846128463745117;9.743952751159668;0.2987586259841919;25.00482749938965;24.833824157714844;9.723480224609375;0.32264601818373645;0.9982454180968805;0.800000011920929;0.800000011920929;0.800000011920929
lidar;0.0;25.0;25.004512786865234;24.85072898864746;9.741495132446289;0.29854074120521545;25.004627227783203;24.846923828125;9.734905242919922;0.3061517117941803;0.9989738463688566;0.800000011920929;0.800000011920929;0.800000011920929
lidar;0.0;25.0;25.004554748535156;24.85532569885254;9.739041328430176;0.2984139621257782;25.004377365112305;24.860977172851562;9.749234199523926;0.28675760518926885;0.9993980526700572;0.800000011920929;0.800000011920929;0.800000011920929
lidar;0.0;25.0;25.00459861755371;24.859920501708984;9.736587524414062;0.2983781397342682;25.005451202392578;24.833946228027344;9.687744140625;0.35370565637528534;0.9995177388417793;0.800000011920929;0.800000011920929;0.800000011920929
lidar;0.0;25.0;25.004640579223633;24.864513397216797;9.734134674072266;0.29843321442604065;25.002592086791992;24.924335479736328;9.851522445678711;0.16666555545899361;0.9993330239655805;0.800000011920929;0.800000011920929;0.800000011920929
lidar;0.0;25.0;25.004684448242188;24.869112014770508;9.731679916381836;0.29857927560806274;25.004396438598633;24.877145767211914;9.748148918151855;0.28025282052966166;0.998843908285757;0.800000011920929;0.800000011920929;0.800000011920929
lidar;0.0;25.0;25.00472640991211;24.873714447021484;9.72922134399414;0.2988165616989136;25.004947662353516;24.867799758911133;9.71653938293457;0.3128113436791766;0.9980505703950785;0.800000011920929;0.800000011920929;0.800000011920929
lidar;0.0;25.0;25.004770278930664;24.878326416015625;9.72675895690918;0.2991454601287842;25.0051212310791;24.869333267211914;9.706562995910645;0.32125540781184375;0.99695307044468;0.800000011920929;0.800000011920929;0.800000011920929
lidar;0.0;25.0;25.004812240600586;24.882949829101562;9.724289894104004;0.2995662987232208;25.00478744506836;24.88355827331543;9.725723266601562;0.29800915418215296;0.99555206279744;0.800000011920929;0.800000011920929;0.800000011920929
lidar;0.0;25.0;25.00484848022461;24.887746810913086;9.722207069396973;0.29965490102767944;25.004634857177734;24.89272117614746;9.734516143798828;0.2863774890191045;0.9959226843998158;0.800000011920929;0.800000011920929;0.800000011920929
lidar;0.0;25.0;25.00487518310547;24.892765045166016;9.720685958862305;0.29923152923583984;25.005687713623047;24.874910354614258;9.674181938171387;0.34905138829521765;0.9973317385294991;0.800000011920929;0.800000011920929;0.800000011920929
lidar;0.0;25.0;25.004901885986328;24.897769927978516;9.719168663024902;0.298900306224823;25.00366973876953;24.92346954345703;9.789764404296875;0.2237618961216087;0.9984369278528317;0.800000011920929;0.800000011920929;0.800000011920929
lidar;0.0;25.0;25.004928588867188;24.90276527404785;9.717653274536133;0.29866066575050354;25.005388259887695;24.893695831298828;9.69131851196289;0.32651735513810853;0.9992380142040176;0.800000011920929;0.800000011920929;0.800000011920929
lidar;0.0;25.0;25.004955291748047;24.90775489807129;9.716141700744629;0.29851222038269043;25.005048751831055;24.905990600585938;9.710713386535645;0.30422017391588096;0.9997346401074688;0.800000011920929;0.800000011920929;0.800000011920929
lidar;0.0;25.0;25.004980087280273;24.91274070739746;9.714630126953125;0.2984548807144165;25.005800247192383;24.898401260375977;9.66773796081543;0.34749689106325465;0.9999268054945926;0.800000011920929;0.800000011920929;0.800000011920929
lidar;0.0;25.0;25.005008697509766;24.917726516723633;9.713118553161621;0.29848840832710266;25.0042667388916;24.929916381835938;9.755622863769531;0.2542639403614879;0.9998143911352022;0.800000011920929;0.800000011920929;0.800000011920929
lidar;0.0;25.0;25.005033493041992;24.922712326049805;9.7116060256958;0.29861295223236084;25.004972457885742;24.923648834228516;9.715095520019531;0.29499991026936784;0.9993973969983787;0.800000011920929;0.800000011920929;0.800000011920929
lidar;0.0;25.0;25.00506019592285;24.927705764770508;9.710091590881348;0.29882869124412537;25.005882263183594;24.915958404541016;9.662978172302246;0.3473924612191461;0.9986760020791711;0.800000011920929;0.800000011920929;0.800000011920929
lidar;0.0;25.0;25.00508689880371;24.932708740234375;9.708575248718262;0.29913589358329773;25.004854202270508;24.935779571533203;9.721870422363281;0.28548885344156993;0.9976503250451642;0.800000011920929;0.800000011920929;0.800000011920929
lidar;0.0;25.0;25.00511360168457;24.93772315979004;9.70705509185791;0.29953500628471375;25.006122589111328;24.925432205200195;9.649238586425781;0.3586522322435969;0.9963209031348651;0.800000011920929;0.800000011920929;0.800000011920929
lidar;0.0;25.0;25.005136489868164;24.942781448364258;9.70568561553955;0.2998686134815216;25.004287719726562;24.952253341674805;9.754400253295898;0.2502348874731687;0.9955731627026028;0.800000011920929;0.800000011920929;0.800000011920929
lidar;0.0;25.0;25.005146026611328;24.94800567626953;9.705171585083008;0.29942259192466736;25.006023406982422;24.939151763916016;9.654961585998535;0.35041461573138755;0.997056305133834;0.800000011920929;0.800000011920929;0.800000011920929
lidar;0.0;25.0;25.005155563354492;24.953214645385742;9.704658508300781;0.2990688383579254;25.00567626953125;24.948482513427734;9.674783706665039;0.3293207564111538;0.9982357620892478;0.800000011920929;0.800000011920929;0.800000011920929
lidar;0.0;25.0;25.005163192749023;24.95841407775879;9.704146385192871;0.2988068163394928;25.003660202026367;24.97052574157715;9.790310859680176;0.2117823844908025;0.9991111755210341;0.800000011920929;0.800000011920929;0.800000011920929
lidar;0.0;25.0;25.005172729492188;24.963605880737305;9.703635215759277;0.29863622784614563;25.00444793701172;24.96870231628418;9.745146751403809;0.2568058495364483;0.9996822476290901;0.800000011920929;0.800000011920929;0.800000011920929
lidar;0.0;25.0;25.00518226623535;24.968791961669922;9.703124046325684;0.2985566556453705;25.00444793701172;24.973215103149414;9.745201110839844;0.25624097532990453;0.9999487996104504;0.800000011920929;0.800000011920929;0.800000011920929
lidar;0.0;25.0;25.005189895629883;24.97397804260254;9.702613830566406;0.2985677421092987;25.00478172302246;24.976028442382812;9.726038932800293;0.27504968152739334;0.9999116659158388;0.800000011920929;0.800000011920929;0.800000011920929
lidar;0.0;25.0;25.005199432373047;24.97916603088379;9.702122688293457;0.29865044355392456;25.003684997558594;24.98523712158203;9.788928031921387;0.21161992007254044;0.9996351003596832;0.800000011920929;0.800000011920929;0.800000011920929
lidar;0.0;25.0;25.005207061767578;24.98436164855957;9.701630592346191;0.2988242208957672;25.00625228881836;24.98122215270996;9.641751289367676;0.3587950744779906;0.9990538954435041;0.800000011920929;0.800000011920929;0.800000011920929
lidar;0.0;25.0;25.005216598510742;24.98956298828125;9.701154708862305;0.2990734279155731;25.005094528198242;24.989803314208984;9.708065032958984;0.29215708181684835;0.9982216358527081;0.800000011920929;0.800000011920929;0.800000011920929
lidar;0.0;25.0;25.005224227905273;24.994775772094727;9.700727462768555;0.2993636429309845;25.00469207763672;24.99530792236328;9.73117733001709;0.2689049646427328;0.9972541930255857;0.800000011920929;0.800000011920929;0.800000011920929
lidar;0.0;25.0;25.00522804260254;25.0;9.700514793395996;0.29953089356422424;25.00563621520996;25.0;9.677116394042969;0.32293318118608194;0.9966973066730691;0.800000011920929;0.800000011920929;0.800000011920929
lidar;0.0;25.0;25.005224227905273;25.005224227905273;9.700727462768555;0.2993636131286621;25.0041446685791;25.004146575927734;9.762505531311035;0.23756649971029792;0.9972541930255857;0.800000011920929;0.800000011920929;0.800000011920929
lidar;0.0;25.0;25.005216598510742;25.01043701171875;9.701154708862305;0.2990734279155731;25.006145477294922;25.012298583984375;9.647869110107422;0.35239873209681555;0.9982216358527081;0.800000011920929;0.800000011920929;0.800000011920929
lidar;0.0;25.0;25.005207061767578;25.01563835144043;9.701630592346191;0.2988242506980896;25.005064010620117;25.015209197998047;9.7098388671875;0.2906034823051028;0.9990538954435041;0.800000011920929;0.800000011920929;0.800000011920929
lidar;0.0;25.0;25.005199432373047;25.02083396911621;9.702122688293457;0.29865044355392456;25.006195068359375;25.02482032775879;9.64510440826416;0.35581681419577194;0.9996351003596832;0.800000011920929;0.800000011920929;0.800000011920929
lidar;0.0;25.0;25.005189895629883;25.02602195739746;9.702613830566406;0.2985677421092987;25.005407333374023;25.0271053314209;9.690241813659668;0.31098906757143624;0.9999116659158388;0.800000011920929;0.800000011920929;0.800000011920929
lidar;0.0;25.0;25.00518226623535;25.031208038330078;9.703124046325684;0.2985566258430481;25.005199432373047;25.031309127807617;9.702154159545898;0.2995316976585077;0.9999487996104504;0.800000011920929;0.800000011920929;0.800000011920929
lidar;0.0;25.0;25.005172729492188;25.036394119262695;9.703635215759277;0.29863622784614563;25.006288528442383;25.044240951538086;9.639742851257324;0.36301785503973516;0.9996822476290901;0.800000011920929;0.800000011920929;0.800000011920929
lidar;0.0;25.0;25.005163192749023;25.04158592224121;9.704146385192871;0.2988068163394928;25.003217697143555;25.025907516479492;9.815685272216797;0.1861540445764291;0.9991111755210341;0.800000011920929;0.800000011920929;0.800000011920929
lidar;0.0;25.0;25.005155563354492;25.046785354614258;9.704658508300781;0.2990688681602478;25.005910873413086;25.053647994995117;9.661334037780762;0.34294000442969425;0.9982357620892478;0.800000011920929;0.800000011920929;0.800000011920929
lidar;0.0;25.0;25.005146026611328;25.05199432373047;9.705171585083008;0.29942256212234497;25.005958557128906;25.060211181640625;9.658580780029297;0.3467391514994794;0.997056305133834;0.800000011920929;0.800000011920929;0.800000011920929
lidar;0.0;25.0;25.005136489868164;25.057218551635742;9.70568561553955;0.2998686134815216;25.004350662231445;25.048463821411133;9.750710487365723;0.25399386291135223;0.9955731627026028;0.800000011920929;0.800000011920929;0.800000011920929
lidar;0.0;25.0;25.00511360168457;25.06227684020996;9.70705509185791;0.29953503608703613;25.005298614501953;25.06453514099121;9.696434020996094;0.3103950634522551;0.9963209031348651;0.800000011920929;0.800000011920929;0.800000011920929
lidar;0.0;25.0;25.00508689880371;25.067291259765625;9.708575248718262;0.2991359233856201;25.00618553161621;25.081817626953125;9.645661354064941;0.36371425436544486;0.9976503250451642;0.800000011920929;0.800000011920929;0.800000011920929
lidar;0.0;25.0;25.00506019592285;25.072294235229492;9.710091590881348;0.29882872104644775;25.006216049194336;25.08880043029785;9.64389705657959;0.36706041929724886;0.9986760020791711;0.800000011920929;0.800000011920929;0.800000011920929
lidar;0.0;25.0;25.005033493041992;25.077287673950195;9.7116060256958;0.2986130118370056;25.00383758544922;25.058914184570312;9.780163764953613;0.2276255299667476;0.9993973969983787;0.800000011920929;0.800000011920929;0.800000011920929
lidar;0.0;25.0;25.005008697509766;25.082273483276367;9.713118553161621;0.29848846793174744;25.00593376159668;25.09747314453125;9.660123825073242;0.35362689926618435;0.9998143911352022;0.800000011920929;0.800000011920929;0.800000011920929
lidar;0.0;25.0;25.004980087280273;25.08725929260254;9.714629173278809;0.2984549105167389;25.00480079650879;25.084087371826172;9.72500228881836;0.2876064300347164;0.9999268054945926;0.800000011920929;0.800000011920929;0.800000011920929
lidar;0.0;25.0;25.004955291748047;25.09224510192871;9.716140747070312;0.2985122799873352;25.00364112854004;25.06779670715332;9.791372299194336;0.2193975440178243;0.9997346401074688;0.800000011920929;0.800000011920929;0.800000011920929
lidar;0.0;25.0;25.004928588867188;25.09723472595215;9.717653274536133;0.2986606955528259;25.005390167236328;25.106353759765625;9.691170692443848;0.32667438107424535;0.9992380142040176;0.800000011920929;0.800000011920929;0.800000011920929
lidar;0.0;25.0;25.004901885986328;25.102230072021484;9.719168663024902;0.2989002764225006;25.004589080810547;25.0957088470459;9.737080574035645;0.27983527032724465;0.9984369278528317;0.800000011920929;0.800000011920929;0.800000011920929
lidar;0.0;25.0;25.00487518310547;25.107234954833984;9.720685958862305;0.29923155903816223;25.006153106689453;25.135356903076172;9.647435188293457;0.3777054819663034;0.9973317385294991;0.800000011920929;0.800000011920929;0.800000011920929
lidar;0.0;25.0;25.00484848022461;25.112253189086914;9.722207069396973;0.29965487122535706;25.003910064697266;25.090499877929688;9.776041030883789;0.24158407273376808;0.9959227442185964;0.800000011920929;0.800000011920929;0.800000011920929
lidar;0.0;25.0;25.004812240600586;25.117050170898438;9.724289894104004;0.2995663583278656;25.00586700439453;25.14267349243164;9.663931846618652;0.36514638827448204;0.9955521224622751;0.800000011920929;0.800000011920929;0.800000011920929
lidar;0.0;25.0;25.004770278930664;25.121673583984375;9.72675895690918;0.29914551973342896;25.00491714477539;25.12543487548828;9.71831226348877;0.3083928372202473;0.99695307044468;0.800000011920929;0.800000011920929;0.800000011920929
lidar;0.0;25.0;25.00472640991211;25.126285552978516;9.72922134399414;0.29881662130355835;25.00577163696289;25.15420913696289;9.669349670410156;0.3648874075864583;0.9980505703950785;0.800000011920929;0.800000011920929;0.800000011920929
lidar;0.0;25.0;25.004684448242188;25.130887985229492;9.731679916381836;0.2985793650150299;25.004499435424805;25.12571907043457;9.742278099060059;0.28678595718364575;0.998843908285757;0.800000011920929;0.800000011920929;0.800000011920929
lidar;0.0;25.0;25.004640579223633;25.135486602783203;9.734134674072266;0.2984332740306854;25.003599166870117;25.105083465576172;9.793792724609375;0.23146672969590165;0.9993330836845916;0.800000011920929;0.800000011920929;0.800000011920929
lidar;0.0;25.0;25.00459861755371;25.140079498291016;9.736587524414062;0.2983781695365906;25.004596710205078;25.14006805419922;9.736610412597656;0.298352259100212;0.99951779841591;0.800000011920929;0.800000011920929;0.800000011920929
lidar;0.0;25.0;25.004554748535156;25.14467430114746;9.739041328430176;0.298414021730423;25.00402069091797;25.127700805664062;9.769657135009766;0.26340396670175487;0.9993980526700572;0.800000011920929;0.800000011920929;0.800000011920929
lidar;0.0;25.0;25.004512786865234;25.14927101135254;9.741495132446289;0.29854077100753784;25.003944396972656;25.130462646484375;9.774065971374512;0.2609256091822214;0.9989738463688566;0.800000011920929;0.800000011920929;0.800000011920929
lidar;0.0;25.0;25.00446891784668;25.153871536254883;9.743952751159668;0.29875868558883667;25.00520896911621;25.17931365966797;9.701616287231445;0.34815697370159704;0.9982454180968805;0.800000011920929;0.800000011920929;0.800000011920929
lidar;0.0;25.0;25.004426956176758;25.15848159790039;9.746414184570312;0.2990680932998657;25.005403518676758;25.193450927734375;9.690460205078125;0.3650583443701745;0.9972129463067638;0.800000011920929;0.800000011920929;0.800000011920929
lidar;0.0;25.0;25.004383087158203;25.163103103637695;9.748882293701172;0.299469530582428;25.005760192871094;25.21432876586914;9.670014381408691;0.39352242967420675;0.9958765507298885;0.800000011920929;0.800000011920929;0.800000011920929
lidar;0.0;25.0;25.004335403442383;25.167551040649414;9.751631736755371;0.29963189363479614;25.004064559936523;25.157062530517578;9.767181396484375;0.2808721524585412;0.9944700001592297;0.800000011920929;0.800000011920929;0.800000011920929
lidar;0.0;25.0;25.004276275634766;25.171607971191406;9.754955291748047;0.29918938875198364;25.003440856933594;25.138036727905273;9.80289363861084;0.24065928760305105;0.9959406855057307;0.800000011920929;0.800000011920929;0.800000011920929
lidar;0.0;25.0;25.00421905517578;25.1756534576416;9.758271217346191;0.2988390028476715;25.003890991210938;25.161998748779297;9.77706241607666;0.27560839302613266;0.9971081016993021;0.800000011920929;0.800000011920929;0.800000011920929
lidar;0.0;25.0;25.004161834716797;25.179689407348633;9.761579513549805;0.2985803782939911;25.003597259521484;25.155330657958984;9.793901443481445;0.25810265562381324;0.9979717134887064;0.800000011920929;0.800000011920929;0.800000011920929
lidar;0.0;25.0;25.004104614257812;25.1837215423584;9.764883041381836;0.2984130084514618;25.005084991455078;25.227657318115234;9.708657264709473;0.3697759240338622;0.9985312819560879;0.800000011920929;0.800000011920929;0.800000011920929
lidar;0.0;25.0;25.004045486450195;25.1877498626709;9.768184661865234;0.29833659529685974;25.003477096557617;25.16134262084961;9.800789833068848;0.2563745475687513;0.9987868070767315;0.800000011920929;0.800000011920929;0.800000011920929
lidar;0.0;25.0;25.00398826599121;25.191776275634766;9.771484375;0.29835107922554016;25.004344940185547;25.20892333984375;9.751053810119629;0.3250257810346575;0.9987379908534413;0.800000011920929;0.800000011920929;0.800000011920929
lidar;0.0;25.0;25.003931045532227;25.195804595947266;9.774785995483398;0.29845649003982544;25.00278091430664;25.13850975036621;9.84068775177002;0.21112259941971637;0.9983850120845217;0.800000011920929;0.800000011920929;0.800000011920929
lidar;0.0;25.0;25.003873825073242;25.199838638305664;9.778091430664062;0.2986530363559723;25.004058837890625;25.20942497253418;9.76744556427002;0.31298013011199044;0.9977279303777487;0.800000011920929;0.800000011920929;0.800000011920929
lidar;0.0;25.0;25.003816604614258;25.203876495361328;9.781401634216309;0.2989409267902374;25.003599166870117;25.192338943481445;9.793774604797363;0.2820211259185206;0.9967668053720394;0.800000011920929;0.800000011920929;0.800000011920929
lidar;0.0;25.0;25.00375747680664;25.20792579650879;9.784719467163086;0.29932069778442383;25.004390716552734;25.24294090270996;9.748465538024902;0.34972775664793376;0.9955022331783427;0.800000011920929;0.800000011920929;0.800000011920929
lidar;0.0;25.0;25.003698348999023;25.211946487426758;9.7880859375;0.29973742365837097;25.004148483276367;25.23765754699707;9.76237964630127;0.3360971719183558;0.9931817051626982;0.800000011920929;0.800000011920929;0.800000011920929
lidar;0.0;25.0;25.0;24.78786849975586;9.78786849975586;0.29999983310699463;25.0;24.786407470703125;9.786407470703125;0.3020662988873415;0.9923129085801324;0.800000011920929;0.800000011920929;0.800000011920929
lidar;0.0;25.0;25.0;24.791929244995117;9.78453540802002;0.29953083395957947;25.0;24.76937484741211;9.761180877685547;0.3319971665806002;0.9948038461646302;0.800000011920929;0.800000011920929;0.800000011920929
lidar;0.0;25.0;25.0;24.795976638793945;9.78121280670166;0.29915404319763184;25.0;24.80500602722168;9.790895462036133;0.2859146534908532;0.9960567952892743;0.800000011920929;0.800000011920929;0.800000011920929
lidar;0.0;25.0;25.0;24.800018310546875;9.777896881103516;0.29886919260025024;25.0;24.742971420288086;9.714540481567383;0.3841237139308664;0.9970064164621479;0.800000011920929;0.800000011920929;0.800000011920929
lidar;0.0;25.0;25.0;24.80405044555664;9.77458667755127;0.2986757159233093;25.0;24.838668823242188;9.814410209655762;0.245908731428964;0.9976522924208442;0.800000011920929;0.800000011920929;0.800000011920929
lidar;0.0;25.0;25.0;24.808080673217773;9.771279335021973;0.29857349395751953;25.0;24.83359718322754;9.801688194274902;0.2588775898979769;0.9979943036245876;0.800000011920929;0.800000011920929;0.800000011920929
lidar;0.0;25.0;25.0;24.812108993530273;9.767973899841309;0.29856210947036743;25.0;24.871068954467773;9.840784072875977;0.20487253464865357;0.9980323316059432;0.800000011920929;0.800000011920929;0.800000011920929
lidar;0.0;25.0;25.0;24.816137313842773;9.764667510986328;0.29864177107810974;25.0;24.819120407104492;9.768484115600586;0.29379764563828353;0.9977663160729817;0.800000011920929;0.800000011920929;0.800000011920929
lidar;0.0;25.0;25.0;24.82016944885254;9.761357307434082;0.2988125681877136;25.0;24.858551025390625;9.81229019165039;0.23503801997985158;0.9971963165936379;0.800000011920929;0.800000011920929;0.800000011920929
lidar;0.0;25.0;25.0;24.824209213256836;9.75804328918457;0.299074649810791;25.0;24.7699031829834;9.68329906463623;0.3914642862828661;0.9963226914181939;0.800000011920929;0.800000011920929;0.800000011920929
lidar;0.0;25.0;25.0;24.82825469970703;9.754722595214844;0.29942840337753296;25.0;24.78800392150879;9.69723892211914;0.3696032696855009;0.9951454400003393;0.800000011920929;0.800000011920929;0.800000011920929
lidar;0.0;25.0;25.0;24.832311630249023;9.751392364501953;0.29987460374832153;25.0;24.869613647460938;9.806695938110352;0.23316728169516676;0.993665099105453;0.800000011920929;0.800000011920929;0.800000011920929
lidar;0.0;25.0;25.0;24.836803436279297;9.748701095581055;0.29963988065719604;25.0;24.822105407714844;9.726067543029785;0.32662736231199835;0.9953102468409298;0.800000011920929;0.800000011920929;0.800000011920929
lidar;0.0;25.0;25.0;24.841426849365234;9.746230125427246;0.2992399334907532;25.0;24.804149627685547;9.686572074890137;0.36958737877780823;0.9966402652468809;0.800000011920929;0.800000011920929;0.800000011920929
lidar;0.0;25.0;25.0;24.846038818359375;9.743764877319336;0.2989319860935211;25.0;24.831592559814453;9.719722747802734;0.32698018164887743;0.9976666570528429;0.800000011920929;0.800000011920929;0.800000011920929
lidar;0.0;25.0;25.0;24.85064125061035;9.741304397583008;0.29871559143066406;25.0;24.832544326782227;9.709959983825684;0.33490949919996693;0.9983890652839797;0.800000011920929;0.800000011920929;0.800000011920929
lidar;0.0;25.0;25.0;24.855239868164062;9.738846778869629;0.29859042167663574;25.0;24.838542938232422;9.708724975585938;0.33303069260656;0.998807430338684;0.800000011920929;0.800000011920929;0.800000011920929
lidar;0.0;25.0;25.0;24.85983657836914;9.736390113830566;0.29855626821517944;25.0;24.854957580566406;9.727212905883789;0.3089502150125225;0.9989215731008487;0.800000011920929;0.800000011920929;0.800000011920929
lidar;0.0;25.0;25.0;24.86443328857422;9.733933448791504;0.298613041639328;25.0;24.847414016723633;9.700533866882324;0.3360989949979921;0.9987313746546346;0.800000011920929;0.800000011920929;0.800000011920929
lidar;0.0;25.0;25.0;24.86903190612793;9.731475830078125;0.29876089096069336;25.0;24.864959716796875;9.723127365112305;0.30804882317656707;0.9982370137928649;0.800000011920929;0.800000011920929;0.800000011920929
lidar;0.0;25.0;25.0;24.87363624572754;9.72901439666748;0.29899996519088745;25.0;24.84922981262207;9.676671981811523;0.3567535250586375;0.9974385500158426;0.800000011920929;0.800000011920929;0.800000011920929
lidar;0.0;25.0;25.0;24.878252029418945;9.726548194885254;0.2993307113647461;25.0;24.895090103149414;9.764366149902344;0.2579328506722456;0.9963362219309113;0.800000011920929;0.800000011920929;0.800000011920929
lidar;0.0;25.0;25.0;24.882877349853516;9.724075317382812;0.2997535467147827;25.0;24.885986328125;9.731402397155762;0.291793521427656;0.9949305060955091;0.800000011920929;0.800000011920929;0.800000011920929
lidar;0.0;25.0;25.0;24.887710571289062;9.722073554992676;0.29975348711013794;25.0;24.91640281677246;9.79308795928955;0.22316221242023027;0.9955953358551095;0.800000011920929;0.800000011920929;0.800000011920929
lidar;0.0;25.0;25.0;24.892728805541992;9.720550537109375;0.29933056235313416;25.0;24.884170532226562;9.698256492614746;0.32321125581357124;0.9970021249314476;0.800000011920929;0.800000011920929;0.800000011920929
lidar;0.0;25.0;25.0;24.897735595703125;9.719032287597656;0.29899969696998596;25.0;24.9194393157959;9.778661727905273;0.23554341329526995;0.9981051087226795;0.800000011920929;0.800000011920929;0.800000011920929
lidar;0.0;25.0;25.0;24.902732849121094;9.71751594543457;0.2987605631351471;25.0;24.911102294921875;9.741819381713867;0.2730572130679667;0.9989041686011019;0.800000011920929;0.800000011920929;0.800000011920929
lidar;0.0;25.0;25.0;24.907724380493164;9.716002464294434;0.29861265420913696;25.0;24.921493530273438;9.758379936218262;0.2540547752619403;0.9993988871266305;0.800000011920929;0.800000011920929;0.800000011920929
lidar;0.0;25.0;25.0;24.912710189819336;9.714489936828613;0.29855579137802124;25.0;24.91658592224121;9.727164268493652;0.28530162113268964;0.9995891452002079;0.800000011920929;0.800000011920929;0.800000011920929
lidar;0.0;25.0;25.0;24.91769790649414;9.712976455688477;0.29858991503715515;25.0;24.92062759399414;9.723196983337402;0.2879578700289081;0.9994749427297979;0.800000011920929;0.800000011920929;0.800000011920929
lidar;0.0;25.0;25.0;24.922687530517578;9.711463928222656;0.2987150251865387;25.0;24.899900436401367;9.626420974731445;0.3867575402570291;0.9990563392437225;0.800000011920929;0.800000011920929;0.800000011920929
lidar;0.0;25.0;25.0;24.92768096923828;9.709948539733887;0.2989313006401062;25.0;24.925350189208984;9.70059585571289;0.30857023099144515;0.9983333945197235;0.800000011920929;0.800000011920929;0.800000011920929
lidar;0.0;25.0;25.0;24.93268585205078;9.708430290222168;0.2992391884326935;25.0;24.920452117919922;9.655440330505371;0.35362259609170393;0.9973062872611547;0.800000011920929;0.800000011920929;0.800000011920929
lidar;0.0;25.0;25.0;24.937702178955078;9.7069091796875;0.299638956785202;25.0;24.921775817871094;9.631985664367676;0.37623619129669317;0.9959755542201812;0.800000011920929;0.800000011920929;0.800000011920929
lidar;0.0;25.0;25.0;24.942781448364258;9.705636024475098;0.29987362027168274;25.0;24.944782257080078;9.715932846069336;0.2893836023025412;0.9955565330441091;0.800000011920929;0.800000011920929;0.800000011920929
lidar;0.0;25.0;25.0;24.94800567626953;9.705121040344238;0.2994275987148285;25.0;24.94445037841797;9.684958457946777;0.31990169918206574;0.997039616296195;0.800000011920929;0.800000011920929;0.800000011920929
lidar;0.0;25.0;25.0;24.953214645385742;9.704607963562012;0.29907387495040894;25.0;24.97972869873047;9.872016906738281;0.12957826525194943;0.9982190728949937;0.800000011920929;0.800000011920929;0.800000011920929
lidar;0.0;25.0;25.0;24.95841407775879;9.704095840454102;0.2988118827342987;25.0;24.950788497924805;9.649842262268066;0.35359869365667973;0.999094426615914;0.800000011920929;0.800000011920929;0.800000011920929
lidar;0.0;25.0;25.0;24.963603973388672;9.703584671020508;0.29864129424095154;25.0;24.96683120727539;9.72985553741455;0.272172786509146;0.999665439138244;0.800000011920929;0.800000011920929;0.800000011920929
lidar;0.0;25.0;25.0;24.968791961669922;9.703073501586914;0.2985617220401764;25.0;24.964763641357422;9.664748191833496;0.33709880876515325;0.9999319911025861;0.800000011920929;0.800000011920929;0.800000011920929
lidar;0.0;25.0;25.0;24.97397804260254;9.702563285827637;0.2985731065273285;25.0;24.971412658691406;9.673250198364258;0.3279981780410041;0.9998939037305891;0.800000011920929;0.800000011920929;0.800000011920929
lidar;0.0;25.0;25.0;24.97916603088379;9.702052116394043;0.2986755073070526;25.0;24.981658935546875;9.737709999084473;0.2629305962062335;0.9995512962369434;0.800000011920929;0.800000011920929;0.800000011920929
lidar;0.0;25.0;25.0;24.984357833862305;9.70154094696045;0.2988690435886383;25.0;24.980484008789062;9.627626419067383;0.37288450035750575;0.9989041089717636;0.800000011920929;0.800000011920929;0.800000011920929
lidar;0.0;25.0;25.0;24.989559173583984;9.701027870178223;0.29915401339530945;25.0;24.991104125976562;9.745246887207031;0.2549081684609086;0.9979526997138365;0.800000011920929;0.800000011920929;0.800000011920929
lidar;0.0;25.0;25.0;24.99477195739746;9.700514793395996;0.29953089356422424;25.0;24.994197845458984;9.667612075805664;0.3324388938356877;0.9966973066730691;0.800000011920929;0.800000011920929;0.800000011920929
lidar;0.0;25.0;25.0;25.0;9.699999809265137;0.3000001907348633;25.0;25.0;9.675467491149902;0.32453263690140416;0.9951383468857753;0.800000011920929;0.800000011920929;0.800000011920929
lidar;0.0;25.0;25.0;25.00522804260254;9.700514793395996;0.29953089356422424;25.0;25.004735946655273;9.72872257232666;0.2713186356580598;0.9966973066730691;0.800000011920929;0.800000011920929;0.800000011920929
lidar;0.0;25.0;25.0;25.010440826416016;9.701027870178223;0.29915401339530945;25.0;25.012296676635742;9.647869110107422;0.35234535974878795;0.9979526997138365;0.800000011920929;0.800000011920929;0.800000011920929
lidar;0.0;25.0;25.0;25.015642166137695;9.70154094696045;0.2988690435886383;25.0;25.01396369934082;9.733565330505371;0.2668001003302611;0.9989041089717636;0.800000011920929;0.800000011920929;0.800000011920929
lidar;0.0;25.0;25.0;25.02083396911621;9.702052116394043;0.2986755073070526;25.0;25.023544311523438;9.663298606872559;0.3375237996389327;0.9995512962369434;0.800000011920929;0.800000011920929;0.800000011920929
lidar;0.0;25.0;25.0;25.02602195739746;9.702563285827637;0.2985731065273285;25.0;25.02645492553711;9.697622299194336;0.3035328962925825;0.9998939037305891;0.800000011920929;0.800000011920929;0.800000011920929
lidar;0.0;25.0;25.0;25.031208038330078;9.703073501586914;0.2985617220401764;25.0;25.02989387512207;9.715584754943848;0.28598204735374017;0.9999319911025861;0.800000011920929;0.800000011920929;0.800000011920929
lidar;0.0;25.0;25.0;25.036396026611328;9.703584671020508;0.29864129424095154;25.0;25.02876853942871;9.765700340270996;0.23605955856661803;0.999665439138244;0.800000011920929;0.800000011920929;0.800000011920929
lidar;0.0;25.0;25.0;25.04158592224121;9.704095840454102;0.2988118827342987;25.0;25.062780380249023;9.55329704284668;0.4510931046221854;0.999094426615914;0.800000011920929;0.800000011920929;0.800000011920929
lidar;0.0;25.0;25.0;25.046785354614258;9.704607963562012;0.29907387495040894;25.0;25.05861473083496;9.62991714477539;0.37469646223147157;0.9982190728949937;0.800000011920929;0.800000011920929;0.800000011920929
lidar;0.0;25.0;25.0;25.05199432373047;9.705121040344238;0.2994275987148285;25.0;25.056842803955078;9.677630424499512;0.32734242397254204;0.997039616296195;0.800000011920929;0.800000011920929;0.800000011920929
lidar;0.0;25.0;25.0;25.057218551635742;9.705636024475098;0.29987362027168274;25.0;25.051223754882812;9.736480712890625;0.2684517154171315;0.9955565330441091;0.800000011920929;0.800000011920929;0.800000011920929
lidar;0.0;25.0;25.0;25.062297821044922;9.7069091796875;0.299638956785202;25.0;25.07184600830078;9.661989212036133;0.34556175942323053;0.9959755542201812;0.800000011920929;0.800000011920929;0.800000011920929
lidar;0.0;25.0;25.0;25.06731414794922;9.708430290222168;0.2992391586303711;25.0;25.060945510864258;9.736015319824219;0.27092846949716204;0.9973063468290412;0.800000011920929;0.800000011920929;0.800000011920929
lidar;0.0;25.0;25.0;25.07231903076172;9.709948539733887;0.2989313006401062;25.0;25.09712791442871;9.610442161560059;0.40148325090684334;0.9983334540703575;0.800000011920929;0.800000011920929;0.800000011920929
lidar;0.0;25.0;25.0;25.077312469482422;9.711463928222656;0.2987149655818939;25.0;25.06826400756836;9.745237350463867;0.26374980414157057;0.999056398947263;0.800000011920929;0.800000011920929;0.800000011920929
lidar;0.0;25.0;25.0;25.08230209350586;9.712976455688477;0.29858994483947754;25.0;25.08127212524414;9.716567993164062;0.2948545858732507;0.9994750022351542;0.800000011920929;0.800000011920929;0.800000011920929
lidar;0.0;25.0;25.0;25.087289810180664;9.714489936828613;0.29855579137802124;25.0;25.0765323638916;9.749676704406738;0.2617607740871753;0.9995892047791991;0.800000011920929;0.800000011920929;0.800000011920929
lidar;0.0;25.0;25.0;25.092275619506836;9.716002464294434;0.29861265420913696;25.0;25.065961837768555;9.796993255615234;0.21345398033451196;0.9993988871266305;0.800000011920929;0.800000011920929;0.800000011920929
lidar;0.0;25.0;25.0;25.097267150878906;9.71751594543457;0.2987605631351471;25.0;25.0948429107666;9.724555969238281;0.29131557206238107;0.9989041686011019;0.800000011920929;0.800000011920929;0.800000011920929
lidar;0.0;25.0;25.0;25.102264404296875;9.719032287597656;0.29899969696998596;25.0;25.108985900878906;9.700563430786133;0.3186531819899457;0.9981051683206363;0.800000011920929;0.800000011920929;0.800000011920929
lidar;0.0;25.0;25.0;25.107271194458008;9.720550537109375;0.2993305027484894;25.0;25.09564781188965;9.75082778930664;0.26689916953944154;0.9970021249314476;0.800000011920929;0.800000011920929;0.800000011920929
lidar;0.0;25.0;25.0;25.112289428710938;9.722073554992676;0.29975348711013794;25.0;25.106597900390625;9.736159324645996;0.2845609549547334;0.9955953358551095;0.800000011920929;0.800000011920929;0.800000011920929
lidar;0.0;25.0;25.0;25.117122650146484;9.724075317382812;0.2997535765171051;25.0;25.098125457763672;9.768832206726074;0.2511312284057526;0.994930565287389;0.800000011920929;0.800000011920929;0.800000011920929
lidar;0.0;25.0;25.0;25.121747970581055;9.726548194885254;0.2993307113647461;25.0;25.172060012817383;9.613548278808594;0.42302418179490003;0.9963362219309113;0.800000011920929;0.800000011920929;0.800000011920929
lidar;0.0;25.0;25.0;25.12636375427246;9.72901439666748;0.29899993538856506;25.0;25.12709617614746;9.72744083404541;0.3007357039268622;0.9974385500158426;0.800000011920929;0.800000011920929;0.800000011920929
lidar;0.0;25.0;25.0;25.13096809387207;9.731475830078125;0.29876092076301575;25.0;25.117401123046875;9.759294509887695;0.26780986724802547;0.9982370137928649;0.800000011920929;0.800000011920929;0.800000011920929
lidar;0.0;25.0;25.0;25.13556671142578;9.733933448791504;0.2986130714416504;25.0;25.136474609375;9.732152938842773;0.3006113899382127;0.998731434306777;0.800000011920929;0.800000011920929;0.800000011920929
lidar;0.0;25.0;25.0;25.14016342163086;9.736390113830566;0.29855626821517944;25.0;25.145891189575195;9.725619316101074;0.31075567376376556;0.9989215731008487;0.800000011920929;0.800000011920929;0.800000011920929
lidar;0.0;25.0;25.0;25.144760131835938;9.738846778869629;0.29859045147895813;25.0;25.1258544921875;9.772951126098633;0.2595968358667928;0.9988074898130497;0.800000011920929;0.800000011920929;0.800000011920929
lidar;0.0;25.0;25.0;25.14935874938965;9.741304397583008;0.29871559143066406;25.0;25.145719528198242;9.747605323791504;0.29144021095683564;0.9983891248891877;0.800000011920929;0.800000011920929;0.800000011920929
lidar;0.0;25.0;25.0;25.153961181640625;9.743764877319336;0.2989320158958435;25.0;25.161697387695312;9.730889320373535;0.31395329877374234;0.9976666570528429;0.800000011920929;0.800000011920929;0.800000011920929
lidar;0.0;25.0;25.0;25.158573150634766;9.746230125427246;0.2992399334907532;25.0;25.15826988220215;9.74671459197998;0.2986682356160689;0.9966403244387904;0.800000011920929;0.800000011920929;0.800000011920929
lidar;0.0;25.0;25.0;25.163196563720703;9.748701095581055;0.29963988065719604;25.0;25.148881912231445;9.770743370056152;0.2733577947252079;0.9953102468409298;0.800000011920929;0.800000011920929;0.800000011920929
lidar;0.0;25.0;25.0;25.167688369750977;9.751392364501953;0.29987457394599915;25.0;25.13961410522461;9.793013572692871;0.2496708162201482;0.993665099105453;0.800000011920929;0.800000011920929;0.800000011920929
lidar;0.0;25.0;25.0;25.17174530029297;9.754722595214844;0.29942843317985535;25.0;25.159378051757812;9.772384643554688;0.2778664381542146;0.9951454400003393;0.800000011920929;0.800000011920929;0.800000011920929
lidar;0.0;25.0;25.0;25.175790786743164;9.75804328918457;0.299074649810791;25.0;25.188060760498047;9.741157531738281;0.3199468309927073;0.9963226320498103;0.800000011920929;0.800000011920929;0.800000011920929
lidar;0.0;25.0;25.0;25.17983055114746;9.761357307434082;0.29881253838539124;25.0;25.196441650390625;9.739312171936035;0.326416590432278;0.9971963165936379;0.800000011920929;0.800000011920929;0.800000011920929
lidar;0.0;25.0;25.0;25.183862686157227;9.764667510986328;0.29864177107810974;25.0;25.277332305908203;9.64503002166748;0.45046300675636697;0.9977663160729817;0.800000011920929;0.800000011920929;0.800000011920929
lidar;0.0;25.0;25.0;25.187891006469727;9.767973899841309;0.2985621392726898;25.0;25.159292221069336;9.803290367126465;0.2531184967343591;0.9980322718087783;0.800000011920929;0.800000011920929;0.800000011920929
lidar;0.0;25.0;25.0;25.191919326782227;9.771279335021973;0.29857346415519714;25.0;25.214418411254883;9.744464874267578;0.33357699837491206;0.9979943036245876;0.800000011920929;0.800000011920929;0.800000011920929
lidar;0.0;25.0;25.0;25.19594955444336;9.77458667755127;0.2986757457256317;25.0;25.188152313232422;9.783555030822754;0.2867925999941117;0.9976522924208442;0.800000011920929;0.800000011920929;0.800000011920929
lidar;0.0;25.0;25.0;25.199981689453125;9.777896881103516;0.29886916279792786;25.0;25.18999481201172;9.78898811340332;0.28394419776492424;0.9970064164621479;0.800000011920929;0.800000011920929;0.800000011920929
lidar;0.0;25.0;25.0;25.204023361206055;9.78121280670166;0.2991540729999542;25.0;25.16068458557129;9.82768726348877;0.23560751883906475;0.9960567952892743;0.800000011920929;0.800000011920929;0.800000011920929
lidar;0.0;25.0;25.0;25.208070755004883;9.78453540802002;0.29953083395957947;25.0;25.13451385498047;9.860706329345703;0.19364102243108014;0.9948037862394215;0.800000011920929;0.800000011920929;0.800000011920929
lidar;0.0;25.0;25.0;25.21213150024414;9.78786849975586;0.29999980330467224;25.0;25.206233978271484;9.793766021728516;0.29165889932252936;0.9923129675906004;0.800000011920929;0.800000011920929;0.800000011920929
lidar;0.0;25.0;24.996301651000977;24.788053512573242;9.7880859375;0.29973742365837097;24.99587631225586;24.763750076293945;9.763786315917969;0.334107289613502;0.9931815861690151;0.800000011920929;0.800000011920929;0.800000011920929
lidar;0.0;25.0;24.99624252319336;24.79207420349121;9.784719467163086;0.29932069778442383;24.996049880981445;24.781476974487305;9.773746490478516;0.3145768553833304;0.9955022331783427;0.800000011920929;0.800000011920929;0.800000011920929
lidar;0.0;25.0;24.996183395385742;24.796123504638672;9.781401634216309;0.2989409267902374;24.995872497558594;24.779483795166016;9.763561248779297;0.3233380410999334;0.9967668053720394;0.800000011920929;0.800000011920929;0.800000011920929
lidar;0.0;25.0;24.996126174926758;24.800161361694336;9.778091430664062;0.2986530363559723;24.995473861694336;24.766511917114258;9.74072551727295;0.3489419131666185;0.9977279303777487;0.800000011920929;0.800000011920929;0.800000011920929
lidar;0.0;25.0;24.996068954467773;24.804195404052734;9.774785995483398;0.29845649003982544;24.995759963989258;24.78879165649414;9.75706958770752;0.32193555775313476;0.9983850120845217;0.800000011920929;0.800000011920929;0.800000011920929
lidar;0.0;25.0;24.99601173400879;24.808223724365234;9.771484375;0.29835107922554016;24.996028900146484;24.80909538269043;9.772523880004883;0.29699468467340273;0.998737931168452;0.800000011920929;0.800000011920929;0.800000011920929
lidar;0.0;25.0;24.995954513549805;24.8122501373291;9.768184661865234;0.29833659529685974;24.99647331237793;24.836322784423828;9.797906875610352;0.26008488196227153;0.9987867474560431;0.800000011920929;0.800000011920929;0.800000011920929
lidar;0.0;25.0;24.995895385742188;24.8162784576416;9.764883041381836;0.2984130084514618;24.996347427368164;24.836458206176758;9.7907075881958;0.26563681102469827;0.9985312819560879;0.800000011920929;0.800000011920929;0.800000011920929
lidar;0.0;25.0;24.995838165283203;24.820310592651367;9.761579513549805;0.2985803782939911;24.995866775512695;24.821508407592773;9.763168334960938;0.2965906863731829;0.9979716537269743;0.800000011920929;0.800000011920929;0.800000011920929
lidar;0.0;25.0;24.99578094482422;24.8243465423584;9.758271217346191;0.2988390028476715;24.99616241455078;24.840227127075195;9.78012466430664;0.27182282360122556;0.9971081016993021;0.800000011920929;0.800000011920929;0.800000011920929
lidar;0.0;25.0;24.995723724365234;24.828392028808594;9.754955291748047;0.29918938875198364;24.99509620666504;24.803220748901367;9.719013214111328;0.34307334213509827;0.9959406258184377;0.800000011920929;0.800000011920929;0.800000011920929
lidar;0.0;25.0;24.995664596557617;24.832448959350586;9.751631736755371;0.29963189363479614;24.996051788330078;24.847431182861328;9.77384090423584;0.2728390445981472;0.9944699406915235;0.800000011920929;0.800000011920929;0.800000011920929
lidar;0.0;25.0;24.995616912841797;24.836896896362305;9.748882293701172;0.299469530582428;24.99555015563965;24.83439826965332;9.745034217834473;0.304058613250009;0.9958765507298885;0.800000011920929;0.800000011920929;0.800000011920929
lidar;0.0;25.0;24.995573043823242;24.84151840209961;9.746414184570312;0.2990680932998657;24.99482536315918;24.81476402282715;9.703603744506836;0.349556727195312;0.9972129463067638;0.800000011920929;0.800000011920929;0.800000011920929
lidar;0.0;25.0;24.99553108215332;24.846128463745117;9.743952751159668;0.29875868558883667;24.99647331237793;24.878562927246094;9.79792594909668;0.2357823219660335;0.9982454180968805;0.800000011920929;0.800000011920929;0.800000011920929
lidar;0.0;25.0;24.995487213134766;24.85072898864746;9.741495132446289;0.29854077100753784;24.9973087310791;24.910993576049805;9.845861434936523;0.17801114483879343;0.9989738463688566;0.800000011920929;0.800000011920929;0.800000011920929
lidar;0.0;25.0;24.995445251464844;24.85532569885254;9.739041328430176;0.298414021730423;24.995033264160156;24.842269897460938;9.715490341186523;0.32534536583860285;0.9993980526700572;0.800000011920929;0.800000011920929;0.800000011920929
lidar;0.0;25.0;24.99540138244629;24.859920501708984;9.736587524414062;0.2983781695365906;24.995548248291016;24.86437225341797;9.74496078491211;0.28889338438081774;0.9995177388417793;0.800000011920929;0.800000011920929;0.800000011920929
lidar;0.0;25.0;24.995359420776367;24.864513397216797;9.734134674072266;0.2984332740306854;24.994205474853516;24.830829620361328;9.668036460876465;0.37262859347706495;0.9993330239655805;0.800000011920929;0.800000011920929;0.800000011920929
lidar;0.0;25.0;24.995315551757812;24.869112014770508;9.731679916381836;0.2985793650150299;24.9952449798584;24.867128372192383;9.727614402770996;0.30310290317490884;0.998843908285757;0.800000011920929;0.800000011920929;0.800000011920929
lidar;0.0;25.0;24.99527359008789;24.873714447021484;9.72922134399414;0.29881662130355835;24.994905471801758;24.86386489868164;9.708101272583008;0.3221234440030991;0.9980505703950785;0.800000011920929;0.800000011920929;0.800000011920929
lidar;0.0;25.0;24.995229721069336;24.878326416015625;9.72675895690918;0.29914551973342896;24.994773864746094;24.866670608520508;9.700583457946777;0.3278021206956065;0.99695307044468;0.800000011920929;0.800000011920929;0.800000011920929
lidar;0.0;25.0;24.995187759399414;24.882949829101562;9.724289894104004;0.2995663583278656;24.995094299316406;24.880687713623047;9.718961715698242;0.30535560949982427;0.99555206279744;0.800000011920929;0.800000011920929;0.800000011920929
lidar;0.0;25.0;24.99515151977539;24.887746810913086;9.722207069396973;0.29965487122535706;24.996307373046875;24.914533615112305;9.788495063781738;0.2281499160409341;0.9959226843998158;0.800000011920929;0.800000011920929;0.800000011920929
lidar;0.0;25.0;24.99512481689453;24.892765045166016;9.720685958862305;0.29923155903816223;24.995792388916016;24.907461166381836;9.758963584899902;0.2582242310517221;0.9973317385294991;0.800000011920929;0.800000011920929;0.800000011920929
lidar;0.0;25.0;24.995098114013672;24.897769927978516;9.719168663024902;0.2989002764225006;24.995437622070312;24.904844284057617;9.738600730895996;0.27821740611693874;0.9984369278528317;0.800000011920929;0.800000011920929;0.800000011920929
lidar;0.0;25.0;24.995071411132812;24.90276527404785;9.717653274536133;0.2986606955528259;24.993684768676758;24.87541961669922;9.638245582580566;0.3826569158482381;0.9992380142040176;0.800000011920929;0.800000011920929;0.800000011920929
lidar;0.0;25.0;24.995044708251953;24.90775489807129;9.716140747070312;0.2985122799873352;24.9950008392334;24.90692710876465;9.71359634399414;0.3011887793862102;0.9997346401074688;0.800000011920929;0.800000011920929;0.800000011920929
lidar;0.0;25.0;24.995019912719727;24.91274070739746;9.714629173278809;0.2984549105167389;24.994848251342773;24.909738540649414;9.704813957214355;0.3087201790430254;0.9999268054945926;0.800000011920929;0.800000011920929;0.800000011920929
lidar;0.0;25.0;24.994991302490234;24.917726516723633;9.713118553161621;0.29848846793174744;24.99536895751953;24.92390251159668;9.73465347290039;0.27608202139466015;0.9998143911352022;0.800000011920929;0.800000011920929;0.800000011920929
lidar;0.0;25.0;24.994966506958008;24.922712326049805;9.7116060256958;0.2986130118370056;24.995254516601562;24.927148818969727;9.728154182434082;0.28147801423093327;0.9993973969983787;0.800000011920929;0.800000011920929;0.800000011920929
lidar;0.0;25.0;24.99493980407715;24.927705764770508;9.710091590881348;0.29882872104644775;24.995580673217773;24.93684959411621;9.74675464630127;0.26103767716517723;0.9986760020791711;0.800000011920929;0.800000011920929;0.800000011920929
lidar;0.0;25.0;24.99491310119629;24.932708740234375;9.708575248718262;0.2991359233856201;24.996950149536133;24.959665298461914;9.825313568115234;0.17930859219341772;0.9976503250451642;0.800000011920929;0.800000011920929;0.800000011920929
lidar;0.0;25.0;24.99488639831543;24.93772315979004;9.70705509185791;0.29953503608703613;24.994083404541016;24.92794418334961;9.661053657531738;0.3465713885363934;0.9963209031348651;0.800000011920929;0.800000011920929;0.800000011920929
lidar;0.0;25.0;24.994863510131836;24.942781448364258;9.70568561553955;0.2998686134815216;24.99269676208496;24.918663024902344;9.581621170043945;0.42627405537013063;0.9955731627026028;0.800000011920929;0.800000011920929;0.800000011920929
lidar;0.0;25.0;24.994853973388672;24.94800567626953;9.705171585083008;0.29942256212234497;24.99404525756836;24.939830780029297;9.658815383911133;0.3465010306885941;0.997056305133834;0.800000011920929;0.800000011920929;0.800000011920929
lidar;0.0;25.0;24.994844436645508;24.953214645385742;9.704658508300781;0.2990688681602478;24.995220184326172;24.956628799438477;9.726203918457031;0.27725105959767654;0.9982357620892478;0.800000011920929;0.800000011920929;0.800000011920929
lidar;0.0;25.0;24.994836807250977;24.95841407775879;9.704146385192871;0.2988068163394928;24.994102478027344;24.952512741088867;9.662163734436035;0.34120836673084587;0.9991111755210341;0.800000011920929;0.800000011920929;0.800000011920929
lidar;0.0;25.0;24.994827270507812;24.963605880737305;9.703635215759277;0.29863622784614563;24.994136810302734;24.9587459564209;9.664066314697266;0.33850775649557535;0.9996822476290901;0.800000011920929;0.800000011920929;0.800000011920929
lidar;0.0;25.0;24.99481773376465;24.968791961669922;9.703124046325684;0.2985566258430481;24.9970703125;24.982358932495117;9.832182884216309;0.16876736596494946;0.9999487996104504;0.800000011920929;0.800000011920929;0.800000011920929
lidar;0.0;25.0;24.994810104370117;24.97397804260254;9.702613830566406;0.2985677421092987;24.99505043029785;24.975183486938477;9.716385841369629;0.2847406499760925;0.9999116659158388;0.800000011920929;0.800000011920929;0.800000011920929
lidar;0.0;25.0;24.994800567626953;24.97916603088379;9.702122688293457;0.29865044355392456;24.99517822265625;24.980684280395508;9.7238130569458;0.27690310724933076;0.9996351003596832;0.800000011920929;0.800000011920929;0.800000011920929
lidar;0.0;25.0;24.994792938232422;24.98436164855957;9.701630592346191;0.2988242506980896;24.99477195739746;24.984298706054688;9.700435638427734;0.3000206580031057;0.9990538954435041;0.800000011920929;0.800000011920929;0.800000011920929
lidar;0.0;25.0;24.994783401489258;24.98956298828125;9.701154708862305;0.2990734279155731;24.995515823364258;24.991025924682617;9.743042945861816;0.2571524536558143;0.9982216358527081;0.800000011920929;0.800000011920929;0.800000011920929
lidar;0.0;25.0;24.994775772094727;24.994775772094727;9.700727462768555;0.2993636131286621;24.996402740478516;24.996402740478516;9.793940544128418;0.20612258459638338;0.9972541930255857;0.800000011920929;0.800000011920929;0.800000011920929
lidar;0.0;25.0;24.99477195739746;25.0;9.700514793395996;0.29953089356422424;24.99530601501465;25.0;9.731093406677246;0.26894796832513435;0.9966973066730691;0.800000011920929;0.800000011920929;0.800000011920929
lidar;0.0;25.0;24.994775772094727;25.005224227905273;9.700727462768555;0.2993636429309845;24.994428634643555;25.005571365356445;9.680871963500977;0.3192254890631229;0.9972541930255857;0.800000011920929;0.800000011920929;0.800000011920929
lidar;0.0;25.0;24.994783401489258;25.01043701171875;9.701154708862305;0.2990734279155731;24.993587493896484;25.01283073425293;9.63261890411377;0.3676612765634079;0.9982216358527081;0.800000011920929;0.800000011920929;0.800000011920929
lidar;0.0;25.0;24.994792938232422;25.01563835144043;9.701630592346191;0.2988242208957672;24.99537467956543;25.013893127441406;9.734946250915527;0.2654582261186329;0.9990538954435041;0.800000011920929;0.800000011920929;0.800000011920929
lidar;0.0;25.0;24.994800567626953;25.02083396911621;9.702122688293457;0.29865044355392456;24.99736785888672;25.010549545288086;9.84915542602539;0.1512362599207958;0.9996351003596832;0.800000011920929;0.800000011920929;0.800000011920929
lidar;0.0;25.0;24.994810104370117;25.02602195739746;9.702613830566406;0.2985677421092987;24.99447250366211;25.027711868286133;9.683300018310547;0.3179579677130252;0.9999116659158388;0.800000011920929;0.800000011920929;0.800000011920929
lidar;0.0;25.0;24.99481773376465;25.031208038330078;9.703124046325684;0.2985566556453705;24.994609832763672;25.032459259033203;9.6912202835083;0.3105276852614106;0.9999487996104504;0.800000011920929;0.800000011920929;0.800000011920929
lidar;0.0;25.0;24.994827270507812;25.036394119262695;9.703635215759277;0.29863622784614563;24.994733810424805;25.037046432495117;9.698331832885742;0.30397988341278037;0.9996822476290901;0.800000011920929;0.800000011920929;0.800000011920929
lidar;0.0;25.0;24.994836807250977;25.04158592224121;9.704146385192871;0.2988068163394928;24.993656158447266;25.051090240478516;9.63652515411377;0.3671032109810047;0.9991111755210341;0.800000011920929;0.800000011920929;0.800000011920929
lidar;0.0;25.0;24.994844436645508;25.046785354614258;9.704658508300781;0.2990688383579254;24.994888305664062;25.046390533447266;9.70715045928955;0.2965452981934456;0.9982357620892478;0.800000011920929;0.800000011920929;0.800000011920929
lidar;0.0;25.0;24.994853973388672;25.05199432373047;9.705171585083008;0.29942259192466736;24.993539810180664;25.065265655517578;9.629921913146973;0.37584425685160483;0.997056305133834;0.800000011920929;0.800000011920929;0.800000011920929
lidar;0.0;25.0;24.994863510131836;25.057218551635742;9.70568561553955;0.2998686134815216;24.996416091918945;25.03990936279297;9.794711112976074;0.20916292781319734;0.9955731627026028;0.800000011920929;0.800000011920929;0.800000011920929
lidar;0.0;25.0;24.99488639831543;25.06227684020996;9.70705509185791;0.29953500628471375;24.995498657226562;25.054826736450195;9.742103576660156;0.26369788987865095;0.9963209031348651;0.800000011920929;0.800000011920929;0.800000011920929
lidar;0.0;25.0;24.99491310119629;25.067291259765625;9.708575248718262;0.29913589358329773;24.995935440063477;25.05376625061035;9.7671480178833;0.23901365086208337;0.9976503250451642;0.800000011920929;0.800000011920929;0.800000011920929
lidar;0.0;25.0;24.99493980407715;25.072294235229492;9.710091590881348;0.29882869124412537;24.993938446044922;25.08658790588379;9.652771949768066;0.35791229002736635;0.9986760020791711;0.800000011920929;0.800000011920929;0.800000011920929
lidar;0.0;25.0;24.994966506958008;25.077287673950195;9.7116060256958;0.29861295223236084;24.996185302734375;25.058584213256836;9.781394004821777;0.2263519798515718;0.9993973969983787;0.800000011920929;0.800000011920929;0.800000011920929
lidar;0.0;25.0;24.994991302490234;25.082273483276367;9.713118553161621;0.29848840832710266;24.99627685546875;25.061155319213867;9.786760330200195;0.22186681877970788;0.9998143911352022;0.800000011920929;0.800000011920929;0.800000011920929
lidar;0.0;25.0;24.995019912719727;25.08725929260254;9.714630126953125;0.2984548807144165;24.994722366333008;25.09246826171875;9.697592735290527;0.31627280663406204;0.9999268054945926;0.800000011920929;0.800000011920929;0.800000011920929
lidar;0.0;25.0;24.995044708251953;25.09224510192871;9.716141700744629;0.29851222038269043;24.996461868286133;25.065876007080078;9.797285079956055;0.21317955444945055;0.9997346401074688;0.800000011920929;0.800000011920929;0.800000011920929
lidar;0.0;25.0;24.995071411132812;25.09723472595215;9.717653274536133;0.29866066575050354;24.996013641357422;25.078662872314453;9.77158260345459;0.24161550700114898;0.9992380142040176;0.800000011920929;0.800000011920929;0.800000011920929
lidar;0.0;25.0;24.995098114013672;25.102230072021484;9.719168663024902;0.298900306224823;24.995729446411133;25.089046478271484;9.755382537841797;0.26035621339340287;0.9984369278528317;0.800000011920929;0.800000011920929;0.800000011920929
lidar;0.0;25.0;24.99512481689453;25.107234954833984;9.720685958862305;0.29923152923583984;24.99411964416504;25.129358291625977;9.663060188293457;0.3609667511514253;0.9973317385294991;0.800000011920929;0.800000011920929;0.800000011920929
lidar;0.0;25.0;24.99515151977539;25.112253189086914;9.722207069396973;0.29965490102767944;24.994857788085938;25.11903953552246;9.70541000366211;0.317774170311458;0.9959227442185964;0.800000011920929;0.800000011920929;0.800000011920929
lidar;0.0;25.0;24.995187759399414;25.117050170898438;9.724289894104004;0.2995662987232208;24.99614906311035;25.09366226196289;9.779379844665527;0.239709508784787;0.99555206279744;0.800000011920929;0.800000011920929;0.800000011920929
lidar;0.0;25.0;24.995229721069336;25.121673583984375;9.72675895690918;0.2991454601287842;24.995389938354492;25.11758804321289;9.735932350158691;0.2891020208623405;0.99695307044468;0.800000011920929;0.800000011920929;0.800000011920929
lidar;0.0;25.0;24.99527359008789;25.126285552978516;9.72922134399414;0.2988165616989136;24.99521827697754;25.127771377563477;9.726034164428711;0.3023342739290427;0.9980505108754222;0.800000011920929;0.800000011920929;0.800000011920929
lidar;0.0;25.0;24.995315551757812;25.130887985229492;9.731679916381836;0.29857927560806274;24.995136260986328;25.13592529296875;9.721355438232422;0.3100676860272725;0.998843908285757;0.800000011920929;0.800000011920929;0.800000011920929
lidar;0.0;25.0;24.995359420776367;25.135486602783203;9.734134674072266;0.29843321442604065;24.994831085205078;25.15088653564453;9.703913688659668;0.3323563039839503;0.9993330239655805;0.800000011920929;0.800000011920929;0.800000011920929
lidar;0.0;25.0;24.99540138244629;25.140079498291016;9.736587524414062;0.2983781397342682;24.995912551879883;25.124555587768555;9.765778541564941;0.26531251054544297;0.9995177388417793;0.800000011920929;0.800000011920929;0.800000011920929
lidar;0.0;25.0;24.995445251464844;25.14467430114746;9.739041328430176;0.2984139621257782;24.995277404785156;25.149972915649414;9.729482650756836;0.3093446065800755;0.999397993090034;0.800000011920929;0.800000011920929;0.800000011920929
lidar;0.0;25.0;24.995487213134766;25.14927101135254;9.741495132446289;0.29854074120521545;24.997892379760742;25.069740295410156;9.879223823547363;0.13948195533479124;0.9989738463688566;0.800000011920929;0.800000011920929;0.800000011920929
lidar;0.0;25.0;24.99553108215332;25.153871536254883;9.743952751159668;0.2987586259841919;24.995426177978516;25.157485961914062;9.737939834594727;0.30577429161273106;0.9982454180968805;0.800000011920929;0.800000011920929;0.800000011920929
lidar;0.0;25.0;24.995573043823242;25.15848159790039;9.746414184570312;0.29906806349754333;24.9959659576416;25.1444034576416;9.768940925598145;0.2725007958970439;0.9972129463067638;0.800000011920929;0.800000011920929;0.800000011920929
lidar;0.0;25.0;24.995616912841797;25.163103103637695;9.748882293701172;0.2994694709777832;24.997108459472656;25.107589721679688;9.834351539611816;0.19754303827464564;0.9958765507298885;0.800000011920929;0.800000011920929;0.800000011920929
lidar;0.0;25.0;24.995664596557617;25.167551040649414;9.751631736755371;0.29963189363479614;24.994335174560547;25.21892738342285;9.67547607421875;0.39150565433182233;0.9944698217551545;0.800000011920929;0.800000011920929;0.800000011920929
lidar;0.0;25.0;24.995723724365234;25.171607971191406;9.754955291748047;0.29918938875198364;24.996353149414062;25.14633560180664;9.791041374206543;0.25513005752648327;0.9959405661307069;0.800000011920929;0.800000011920929;0.800000011920929
lidar;0.0;25.0;24.99578094482422;25.1756534576416;9.758271217346191;0.2988390624523163;24.995954513549805;25.16837501525879;9.768285751342773;0.2864577137513085;0.9971079827926466;0.800000011920929;0.800000011920929;0.800000011920929
lidar;0.0;25.0;24.995838165283203;25.179689407348633;9.761579513549805;0.2985803782939911;24.995426177978516;25.197490692138672;9.737960815429688;0.32815840952118946;0.9979715346751883;0.800000011920929;0.800000011920929;0.800000011920929
lidar;0.0;25.0;24.995895385742188;25.1837215423584;9.764883041381836;0.2984130084514618;24.995357513427734;25.207813262939453;9.734052658081055;0.33754409606919444;0.9985311626723874;0.800000011920929;0.800000011920929;0.800000011920929
lidar;0.0;25.0;24.995954513549805;25.1877498626709;9.768184661865234;0.29833659529685974;24.994958877563477;25.23388671875;9.71121883392334;0.3716485140769086;0.9987866878338907;0.800000011920929;0.800000011920929;0.800000011920929
lidar;0.0;25.0;24.99601173400879;25.191776275634766;9.771484375;0.29835110902786255;24.996919631958008;25.14811134338379;9.823515892028809;0.23041934018831559;0.9987378716691591;0.800000011920929;0.800000011920929;0.800000011920929
lidar;0.0;25.0;24.996068954467773;25.195804595947266;9.774785995483398;0.2984565198421478;24.99489974975586;25.254051208496094;9.707792282104492;0.3872383073978762;0.9983849526149712;0.800000011920929;0.800000011920929;0.800000011920929
lidar;0.0;25.0;24.996126174926758;25.199838638305664;9.778091430664062;0.2986530363559723;24.996252059936523;25.19340705871582;9.785231590270996;0.2890431125322188;0.9977278114116745;0.800000011920929;0.800000011920929;0.800000011920929
lidar;0.0;25.0;24.996183395385742;25.203876495361328;9.781401634216309;0.2989409863948822;24.995769500732422;25.226076126098633;9.757600784301758;0.33148931836768947;0.9967666862404913;0.800000011920929;0.800000011920929;0.800000011920929
lidar;0.0;25.0;24.99624252319336;25.20792579650879;9.784719467163086;0.29932066798210144;24.996631622314453;25.18640899658203;9.806998252868652;0.2683451219177664;0.9955021145941416;0.800000011920929;0.800000011920929;0.800000011920929
lidar;0.0;25.0;24.996301651000977;25.211946487426758;9.7880859375;0.29973742365837097;24.99631118774414;25.211414337158203;9.788619041442871;0.29898422444326633;0.9931815262374981;0.800000011920929;0.800000011920929;0.800000011920929
lidar;0.0;25.0;24.99260902404785;24.788209915161133;9.788338661193848;0.29951658844947815;24.99407958984375;24.83034324645996;9.83044719696045;0.23993026584443727;0.9939138293342749;0.800000011920929;0.800000011920929;0.800000011920929
lidar;0.0;25.0;24.992488861083984;24.792184829711914;9.784932136535645;0.2991616129875183;24.9912166595459;24.756982803344727;9.74850082397461;0.3498377392629676;0.9960312846046772;0.800000011920929;0.800000011920929;0.800000011920929
lidar;0.0;25.0;24.992374420166016;24.796232223510742;9.781620025634766;0.29877969622612;24.99180030822754;24.7808837890625;9.765169143676758;0.32128601664364514;0.997304797303573;0.800000011920929;0.800000011920929;0.800000011920929
lidar;0.0;25.0;24.992258071899414;24.80027198791504;9.778314590454102;0.2984895408153534;24.99241828918457;24.804401397705078;9.78289794921875;0.2923176664232797;0.9982745648143008;0.800000011920929;0.800000011920929;0.800000011920929
lidar;0.0;25.0;24.992143630981445;24.804304122924805;9.77501392364502;0.2982906699180603;24.989748001098633;24.74464225769043;9.706422805786133;0.3892304150203608;0.9989401101910791;0.800000011920929;0.800000011920929;0.800000011920929
lidar;0.0;25.0;24.992027282714844;24.808332443237305;9.77171802520752;0.2981829047203064;24.993061065673828;24.833152770996094;9.80128002166748;0.2595683067036255;0.9993014931845924;0.800000011920929;0.800000011920929;0.800000011920929
lidar;0.0;25.0;24.991912841796875;24.812358856201172;9.768423080444336;0.2981659173965454;24.99151611328125;24.80316925048828;9.75708293914795;0.3127662265834665;0.9993584156561213;0.800000011920929;0.800000011920929;0.800000011920929
lidar;0.0;25.0;24.991798400878906;24.81638526916504;9.765127182006836;0.2982398569583893;24.992191314697266;24.825180053710938;9.776376724243164;0.2839554351977705;0.9991109371313411;0.800000011920929;0.800000011920929;0.800000011920929
lidar;0.0;25.0;24.991682052612305;24.820415496826172;9.761828422546387;0.2984047532081604;24.992216110229492;24.831932067871094;9.77710247039795;0.2792675397794884;0.9985590576630223;0.800000011920929;0.800000011920929;0.800000011920929
lidar;0.0;25.0;24.991567611694336;24.824451446533203;9.758525848388672;0.29866084456443787;24.990793228149414;24.808347702026367;9.736374855041504;0.3260575022374621;0.9977031351177339;0.800000011920929;0.800000011920929;0.800000011920929
lidar;0.0;25.0;24.991451263427734;24.828495025634766;9.755215644836426;0.2990085482597351;24.9906005859375;24.81140899658203;9.730828285217285;0.3287981354662193;0.9965431691178958;0.800000011920929;0.800000011920929;0.800000011920929
lidar;0.0;25.0;24.991336822509766;24.832550048828125;9.751896858215332;0.29944831132888794;24.991256713867188;24.831010818481445;9.749616622924805;0.3022013146137802;0.9950797559804574;0.800000011920929;0.800000011920929;0.800000011920929
lidar;0.0;25.0;24.99123764038086;24.836952209472656;9.749082565307617;0.2993669807910919;24.991985321044922;24.850875854492188;9.770508766174316;0.2738035805850172;0.9962176083088738;0.800000011920929;0.800000011920929;0.800000011920929
lidar;0.0;25.0;24.991151809692383;24.84157371520996;9.746618270874023;0.2989647090435028;24.990612030029297;24.831926345825195;9.731189727783203;0.3171687306375934;0.9975577591176189;0.800000011920929;0.800000011920929;0.800000011920929
lidar;0.0;25.0;24.991065979003906;24.846181869506836;9.744158744812012;0.2986544668674469;24.99056053161621;24.83747100830078;9.729671478271484;0.31556608090002647;0.9985940455628937;0.800000011920929;0.800000011920929;0.800000011920929
lidar;0.0;25.0;24.99098014831543;24.85078239440918;9.741704940795898;0.29843559861183167;24.99386215209961;24.898462295532227;9.824236869812012;0.2030772324528174;0.9993260502535521;0.800000011920929;0.800000011920929;0.800000011920929
lidar;0.0;25.0;24.990894317626953;24.855377197265625;9.739253044128418;0.298307865858078;24.99407958984375;24.90596580505371;9.830459594726562;0.1939625072860203;0.9997537136194772;0.800000011920929;0.800000011920929;0.800000011920929
lidar;0.0;25.0;24.990808486938477;24.859970092773438;9.73680305480957;0.2982710301876068;24.989675521850586;24.842714309692383;9.704368591308594;0.3350267006360621;0.999876856798551;0.800000011920929;0.800000011920929;0.800000011920929
lidar;0.0;25.0;24.99072265625;24.86456298828125;9.734352111816406;0.29832515120506287;24.99138069152832;24.874164581298828;9.753186225891113;0.27717407052323073;0.9996954202727393;0.800000011920929;0.800000011920929;0.800000011920929
lidar;0.0;25.0;24.990636825561523;24.869159698486328;9.731900215148926;0.2984701693058014;24.991613388061523;24.882802963256836;9.759858131408691;0.26734491486806844;0.9992094636658608;0.800000011920929;0.800000011920929;0.800000011920929
lidar;0.0;25.0;24.99055290222168;24.873760223388672;9.729445457458496;0.2987063229084015;24.989276885986328;24.856719970703125;9.69292163848877;0.3390299890368987;0.9984191060991381;0.800000011920929;0.800000011920929;0.800000011920929
lidar;0.0;25.0;24.99046516418457;24.878372192382812;9.726984977722168;0.2990340292453766;24.987627029418945;24.842159271240234;9.645699501037598;0.3880663415525559;0.9973246455545115;0.800000011920929;0.800000011920929;0.800000011920929
lidar;0.0;25.0;24.990379333496094;24.882993698120117;9.724519729614258;0.2994537353515625;24.98859405517578;24.861284255981445;9.673406600952148;0.355014565845438;0.9959264400350967;0.800000011920929;0.800000011920929;0.800000011920929
lidar;0.0;25.0;24.990304946899414;24.887754440307617;9.722350120544434;0.29963767528533936;24.98950958251953;24.878543853759766;9.699567794799805;0.32422389097326626;0.9959797860435742;0.800000011920929;0.800000011920929;0.800000011920929
lidar;0.0;25.0;24.990251541137695;24.892770767211914;9.720829963684082;0.299214243888855;24.991609573364258;24.907718658447266;9.759746551513672;0.2575032301042634;0.9973892571297972;0.800000011920929;0.800000011920929;0.800000011920929
lidar;0.0;25.0;24.990198135375977;24.897775650024414;9.71931266784668;0.29888296127319336;24.988727569580078;24.882429122924805;9.67717456817627;0.3437532741280772;0.9984948039480407;0.800000011920929;0.800000011920929;0.800000011920929
lidar;0.0;25.0;24.990144729614258;24.90277099609375;9.717799186706543;0.2986432611942291;24.99010467529297;24.902366638183594;9.716628074645996;0.2998831787499789;0.9992961884079233;0.800000011920929;0.800000011920929;0.800000011920929
lidar;0.0;25.0;24.990093231201172;24.907760620117188;9.716287612915039;0.29849475622177124;24.98824119567871;24.890520095825195;9.66325855255127;0.35428650074314044;0.9997932314683242;0.800000011920929;0.800000011920929;0.800000011920929
lidar;0.0;25.0;24.990039825439453;24.912744522094727;9.714776992797852;0.298437237739563;24.988271713256836;24.897249221801758;9.664121627807617;0.35143933550438566;0.999985754489485;0.800000011920929;0.800000011920929;0.800000011920929
lidar;0.0;25.0;24.989986419677734;24.9177303314209;9.713266372680664;0.29847076535224915;24.98885726928711;24.908449172973633;9.68091869354248;0.3321427010278152;0.999873578545956;0.800000011920929;0.800000011920929;0.800000011920929
lidar;0.0;25.0;24.98993492126465;24.922718048095703;9.71175479888916;0.2985951602458954;24.99260902404785;24.943246841430664;9.78832721710205;0.21927372486766494;0.9994568824446904;0.800000011920929;0.800000011920929;0.800000011920929
lidar;0.0;25.0;24.98988151550293;24.927711486816406;9.71024227142334;0.29881078004837036;24.99037742614746;24.931251525878906;9.72443675994873;0.2841725360362407;0.998735785501977;0.800000011920929;0.800000011920929;0.800000011920929
lidar;0.0;25.0;24.98982810974121;24.93271255493164;9.708725929260254;0.2991178035736084;24.9888858795166;24.926471710205078;9.681707382202148;0.3268640387855824;0.9977103470029306;0.800000011920929;0.800000011920929;0.800000011920929
lidar;0.0;25.0;24.989774703979492;24.937726974487305;9.707206726074219;0.2995167672634125;24.988697052001953;24.93116569519043;9.676356315612793;0.33107557806788374;0.9963811637001988;0.800000011920929;0.800000011920929;0.800000011920929
lidar;0.0;25.0;24.98972511291504;24.942766189575195;9.705737113952637;0.2999531924724579;24.990934371948242;24.94951057434082;9.740415573120117;0.2646040205683094;0.9952921868678076;0.800000011920929;0.800000011920929;0.800000011920929
lidar;0.0;25.0;24.98970603942871;24.94799041748047;9.705223083496094;0.299507200717926;24.991270065307617;24.955896377563477;9.750024795532227;0.2539866107757478;0.9967744348004859;0.800000011920929;0.800000011920929;0.800000011920929
lidar;0.0;25.0;24.989688873291016;24.953205108642578;9.704728126525879;0.2991344630718231;24.98744010925293;24.94300079345703;9.640345573425293;0.36435952577892017;0.9980165957227787;0.800000011920929;0.800000011920929;0.800000011920929
lidar;0.0;25.0;24.98967170715332;24.95840835571289;9.704236030578613;0.2988526225090027;24.989946365356445;24.959510803222656;9.712079048156738;0.2909273812804552;0.9989579916278593;0.800000011920929;0.800000011920929;0.800000011920929
lidar;0.0;25.0;24.989654541015625;24.96360206604004;9.703744888305664;0.2986622452735901;24.98902130126953;24.961376190185547;9.685630798339844;0.31692359677912946;0.9995950460483922;0.800000011920929;0.800000011920929;0.800000011920929
lidar;0.0;25.0;24.98963737487793;24.968791961669922;9.703253746032715;0.2985629141330719;24.990997314453125;24.972885131835938;9.742180824279785;0.25939717163119014;0.9999276995668701;0.800000011920929;0.800000011920929;0.800000011920929
lidar;0.0;25.0;24.989620208740234;24.973979949951172;9.702762603759766;0.2985546290874481;24.991071701049805;24.977619171142578;9.744333267211914;0.2568000732072751;0.9999556541452508;0.800000011920929;0.800000011920929;0.800000011920929
lidar;0.0;25.0;24.989604949951172;24.979169845581055;9.702302932739258;0.298605740070343;24.98958969116211;24.979143142700195;9.701908111572266;0.2990018382450131;0.9997847080168959;0.800000011920929;0.800000011920929;0.800000011920929
lidar;0.0;25.0;24.989587783813477;24.984365463256836;9.701849937438965;0.29874080419540405;24.990079879760742;24.9851016998291;9.71590805053711;0.28465496635468496;0.99933296437994;0.800000011920929;0.800000011920929;0.800000011920929
lidar;0.0;25.0;24.989574432373047;24.98956871032715;9.701452255249023;0.29891151189804077;24.990386962890625;24.990381240844727;9.72469425201416;0.2756416684336795;0.998762369172259;0.800000011920929;0.800000011920929;0.800000011920929
lidar;0.0;25.0;24.98956298828125;24.994779586791992;9.701154708862305;0.29907339811325073;24.990283966064453;24.995140075683594;9.72175407409668;0.27845835543978487;0.998221755102961;0.800000011920929;0.800000011920929;0.800000011920929
lidar;0.0;25.0;24.989559173583984;25.0;9.701027870178223;0.29915401339530945;24.98920249938965;25.0;9.69079303741455;0.3093957059155357;0.9979526997138365;0.800000011920929;0.800000011920929;0.800000011920929
lidar;0.0;25.0;24.98956298828125;25.005220413208008;9.701154708862305;0.29907339811325073;24.99113655090332;25.004432678222656;9.746203422546387;0.25399019281318774;0.998221755102961;0.800000011920929;0.800000011920929;0.800000011920929
lidar;0.0;25.0;24.989574432373047;25.01043128967285;9.701452255249023;0.29891154170036316;24.987873077392578;25.012134552001953;9.652704238891602;0.3477196907777439;0.998762369172259;0.800000011920929;0.800000011920929;0.800000011920929
lidar;0.0;25.0;24.989587783813477;25.015634536743164;9.701849937438965;0.29874080419540405;24.989274978637695;25.01610565185547;9.692874908447266;0.3077342785766141;0.99933296437994;0.800000011920929;0.800000011920929;0.800000011920929
lidar;0.0;25.0;24.989604949951172;25.020830154418945;9.702302932739258;0.298605740070343;24.989171981811523;25.02169418334961;9.689949035644531;0.31099737166579794;0.9997847080168959;0.800000011920929;0.800000011920929;0.800000011920929
lidar;0.0;25.0;24.989620208740234;25.026020050048828;9.702762603759766;0.29855459928512573;24.99009895324707;25.024818420410156;9.716493606567383;0.28476286157265757;0.9999556541452508;0.800000011920929;0.800000011920929;0.800000011920929
lidar;0.0;25.0;24.98963737487793;25.031208038330078;9.703253746032715;0.2985629141330719;24.988000869750977;25.0361385345459;9.656367301940918;0.3457364686013595;0.9999276995668701;0.800000011920929;0.800000011920929;0.800000011920929
lidar;0.0;25.0;24.989654541015625;25.03639793395996;9.703744888305664;0.2986622452735901;24.986324310302734;25.048118591308594;9.608352661132812;0.3948291292916983;0.9995950460483922;0.800000011920929;0.800000011920929;0.800000011920929
lidar;0.0;25.0;24.98967170715332;25.04159164428711;9.704236030578613;0.2988526225090027;24.98920440673828;25.043472290039062;9.690873146057129;0.3123553892694569;0.9989579916278593;0.800000011920929;0.800000011920929;0.800000011920929
lidar;0.0;25.0;24.989688873291016;25.046794891357422;9.704728126525879;0.2991344928741455;24.989421844482422;25.048009872436523;9.697067260742188;0.30689547503150366;0.9980165957227787;0.800000011920929;0.800000011920929;0.800000011920929
lidar;0.0;25.0;24.98970603942871;25.05200958251953;9.705223083496094;0.299507200717926;24.98700714111328;25.065649032592773;9.627914428710938;0.378055862798862;0.9967744348004859;0.800000011920929;0.800000011920929;0.800000011920929
lidar;0.0;25.0;24.98972511291504;25.057233810424805;9.705737113952637;0.2999531924724579;24.98771858215332;25.06840705871582;9.64828872680664;0.35851220362065994;0.9952921868678076;0.800000011920929;0.800000011920929;0.800000011920929
lidar;0.0;25.0;24.989774703979492;25.062273025512695;9.707206726074219;0.2995167672634125;24.99270248413086;25.0444393157959;9.791055679321289;0.21374275302545354;0.9963811637001988;0.800000011920929;0.800000011920929;0.800000011920929
lidar;0.0;25.0;24.98982810974121;25.06728744506836;9.708725929260254;0.2991178035736084;24.99232292175293;25.05078887939453;9.780139923095703;0.22578036152924108;0.9977103470029306;0.800000011920929;0.800000011920929;0.800000011920929
lidar;0.0;25.0;24.98988151550293;25.072288513183594;9.71024227142334;0.2988107204437256;24.99053382873535;25.0676326751709;9.72890567779541;0.27956374456201305;0.998735785501977;0.800000011920929;0.800000011920929;0.800000011920929
lidar;0.0;25.0;24.98993492126465;25.077281951904297;9.71175479888916;0.2985951006412506;24.990108489990234;25.075944900512695;9.716739654541016;0.29343114839401846;0.9994568824446904;0.800000011920929;0.800000011920929;0.800000011920929
lidar;0.0;25.0;24.989986419677734;25.0822696685791;9.713266372680664;0.29847073554992676;24.988183975219727;25.097087860107422;9.661620140075684;0.3522306756039937;0.999873578545956;0.800000011920929;0.800000011920929;0.800000011920929
lidar;0.0;25.0;24.990039825439453;25.087255477905273;9.714776992797852;0.298437237739563;24.99104881286621;25.078413009643555;9.743680953979492;0.26819356134991673;0.999985754489485;0.800000011920929;0.800000011920929;0.800000011920929
lidar;0.0;25.0;24.990093231201172;25.092239379882812;9.716287612915039;0.29849472641944885;24.987873077392578;25.112897872924805;9.652748107910156;0.36534462044049076;0.9997932314683242;0.800000011920929;0.800000011920929;0.800000011920929
lidar;0.0;25.0;24.990144729614258;25.09722900390625;9.717799186706543;0.29864323139190674;24.988000869750977;25.118379592895508;9.65640926361084;0.3636100184317552;0.9992961884079233;0.800000011920929;0.800000011920929;0.800000011920929
lidar;0.0;25.0;24.990198135375977;25.102224349975586;9.71931266784668;0.29888293147087097;24.985916137695312;25.146879196166992;9.596700668334961;0.42944392927363995;0.9984948039480407;0.800000011920929;0.800000011920929;0.800000011920929
lidar;0.0;25.0;24.990251541137695;25.107229232788086;9.720829963684082;0.299214243888855;24.98944091796875;25.116140365600586;9.697627067565918;0.3240821637059937;0.9973892571297972;0.800000011920929;0.800000011920929;0.800000011920929
lidar;0.0;25.0;24.990304946899414;25.112245559692383;9.722350120544434;0.29963767528533936;24.989168167114258;25.125394821166992;9.689827919006348;0.3347350357137394;0.9959797860435742;0.800000011920929;0.800000011920929;0.800000011920929
lidar;0.0;25.0;24.990379333496094;25.117006301879883;9.724519729614258;0.2994536757469177;24.99100112915039;25.109439849853516;9.742334365844727;0.280088322320658;0.9959264400350967;0.800000011920929;0.800000011920929;0.800000011920929
lidar;0.0;25.0;24.99046516418457;25.121627807617188;9.726984977722168;0.2990339696407318;24.992210388183594;25.099363327026367;9.776961326599121;0.24429518036530695;0.9973246455545115;0.800000011920929;0.800000011920929;0.800000011920929
lidar;0.0;25.0;24.99055290222168;25.126237869262695;9.729445457458496;0.29870617389678955;24.991989135742188;25.10704231262207;9.770588874816895;0.25328129894636736;0.9984191060991381;0.800000011920929;0.800000011920929;0.800000011920929
lidar;0.0;25.0;24.990636825561523;25.130840301513672;9.731900215148926;0.29846999049186707;24.990245819091797;25.136316299438477;9.720682144165039;0.310959337245735;0.9992094636658608;0.800000011920929;0.800000011920929;0.800000011920929
lidar;0.0;25.0;24.99072265625;25.13543701171875;9.734352111816406;0.29832494258880615;24.990060806274414;25.14512062072754;9.71535873413086;0.3196552424668368;0.9996953606483733;0.800000011920929;0.800000011920929;0.800000011920929
lidar;0.0;25.0;24.990808486938477;25.140029907226562;9.73680305480957;0.29827091097831726;24.992431640625;25.115293502807617;9.783296585083008;0.24558147138312916;0.999876856798551;0.800000011920929;0.800000011920929;0.800000011920929
lidar;0.0;25.0;24.990894317626953;25.144622802734375;9.739253044128418;0.2983076870441437;24.989273071289062;25.170392990112305;9.692789077758789;0.3514650884930702;0.9997537136194772;0.800000011920929;0.800000011920929;0.800000011920929
lidar;0.0;25.0;24.99098014831543;25.14921760559082;9.741704940795898;0.2984354496002197;24.98958969116211;25.172229766845703;9.701872825622559;0.3444579732290715;0.9993260502535521;0.800000011920929;0.800000011920929;0.800000011920929
lidar;0.0;25.0;24.991065979003906;25.153818130493164;9.744158744812012;0.29865434765815735;24.99003791809082;25.171512603759766;9.714730262756348;0.3330084202432068;0.9985940455628937;0.800000011920929;0.800000011920929;0.800000011920929
lidar;0.0;25.0;24.991151809692383;25.15842628479004;9.746618270874023;0.29896464943885803;24.99114227294922;25.15860366821289;9.746336936950684;0.2992963091020255;0.9975577591176189;0.800000011920929;0.800000011920929;0.800000011920929
lidar;0.0;25.0;24.99123764038086;25.163047790527344;9.749082565307617;0.2993669807910919;24.989456176757812;25.19622039794922;9.69803237915039;0.36027468529753454;0.9962175487472071;0.800000011920929;0.800000011920929;0.800000011920929
lidar;0.0;25.0;24.991336822509766;25.167449951171875;9.751896858215332;0.29944831132888794;24.989887237548828;25.195459365844727;9.710395812988281;0.3495391342582782;0.995079636394216;0.800000011920929;0.800000011920929;0.800000011920929
lidar;0.0;25.0;24.991451263427734;25.171504974365234;9.755215644836426;0.2990085184574127;24.992530822753906;25.149860382080078;9.78610610961914;0.26127517563802005;0.9965431096966665;0.800000011920929;0.800000011920929;0.800000011920929
lidar;0.0;25.0;24.991567611694336;25.175548553466797;9.758525848388672;0.2986608147621155;24.993122100830078;25.1431884765625;9.803037643432617;0.2436077255227178;0.997703075564118;0.800000011920929;0.800000011920929;0.800000011920929
lidar;0.0;25.0;24.991682052612305;25.179584503173828;9.761828422546387;0.298404723405838;24.990005493164062;25.215810775756836;9.713784217834473;0.3585988834654335;0.9985589980882124;0.800000011920929;0.800000011920929;0.800000011920929
lidar;0.0;25.0;24.991798400878906;25.18361473083496;9.765127182006836;0.2982398569583893;24.990825653076172;25.20537567138672;9.737290382385254;0.3335859303711171;0.9991108774503967;0.800000011920929;0.800000011920929;0.800000011920929
lidar;0.0;25.0;24.991912841796875;25.187641143798828;9.768423080444336;0.2981659173965454;24.992063522338867;25.184162139892578;9.772716522216797;0.29263775081623744;0.9993583560144315;0.800000011920929;0.800000011920929;0.800000011920929
lidar;0.0;25.0;24.992027282714844;25.191667556762695;9.77171802520752;0.2981829047203064;24.993515014648438;25.155914306640625;9.814302444458008;0.24255856727392536;0.999301374011867;0.800000011920929;0.800000011920929;0.800000011920929
lidar;0.0;25.0;24.992143630981445;25.195695877075195;9.77501392364502;0.2982907295227051;24.992605209350586;25.18418312072754;9.788251876831055;0.2807401960794128;0.9989399910154709;0.800000011920929;0.800000011920929;0.800000011920929
lidar;0.0;25.0;24.992258071899414;25.19972801208496;9.778314590454102;0.298489511013031;24.991487503051758;25.21962547302246;9.75622844696045;0.3282264687004378;0.9982744455965226;0.800000011920929;0.800000011920929;0.800000011920929
lidar;0.0;25.0;24.992374420166016;25.203767776489258;9.78161907196045;0.29877975583076477;24.99250602722168;25.200218200683594;9.785423278808594;0.2935751076323213;0.997304678132927;0.800000011920929;0.800000011920929;0.800000011920929
lidar;0.0;25.0;24.992488861083984;25.207815170288086;9.784932136535645;0.2991616129875183;24.99361801147461;25.176576614379883;9.817261695861816;0.25419088888524527;0.9960312249227407;0.800000011920929;0.800000011920929;0.800000011920929
lidar;0.0;25.0;24.99260902404785;25.211790084838867;9.788338661193848;0.29951658844947815;24.99370765686035;25.18032455444336;9.819785118103027;0.2550181329991736;0.9939137694187595;0.800000011920929;0.800000011920929;0.800000011920929
lidar;0.0;25.0;24.988922119140625;24.7883358001709;9.788626670837402;0.29933735728263855;24.989858627319336;24.80621337890625;9.806479454040527;0.2740548047094048;0.9945092798722966;0.800000011920929;0.800000011920929;0.800000011920929
lidar;0.0;25.0;24.988740921020508;24.792259216308594;9.785173416137695;0.29905369877815247;24.989694595336914;24.80985450744629;9.803367614746094;0.2737265060118117;0.9963909982052515;0.800000011920929;0.800000011920929;0.800000011920929
lidar;0.0;25.0;24.988567352294922;24.796306610107422;9.781866073608398;0.2986701726913452;24.987960815429688;24.785497665405273;9.77029037475586;0.3145196403600135;0.9976704715788306;0.800000011920929;0.800000011920929;0.800000011920929
lidar;0.0;25.0;24.98839569091797;24.80034637451172;9.778565406799316;0.29837849736213684;24.988323211669922;24.799102783203125;9.77718734741211;0.30023518948458167;0.9986460804193642;0.800000011920929;0.800000011920929;0.800000011920929
lidar;0.0;25.0;24.988222122192383;24.804378509521484;9.775270462036133;0.2981780767440796;24.98978042602539;24.83026695251465;9.805011749267578;0.25871645332025983;0.9993175267488552;0.800000011920929;0.800000011920929;0.800000011920929
lidar;0.0;25.0;24.98805046081543;24.80840492248535;9.771979331970215;0.29806867241859436;24.990345001220703;24.845195770263672;9.815764427185059;0.2408331219861451;0.9996845126330647;0.800000011920929;0.800000011920929;0.800000011920929
lidar;0.0;25.0;24.987876892089844;24.81243133544922;9.768689155578613;0.29805007576942444;24.987627029418945;24.808555603027344;9.763909339904785;0.30420851833887347;0.9997469782621645;0.800000011920929;0.800000011920929;0.800000011920929
lidar;0.0;25.0;24.98770523071289;24.816457748413086;9.765398025512695;0.2981223464012146;24.98844337463379;24.827465057373047;9.779468536376953;0.28024205960981413;0.9995049238041015;0.800000011920929;0.800000011920929;0.800000011920929
lidar;0.0;25.0;24.987531661987305;24.82048797607422;9.762104988098145;0.29828548431396484;24.986591339111328;24.806926727294922;9.744132995605469;0.32081922207238284;0.9989584088128398;0.800000011920929;0.800000011920929;0.800000011920929
lidar;0.0;25.0;24.98736000061035;24.824522018432617;9.758807182312012;0.29853975772857666;24.985092163085938;24.79305648803711;9.715557098388672;0.3520733589473764;0.998107671734637;0.800000011920929;0.800000011920929;0.800000011920929
lidar;0.0;25.0;24.987186431884766;24.82856559753418;9.755502700805664;0.29888564348220825;24.986488342285156;24.819231033325195;9.742188453674316;0.31516111955281956;0.9969527722957701;0.800000011920929;0.800000011920929;0.800000011920929
lidar;0.0;25.0;24.98701286315918;24.83262062072754;9.752189636230469;0.29932358860969543;24.98537826538086;24.811548233032227;9.720990180969238;0.33700796975248565;0.9954942464386108;0.800000011920929;0.800000011920929;0.800000011920929
lidar;0.0;25.0;24.986862182617188;24.836971282958984;9.749302864074707;0.29933226108551025;24.988258361816406;24.85430335998535;9.775954246520996;0.26751047726992416;0.9963333603732553;0.800000011920929;0.800000011920929;0.800000011920929
lidar;0.0;25.0;24.986732482910156;24.841590881347656;9.746840476989746;0.29892969131469727;24.987092971801758;24.84589958190918;9.753726959228516;0.29079867091776335;0.9976748227955133;0.800000011920929;0.800000011920929;0.800000011920929
lidar;0.0;25.0;24.986602783203125;24.84619903564453;9.744383811950684;0.2986190617084503;24.98352813720703;24.810880661010742;9.68568229675293;0.3671961872919213;0.998712301299071;0.800000011920929;0.800000011920929;0.800000011920929
lidar;0.0;25.0;24.986474990844727;24.850799560546875;9.741931915283203;0.298399955034256;24.98249053955078;24.80683708190918;9.66589069366455;0.3863252048145112;0.9994455575733585;0.800000011920929;0.800000011920929;0.800000011920929
lidar;0.0;25.0;24.986347198486328;24.85539436340332;9.739482879638672;0.29827189445495605;24.988718032836914;24.880512237548828;9.784733772277832;0.2464632488308671;0.9998744130168197;0.800000011920929;0.800000011920929;0.800000011920929
lidar;0.0;25.0;24.98621940612793;24.859987258911133;9.737034797668457;0.2982347011566162;24.983922958374023;24.83665657043457;9.693218231201172;0.347929048481396;0.9999986886978423;0.800000011920929;0.800000011920929;0.800000011920929
lidar;0.0;25.0;24.9860897064209;24.864580154418945;9.734587669372559;0.2982884645462036;24.981372833251953;24.818649291992188;9.64456844329834;0.3994573575365763;0.9998183250581673;0.800000011920929;0.800000011920929;0.800000011920929
lidar;0.0;25.0;24.9859619140625;24.86917495727539;9.732137680053711;0.2984330356121063;24.983699798583984;24.848100662231445;9.688987731933594;0.3465081464290071;0.9993335008269008;0.800000011920929;0.800000011920929;0.800000011920929
lidar;0.0;25.0;24.9858341217041;24.873777389526367;9.729684829711914;0.2986688017845154;24.990175247192383;24.912466049194336;9.812541961669922;0.2071205083329557;0.9985442160816782;0.800000011920929;0.800000011920929;0.800000011920929
lidar;0.0;25.0;24.98570442199707;24.878387451171875;9.727228164672852;0.2989961504936218;24.989974975585938;24.91472053527832;9.808721542358398;0.2096681647465114;0.9974506497319963;0.800000011920929;0.800000011920929;0.800000011920929
lidar;0.0;25.0;24.98557472229004;24.88300895690918;9.724764823913574;0.2994154393672943;24.98947525024414;24.91463279724121;9.799162864685059;0.21848107786255183;0.996053457197301;0.800000011920929;0.800000011920929;0.800000011920929
lidar;0.0;25.0;24.985456466674805;24.88772964477539;9.722502708435059;0.2997017502784729;24.980207443237305;24.84720230102539;9.622333526611328;0.407885796171608;0.9957666399302735;0.800000011920929;0.800000011920929;0.800000011920929
lidar;0.0;25.0;24.985376358032227;24.89274787902832;9.720982551574707;0.2992786169052124;24.984039306640625;24.88294219970703;9.695472717285156;0.3266405309541966;0.9971745612121963;0.800000011920929;0.800000011920929;0.800000011920929
lidar;0.0;25.0;24.98529815673828;24.897754669189453;9.719466209411621;0.29894760251045227;24.982152938842773;24.875886917114258;9.659470558166504;0.362881516226312;0.9982787966734621;0.800000011920929;0.800000011920929;0.800000011920929
lidar;0.0;25.0;24.985218048095703;24.90275001525879;9.717952728271484;0.2987082004547119;24.982154846191406;24.882587432861328;9.659475326538086;0.3606403585079319;0.9990788102357544;0.800000011920929;0.800000011920929;0.800000011920929
lidar;0.0;25.0;24.985139846801758;24.907739639282227;9.716442108154297;0.2985600233078003;24.981178283691406;24.88314437866211;9.640847206115723;0.3781535780890351;0.999574601660903;0.800000011920929;0.800000011920929;0.800000011920929
lidar;0.0;25.0;24.98505973815918;24.9127254486084;9.71493148803711;0.2985028624534607;24.988426208496094;24.932384490966797;9.779142379760742;0.23126604263796618;0.9997658729435239;0.800000011920929;0.800000011920929;0.800000011920929
lidar;0.0;25.0;24.984981536865234;24.917713165283203;9.713420867919922;0.29853665828704834;24.9864444732666;24.925731658935547;9.741350173950195;0.269442673529131;0.999652624146033;0.800000011920929;0.800000011920929;0.800000011920929
lidar;0.0;25.0;24.984901428222656;24.922700881958008;9.711910247802734;0.29866141080856323;24.985559463500977;24.926067352294922;9.724456787109375;0.2856544402515845;0.9992348551660541;0.800000011920929;0.800000011920929;0.800000011920929
lidar;0.0;25.0;24.984825134277344;24.927705764770508;9.710441589355469;0.2988327443599701;24.9811954498291;24.910417556762695;9.641194343566895;0.3702975105719915;0.9986618160824443;0.800000011920929;0.800000011920929;0.800000011920929
lidar;0.0;25.0;24.98474884033203;24.932722091674805;9.708985328674316;0.2990798354148865;24.984485626220703;24.931560516357422;9.703962326049805;0.3042421156711968;0.9978367092119792;0.800000011920929;0.800000011920929;0.800000011920929
lidar;0.0;25.0;24.98467254638672;24.937747955322266;9.707526206970215;0.2994186282157898;24.983985900878906;24.934961318969727;9.69443416595459;0.3128211939707983;0.9967076779037783;0.800000011920929;0.800000011920929;0.800000011920929
lidar;0.0;25.0;24.984596252441406;24.942785263061523;9.706063270568848;0.29984962940216064;24.984344482421875;24.941850662231445;9.701261520385742;0.3047473433037622;0.9952750204649347;0.800000011920929;0.800000011920929;0.800000011920929
lidar;0.0;25.0;24.984560012817383;24.94797706604004;9.705370903015137;0.29958489537239075;24.987178802490234;24.956804275512695;9.755356788635254;0.24875793296349863;0.996516048732736;0.800000011920929;0.800000011920929;0.800000011920929
lidar;0.0;25.0;24.984533309936523;24.95319366455078;9.704877853393555;0.29921120405197144;24.98439598083496;24.952774047851562;9.702239990234375;0.30188528605687637;0.99776065356985;0.800000011920929;0.800000011920929;0.800000011920929
lidar;0.0;25.0;24.984506607055664;24.958396911621094;9.704385757446289;0.2989293932914734;24.98643684387207;24.963579177856445;9.741201400756836;0.2617002769757013;0.9987013935325231;0.800000011920929;0.800000011920929;0.800000011920929
lidar;0.0;25.0;24.984481811523438;24.963594436645508;9.703901290893555;0.29873135685920715;24.982219696044922;24.958284378051758;9.660723686218262;0.3422933136296784;0.9993640185021619;0.800000011920929;0.800000011920929;0.800000011920929
lidar;0.0;25.0;24.984458923339844;24.968788146972656;9.703449249267578;0.29859328269958496;24.987627029418945;24.97515296936035;9.76392650604248;0.23769936058927182;0.9998261332666865;0.800000011920929;0.800000011920929;0.800000011920929
lidar;0.0;25.0;24.984434127807617;24.973979949951172;9.702997207641602;0.29854628443717957;24.988710403442383;24.98112678527832;9.784567832946777;0.2165515443124558;0.9999836087234456;0.800000011920929;0.800000011920929;0.800000011920929
lidar;0.0;25.0;24.984413146972656;24.97917366027832;9.702571868896484;0.2985634505748749;24.981203079223633;24.974885940551758;9.641342163085938;0.3600268839143667;0.9999263882678292;0.800000011920929;0.800000011920929;0.800000011920929
lidar;0.0;25.0;24.984392166137695;24.984371185302734;9.70217514038086;0.2986423373222351;24.984590530395508;24.984569549560547;9.705982208251953;0.2948251368076484;0.9996624589057953;0.800000011920929;0.800000011920929;0.800000011920929
lidar;0.0;25.0;24.984375;24.989574432373047;9.701849937438965;0.29874101281166077;24.98739242553711;24.991588592529297;9.759438514709473;0.24103876664346016;0.9993323683772019;0.800000011920929;0.800000011920929;0.800000011920929
lidar;0.0;25.0;24.984363555908203;24.99478530883789;9.701630592346191;0.2988242506980896;24.983800888061523;24.994596481323242;9.690886497497559;0.30958502435669466;0.9990538358228691;0.800000011920929;0.800000011920929;0.800000011920929
lidar;0.0;25.0;24.984357833862305;25.0;9.70154094696045;0.2988690435886383;24.985342025756836;25.0;9.720311164855957;0.2800724314777138;0.9989041089717636;0.800000011920929;0.800000011920929;0.800000011920929
lidar;0.0;25.0;24.984363555908203;25.00521469116211;9.701630592346191;0.2988242506980896;24.982192993164062;25.005939483642578;9.660211563110352;0.34030637627569943;0.9990538358228691;0.800000011920929;0.800000011920929;0.800000011920929
lidar;0.0;25.0;24.984375;25.010425567626953;9.701849937438965;0.29874101281166077;24.98495101928711;25.010042190551758;9.712839126586914;0.28773002215515714;0.9993323683772019;0.800000011920929;0.800000011920929;0.800000011920929
lidar;0.0;25.0;24.984392166137695;25.015628814697266;9.702176094055176;0.2986423075199127;24.982898712158203;25.01712417602539;9.673697471618652;0.32719832903380147;0.9996624589057953;0.800000011920929;0.800000011920929;0.800000011920929
lidar;0.0;25.0;24.984413146972656;25.02082633972168;9.702571868896484;0.2985634505748749;24.986085891723633;25.018592834472656;9.734489440917969;0.2665243809260476;0.9999263882678292;0.800000011920929;0.800000011920929;0.800000011920929
lidar;0.0;25.0;24.984434127807617;25.026020050048828;9.702997207641602;0.29854628443717957;24.982585906982422;25.029109954833984;9.667723655700684;0.33400302781955904;0.9999836087234456;0.800000011920929;0.800000011920929;0.800000011920929
lidar;0.0;25.0;24.984458923339844;25.031211853027344;9.703449249267578;0.29859328269958496;24.986936569213867;25.026235580444336;9.75073528289795;0.2509816124752986;0.9998261332666865;0.800000011920929;0.800000011920929;0.800000011920929
lidar;0.0;25.0;24.984481811523438;25.036405563354492;9.703901290893555;0.29873135685920715;24.986209869384766;25.032350540161133;9.736885070800781;0.2654548296175651;0.9993640185021619;0.800000011920929;0.800000011920929;0.800000011920929
lidar;0.0;25.0;24.984506607055664;25.041603088378906;9.704385757446289;0.2989293932914734;24.987802505493164;25.032756805419922;9.767240524291992;0.2353695806469026;0.9987013935325231;0.800000011920929;0.800000011920929;0.800000011920929
lidar;0.0;25.0;24.984533309936523;25.04680633544922;9.704877853393555;0.29921120405197144;24.983264923095703;25.050643920898438;9.68069076538086;0.3237335422017842;0.99776065356985;0.800000011920929;0.800000011920929;0.800000011920929
lidar;0.0;25.0;24.984560012817383;25.05202293395996;9.705370903015137;0.29958489537239075;24.98308753967285;25.056982040405273;9.677281379699707;0.32814702965219117;0.996516048732736;0.800000011920929;0.800000011920929;0.800000011920929
lidar;0.0;25.0;24.984596252441406;25.057214736938477;9.706063270568848;0.29984962940216064;24.985902786254883;25.052358627319336;9.731012344360352;0.2743982235002829;0.9952749611441785;0.800000011920929;0.800000011920929;0.800000011920929
lidar;0.0;25.0;24.98467254638672;25.062252044677734;9.707525253295898;0.29941868782043457;24.978633880615234;25.086780548095703;9.592292785644531;0.4173872090457658;0.9967076779037783;0.800000011920929;0.800000011920929;0.800000011920929
lidar;0.0;25.0;24.98474884033203;25.067277908325195;9.708984375;0.29907989501953125;24.980907440185547;25.084224700927734;9.6356840133667;0.37441179424506643;0.9978367092119792;0.800000011920929;0.800000011920929;0.800000011920929
lidar;0.0;25.0;24.984825134277344;25.072294235229492;9.710441589355469;0.2988327741622925;24.984851837158203;25.072168350219727;9.710947036743164;0.2983103803678544;0.9986618160824443;0.800000011920929;0.800000011920929;0.800000011920929
lidar;0.0;25.0;24.984901428222656;25.077299118041992;9.711910247802734;0.2986614406108856;24.983034133911133;25.086862564086914;9.67626953125;0.33561086540169127;0.9992348551660541;0.800000011920929;0.800000011920929;0.800000011920929
lidar;0.0;25.0;24.984981536865234;25.082286834716797;9.713421821594238;0.29853662848472595;24.98130989074707;25.10240364074707;9.643366813659668;0.37151481787539997;0.999652624146033;0.800000011920929;0.800000011920929;0.800000011920929
lidar;0.0;25.0;24.98505973815918;25.0872745513916;9.71493148803711;0.2985028028488159;24.985183715820312;25.086551666259766;9.717291831970215;0.2960317478735519;0.9997658729435239;0.800000011920929;0.800000011920929;0.800000011920929
lidar;0.0;25.0;24.985139846801758;25.092260360717773;9.716442108154297;0.2985599935054779;24.981775283813477;25.113140106201172;9.652267456054688;0.366129007269065;0.999574601660903;0.800000011920929;0.800000011920929;0.800000011920929
lidar;0.0;25.0;24.985218048095703;25.09724998474121;9.717952728271484;0.2987081706523895;24.985746383666992;25.09378433227539;9.728005409240723;0.2880619264052233;0.9990788102357544;0.800000011920929;0.800000011920929;0.800000011920929
lidar;0.0;25.0;24.98529815673828;25.102245330810547;9.719466209411621;0.2989475429058075;24.98688316345215;25.091217041015625;9.749726295471191;0.2667007838990987;0.9982787966734621;0.800000011920929;0.800000011920929;0.800000011920929
lidar;0.0;25.0;24.985376358032227;25.10725212097168;9.720982551574707;0.2992785573005676;24.984363555908203;25.11467933654785;9.70165729522705;0.32000644067393985;0.9971745612121963;0.800000011920929;0.800000011920929;0.800000011920929
lidar;0.0;25.0;24.985456466674805;25.11227035522461;9.722501754760742;0.2997017800807953;24.984891891479492;25.11663055419922;9.711723327636719;0.3113432976584073;0.9957666399302735;0.800000011920929;0.800000011920929;0.800000011920929
lidar;0.0;25.0;24.98557472229004;25.11699104309082;9.724764823913574;0.2994154095649719;24.985410690307617;25.118331909179688;9.72160816192627;0.30284865626589264;0.996053457197301;0.800000011920929;0.800000011920929;0.800000011920929
lidar;0.0;25.0;24.98570442199707;25.121612548828125;9.727228164672852;0.29899606108665466;24.98333168029785;25.141801834106445;9.681944847106934;0.3486322497450927;0.9974507092787912;0.800000011920929;0.800000011920929;0.800000011920929
lidar;0.0;25.0;24.9858341217041;25.126222610473633;9.729684829711914;0.29866868257522583;24.98903465270996;25.09770393371582;9.790760040283203;0.23118804595575895;0.9985442160816782;0.800000011920929;0.800000011920929;0.800000011920929
lidar;0.0;25.0;24.9859619140625;25.13082504272461;9.732137680053711;0.2984327971935272;24.985097885131836;25.138870239257812;9.71566390991211;0.31678708627924246;0.9993335008269008;0.800000011920929;0.800000011920929;0.800000011920929
lidar;0.0;25.0;24.9860897064209;25.135419845581055;9.734587669372559;0.2982882559299469;24.987871170043945;25.11808204650879;9.76856803894043;0.26009834399354037;0.9998183846638937;0.800000011920929;0.800000011920929;0.800000011920929
lidar;0.0;25.0;24.98621940612793;25.140012741088867;9.737035751342773;0.2982344925403595;24.98657989501953;25.136341094970703;9.743928909301758;0.29041597355098886;0.9999986886978423;0.800000011920929;0.800000011920929;0.800000011920929
lidar;0.0;25.0;24.986347198486328;25.14460563659668;9.739482879638672;0.29827168583869934;24.984220504760742;25.167125701904297;9.698911666870117;0.3447229020159588;0.9998744130168197;0.800000011920929;0.800000011920929;0.800000011920929
lidar;0.0;25.0;24.986474990844727;25.149200439453125;9.741931915283203;0.29839974641799927;24.982276916503906;25.19551658630371;9.661819458007812;0.39103292231621534;0.9994455575733585;0.800000011920929;0.800000011920929;0.800000011920929
lidar;0.0;25.0;24.986602783203125;25.15380096435547;9.744384765625;0.29861894249916077;24.98651695251465;25.154787063598633;9.742745399475098;0.30053409982715773;0.998712301299071;0.800000011920929;0.800000011920929;0.800000011920929
lidar;0.0;25.0;24.986732482910156;25.158409118652344;9.746840476989746;0.2989296615123749;24.990299224853516;25.115812301635742;9.81491470336914;0.2185482970230343;0.9976748227955133;0.800000011920929;0.800000011920929;0.800000011920929
lidar;0.0;25.0;24.986862182617188;25.163028717041016;9.749302864074707;0.2993322014808655;24.987791061401367;25.151498794555664;9.767030715942383;0.27816506352901793;0.9963333603732553;0.800000011920929;0.800000011920929;0.800000011920929
lidar;0.0;25.0;24.98701286315918;25.16737937927246;9.752189636230469;0.29932358860969543;24.98773765563965;25.158031463623047;9.766029357910156;0.282607269437906;0.9954941870942048;0.800000011920929;0.800000011920929;0.800000011920929
lidar;0.0;25.0;24.987186431884766;25.17143440246582;9.755502700805664;0.298885703086853;24.988229751586914;25.157470703125;9.77541732788086;0.2745409127577572;0.9969527124317575;0.800000011920929;0.800000011920929;0.800000011920929
lidar;0.0;25.0;24.98736000061035;25.175477981567383;9.758807182312012;0.29853981733322144;24.9881534576416;25.164466857910156;9.773940086364746;0.27980869379389356;0.9981076121760254;0.800000011920929;0.800000011920929;0.800000011920929
lidar;0.0;25.0;24.987531661987305;25.17951202392578;9.762104988098145;0.29828551411628723;24.986976623535156;25.1875057220459;9.751511573791504;0.3115675456494729;0.9989583491472441;0.800000011920929;0.800000011920929;0.800000011920929
lidar;0.0;25.0;24.98770523071289;25.183542251586914;9.765398025512695;0.2981223464012146;24.991716384887695;25.1236629486084;9.841937065124512;0.20086054130180162;0.9995048642606302;0.800000011920929;0.800000011920929;0.800000011920929
lidar;0.0;25.0;24.987876892089844;25.18756866455078;9.768689155578613;0.29805007576942444;24.989173889160156;25.167518615722656;9.793416023254395;0.2661883557049422;0.9997469186792524;0.800000011920929;0.800000011920929;0.800000011920929
lidar;0.0;25.0;24.98805046081543;25.19159507751465;9.771979331970215;0.298068642616272;24.99155616760254;25.13538360595703;9.838876724243164;0.21062005566910286;0.999684453026816;0.800000011920929;0.800000011920929;0.800000011920929
lidar;0.0;25.0;24.988222122192383;25.195621490478516;9.775270462036133;0.298178106546402;24.98806381225586;25.198240280151367;9.772262573242188;0.3021696235279696;0.9993174671632716;0.800000011920929;0.800000011920929;0.800000011920929
lidar;0.0;25.0;24.98839569091797;25.19965362548828;9.778565406799316;0.29837849736213684;24.98685646057129;25.22612762451172;9.749204635620117;0.3379417342152821;0.9986460209261206;0.800000011920929;0.800000011920929;0.800000011920929
lidar;0.0;25.0;24.988567352294922;25.203693389892578;9.781866073608398;0.2986702024936676;24.99188995361328;25.14451026916504;9.845245361328125;0.21189098224172612;0.9976704121120156;0.800000011920929;0.800000011920929;0.800000011920929
lidar;0.0;25.0;24.988740921020508;25.207740783691406;9.785173416137695;0.2990536689758301;24.98711585998535;25.237747192382812;9.754143714904785;0.3422495575436856;0.9963909387574078;0.800000011920929;0.800000011920929;0.800000011920929
lidar;0.0;25.0;24.988922119140625;25.2116641998291;9.788626670837402;0.29933732748031616;24.98794937133789;25.230266571044922;9.770050048828125;0.3256450662278112;0.9945092798722966;0.800000011920929;0.800000011920929;0.800000011920929
lidar;0.0;25.0;24.985240936279297;24.788433074951172;9.788949966430664;0.29919931292533875;24.98348617553711;24.76326560974121;9.76384162902832;0.33479392770444283;0.9949678779864253;0.800000011920929;0.800000011920929;0.800000011920929
lidar;0.0;25.0;24.984996795654297;24.792299270629883;9.785443305969238;0.29899662733078003;24.98057746887207;24.731117248535156;9.722241401672363;0.3870721315977282;0.9965811372183135;0.800000011920929;0.800000011920929;0.800000011920929
lidar;0.0;25.0;24.984766006469727;24.79634666442871;9.782140731811523;0.2986123561859131;24.98699188232422;24.826107025146484;9.813977241516113;0.2549749308492245;0.9978637694126586;0.800000011920929;0.800000011920929;0.800000011920929
lidar;0.0;25.0;24.984535217285156;24.800384521484375;9.778844833374023;0.29831981658935547;24.98368263244629;24.78938865661621;9.766661643981934;0.3147546360707126;0.9988425373849404;0.800000011920929;0.800000011920929;0.800000011920929
lidar;0.0;25.0;24.984304428100586;24.80441665649414;9.775555610656738;0.2981185019016266;24.983285903930664;24.791709899902344;9.76097297668457;0.31748683450335435;0.9995169639854075;0.800000011920929;0.800000011920929;0.800000011920929
lidar;0.0;25.0;24.98407554626465;24.808443069458008;9.772268295288086;0.29800835251808167;24.985322952270508;24.823442459106445;9.790099143981934;0.27467474834582695;0.9998869895985528;0.800000011920929;0.800000011920929;0.800000011920929
lidar;0.0;25.0;24.98384666442871;24.812469482421875;9.768982887268066;0.2979888617992401;24.98161506652832;24.786579132080078;9.737089157104492;0.3391288634251224;0.9999523758882767;0.800000011920929;0.800000011920929;0.800000011920929
lidar;0.0;25.0;24.98361587524414;24.816495895385742;9.765697479248047;0.29806020855903625;24.985551834106445;24.838180541992188;9.793384552001953;0.26283887838666664;0.9997132420472429;0.800000011920929;0.800000011920929;0.800000011920929
lidar;0.0;25.0;24.983386993408203;24.820526123046875;9.762409210205078;0.29822248220443726;24.981035232543945;24.79513931274414;9.728801727294922;0.3404057135768933;0.999169528539847;0.800000011920929;0.800000011920929;0.800000011920929
lidar;0.0;25.0;24.983156204223633;24.824560165405273;9.759116172790527;0.29847586154937744;24.98693084716797;24.863880157470703;9.813103675842285;0.23158114365519178;0.9983215331448297;0.800000011920929;0.800000011920929;0.800000011920929
lidar;0.0;25.0;24.982925415039062;24.828603744506836;9.755816459655762;0.29882076382637024;24.980737686157227;24.80665397644043;9.724544525146484;0.33708945415302527;0.9971693156854129;0.800000011920929;0.800000011920929;0.800000011920929
lidar;0.0;25.0;24.98269271850586;24.832656860351562;9.752508163452148;0.2992577850818634;24.987062454223633;24.874897003173828;9.814979553222656;0.22371936864860156;0.9957134127999029;0.800000011920929;0.800000011920929;0.800000011920929
lidar;0.0;25.0;24.982486724853516;24.83695411682129;9.749543190002441;0.29936519265174866;24.98314094543457;24.843042373657227;9.758895874023438;0.28818600864223026;0.9962237477692729;0.800000011920929;0.800000011920929;0.800000011920929
lidar;0.0;25.0;24.982315063476562;24.84157371520996;9.747082710266113;0.29896292090415955;24.982751846313477;24.84549903869629;9.753348350524902;0.29155659838606773;0.997563958305139;0.800000011920929;0.800000011920929;0.800000011920929
lidar;0.0;25.0;24.98214340209961;24.846181869506836;9.744627952575684;0.29865261912345886;24.979509353637695;24.823509216308594;9.70698356628418;0.3426773860845395;0.9986002445107118;0.800000011920929;0.800000011920929;0.800000011920929
lidar;0.0;25.0;24.981971740722656;24.85078239440918;9.742177963256836;0.29843372106552124;24.980470657348633;24.83837127685547;9.720733642578125;0.32325702178907395;0.9993323683772019;0.800000011920929;0.800000011920929;0.800000011920929
lidar;0.0;25.0;24.981800079345703;24.855379104614258;9.739730834960938;0.29830601811408997;24.984100341796875;24.8736515045166;9.77261734008789;0.26061335740778774;0.9997600912996375;0.800000011920929;0.800000011920929;0.800000011920929
lidar;0.0;25.0;24.98162841796875;24.85997200012207;9.737285614013672;0.2982691824436188;24.979129791259766;24.840919494628906;9.701541900634766;0.3388503587966867;0.9998832344966296;0.800000011920929;0.800000011920929;0.800000011920929
lidar;0.0;25.0;24.98145866394043;24.864564895629883;9.73483943939209;0.2983231842517853;24.97970199584961;24.85173225402832;9.709716796875;0.32658795466842827;0.9997019171848849;0.800000011920929;0.800000011920929;0.800000011920929
lidar;0.0;25.0;24.981287002563477;24.869159698486328;9.732392311096191;0.29846811294555664;24.97886848449707;24.852245330810547;9.697797775268555;0.3370517945569681;0.9992159605226549;0.800000011920929;0.800000011920929;0.800000011920929
lidar;0.0;25.0;24.981115341186523;24.873762130737305;9.729941368103027;0.29870420694351196;24.981672286987305;24.87748146057129;9.737899780273438;0.2899015541442521;0.9984257221559374;0.800000011920929;0.800000011920929;0.800000011920929
lidar;0.0;25.0;24.98094367980957;24.878372192382812;9.727486610412598;0.2990318834781647;24.986371994018555;24.913022994995117;9.805124282836914;0.21383937886230414;0.997331261496538;0.800000011920929;0.800000011920929;0.800000011920929
lidar;0.0;25.0;24.980772018432617;24.88299560546875;9.725025177001953;0.2994515299797058;24.982919692993164;24.896060943603516;9.755733489990234;0.2660097908720181;0.9959331158123279;0.800000011920929;0.800000011920929;0.800000011920929
lidar;0.0;25.0;24.980606079101562;24.88767433166504;9.722663879394531;0.29984724521636963;24.98131561279297;24.89178466796875;9.732809066772461;0.2888788308877131;0.9952833058028066;0.800000011920929;0.800000011920929;0.800000011920929
lidar;0.0;25.0;24.980501174926758;24.892696380615234;9.72114372253418;0.2994247078895569;24.98087501525879;24.894752502441406;9.726487159729004;0.2936873833202894;0.9966879486465876;0.800000011920929;0.800000011920929;0.800000011920929
lidar;0.0;25.0;24.98039436340332;24.897703170776367;9.71962833404541;0.2990942597389221;24.978931427001953;24.890066146850586;9.69869327545166;0.3214264519223846;0.9977889058716007;0.800000011920929;0.800000011920929;0.800000011920929
lidar;0.0;25.0;24.980289459228516;24.902708053588867;9.718133926391602;0.29883551597595215;24.97941017150879;24.898365020751953;9.705550193786621;0.31217683146778197;0.9986529350792697;0.800000011920929;0.800000011920929;0.800000011920929
lidar;0.0;25.0;24.980188369750977;24.907718658447266;9.716681480407715;0.29862645268440247;24.984371185302734;24.927204132080078;9.776501655578613;0.2355740393318211;0.9993520975231664;0.800000011920929;0.800000011920929;0.800000011920929
lidar;0.0;25.0;24.980087280273438;24.9127254486084;9.715229988098145;0.29850858449935913;24.983156204223633;24.926177978515625;9.759127616882324;0.25249301464796226;0.9997467398465154;0.800000011920929;0.800000011920929;0.800000011920929
lidar;0.0;25.0;24.9799861907959;24.917728424072266;9.71377944946289;0.29848161339759827;24.980043411254883;24.917966842651367;9.714611053466797;0.2976152507510627;0.999836862101933;0.800000011920929;0.800000011920929;0.800000011920929
lidar;0.0;25.0;24.97988510131836;24.922731399536133;9.712329864501953;0.29854556918144226;24.97928237915039;24.9204158782959;9.703713417053223;0.3074871405139362;0.9996224642032228;0.800000011920929;0.800000011920929;0.800000011920929
lidar;0.0;25.0;24.979782104492188;24.927738189697266;9.710878372192383;0.2987006604671478;24.978971481323242;24.924840927124023;9.699287414550781;0.31067514647076466;0.9991035461853626;0.800000011920929;0.800000011920929;0.800000011920929
lidar;0.0;25.0;24.97968101501465;24.932750701904297;9.70942497253418;0.2989470064640045;24.97393226623535;24.913724899291992;9.627211570739746;0.38352884763642;0.9982802867961199;0.800000011920929;0.800000011920929;0.800000011920929
lidar;0.0;25.0;24.97957992553711;24.937774658203125;9.707968711853027;0.29928499460220337;24.97585105895996;24.92641258239746;9.65463924407959;0.35393879748484264;0.9971529842419073;0.800000011920929;0.800000011920929;0.800000011920929
lidar;0.0;25.0;24.979476928710938;24.942811965942383;9.706507682800293;0.29971519112586975;24.98117446899414;24.94754409790039;9.730796813964844;0.2749111266879342;0.9957218765370155;0.800000011920929;0.800000011920929;0.800000011920929
lidar;0.0;25.0;24.979408264160156;24.947948455810547;9.705521583557129;0.2997514009475708;24.981952667236328;24.954381942749023;9.741917610168457;0.2627032736614172;0.9959622621952494;0.800000011920929;0.800000011920929;0.800000011920929
lidar;0.0;25.0;24.9793758392334;24.953170776367188;9.705049514770508;0.2993559241294861;24.979190826416016;24.9527530670166;9.702417373657227;0.3020280854247309;0.9972784521123016;0.800000011920929;0.800000011920929;0.800000011920929
lidar;0.0;25.0;24.97934341430664;24.95838165283203;9.704596519470215;0.29903507232666016;24.976999282836914;24.953659057617188;9.67106819152832;0.3329759502748702;0.9983484744529626;0.800000011920929;0.800000011920929;0.800000011920929
lidar;0.0;25.0;24.979310989379883;24.963584899902344;9.704143524169922;0.29880598187446594;24.982179641723633;24.968631744384766;9.745144844055176;0.25739635736123273;0.9991143942599158;0.800000011920929;0.800000011920929;0.800000011920929
lidar;0.0;25.0;24.979280471801758;24.968780517578125;9.703691482543945;0.2986680269241333;24.98160171508789;24.972278594970703;9.736896514892578;0.26519890709272154;0.9995759725778646;0.800000011920929;0.800000011920929;0.800000011920929
lidar;0.0;25.0;24.979251861572266;24.97397804260254;9.703293800354004;0.29856717586517334;24.9763240814209;24.970304489135742;9.661413192749023;0.3407104346108127;0.9999136924713492;0.800000011920929;0.800000011920929;0.800000011920929
lidar;0.0;25.0;24.979225158691406;24.97917366027832;9.702898025512695;0.2985551059246063;24.982912063598633;24.98287010192871;9.755629539489746;0.2455654382709864;0.9999544620480533;0.800000011920929;0.800000011920929;0.800000011920929
lidar;0.0;25.0;24.979202270507812;24.984375;9.702571868896484;0.29856327176094055;24.9805908203125;24.98541831970215;9.722423553466797;0.27863587954173474;0.999927043911073;0.800000011920929;0.800000011920929;0.800000011920929
lidar;0.0;25.0;24.979183197021484;24.989578247070312;9.702302932739258;0.29860565066337585;24.982589721679688;24.991283416748047;9.751007080078125;0.24975299551649455;0.999784946452409;0.800000011920929;0.800000011920929;0.800000011920929
lidar;0.0;25.0;24.979169845581055;24.994787216186523;9.702122688293457;0.298650324344635;24.982013702392578;24.995498657226562;9.742796897888184;0.25787086238267576;0.9996352791551252;0.800000011920929;0.800000011920929;0.800000011920929
lidar;0.0;25.0;24.97916603088379;25.0;9.702052116394043;0.2986755073070526;24.9848575592041;25.0;9.78345775604248;0.217071239070115;0.9995512962369434;0.800000011920929;0.800000011920929;0.800000011920929
lidar;0.0;25.0;24.979169845581055;25.005212783813477;9.702122688293457;0.2986503541469574;24.978668212890625;25.00533676147461;9.694954872131348;0.3058361645237576;0.9996352791551252;0.800000011920929;0.800000011920929;0.800000011920929
lidar;0.0;25.0;24.979183197021484;25.010421752929688;9.702302932739258;0.29860565066337585;24.98512077331543;25.007448196411133;9.787219047546387;0.21343074623963376;0.999784946452409;0.800000011920929;0.800000011920929;0.800000011920929
lidar;0.0;25.0;24.979202270507812;25.015625;9.702571868896484;0.29856327176094055;24.984128952026367;25.011924743652344;9.773032188415527;0.22783392950135656;0.999927043911073;0.800000011920929;0.800000011920929;0.800000011920929
lidar;0.0;25.0;24.979225158691406;25.02082633972168;9.702898025512695;0.2985551059246063;24.980749130249023;25.019298553466797;9.724685668945312;0.27666071149572635;0.9999544620480533;0.800000011920929;0.800000011920929;0.800000011920929
lidar;0.0;25.0;24.979251861572266;25.02602195739746;9.703293800354004;0.2985672056674957;24.9746150970459;25.031837463378906;9.63697624206543;0.3653002945298114;0.9999136924713492;0.800000011920929;0.800000011920929;0.800000011920929
lidar;0.0;25.0;24.979280471801758;25.031219482421875;9.703691482543945;0.2986680269241333;24.977828979492188;25.03340721130371;9.682927131652832;0.3195980905427605;0.9995759725778646;0.800000011920929;0.800000011920929;0.800000011920929
lidar;0.0;25.0;24.979310989379883;25.036415100097656;9.704143524169922;0.2988060414791107;24.9814395904541;25.032669067382812;9.734586715698242;0.26805955915325547;0.9991143942599158;0.800000011920929;0.800000011920929;0.800000011920929
lidar;0.0;25.0;24.97934341430664;25.04161834716797;9.704596519470215;0.29903507232666016;24.98219871520996;25.035863876342773;9.745444297790527;0.25768553284195383;0.9983484744529626;0.800000011920929;0.800000011920929;0.800000011920929
lidar;0.0;25.0;24.9793758392334;25.046829223632812;9.705049514770508;0.2993559241294861;24.98062515258789;25.04399299621582;9.722918510437012;0.28122048254659293;0.9972784521123016;0.800000011920929;0.800000011920929;0.800000011920929
lidar;0.0;25.0;24.979408264160156;25.052051544189453;9.705521583557129;0.2997514307498932;24.974010467529297;25.06569480895996;9.628335952758789;0.37831941006875264;0.9959622621952494;0.800000011920929;0.800000011920929;0.800000011920929
lidar;0.0;25.0;24.979476928710938;25.057188034057617;9.706507682800293;0.29971519112586975;24.981937408447266;25.050331115722656;9.74170207977295;0.26377462355996983;0.9957218765370155;0.800000011920929;0.800000011920929;0.800000011920929
lidar;0.0;25.0;24.97957992553711;25.062225341796875;9.707967758178711;0.29928508400917053;24.976966857910156;25.0701847076416;9.670616149902344;0.3375643716632322;0.9971529842419073;0.800000011920929;0.800000011920929;0.800000011920929
lidar;0.0;25.0;24.97968101501465;25.067249298095703;9.709424018859863;0.2989470660686493;24.97991180419922;25.066484451293945;9.712725639343262;0.2955508507999981;0.9982802867961199;0.800000011920929;0.800000011920929;0.800000011920929
lidar;0.0;25.0;24.979782104492188;25.072261810302734;9.710878372192383;0.2987006902694702;24.97926139831543;25.074129104614258;9.703412055969238;0.3064139927963265;0.9991035461853626;0.800000011920929;0.800000011920929;0.800000011920929
lidar;0.0;25.0;24.97988510131836;25.077268600463867;9.712329864501953;0.2985456585884094;24.982553482055664;25.067012786865234;9.75051212310791;0.25891960894130095;0.9996224642032228;0.800000011920929;0.800000011920929;0.800000011920929
lidar;0.0;25.0;24.9799861907959;25.082271575927734;9.71377944946289;0.29848164319992065;24.982994079589844;25.069908142089844;9.756796836853027;0.2536218115062158;0.999836862101933;0.800000011920929;0.800000011920929;0.800000011920929
lidar;0.0;25.0;24.980087280273438;25.0872745513916;9.715229988098145;0.29850858449935913;24.982664108276367;25.075979232788086;9.752086639404297;0.2598743962001839;0.9997467398465154;0.800000011920929;0.800000011920929;0.800000011920929
lidar;0.0;25.0;24.980188369750977;25.092281341552734;9.716681480407715;0.29862648248672485;24.978870391845703;25.098421096801758;9.69782829284668;0.3184982923890391;0.9993520975231664;0.800000011920929;0.800000011920929;0.800000011920929
lidar;0.0;25.0;24.980289459228516;25.097291946411133;9.718133926391602;0.29883551597595215;24.981752395629883;25.090070724487305;9.739052772521973;0.27665764147245303;0.9986529350792697;0.800000011920929;0.800000011920929;0.800000011920929
lidar;0.0;25.0;24.98039436340332;25.102296829223633;9.71962833404541;0.2990942895412445;24.979833602905273;25.105222702026367;9.711607933044434;0.3076503153786586;0.9977889058716007;0.800000011920929;0.800000011920929;0.800000011920929
lidar;0.0;25.0;24.980501174926758;25.107303619384766;9.72114372253418;0.2994246780872345;24.978836059570312;25.11646270751953;9.697344779968262;0.3249797101530134;0.9966879486465876;0.800000011920929;0.800000011920929;0.800000011920929
lidar;0.0;25.0;24.980606079101562;25.11232566833496;9.722663879394531;0.29984724521636963;24.984516143798828;25.08968734741211;9.778557777404785;0.23941590720336478;0.9952833058028066;0.800000011920929;0.800000011920929;0.800000011920929
lidar;0.0;25.0;24.980772018432617;25.11700439453125;9.725025177001953;0.2994515001773834;24.97869300842285;25.129650115966797;9.695306777954102;0.33181544188918466;0.9959331158123279;0.800000011920929;0.800000011920929;0.800000011920929
lidar;0.0;25.0;24.98094367980957;25.121627807617188;9.727486610412598;0.2990317642688751;24.982532501220703;25.111488342285156;9.750205039978027;0.2741025725190887;0.997331261496538;0.800000011920929;0.800000011920929;0.800000011920929
lidar;0.0;25.0;24.981115341186523;25.126237869262695;9.729941368103027;0.2987041175365448;24.982421875;25.117504119873047;9.748625755310059;0.2780385703266841;0.9984257221559374;0.800000011920929;0.800000011920929;0.800000011920929
lidar;0.0;25.0;24.981287002563477;25.130840301513672;9.732392311096191;0.2984679639339447;24.979637145996094;25.142377853393555;9.708793640136719;0.3247880542644548;0.9992160201069847;0.800000011920929;0.800000011920929;0.800000011920929
lidar;0.0;25.0;24.98145866394043;25.135435104370117;9.73483943939209;0.29832300543785095;24.982341766357422;25.12898063659668;9.747476577758789;0.284105826927544;0.9997019171848849;0.800000011920929;0.800000011920929;0.800000011920929
lidar;0.0;25.0;24.98162841796875;25.14002799987793;9.737285614013672;0.2982689440250397;24.98692512512207;25.09966468811035;9.813015937805176;0.21228952664644185;0.9998832344966296;0.800000011920929;0.800000011920929;0.800000011920929
lidar;0.0;25.0;24.981800079345703;25.144620895385742;9.739731788635254;0.29830583930015564;24.979366302490234;25.163955688476562;9.704936981201172;0.33818549321572156;0.9997600912996375;0.800000011920929;0.800000011920929;0.800000011920929
lidar;0.0;25.0;24.981971740722656;25.14921760559082;9.742178916931152;0.2984336018562317;24.983938217163086;25.1329402923584;9.770302772521973;0.2658791252662022;0.9993323683772019;0.800000011920929;0.800000011920929;0.800000011920929
lidar;0.0;25.0;24.98214340209961;25.153818130493164;9.744627952575684;0.2986525297164917;24.981597900390625;25.15850257873535;9.736848831176758;0.30775021165776373;0.9986002445107118;0.800000011920929;0.800000011920929;0.800000011920929
lidar;0.0;25.0;24.982315063476562;25.15842628479004;9.747082710266113;0.29896286129951477;24.985685348510742;25.128231048583984;9.795287132263184;0.24198178882602364;0.997563958305139;0.800000011920929;0.800000011920929;0.800000011920929
lidar;0.0;25.0;24.982486724853516;25.16304588317871;9.749543190002441;0.29936516284942627;24.978939056396484;25.19607925415039;9.698801040649414;0.36001616950289045;0.9962237477692729;0.800000011920929;0.800000011920929;0.800000011920929
lidar;0.0;25.0;24.98269271850586;25.167343139648438;9.752508163452148;0.2992578148841858;24.981813430786133;25.175851821899414;9.739924430847168;0.3144739028158384;0.9957134127999029;0.800000011920929;0.800000011920929;0.800000011920929
lidar;0.0;25.0;24.982925415039062;25.171396255493164;9.755816459655762;0.29882076382637024;24.987138748168945;25.129098892211914;9.816075325012207;0.22507826684807458;0.9971692563038781;0.800000011920929;0.800000011920929;0.800000011920929
lidar;0.0;25.0;24.983156204223633;25.175439834594727;9.759116172790527;0.29847583174705505;24.98235321044922;25.183794021606445;9.747645378112793;0.3126892771254983;0.9983214735975233;0.800000011920929;0.800000011920929;0.800000011920929
lidar;0.0;25.0;24.983386993408203;25.179473876953125;9.762409210205078;0.29822245240211487;24.980676651000977;25.2087459564209;9.72365951538086;0.3468604952678811;0.999169468884739;0.800000011920929;0.800000011920929;0.800000011920929
lidar;0.0;25.0;24.98361587524414;25.183504104614258;9.765697479248047;0.29806023836135864;24.986452102661133;25.15174102783203;9.806252479553223;0.24646912890028572;0.9997132420472429;0.800000011920929;0.800000011920929;0.800000011920929
lidar;0.0;25.0;24.98384666442871;25.187530517578125;9.768982887268066;0.2979888617992401;24.98598289489746;25.1627140045166;9.799553871154785;0.25855625996572434;0.9999523758882767;0.800000011920929;0.800000011920929;0.800000011920929
lidar;0.0;25.0;24.98407554626465;25.191556930541992;9.772268295288086;0.2980083227157593;24.983352661132812;25.20025634765625;9.76192569732666;0.3115429567945584;0.9998869299880243;0.800000011920929;0.800000011920929;0.800000011920929
lidar;0.0;25.0;24.984304428100586;25.19558334350586;9.775554656982422;0.29811856150627136;24.985294342041016;25.183258056640625;9.789698600769043;0.2793319472173418;0.9995169639854075;0.800000011920929;0.800000011920929;0.800000011920929
lidar;0.0;25.0;24.984535217285156;25.199615478515625;9.778844833374023;0.29831981658935547;24.983104705810547;25.218088150024414;9.758377075195312;0.3259291311061827;0.9988425373849404;0.800000011920929;0.800000011920929;0.800000011920929
lidar;0.0;25.0;24.984766006469727;25.20365333557129;9.782140731811523;0.2986123263835907;24.984989166259766;25.200658798217773;9.785345077514648;0.2942205472992211;0.9978637694126586;0.800000011920929;0.800000011920929;0.800000011920929
lidar;0.0;25.0;24.984996795654297;25.207700729370117;9.785443305969238;0.2989966869354248;24.986791610717773;25.182863235473633;9.811100006103516;0.26324271540135147;0.9965811372183135;0.800000011920929;0.800000011920929;0.800000011920929
lidar;0.0;25.0;24.985240936279297;25.211566925048828;9.788949966430664;0.29919931292533875;24.982694625854492;25.24806785583496;9.75253677368164;0.3508204607201871;0.9949679377067765;0.800000011920929;0.800000011920929;0.800000011920929
lidar;0.0;25.0;24.9815673828125;24.788501739501953;9.789307594299316;0.2991027235984802;24.981067657470703;24.78277587890625;9.783601760864258;0.30720188740833404;0.9952893254368722;0.800000011920929;0.800000011920929;0.800000011920929
lidar;0.0;25.0;24.98125457763672;24.79230308532715;9.78574275970459;0.2989904284477234;24.97871208190918;24.764123916625977;9.756672859191895;0.3395561442739402;0.9966017006244783;0.800000011920929;0.800000011920929;0.800000011920929
lidar;0.0;25.0;24.980966567993164;24.796350479125977;9.78244400024414;0.29860609769821167;24.980281829833984;24.789033889770508;9.774626731872559;0.3093357409567186;0.9978846906490089;0.800000011920929;0.800000011920929;0.800000011920929
lidar;0.0;25.0;24.98067855834961;24.800390243530273;9.779153823852539;0.2983134388923645;24.980241775512695;24.795881271362305;9.774165153503418;0.3050513526219262;0.9988637566314297;0.800000011920929;0.800000011920929;0.800000011920929
lidar;0.0;25.0;24.980390548706055;24.804420471191406;9.77586841583252;0.2981121242046356;24.97810173034668;24.781587600708008;9.749701499938965;0.33291585657083644;0.9995385408470983;0.800000011920929;0.800000011920929;0.800000011920929
lidar;0.0;25.0;24.980104446411133;24.808448791503906;9.77258586883545;0.29800179600715637;24.977319717407227;24.781641006469727;9.740758895874023;0.33970742367998885;0.9999088644978509;0.800000011920929;0.800000011920929;0.800000011920929
lidar;0.0;25.0;24.979816436767578;24.81247329711914;9.769305229187012;0.29798221588134766;24.978689193725586;24.802001953125;9.756423950195312;0.31462147529145257;0.999974608422259;0.800000011920929;0.800000011920929;0.800000011920929
lidar;0.0;25.0;24.979530334472656;24.816499710083008;9.766024589538574;0.29805347323417664;24.983362197875977;24.850852966308594;9.809825897216797;0.24225621956841575;0.9997357129975077;0.800000011920929;0.800000011920929;0.800000011920929
lidar;0.0;25.0;24.9792423248291;24.82052993774414;9.762741088867188;0.2982156276702881;24.98259162902832;24.8494873046875;9.801023483276367;0.2500977783411922;0.9991923571291824;0.800000011920929;0.800000011920929;0.800000011920929
lidar;0.0;25.0;24.978954315185547;24.82456398010254;9.759452819824219;0.2984688878059387;24.977863311767578;24.815467834472656;9.746980667114258;0.3139440571807151;0.998344600278093;0.800000011920929;0.800000011920929;0.800000011920929
lidar;0.0;25.0;24.978666305541992;24.8286075592041;9.756157875061035;0.29881376028060913;24.974205017089844;24.792762756347656;9.705160140991211;0.3613072356201315;0.9971926809066224;0.800000011920929;0.800000011920929;0.800000011920929
lidar;0.0;25.0;24.978376388549805;24.832660675048828;9.752854347229004;0.29925066232681274;24.981231689453125;24.854747772216797;9.785473823547363;0.25975336845451513;0.99573707552525;0.800000011920929;0.800000011920929;0.800000011920929
lidar;0.0;25.0;24.978111267089844;24.836898803710938;9.749802589416504;0.29946592450141907;24.975231170654297;24.815439224243164;9.716883659362793;0.33886707790988735;0.9958887101343515;0.800000011920929;0.800000011920929;0.800000011920929
lidar;0.0;25.0;24.977895736694336;24.841520309448242;9.747344017028809;0.2990644574165344;24.970455169677734;24.78818130493164;9.662307739257812;0.39972033409883945;0.9972252846765737;0.800000011920929;0.800000011920929;0.800000011920929
lidar;0.0;25.0;24.977680206298828;24.84613037109375;9.744891166687012;0.29875504970550537;24.9832820892334;24.88475227355957;9.808923721313477;0.22376692532514075;0.9982579349548505;0.800000011920929;0.800000011920929;0.800000011920929
lidar;0.0;25.0;24.977466583251953;24.850730895996094;9.742443084716797;0.29853710532188416;24.9816837310791;24.878660202026367;9.790634155273438;0.2426778455135457;0.9989864826014905;0.800000011920929;0.800000011920929;0.800000011920929
lidar;0.0;25.0;24.977252960205078;24.855327606201172;9.739997863769531;0.29841023683547974;24.98037338256836;24.87517547607422;9.775667190551758;0.2574718284091251;0.9994107485405205;0.800000011920929;0.800000011920929;0.800000011920929
lidar;0.0;25.0;24.977039337158203;24.859922409057617;9.737553596496582;0.2983742952346802;24.978239059448242;24.86724281311035;9.751270294189453;0.28277952395860617;0.9995306134192642;0.800000011920929;0.800000011920929;0.800000011920929
lidar;0.0;25.0;24.976825714111328;24.86451530456543;9.735109329223633;0.29842931032180786;24.969438552856445;24.821334838867188;9.650684356689453;0.3935434654233013;0.9993460178827808;0.800000011920929;0.800000011920929;0.800000011920929
lidar;0.0;25.0;24.976612091064453;24.86911392211914;9.73266315460205;0.2985752820968628;24.977352142333984;24.873260498046875;9.741134643554688;0.2891143161233921;0.9988570212513895;0.800000011920929;0.800000011920929;0.800000011920929
lidar;0.0;25.0;24.976396560668945;24.873716354370117;9.73021411895752;0.2988124489784241;24.977048873901367;24.8772029876709;9.737665176391602;0.29056030314186854;0.9980637432164519;0.800000011920929;0.800000011920929;0.800000011920929
lidar;0.0;25.0;24.97618293762207;24.878328323364258;9.727760314941406;0.2991412281990051;24.969905853271484;24.84626579284668;9.656020164489746;0.37797118589676365;0.9969663618904261;0.800000011920929;0.800000011920929;0.800000011920929
lidar;0.0;25.0;24.97597312927246;24.882978439331055;9.725363731384277;0.29949361085891724;24.97444725036621;24.875553131103516;9.707940101623535;0.3184945103201561;0.9957934021339699;0.800000011920929;0.800000011920929;0.800000011920929
lidar;0.0;25.0;24.975765228271484;24.887653350830078;9.722992897033691;0.2999029755592346;24.983247756958008;24.922344207763672;9.808526039123535;0.20730060750660959;0.9944338799429383;0.800000011920929;0.800000011920929;0.800000011920929
lidar;0.0;25.0;24.975631713867188;24.892675399780273;9.72147274017334;0.2994828224182129;24.981407165527344;24.918113708496094;9.787490844726562;0.228497243497567;0.9964945318170655;0.800000011920929;0.800000011920929;0.800000011920929
lidar;0.0;25.0;24.97550392150879;24.897705078125;9.720016479492188;0.299090176820755;24.98549461364746;24.93942642211914;9.834206581115723;0.1771079711910682;0.9978027345636994;0.800000011920929;0.800000011920929;0.800000011920929
lidar;0.0;25.0;24.975378036499023;24.90272331237793;9.7185640335083;0.29878947138786316;24.974119186401367;24.897748947143555;9.704171180725098;0.3140697455941064;0.9988068939111642;0.800000011920929;0.800000011920929;0.800000011920929
lidar;0.0;25.0;24.975250244140625;24.907733917236328;9.717113494873047;0.298580139875412;24.97167205810547;24.894393920898438;9.676217079162598;0.34174622783323494;0.9995068908246401;0.800000011920929;0.800000011920929;0.800000011920929
lidar;0.0;25.0;24.97512435913086;24.912738800048828;9.715665817260742;0.29846206307411194;24.970558166503906;24.89672088623047;9.663476943969727;0.3532433530476758;0.9999024271902672;0.800000011920929;0.800000011920929;0.800000011920929
lidar;0.0;25.0;24.97499656677246;24.917739868164062;9.714217185974121;0.2984348237514496;24.973745346069336;24.913623809814453;9.699917793273926;0.31336739904693134;0.9999933838845475;0.800000011920929;0.800000011920929;0.800000011920929
lidar;0.0;25.0;24.974870681762695;24.92274284362793;9.712769508361816;0.29849863052368164;24.973918914794922;24.919816970825195;9.701892852783203;0.3098023727675599;0.9997797012443843;0.800000011920929;0.800000011920929;0.800000011920929
lidar;0.0;25.0;24.97474479675293;24.927749633789062;9.711320877075195;0.2986534833908081;24.96676254272461;24.904918670654297;9.620099067687988;0.3930266511834179;0.9992614984827138;0.800000011920929;0.800000011920929;0.800000011920929
lidar;0.0;25.0;24.97461700439453;24.932762145996094;9.709869384765625;0.2988995611667633;24.97662353515625;24.93807601928711;9.73279857635498;0.27527773905850833;0.9984388947881604;0.800000011920929;0.800000011920929;0.800000011920929
lidar;0.0;25.0;24.974489212036133;24.93778419494629;9.708415985107422;0.29923731088638306;24.97870635986328;24.948068618774414;9.756610870361328;0.24977752303965378;0.9973122478905522;0.800000011920929;0.800000011920929;0.800000011920929
lidar;0.0;25.0;24.9743709564209;24.942840576171875;9.707058906555176;0.2995636761188507;24.973926544189453;24.94184684753418;9.701971054077148;0.3047664851205997;0.9962258931734135;0.800000011920929;0.800000011920929;0.800000011920929
lidar;0.0;25.0;24.97425651550293;24.94791603088379;9.705747604370117;0.29993340373039246;24.976110458374023;24.9516658782959;9.726927757263184;0.2783443060992077;0.9953582286426331;0.800000011920929;0.800000011920929;0.800000011920929
lidar;0.0;25.0;24.97421646118164;24.953144073486328;9.705292701721191;0.2995205521583557;24.968557357788086;24.942859649658203;9.640603065490723;0.3652668932343889;0.9967303873296114;0.800000011920929;0.800000011920929;0.800000011920929
lidar;0.0;25.0;24.97417640686035;24.958358764648438;9.704839706420898;0.2991998493671417;24.97171974182129;24.954397201538086;9.67676067352295;0.32766246770744367;0.9977989793468328;0.800000011920929;0.800000011920929;0.800000011920929
lidar;0.0;25.0;24.974140167236328;24.96356773376465;9.704410552978516;0.2989463806152344;24.9736385345459;24.96286392211914;9.69869613647461;0.3047260106025045;0.9986450673057066;0.800000011920929;0.800000011920929;0.800000011920929
lidar;0.0;25.0;24.974105834960938;24.96877098083496;9.704014778137207;0.29875215888023376;24.969751358032227;24.96352195739746;9.654250144958496;0.34898263801831914;0.9992943406466299;0.800000011920929;0.800000011920929;0.800000011920929
lidar;0.0;25.0;24.974069595336914;24.973970413208008;9.703619003295898;0.29864922165870667;24.971097946166992;24.97098731994629;9.669652938842773;0.33287553131386477;0.9996391534905466;0.800000011920929;0.800000011920929;0.800000011920929
lidar;0.0;25.0;24.974040985107422;24.97917366027832;9.703293800354004;0.2985670864582062;24.97455406188965;24.979583740234375;9.709148406982422;0.29267584884455655;0.9999141097061532;0.800000011920929;0.800000011920929;0.800000011920929
lidar;0.0;25.0;24.974016189575195;24.984375;9.702997207641602;0.29854661226272583;24.972557067871094;24.983497619628906;9.686321258544922;0.3153088426975364;0.9999824762342119;0.800000011920929;0.800000011920929;0.800000011920929
lidar;0.0;25.0;24.973995208740234;24.989580154418945;9.702762603759766;0.29855501651763916;24.975618362426758;24.990230560302734;9.721324920654297;0.2799105458291177;0.9999544620480533;0.800000011920929;0.800000011920929;0.800000011920929
lidar;0.0;25.0;24.973981857299805;24.994789123535156;9.702613830566406;0.2985675632953644;24.976228713989258;24.9952392578125;9.728286743164062;0.27279221352192196;0.9999123215623773;0.800000011920929;0.800000011920929;0.800000011920929
lidar;0.0;25.0;24.97397804260254;25.0;9.702563285827637;0.2985731065273285;24.984506607055664;25.0;9.822908401489258;0.17776829798616545;0.9998939037305891;0.800000011920929;0.800000011920929;0.800000011920929
lidar;0.0;25.0;24.973981857299805;25.005210876464844;9.702613830566406;0.298567533493042;24.97128677368164;25.00575065612793;9.671807289123535;0.32949652666895496;0.9999123215623773;0.800000011920929;0.800000011920929;0.800000011920929
lidar;0.0;25.0;24.973995208740234;25.010419845581055;9.702762603759766;0.29855504631996155;24.969152450561523;25.012359619140625;9.647420883178711;0.3541413862851637;0.9999544620480533;0.800000011920929;0.800000011920929;0.800000011920929
lidar;0.0;25.0;24.974016189575195;25.015625;9.702997207641602;0.2985466420650482;24.976037979125977;25.014408111572266;9.726110458374023;0.2753130030095992;0.9999824762342119;0.800000011920929;0.800000011920929;0.800000011920929
lidar;0.0;25.0;24.974040985107422;25.02082633972168;9.703293800354004;0.2985670864582062;24.976303100585938;25.019014358520508;9.729133605957031;0.27256466389427575;0.9999141097061532;0.800000011920929;0.800000011920929;0.800000011920929
lidar;0.0;25.0;24.974069595336914;25.026029586791992;9.703619003295898;0.29864922165870667;24.97433090209961;25.025766372680664;9.7066068649292;0.2956384681499375;0.9996391534905466;0.800000011920929;0.800000011920929;0.800000011920929
lidar;0.0;25.0;24.974105834960938;25.03122901916504;9.704014778137207;0.29875215888023376;24.97417449951172;25.031143188476562;9.704811096191406;0.2979489282306238;0.9992943406466299;0.800000011920929;0.800000011920929;0.800000011920929
lidar;0.0;25.0;24.974140167236328;25.03643226623535;9.704410552978516;0.2989463806152344;24.972911834716797;25.038162231445312;9.690373420715332;0.3131437786831273;0.9986450673057066;0.800000011920929;0.800000011920929;0.800000011920929
lidar;0.0;25.0;24.97417640686035;25.041641235351562;9.704839706420898;0.29919981956481934;24.968355178833008;25.051027297973633;9.63830280303955;0.3666467425283631;0.9977989793468328;0.800000011920929;0.800000011920929;0.800000011920929
lidar;0.0;25.0;24.97421646118164;25.046855926513672;9.705292701721191;0.2995205521583557;24.975862503051758;25.043865203857422;9.724095344543457;0.280410597565308;0.9967303873296114;0.800000011920929;0.800000011920929;0.800000011920929
lidar;0.0;25.0;24.97425651550293;25.05208396911621;9.705747604370117;0.29993340373039246;24.974361419677734;25.05187225341797;9.706936836242676;0.2987208764672939;0.9953582286426331;0.800000011920929;0.800000011920929;0.800000011920929
lidar;0.0;25.0;24.9743709564209;25.057159423828125;9.707058906555176;0.2995636761188507;24.974760055541992;25.056293487548828;9.711499214172363;0.29502290352405924;0.9962258931734135;0.800000011920929;0.800000011920929;0.800000011920929
lidar;0.0;25.0;24.974489212036133;25.06221580505371;9.708415985107422;0.29923728108406067;24.973491668701172;25.064647674560547;9.697016716003418;0.31093575949340363;0.9973122478905522;0.800000011920929;0.800000011920929;0.800000011920929
lidar;0.0;25.0;24.97461700439453;25.067237854003906;9.709869384765625;0.2988996207714081;24.968538284301758;25.08333969116211;9.640390396118164;0.3704787465209634;0.9984388947881604;0.800000011920929;0.800000011920929;0.800000011920929
lidar;0.0;25.0;24.97474479675293;25.072250366210938;9.711320877075195;0.29865357279777527;24.970722198486328;25.083755493164062;9.665356636047363;0.346205874771953;0.9992614984827138;0.800000011920929;0.800000011920929;0.800000011920929
lidar;0.0;25.0;24.974870681762695;25.07725715637207;9.712769508361816;0.2984987497329712;24.970943450927734;25.089330673217773;9.667879104614258;0.34514984357918377;0.9997797012443843;0.800000011920929;0.800000011920929;0.800000011920929
lidar;0.0;25.0;24.97499656677246;25.082260131835938;9.714217185974121;0.2984349727630615;24.980167388916016;25.06524658203125;9.773324966430664;0.23671067011578584;0.9999933838845475;0.800000011920929;0.800000011920929;0.800000011920929
lidar;0.0;25.0;24.97512435913086;25.087261199951172;9.715665817260742;0.2984621226787567;24.976505279541016;25.08241844177246;9.7314453125;0.28189771375903955;0.9999024271902672;0.800000011920929;0.800000011920929;0.800000011920929
lidar;0.0;25.0;24.975250244140625;25.092266082763672;9.717113494873047;0.29858022928237915;24.974390029907227;25.095474243164062;9.707279205322266;0.3089610543568179;0.9995068908246401;0.800000011920929;0.800000011920929;0.800000011920929
lidar;0.0;25.0;24.975378036499023;25.09727668762207;9.7185640335083;0.29878950119018555;24.97962760925293;25.080486297607422;9.767139434814453;0.2472192811718592;0.9988068939111642;0.800000011920929;0.800000011920929;0.800000011920929
lidar;0.0;25.0;24.97550392150879;25.102294921875;9.720016479492188;0.2990902066230774;24.97361183166504;25.110198974609375;9.698384284973145;0.3221992465475423;0.9978027345636994;0.800000011920929;0.800000011920929;0.800000011920929
lidar;0.0;25.0;24.975631713867188;25.107324600219727;9.72147274017334;0.2994828224182129;24.975078582763672;25.10976219177246;9.715147018432617;0.3062845837796868;0.9964945318170655;0.800000011920929;0.800000011920929;0.800000011920929
lidar;0.0;25.0;24.975765228271484;25.112346649169922;9.722992897033691;0.29990291595458984;24.976364135742188;25.109569549560547;9.729836463928223;0.2924938766511939;0.9944338799429383;0.800000011920929;0.800000011920929;0.800000011920929
lidar;0.0;25.0;24.97597312927246;25.117021560668945;9.725363731384277;0.29949358105659485;24.97620391845703;25.11589241027832;9.728013038635254;0.29660466403654884;0.9957934021339699;0.800000011920929;0.800000011920929;0.800000011920929
lidar;0.0;25.0;24.97618293762207;25.121671676635742;9.727760314941406;0.2991413176059723;24.973827362060547;25.133703231811523;9.70083999633789;0.3287216938644849;0.9969664216204196;0.800000011920929;0.800000011920929;0.800000011920929
lidar;0.0;25.0;24.976396560668945;25.126283645629883;9.73021411895752;0.2988124489784241;24.975460052490234;25.13129234313965;9.719513893127441;0.3106642620491713;0.9980638027656688;0.800000011920929;0.800000011920929;0.800000011920929
lidar;0.0;25.0;24.976612091064453;25.13088607788086;9.73266315460205;0.2985752522945404;24.97465705871582;25.141820907592773;9.710329055786133;0.3235197093705968;0.9988570212513895;0.800000011920929;0.800000011920929;0.800000011920929
lidar;0.0;25.0;24.976825714111328;25.13548469543457;9.735109329223633;0.2984292209148407;24.974193572998047;25.15087127685547;9.705024719238281;0.3323227237666282;0.9993460178827808;0.800000011920929;0.800000011920929;0.800000011920929
lidar;0.0;25.0;24.977039337158203;25.140077590942383;9.737553596496582;0.298374205827713;24.977514266967773;25.137182235717773;9.742980003356934;0.2922050175221837;0.9995306134192642;0.800000011920929;0.800000011920929;0.800000011920929
lidar;0.0;25.0;24.977252960205078;25.144672393798828;9.739997863769531;0.2984101176261902;24.972318649291992;25.17605972290039;9.683587074279785;0.3631537156414564;0.9994108081254468;0.800000011920929;0.800000011920929;0.800000011920929
lidar;0.0;25.0;24.977466583251953;25.149269104003906;9.742443084716797;0.2985369563102722;24.97622299194336;25.157501220703125;9.728239059448242;0.3150013902114335;0.9989864826014905;0.800000011920929;0.800000011920929;0.800000011920929
lidar;0.0;25.0;24.977680206298828;25.15386962890625;9.744891166687012;0.2987549304962158;24.980491638183594;25.13449478149414;9.777013778686523;0.26113724405418476;0.9982579349548505;0.800000011920929;0.800000011920929;0.800000011920929
lidar;0.0;25.0;24.977895736694336;25.158479690551758;9.747344017028809;0.29906442761421204;24.977556228637695;25.160917282104492;9.743457794189453;0.3036640842966592;0.9972252846765737;0.800000011920929;0.800000011920929;0.800000011920929
lidar;0.0;25.0;24.978111267089844;25.163101196289062;9.749802589416504;0.2994658946990967;24.970672607421875;25.21851921081543;9.664790153503418;0.4012192869537019;0.9958887101343515;0.800000011920929;0.800000011920929;0.800000011920929
lidar;0.0;25.0;24.978376388549805;25.167339324951172;9.752854347229004;0.29925069212913513;24.981468200683594;25.143415451049805;9.788186073303223;0.2564693411865242;0.99573707552525;0.800000011920929;0.800000011920929;0.800000011920929
lidar;0.0;25.0;24.978666305541992;25.1713924407959;9.756157875061035;0.2988137900829315;24.976137161254883;25.191713333129883;9.727245330810547;0.33424378149520545;0.9971926809066224;0.800000011920929;0.800000011920929;0.800000011920929
lidar;0.0;25.0;24.978954315185547;25.17543601989746;9.759452819824219;0.2984689772129059;24.978147506713867;25.182170867919922;9.75021743774414;0.3099274084209161;0.998344600278093;0.800000011920929;0.800000011920929;0.800000011920929
lidar;0.0;25.0;24.9792423248291;25.17947006225586;9.762741088867188;0.2982156276702881;24.975357055664062;25.21306800842285;9.718323707580566;0.3540438086038159;0.9991923571291824;0.800000011920929;0.800000011920929;0.800000011920929
lidar;0.0;25.0;24.979530334472656;25.183500289916992;9.766024589538574;0.2980535328388214;24.9769344329834;25.206768035888672;9.736356735229492;0.33584592041480016;0.9997357726006396;0.800000011920929;0.800000011920929;0.800000011920929
lidar;0.0;25.0;24.979816436767578;25.18752670288086;9.769305229187012;0.29798224568367004;24.975690841674805;25.22586441040039;9.72214126586914;0.3589028386405011;0.999974608422259;0.800000011920929;0.800000011920929;0.800000011920929
lidar;0.0;25.0;24.980104446411133;25.191551208496094;9.77258586883545;0.29800179600715637;24.985801696777344;25.13669776916504;9.8377103805542;0.21266317062859771;0.9999088644978509;0.800000011920929;0.800000011920929;0.800000011920929
lidar;0.0;25.0;24.980390548706055;25.195579528808594;9.77586841583252;0.2981121242046356;24.981718063354492;25.182340621948242;9.791040420532227;0.2779320993877624;0.9995385408470983;0.800000011920929;0.800000011920929;0.800000011920929
lidar;0.0;25.0;24.98067855834961;25.199609756469727;9.779153823852539;0.2983134388923645;24.983362197875977;25.171886444091797;9.809825897216797;0.2568813982017548;0.9988637566314297;0.800000011920929;0.800000011920929;0.800000011920929
lidar;0.0;25.0;24.980966567993164;25.203649520874023;9.78244400024414;0.29860612750053406;24.97834587097168;25.2316837310791;9.752493858337402;0.33971422037379295;0.9978846906490089;0.800000011920929;0.800000011920929;0.800000011920929
lidar;0.0;25.0;24.98125457763672;25.20769691467285;9.78574275970459;0.2989904582500458;24.984590530395508;25.170734405517578;9.823872566223145;0.24578080580851638;0.9966017006244783;0.800000011920929;0.800000011920929;0.800000011920929
lidar;0.0;25.0;24.9815673828125;25.211498260498047;9.789307594299316;0.29910269379615784;24.975753784179688;25.278200149536133;9.722858428955078;0.39343489281282273;0.9952893853899276;0.800000011920929;0.800000011920929;0.800000011920929
lidar;0.0;25.0;24.977895736694336;24.788541793823242;9.789700508117676;0.2990472912788391;24.980323791503906;24.811756134033203;9.812788009643555;0.26621603317410486;0.9954737423999336;0.800000011920929;0.800000011920929;0.800000011920929
lidar;0.0;25.0;24.977514266967773;24.792272567749023;9.786070823669434;0.2990351915359497;24.975269317626953;24.771528244018555;9.764705657958984;0.32889896994522105;0.9964526296251056;0.800000011920929;0.800000011920929;0.800000011920929
lidar;0.0;25.0;24.977169036865234;24.79631996154785;9.782776832580566;0.29865145683288574;24.97367286682129;24.765132904052734;9.749515533447266;0.3443811759210116;0.9977331161791577;0.800000011920929;0.800000011920929;0.800000011920929
lidar;0.0;25.0;24.976823806762695;24.800357818603516;9.77949047088623;0.2983594536781311;24.97559928894043;24.78980827331543;9.767836570739746;0.3141276813916897;0.9987097978361101;0.800000011920929;0.800000011920929;0.800000011920929
lidar;0.0;25.0;24.976478576660156;24.80438995361328;9.776209831237793;0.29815879464149475;24.983200073242188;24.860280990600586;9.840152740478516;0.21296701950393682;0.9993821979124826;0.800000011920929;0.800000011920929;0.800000011920929
lidar;0.0;25.0;24.976133346557617;24.80841827392578;9.772932052612305;0.29804909229278564;24.979469299316406;24.835186004638672;9.804658889770508;0.25640457371914227;0.9997501373200411;0.800000011920929;0.800000011920929;0.800000011920929
lidar;0.0;25.0;24.97579002380371;24.812442779541016;9.76965618133545;0.2980302572250366;24.974239349365234;24.800437927246094;9.754910469055176;0.3171086366728782;0.9998135566767737;0.800000011920929;0.800000011920929;0.800000011920929
lidar;0.0;25.0;24.975444793701172;24.816469192504883;9.766379356384277;0.2981022000312805;24.97562026977539;24.81777000427246;9.768034934997559;0.29598975603376954;0.9995724559098624;0.800000011920929;0.800000011920929;0.800000011920929
lidar;0.0;25.0;24.975101470947266;24.820499420166016;9.763099670410156;0.2982650101184845;24.978368759155273;24.84406089782715;9.794194221496582;0.2591155165900555;0.9990268349043095;0.800000011920929;0.800000011920929;0.800000011920929
lidar;0.0;25.0;24.974756240844727;24.824535369873047;9.75981616973877;0.2985190451145172;24.969982147216797;24.791353225708008;9.714394569396973;0.35497229901339;0.9981769324072969;0.800000011920929;0.800000011920929;0.800000011920929
lidar;0.0;25.0;24.974409103393555;24.82857894897461;9.756525039672852;0.2988646328449249;24.981557846069336;24.876461029052734;9.824533462524414;0.21538463424590715;0.9970229866339207;0.800000011920929;0.800000011920929;0.800000011920929
lidar;0.0;25.0;24.974063873291016;24.832632064819336;9.753226280212402;0.29930227994918823;24.976552963256836;24.84869956970215;9.776917457580566;0.27056863985311486;0.9955652950914512;0.800000011920929;0.800000011920929;0.800000011920929
lidar;0.0;25.0;24.973731994628906;24.836807250976562;9.750082015991211;0.29963451623916626;24.9711856842041;24.82099151611328;9.725860595703125;0.32867426544713724;0.9953284858307543;0.800000011920929;0.800000011920929;0.800000011920929
lidar;0.0;25.0;24.973474502563477;24.8414306640625;9.747624397277832;0.2992344796657562;24.975994110107422;24.856494903564453;9.771602630615234;0.2708042645752704;0.9966587425549931;0.800000011920929;0.800000011920929;0.800000011920929
lidar;0.0;25.0;24.973217010498047;24.846040725708008;9.745173454284668;0.2989265024662018;24.985857009887695;24.918697357177734;9.86543083190918;0.15785715622000382;0.9976853727596549;0.800000011920929;0.800000011920929;0.800000011920929
lidar;0.0;25.0;24.972959518432617;24.850645065307617;9.74272632598877;0.29871001839637756;24.967775344848633;24.822010040283203;9.693402290344238;0.35597888183873344;0.9984079600012749;0.800000011920929;0.800000011920929;0.800000011920929
lidar;0.0;25.0;24.972702026367188;24.855243682861328;9.740283012390137;0.2985846996307373;24.968782424926758;24.834455490112305;9.702986717224121;0.3414617639189526;0.9988265037623075;0.800000011920929;0.800000011920929;0.800000011920929
lidar;0.0;25.0;24.97244644165039;24.859838485717773;9.737839698791504;0.29855039715766907;24.972135543823242;24.858261108398438;9.73488998413086;0.3019099631476523;0.9989408254469333;0.800000011920929;0.800000011920929;0.800000011920929
lidar;0.0;25.0;24.972196578979492;24.864469528198242;9.735465049743652;0.2985301911830902;24.96985626220703;24.85306167602539;9.713196754455566;0.3236598496996987;0.9990084171002367;0.800000011920929;0.800000011920929;0.800000011920929
lidar;0.0;25.0;24.971948623657227;24.869115829467773;9.733116149902344;0.2985711395740509;24.97568130493164;24.886524200439453;9.76861572265625;0.2588564835280365;0.9988709092943943;0.800000011920929;0.800000011920929;0.800000011920929
lidar;0.0;25.0;24.971702575683594;24.873762130737305;9.730766296386719;0.298703134059906;24.97199821472168;24.87508201599121;9.733580589294434;0.29558073601757656;0.9984290600527788;0.800000011920929;0.800000011920929;0.800000011920929
lidar;0.0;25.0;24.971454620361328;24.878416061401367;9.728412628173828;0.29892638325691223;24.961936950683594;24.83787727355957;9.637861251831055;0.3985942313163015;0.9976831673647262;0.800000011920929;0.800000011920929;0.800000011920929
lidar;0.0;25.0;24.971206665039062;24.88307762145996;9.726056098937988;0.2992411255836487;24.972959518432617;24.890195846557617;9.74273681640625;0.28101980535221344;0.9966334107242001;0.800000011920929;0.800000011920929;0.800000011920929
lidar;0.0;25.0;24.970958709716797;24.88775062561035;9.723692893981934;0.2996480464935303;24.97191047668457;24.89143180847168;9.732757568359375;0.2898183690114858;0.9952800273886172;0.800000011920929;0.800000011920929;0.800000011920929
lidar;0.0;25.0;24.97077178955078;24.892662048339844;9.721906661987305;0.29951921105384827;24.98114585876465;24.93075942993164;9.820608139038086;0.19321340075798066;0.9963734151735835;0.800000011920929;0.800000011920929;0.800000011920929
lidar;0.0;25.0;24.970619201660156;24.89769172668457;9.720452308654785;0.2991267144680023;24.96256446838379;24.86964988708496;9.643829345703125;0.38111688267385757;0.9976807834269051;0.800000011920929;0.800000011920929;0.800000011920929
lidar;0.0;25.0;24.97046661376953;24.902711868286133;9.719001770019531;0.2988261282444;24.962770462036133;24.877363204956055;9.645787239074707;0.3766863154786468;0.9986843466781486;0.800000011920929;0.800000011920929;0.800000011920929
lidar;0.0;25.0;24.970314025878906;24.90772247314453;9.717554092407227;0.29861706495285034;24.979154586791992;24.935205459594727;9.801673889160156;0.20968077391647055;0.99938350911536;0.800000011920929;0.800000011920929;0.800000011920929
lidar;0.0;25.0;24.97016143798828;24.91272735595703;9.716107368469238;0.29849910736083984;24.968793869018555;24.908727645874023;9.703094482421875;0.3121815605003649;0.9997783899110958;0.800000011920929;0.800000011920929;0.800000011920929
lidar;0.0;25.0;24.970008850097656;24.9177303314209;9.714661598205566;0.29847219586372375;24.973548889160156;24.92743682861328;9.748330116271973;0.2632540275361071;0.9998686909684608;0.800000011920929;0.800000011920929;0.800000011920929
lidar;0.0;25.0;24.969858169555664;24.922733306884766;9.713215827941895;0.29853615164756775;24.96713638305664;24.91575813293457;9.687328338623047;0.32548501907128624;0.9996544122592912;0.800000011920929;0.800000011920929;0.800000011920929
lidar;0.0;25.0;24.969707489013672;24.927743911743164;9.711787223815918;0.298672080039978;24.97130012512207;24.93154525756836;9.726946830749512;0.2829624148084406;0.9991998672810225;0.800000011920929;0.800000011920929;0.800000011920929
lidar;0.0;25.0;24.969568252563477;24.932785034179688;9.710453033447266;0.2988004982471466;24.965049743652344;24.922805786132812;9.66746711730957;0.34316001923872097;0.9987704156969563;0.800000011920929;0.800000011920929;0.800000011920929
lidar;0.0;25.0;24.96942710876465;24.937829971313477;9.70911693572998;0.29902008175849915;24.967979431152344;24.93488883972168;9.695352554321289;0.313168687327147;0.9980368614023126;0.800000011920929;0.800000011920929;0.800000011920929
lidar;0.0;25.0;24.96928596496582;24.94288444519043;9.707777976989746;0.2993314564228058;24.970691680908203;24.945497512817383;9.72114086151123;0.2856428124182442;0.9969990849464598;0.800000011920929;0.800000011920929;0.800000011920929
lidar;0.0;25.0;24.969144821166992;24.947952270507812;9.706436157226562;0.29973477125167847;24.970508575439453;24.95025062561035;9.719399452209473;0.28649913859445947;0.9956577421886412;0.800000011920929;0.800000011920929;0.800000011920929
lidar;0.0;25.0;24.969051361083984;24.95310401916504;9.705536842346191;0.2997754216194153;24.961994171142578;24.942413330078125;9.638405799865723;0.3681185171686602;0.9958828687241958;0.800000011920929;0.800000011920929;0.800000011920929
lidar;0.0;25.0;24.96900749206543;24.958330154418945;9.705133438110352;0.29940420389175415;24.973529815673828;24.96440887451172;9.748146057128906;0.2557296863453007;0.9971180557082558;0.800000011920929;0.800000011920929;0.800000011920929
lidar;0.0;25.0;24.968965530395508;24.963546752929688;9.704737663269043;0.29911860823631287;24.9683837890625;24.962862014770508;9.699193954467773;0.30473468130611425;0.9980701208984131;0.800000011920929;0.800000011920929;0.800000011920929
lidar;0.0;25.0;24.96892547607422;24.968753814697266;9.704341888427734;0.2989245355129242;24.963809967041016;24.96360969543457;9.655671119689941;0.3481325566843396;0.9987182617982966;0.800000011920929;0.800000011920929;0.800000011920929
lidar;0.0;25.0;24.968891143798828;24.973962783813477;9.704014778137207;0.2987523376941681;24.96990966796875;24.974815368652344;9.713720321655273;0.28895639059277267;0.9992938638408713;0.800000011920929;0.800000011920929;0.800000011920929
lidar;0.0;25.0;24.968856811523438;24.97916603088379;9.703690528869629;0.2986689805984497;24.965078353881836;24.97663688659668;9.66773796081543;0.334907999546172;0.9995728730916511;0.800000011920929;0.800000011920929;0.800000011920929
lidar;0.0;25.0;24.96883201599121;24.984373092651367;9.703449249267578;0.29859304428100586;24.95978546142578;24.97983741760254;9.617390632629395;0.38524446606118384;0.9998269677157284;0.800000011920929;0.800000011920929;0.800000011920929
lidar;0.0;25.0;24.96881103515625;24.989580154418945;9.703253746032715;0.29856306314468384;24.968564987182617;24.989498138427734;9.700909614562988;0.3009211144597735;0.9999271035218951;0.800000011920929;0.800000011920929;0.800000011920929
lidar;0.0;25.0;24.96879768371582;24.994789123535156;9.703124046325684;0.2985568046569824;24.973974227905273;24.99565315246582;9.752374649047852;0.24902704913303558;0.9999481439634481;0.800000011920929;0.800000011920929;0.800000011920929
lidar;0.0;25.0;24.968791961669922;25.0;9.703073501586914;0.2985617220401764;24.975065231323242;25.0;9.76276969909668;0.23853685460676916;0.9999319911025861;0.800000011920929;0.800000011920929;0.800000011920929
lidar;0.0;25.0;24.96879768371582;25.005210876464844;9.703124046325684;0.2985568344593048;24.97031593322754;25.00495719909668;9.717580795288086;0.2840185195897849;0.9999481439634481;0.800000011920929;0.800000011920929;0.800000011920929
lidar;0.0;25.0;24.96881103515625;25.010419845581055;9.703253746032715;0.29856306314468384;24.968666076660156;25.010467529296875;9.701876640319824;0.2999481123955991;0.9999271035218951;0.800000011920929;0.800000011920929;0.800000011920929
lidar;0.0;25.0;24.96883201599121;25.015626907348633;9.703449249267578;0.29859307408332825;24.959136962890625;25.02048683166504;9.611220359802246;0.3914579461456974;0.9998269677157284;0.800000011920929;0.800000011920929;0.800000011920929
lidar;0.0;25.0;24.968856811523438;25.02083396911621;9.703690528869629;0.2986689805984497;24.972068786621094;25.01868438720703;9.734261512756348;0.2678546762685985;0.9995728730916511;0.800000011920929;0.800000011920929;0.800000011920929
lidar;0.0;25.0;24.968891143798828;25.026037216186523;9.704014778137207;0.2987523376941681;24.97464370727539;25.021223068237305;9.758755683898926;0.243500043013945;0.9992938638408713;0.800000011920929;0.800000011920929;0.800000011920929
lidar;0.0;25.0;24.96892547607422;25.031246185302734;9.704341888427734;0.2989245355129242;24.964916229248047;25.035276412963867;9.666207313537598;0.33747965695995286;0.9987182617982966;0.800000011920929;0.800000011920929;0.800000011920929
lidar;0.0;25.0;24.968965530395508;25.036453247070312;9.704737663269043;0.2991185784339905;24.976396560668945;25.027727127075195;9.775425910949707;0.2275065593060579;0.9980701208984131;0.800000011920929;0.800000011920929;0.800000011920929
lidar;0.0;25.0;24.96900749206543;25.041669845581055;9.705133438110352;0.29940420389175415;24.965293884277344;25.046663284301758;9.669788360595703;0.33529332693501873;0.9971180557082558;0.800000011920929;0.800000011920929;0.800000011920929
lidar;0.0;25.0;24.969051361083984;25.04689598083496;9.705536842346191;0.2997754216194153;24.981657028198242;25.027793884277344;9.825475692749023;0.17767262671662454;0.9958828687241958;0.800000011920929;0.800000011920929;0.800000011920929
lidar;0.0;25.0;24.969144821166992;25.052047729492188;9.706436157226562;0.29973477125167847;24.97172737121582;25.047693252563477;9.731002807617188;0.27465150885718526;0.9956577421886412;0.800000011920929;0.800000011920929;0.800000011920929
lidar;0.0;25.0;24.96928596496582;25.05711555480957;9.707777976989746;0.29933151602745056;24.9708251953125;25.05425262451172;9.722427368164062;0.28432498658749006;0.9969990849464598;0.800000011920929;0.800000011920929;0.800000011920929
lidar;0.0;25.0;24.96942710876465;25.062170028686523;9.70911693572998;0.2990201711654663;24.96727180480957;25.066553115844727;9.68861198425293;0.3200980819566835;0.9980368614023126;0.800000011920929;0.800000011920929;0.800000011920929
lidar;0.0;25.0;24.969568252563477;25.067214965820312;9.71045207977295;0.2988005578517914;24.969379425048828;25.067630767822266;9.708659172058105;0.3006510829903861;0.9987704156969563;0.800000011920929;0.800000011920929;0.800000011920929
lidar;0.0;25.0;24.969707489013672;25.072256088256836;9.711787223815918;0.29867202043533325;24.975881576538086;25.057531356811523;9.770522117614746;0.23780530399088146;0.9991998672810225;0.800000011920929;0.800000011920929;0.800000011920929
lidar;0.0;25.0;24.969858169555664;25.077266693115234;9.713215827941895;0.29853618144989014;24.96572494506836;25.087858200073242;9.673905372619629;0.33945721653878663;0.9996544122592912;0.800000011920929;0.800000011920929;0.800000011920929
lidar;0.0;25.0;24.970008850097656;25.0822696685791;9.714661598205566;0.29847219586372375;24.972007751464844;25.0767879486084;9.73367691040039;0.2785816508305629;0.9998686909684608;0.800000011920929;0.800000011920929;0.800000011920929
lidar;0.0;25.0;24.97016143798828;25.08727264404297;9.716107368469238;0.29849913716316223;24.972253799438477;25.081153869628906;9.736013412475586;0.27756963528948775;0.9997783899110958;0.800000011920929;0.800000011920929;0.800000011920929
lidar;0.0;25.0;24.970314025878906;25.09227752685547;9.717554092407227;0.29861709475517273;24.971649169921875;25.08812713623047;9.730259895324707;0.2851840437681403;0.99938350911536;0.800000011920929;0.800000011920929;0.800000011920929
lidar;0.0;25.0;24.97046661376953;25.097288131713867;9.719001770019531;0.2988261580467224;24.9768009185791;25.07642364501953;9.779265403747559;0.23473948020489557;0.9986843466781486;0.800000011920929;0.800000011920929;0.800000011920929
lidar;0.0;25.0;24.970619201660156;25.10230827331543;9.720452308654785;0.2991268038749695;24.97279167175293;25.09473991394043;9.741131782531738;0.2769987538847619;0.9976807834269051;0.800000011920929;0.800000011920929;0.800000011920929
lidar;0.0;25.0;24.97077178955078;25.107337951660156;9.721906661987305;0.29951921105384827;24.975738525390625;25.089094161987305;9.769174575805664;0.24860969106181174;0.9963734151735835;0.800000011920929;0.800000011920929;0.800000011920929
lidar;0.0;25.0;24.970958709716797;25.11224937438965;9.723692893981934;0.2996480464935303;24.97696876525879;25.089017868041992;9.780879974365234;0.23763088354861045;0.9952799680992251;0.800000011920929;0.800000011920929;0.800000011920929
lidar;0.0;25.0;24.971206665039062;25.11692237854004;9.726056098937988;0.29924118518829346;24.979856491088867;25.081798553466797;9.808351516723633;0.20934568693094524;0.9966334107242001;0.800000011920929;0.800000011920929;0.800000011920929
lidar;0.0;25.0;24.971454620361328;25.121583938598633;9.728412628173828;0.298926442861557;24.973217010498047;25.114076614379883;9.745182037353516;0.28046924435440523;0.9976831673647262;0.800000011920929;0.800000011920929;0.800000011920929
lidar;0.0;25.0;24.971702575683594;25.126237869262695;9.730766296386719;0.2987031638622284;24.96927261352539;25.1370792388916;9.70764446258545;0.3243556925110185;0.9984290600527788;0.800000011920929;0.800000011920929;0.800000011920929
lidar;0.0;25.0;24.971948623657227;25.130884170532227;9.733116149902344;0.2985711991786957;24.97132682800293;25.1337890625;9.727194786071777;0.305195310970782;0.9988709092943943;0.800000011920929;0.800000011920929;0.800000011920929
lidar;0.0;25.0;24.972196578979492;25.135530471801758;9.735465049743652;0.2985302209854126;24.968740463256836;25.15237808227539;9.702579498291016;0.3356416624367116;0.9990084171002367;0.800000011920929;0.800000011920929;0.800000011920929
lidar;0.0;25.0;24.97244644165039;25.140161514282227;9.737839698791504;0.29855042695999146;24.972414016723633;25.14031982421875;9.737543106079102;0.29888786546191476;0.9989408850978321;0.800000011920929;0.800000011920929;0.800000011920929
lidar;0.0;25.0;24.972702026367188;25.144756317138672;9.740283012390137;0.2985846698284149;24.969436645507812;25.162071228027344;9.709218978881836;0.3342970984927416;0.9988265633006798;0.800000011920929;0.800000011920929;0.800000011920929
lidar;0.0;25.0;24.972959518432617;25.149354934692383;9.74272632598877;0.2987099587917328;24.969573974609375;25.16805648803711;9.710512161254883;0.33611304740642123;0.9984080194662945;0.800000011920929;0.800000011920929;0.800000011920929
lidar;0.0;25.0;24.973217010498047;25.153959274291992;9.745173454284668;0.29892638325691223;24.976165771484375;25.137008666992188;9.773229598999023;0.26601486590626766;0.9976853727596549;0.800000011920929;0.800000011920929;0.800000011920929
lidar;0.0;25.0;24.973474502563477;25.1585693359375;9.747625350952148;0.29923442006111145;24.970760345458984;25.174793243408203;9.721803665161133;0.32984942498202147;0.9966588021927293;0.800000011920929;0.800000011920929;0.800000011920929
lidar;0.0;25.0;24.973731994628906;25.163192749023438;9.750082015991211;0.29963451623916626;24.96932029724121;25.190608978271484;9.70809555053711;0.3499736428614024;0.9953285455346763;0.800000011920929;0.800000011920929;0.800000011920929
lidar;0.0;25.0;24.974063873291016;25.167367935180664;9.753226280212402;0.2993023097515106;24.979412078857422;25.132848739624023;9.804123878479004;0.23757084990173866;0.995565354667668;0.800000011920929;0.800000011920929;0.800000011920929
lidar;0.0;25.0;24.974409103393555;25.17142105102539;9.756525039672852;0.29886460304260254;24.974153518676758;25.173133850097656;9.754093170166016;0.30184983086075273;0.9970230458046758;0.800000011920929;0.800000011920929;0.800000011920929
lidar;0.0;25.0;24.974756240844727;25.175464630126953;9.75981616973877;0.2985190749168396;24.97844886779785;25.149797439575195;9.794951438903809;0.25485002906039483;0.9981769919900828;0.800000011920929;0.800000011920929;0.800000011920929
lidar;0.0;25.0;24.975101470947266;25.179500579833984;9.763099670410156;0.2982650399208069;24.979106903076172;25.150623321533203;9.801209449768066;0.2502833679691264;0.9990268945477475;0.800000011920929;0.800000011920929;0.800000011920929
lidar;0.0;25.0;24.975444793701172;25.183530807495117;9.766379356384277;0.2981022000312805;24.978487014770508;25.160795211791992;9.795319557189941;0.2611735244923324;0.9995725154886069;0.800000011920929;0.800000011920929;0.800000011920929
lidar;0.0;25.0;24.97579002380371;25.187557220458984;9.76965618133545;0.29803019762039185;24.972055435180664;25.216487884521484;9.734123229980469;0.3440038020515318;0.9998136162685186;0.800000011920929;0.800000011920929;0.800000011920929
lidar;0.0;25.0;24.976133346557617;25.19158172607422;9.772932052612305;0.29804906249046326;24.981042861938477;25.152175903320312;9.819637298583984;0.23674405615357463;0.9997501373200411;0.800000011920929;0.800000011920929;0.800000011920929
lidar;0.0;25.0;24.976478576660156;25.19561004638672;9.776209831237793;0.2981588542461395;24.980525970458984;25.16196060180664;9.814706802368164;0.24686859230467212;0.9993821979124826;0.800000011920929;0.800000011920929;0.800000011920929
lidar;0.0;25.0;24.976823806762695;25.199642181396484;9.77949047088623;0.2983594238758087;24.969799041748047;25.260154724121094;9.712652206420898;0.38879440231031703;0.9987097978361101;0.800000011920929;0.800000011920929;0.800000011920929
lidar;0.0;25.0;24.977169036865234;25.20368003845215;9.782776832580566;0.29865148663520813;24.980194091796875;25.17669677734375;9.811553001403809;0.2590879573328753;0.9977331758438753;0.800000011920929;0.800000011920929;0.800000011920929
lidar;0.0;25.0;24.977514266967773;25.207727432250977;9.786070823669434;0.2990351915359497;24.98028564453125;25.1821346282959;9.812426567077637;0.2621937064128629;0.9964526296251056;0.800000011920929;0.800000011920929;0.800000011920929
lidar;0.0;25.0;24.977895736694336;25.211458206176758;9.789700508117676;0.2990473210811615;24.97352409362793;25.253292083740234;9.748096466064453;0.35820838415039696;0.995473861356712;0.800000011920929;0.800000011920929;0.800000011920929
lidar;0.0;25.0;24.974231719970703;24.788551330566406;9.790127754211426;0.29903316497802734;24.976598739624023;24.807979583740234;9.809410095214844;0.27155871762875017;0.995520890017529;0.800000011920929;0.800000011920929;0.800000011920929
lidar;0.0;25.0;24.97377586364746;24.792205810546875;9.78642749786377;0.29913079738616943;24.975061416625977;24.802392959594727;9.796896934509277;0.2844667993522709;0.9961340424325466;0.800000011920929;0.800000011920929;0.800000011920929
lidar;0.0;25.0;24.973371505737305;24.796253204345703;9.783138275146484;0.2987484633922577;24.981853485107422;24.86115074157715;9.852212905883789;0.20359125354524105;0.9974092242882313;0.800000011920929;0.800000011920929;0.800000011920929
lidar;0.0;25.0;24.97296905517578;24.80029296875;9.779855728149414;0.2984578013420105;24.977540969848633;24.834062576293945;9.817082405090332;0.24798858167090643;0.9983806609389205;0.800000011920929;0.800000011920929;0.800000011920929
lidar;0.0;25.0;24.972566604614258;24.804325103759766;9.776578903198242;0.29825857281684875;24.966360092163086;24.760051727294922;9.726029396057129;0.36574099309954705;0.9990479349746926;0.800000011920929;0.800000011920929;0.800000011920929
lidar;0.0;25.0;24.972166061401367;24.808353424072266;9.773305892944336;0.29815027117729187;24.97479248046875;24.826433181762695;9.794692993164062;0.2700216609761559;0.9994108677073613;0.800000011920929;0.800000011920929;0.800000011920929
lidar;0.0;25.0;24.971763610839844;24.8123779296875;9.770033836364746;0.29813286662101746;24.97032356262207;24.802814483642578;9.758310317993164;0.3133318055355679;0.9994693994564072;0.800000011920929;0.800000011920929;0.800000011920929
lidar;0.0;25.0;24.97136116027832;24.81640625;9.766761779785156;0.29820629954338074;24.969541549682617;24.804731369018555;9.751930236816406;0.31716869400665854;0.9992234111331427;0.800000011920929;0.800000011920929;0.800000011920929
lidar;0.0;25.0;24.970958709716797;24.820436477661133;9.763486862182617;0.2983706593513489;24.97355842590332;24.836509704589844;9.78465747833252;0.2716625229298946;0.9986730814861178;0.800000011920929;0.800000011920929;0.800000011920929
lidar;0.0;25.0;24.970556259155273;24.824472427368164;9.760207176208496;0.29862624406814575;24.97144889831543;24.82978630065918;9.767467498779297;0.28958426240716806;0.9978186486687505;0.800000011920929;0.800000011920929;0.800000011920929
lidar;0.0;25.0;24.97015380859375;24.828516006469727;9.75692081451416;0.29897341132164;24.970767974853516;24.832050323486328;9.761929512023926;0.2928129353299647;0.9966601731055896;0.800000011920929;0.800000011920929;0.800000011920929
lidar;0.0;25.0;24.969749450683594;24.832571029663086;9.753625869750977;0.29941269755363464;24.9682674407959;24.824373245239258;9.741561889648438;0.3140735463658378;0.9951981309531729;0.800000011920929;0.800000011920929;0.800000011920929
lidar;0.0;25.0;24.969350814819336;24.83667755126953;9.750381469726562;0.2998711168766022;24.96497344970703;24.813350677490234;9.714729309082031;0.3427013787788786;0.9945432545946009;0.800000011920929;0.800000011920929;0.800000011920929
lidar;0.0;25.0;24.96904945373535;24.8413028717041;9.747925758361816;0.2994730770587921;24.962629318237305;24.80838966369629;9.695643424987793;0.36158552927858856;0.9958646895155685;0.800000011920929;0.800000011920929;0.800000011920929
lidar;0.0;25.0;24.968753814697266;24.845945358276367;9.745521545410156;0.2991121709346771;24.969680786132812;24.85051727294922;9.753072738647461;0.29023662820273405;0.997066021054961;0.800000011920929;0.800000011920929;0.800000011920929
lidar;0.0;25.0;24.96846580505371;24.85060691833496;9.743171691894531;0.29878702759742737;24.970739364624023;24.861377716064453;9.761690139770508;0.2772431954756005;0.9981507062963355;0.800000011920929;0.800000011920929;0.800000011920929
lidar;0.0;25.0;24.968177795410156;24.85525894165039;9.740825653076172;0.29855334758758545;24.965904235839844;24.84492301940918;9.722320556640625;0.3198704277144345;0.9989314079253676;0.800000011920929;0.800000011920929;0.800000011920929
lidar;0.0;25.0;24.9678897857666;24.859905242919922;9.738482475280762;0.29841095209121704;24.967653274536133;24.858871459960938;9.736554145812988;0.3006116101705243;0.9994078278814678;0.800000011920929;0.800000011920929;0.800000011920929
lidar;0.0;25.0;24.967601776123047;24.864547729492188;9.736141204833984;0.2983594834804535;24.967010498046875;24.862070083618164;9.731316566467285;0.3038146885511527;0.9995797872395183;0.800000011920929;0.800000011920929;0.800000011920929
lidar;0.0;25.0;24.967315673828125;24.869190216064453;9.733799934387207;0.2983989417552948;24.96337127685547;24.853410720825195;9.701687812805176;0.3343948224797492;0.9994472265668446;0.800000011920929;0.800000011920929;0.800000011920929
lidar;0.0;25.0;24.96702766418457;24.873836517333984;9.731457710266113;0.29852938652038574;24.966981887817383;24.8736629486084;9.731091499328613;0.2989363932678241;0.9990102648732598;0.800000011920929;0.800000011920929;0.800000011920929
lidar;0.0;25.0;24.966739654541016;24.87848663330078;9.729111671447754;0.2987509071826935;24.968538284301758;24.88505744934082;9.743759155273438;0.2825966903499637;0.9982689619506644;0.800000011920929;0.800000011920929;0.800000011920929
lidar;0.0;25.0;24.96645164489746;24.883146286010742;9.726761817932129;0.29906409978866577;24.969078063964844;24.892297744750977;9.748162269592285;0.27564163439906086;0.9972236754267948;0.800000011920929;0.800000011920929;0.800000011920929
lidar;0.0;25.0;24.966161727905273;24.8878173828125;9.724407196044922;0.29946911334991455;24.966781616210938;24.889873504638672;9.729458808898926;0.29397953266934873;0.9958745241106839;0.800000011920929;0.800000011920929;0.800000011920929
lidar;0.0;25.0;24.96590805053711;24.892620086669922;9.722349166870117;0.2996377944946289;24.955142974853516;24.85870933532715;9.634669303894043;0.3942613428298567;0.9959792494279901;0.800000011920929;0.800000011920929;0.800000011920929
lidar;0.0;25.0;24.965730667114258;24.89765167236328;9.72089672088623;0.299245685338974;24.969301223754883;24.908313751220703;9.74997329711914;0.268070935934466;0.9972841142011637;0.800000011920929;0.800000011920929;0.800000011920929
lidar;0.0;25.0;24.965553283691406;24.902671813964844;9.71944808959961;0.2989456355571747;24.967403411865234;24.907899856567383;9.734518051147461;0.28288806122916993;0.9982849955941102;0.800000011920929;0.800000011920929;0.800000011920929
lidar;0.0;25.0;24.965375900268555;24.907684326171875;9.718002319335938;0.2987370491027832;24.961217880249023;24.89659881591797;9.684137344360352;0.33461193742608797;0.9989820122055539;0.800000011920929;0.800000011920929;0.800000011920929
lidar;0.0;25.0;24.96519660949707;24.912691116333008;9.716557502746582;0.29861980676651;24.967470169067383;24.918394088745117;9.735071182250977;0.2791142167889601;0.9993746280483726;0.800000011920929;0.800000011920929;0.800000011920929
lidar;0.0;25.0;24.96502685546875;24.917709350585938;9.715157508850098;0.29854652285575867;24.96790885925293;24.924489974975586;9.738629341125488;0.27394554034787766;0.9996199607907376;0.800000011920929;0.800000011920929;0.800000011920929
lidar;0.0;25.0;24.964862823486328;24.922744750976562;9.713828086853027;0.29849228262901306;24.966873168945312;24.927165985107422;9.730203628540039;0.2814112005616842;0.9998015761482014;0.800000011920929;0.800000011920929;0.800000011920929
lidar;0.0;25.0;24.964698791503906;24.927778244018555;9.71249771118164;0.2985289692878723;24.957855224609375;24.913776397705078;9.656754493713379;0.3564101365920512;0.9996787309608748;0.800000011920929;0.800000011920929;0.800000011920929
lidar;0.0;25.0;24.964536666870117;24.932817459106445;9.711167335510254;0.2986566722393036;24.951534271240234;24.908185958862305;9.605270385742188;0.40815499128333665;0.9992513059858857;0.800000011920929;0.800000011920929;0.800000011920929
lidar;0.0;25.0;24.964372634887695;24.9378604888916;9.709835052490234;0.298875629901886;24.959514617919922;24.929386138916016;9.670265197753906;0.33963310109934947;0.9985195397665825;0.800000011920929;0.800000011920929;0.800000011920929
lidar;0.0;25.0;24.964208602905273;24.942913055419922;9.708499908447266;0.2991861402988434;24.9612979888916;24.938270568847656;9.684794425964355;0.3235169654323317;0.9974836109687639;0.800000011920929;0.800000011920929;0.800000011920929
lidar;0.0;25.0;24.96405029296875;24.947986602783203;9.707218170166016;0.29953157901763916;24.962215423583984;24.945331573486328;9.692270278930664;0.3148231564528595;0.9963334202925711;0.800000011920929;0.800000011920929;0.800000011920929
lidar;0.0;25.0;24.96390724182129;24.953092575073242;9.706042289733887;0.29985663294792175;24.961257934570312;24.949649810791016;9.684468269348145;0.32186368277085414;0.9952535032260297;0.800000011920929;0.800000011920929;0.800000011920929
lidar;0.0;25.0;24.963834762573242;24.958293914794922;9.705461502075195;0.2996668517589569;24.961610794067383;24.95572853088379;9.687344551086426;0.3180991125561154;0.9962439539004754;0.800000011920929;0.800000011920929;0.800000011920929
lidar;0.0;25.0;24.963787078857422;24.96351432800293;9.70506477355957;0.2993813157081604;24.965316772460938;24.965055465698242;9.717524528503418;0.28673446427082316;0.9971941111461053;0.800000011920929;0.800000011920929;0.800000011920929
lidar;0.0;25.0;24.9637451171875;24.968732833862305;9.704736709594727;0.299119234085083;24.958080291748047;24.96384620666504;9.658590316772461;0.34586838257399843;0.998068034671001;0.800000011920929;0.800000011920929;0.800000011920929
lidar;0.0;25.0;24.963706970214844;24.97394561767578;9.704412460327148;0.2989448606967926;24.956573486328125;24.96882438659668;9.646323204040527;0.35769428796800057;0.9986503125165949;0.800000011920929;0.800000011920929;0.800000011920929
lidar;0.0;25.0;24.963672637939453;24.979156494140625;9.704143524169922;0.29880645871162415;24.971630096435547;24.983720779418945;9.768940925598145;0.2333625592756347;0.9991127252166124;0.800000011920929;0.800000011920929;0.800000011920929
lidar;0.0;25.0;24.96364402770996;24.984365463256836;9.703903198242188;0.29873016476631165;24.968355178833008;24.986391067504883;9.742267608642578;0.26002430777110525;0.9993676542993948;0.800000011920929;0.800000011920929;0.800000011920929
lidar;0.0;25.0;24.963624954223633;24.98957633972168;9.703744888305664;0.29866212606430054;24.961427688598633;24.98894691467285;9.685855865478516;0.31669610167586326;0.9995955228858315;0.800000011920929;0.800000011920929;0.800000011920929
lidar;0.0;25.0;24.963611602783203;24.994787216186523;9.703635215759277;0.2986363470554352;24.96468162536621;24.99494171142578;9.712348937988281;0.2898555933826282;0.9996817112099441;0.800000011920929;0.800000011920929;0.800000011920929
lidar;0.0;25.0;24.963603973388672;25.0;9.703584671020508;0.29864129424095154;24.974014282226562;25.0;9.788363456726074;0.2132258004680066;0.999665439138244;0.800000011920929;0.800000011920929;0.800000011920929
lidar;0.0;25.0;24.963611602783203;25.005212783813477;9.703635215759277;0.2986363470554352;24.96832275390625;25.00453758239746;9.742003440856934;0.25997388006405453;0.9996817112099441;0.800000011920929;0.800000011920929;0.800000011920929
lidar;0.0;25.0;24.963624954223633;25.01042366027832;9.703744888305664;0.29866212606430054;24.971773147583008;25.008089065551758;9.770108222961426;0.23175983036787356;0.9995955228858315;0.800000011920929;0.800000011920929;0.800000011920929
lidar;0.0;25.0;24.96364402770996;25.015634536743164;9.703903198242188;0.29873016476631165;24.974260330200195;25.01106834411621;9.790365219116211;0.2114991301115008;0.9993676542993948;0.800000011920929;0.800000011920929;0.800000011920929
lidar;0.0;25.0;24.963672637939453;25.020843505859375;9.704143524169922;0.29880645871162415;24.96428680419922;25.020490646362305;9.709146499633789;0.29375325708357314;0.9991127252166124;0.800000011920929;0.800000011920929;0.800000011920929
lidar;0.0;25.0;24.963706970214844;25.02605438232422;9.704412460327148;0.2989448606967926;24.966447830200195;25.024085998535156;9.726739883422852;0.27636440579910215;0.9986503125165949;0.800000011920929;0.800000011920929;0.800000011920929
lidar;0.0;25.0;24.9637451171875;25.031267166137695;9.704736709594727;0.299119234085083;24.965723037719727;25.02956199645996;9.720831871032715;0.2828138420576289;0.998068034671001;0.800000011920929;0.800000011920929;0.800000011920929
lidar;0.0;25.0;24.963787078857422;25.03648567199707;9.70506477355957;0.2993813455104828;24.97834014892578;25.021821975708008;9.823601722717285;0.17905813189927394;0.9971941111461053;0.800000011920929;0.800000011920929;0.800000011920929
lidar;0.0;25.0;24.963834762573242;25.041706085205078;9.705461502075195;0.2996668517589569;24.9683837890625;25.03645896911621;9.742508888244629;0.26197420426976864;0.9962439539004754;0.800000011920929;0.800000011920929;0.800000011920929
lidar;0.0;25.0;24.96390724182129;25.046907424926758;9.706042289733887;0.29985666275024414;24.958303451538086;25.054189682006836;9.660415649414062;0.3463994225125199;0.9952535032260297;0.800000011920929;0.800000011920929;0.800000011920929
lidar;0.0;25.0;24.96405029296875;25.052013397216797;9.707218170166016;0.29953160881996155;24.964923858642578;25.050750732421875;9.714326858520508;0.2922589524248238;0.9963334202925711;0.800000011920929;0.800000011920929;0.800000011920929
lidar;0.0;25.0;24.964208602905273;25.057086944580078;9.708499908447266;0.29918619990348816;24.959991455078125;25.063812255859375;9.674165725708008;0.3344255556265443;0.9974836109687639;0.800000011920929;0.800000011920929;0.800000011920929
lidar;0.0;25.0;24.964372634887695;25.0621395111084;9.709834098815918;0.2988757789134979;24.964569091796875;25.061796188354492;9.71143627166748;0.29722617963872644;0.9985195397665825;0.800000011920929;0.800000011920929;0.800000011920929
lidar;0.0;25.0;24.964536666870117;25.067182540893555;9.711166381835938;0.2986568510532379;24.9689884185791;25.058748245239258;9.747429847717285;0.2611601665648058;0.9992513059858857;0.800000011920929;0.800000011920929;0.800000011920929
lidar;0.0;25.0;24.964698791503906;25.072221755981445;9.71249771118164;0.29852908849716187;24.964824676513672;25.071964263916016;9.713522911071777;0.29746450659950907;0.9996787309608748;0.800000011920929;0.800000011920929;0.800000011920929
lidar;0.0;25.0;24.964862823486328;25.077255249023438;9.713827133178711;0.2984923720359802;24.966447830200195;25.07377052307129;9.726737976074219;0.28502594850147844;0.9998015761482014;0.800000011920929;0.800000011920929;0.800000011920929
lidar;0.0;25.0;24.96502685546875;25.082290649414062;9.715157508850098;0.29854652285575867;24.969017028808594;25.072898864746094;9.747664451599121;0.2644758470274647;0.9996199607907376;0.800000011920929;0.800000011920929;0.800000011920929
lidar;0.0;25.0;24.96519660949707;25.087308883666992;9.716557502746582;0.29861974716186523;24.956520080566406;25.10907745361328;9.64588451385498;0.3730768911609069;0.9993746280483726;0.800000011920929;0.800000011920929;0.800000011920929
lidar;0.0;25.0;24.965375900268555;25.092315673828125;9.718001365661621;0.29873713850975037;24.97079849243164;25.077856063842773;9.762170791625977;0.25194650462571516;0.9989820122055539;0.800000011920929;0.800000011920929;0.800000011920929
lidar;0.0;25.0;24.965553283691406;25.097328186035156;9.71944808959961;0.29894569516181946;24.967164993286133;25.0927734375;9.732577323913574;0.28495550476908693;0.9982849955941102;0.800000011920929;0.800000011920929;0.800000011920929
lidar;0.0;25.0;24.965730667114258;25.10234832763672;9.72089672088623;0.2992457449436188;24.970842361450195;25.08708381652832;9.762521743774414;0.2546170067514416;0.9972841142011637;0.800000011920929;0.800000011920929;0.800000011920929
lidar;0.0;25.0;24.96590805053711;25.107379913330078;9.722349166870117;0.2996377944946289;24.961688995361328;25.12067413330078;9.687975883483887;0.3367325319586974;0.9959792494279901;0.800000011920929;0.800000011920929;0.800000011920929
lidar;0.0;25.0;24.966161727905273;25.1121826171875;9.724407196044922;0.2994691729545593;24.963254928588867;25.12181854248047;9.700737953186035;0.3251888429036694;0.9958745241106839;0.800000011920929;0.800000011920929;0.800000011920929
lidar;0.0;25.0;24.96645164489746;25.116853713989258;9.726761817932129;0.29906412959098816;24.95938491821289;25.14146614074707;9.669210433959961;0.3620556156842264;0.9972236155077773;0.800000011920929;0.800000011920929;0.800000011920929
lidar;0.0;25.0;24.966739654541016;25.12151336669922;9.729111671447754;0.2987510561943054;24.97081184387207;25.10663414001465;9.762280464172363;0.2621706407261284;0.9982689619506644;0.800000011920929;0.800000011920929;0.800000011920929
lidar;0.0;25.0;24.96702766418457;25.126163482666016;9.731456756591797;0.2985294461250305;24.956789016723633;25.16533851623535;9.648072242736816;0.3912254404068643;0.9990102648732598;0.800000011920929;0.800000011920929;0.800000011920929
lidar;0.0;25.0;24.967315673828125;25.130809783935547;9.733799934387207;0.29839906096458435;24.966344833374023;25.13469123840332;9.72590160369873;0.3072530441899749;0.9994472265668446;0.800000011920929;0.800000011920929;0.800000011920929
lidar;0.0;25.0;24.967601776123047;25.135452270507812;9.736141204833984;0.29835957288742065;24.97523307800293;25.10354995727539;9.798286437988281;0.22808907105578535;0.9995797872395183;0.800000011920929;0.800000011920929;0.800000011920929
lidar;0.0;25.0;24.9678897857666;25.140094757080078;9.738482475280762;0.2984110414981842;24.969738006591797;25.13203239440918;9.753534317016602;0.28123554314620247;0.9994078278814678;0.800000011920929;0.800000011920929;0.800000011920929
lidar;0.0;25.0;24.968177795410156;25.14474105834961;9.740825653076172;0.2985534369945526;24.967554092407227;25.14757537841797;9.735750198364258;0.3043997155534823;0.998931467496395;0.800000011920929;0.800000011920929;0.800000011920929
lidar;0.0;25.0;24.96846580505371;25.14939308166504;9.743171691894531;0.29878702759742737;24.960716247558594;25.18610191345215;9.68006420135498;0.3722044776393775;0.9981507658528732;0.800000011920929;0.800000011920929;0.800000011920929
lidar;0.0;25.0;24.968753814697266;25.154054641723633;9.745521545410156;0.29911211133003235;24.96856689453125;25.15497589111328;9.744000434875488;0.3009006065600277;0.9970660803674258;0.800000011920929;0.800000011920929;0.800000011920929
lidar;0.0;25.0;24.96904945373535;25.1586971282959;9.747925758361816;0.2994730770587921;24.96774673461914;25.165374755859375;9.73731803894043;0.312075258458143;0.9958647490805261;0.800000011920929;0.800000011920929;0.800000011920929
lidar;0.0;25.0;24.969350814819336;25.16332244873047;9.750381469726562;0.2998711168766022;24.97294807434082;25.144147872924805;9.77968692779541;0.26466605822695854;0.9945432545946009;0.800000011920929;0.800000011920929;0.800000011920929
lidar;0.0;25.0;24.969749450683594;25.167428970336914;9.753625869750977;0.29941272735595703;24.97969627380371;25.112369537353516;9.834646224975586;0.20095101016594386;0.9951982498234324;0.800000011920929;0.800000011920929;0.800000011920929
lidar;0.0;25.0;24.97015380859375;25.171483993530273;9.75692081451416;0.29897341132164;24.9724178314209;25.158475875854492;9.775360107421875;0.27629458709416654;0.996660292355037;0.800000011920929;0.800000011920929;0.800000011920929
lidar;0.0;25.0;24.970556259155273;25.175527572631836;9.760207176208496;0.29862627387046814;24.973339080810547;25.15894317626953;9.782864570617676;0.27040920008418257;0.9978187081819596;0.800000011920929;0.800000011920929;0.800000011920929
lidar;0.0;25.0;24.970958709716797;25.179563522338867;9.763486862182617;0.29837071895599365;24.967082977294922;25.20353889465332;9.731908798217773;0.3382073680252023;0.998673200619916;0.800000011920929;0.800000011920929;0.800000011920929
lidar;0.0;25.0;24.97136116027832;25.18359375;9.766761779785156;0.2982063293457031;24.97031593322754;25.190296173095703;9.758246421813965;0.30909350848467243;0.9992235303192779;0.800000011920929;0.800000011920929;0.800000011920929
lidar;0.0;25.0;24.971763610839844;25.1876220703125;9.770033836364746;0.29813286662101746;24.972068786621094;25.185592651367188;9.772520065307617;0.294910182044255;0.9994694590323127;0.800000011920929;0.800000011920929;0.800000011920929
lidar;0.0;25.0;24.972166061401367;25.191646575927734;9.773305892944336;0.2981502413749695;24.969482421875;25.210115432739258;9.751460075378418;0.3268823176494798;0.9994109272862639;0.800000011920929;0.800000011920929;0.800000011920929
lidar;0.0;25.0;24.972566604614258;25.195674896240234;9.776578903198242;0.29825857281684875;24.970855712890625;25.207881927490234;9.762642860412598;0.316863404797063;0.9990479946183541;0.800000011920929;0.800000011920929;0.800000011920929
lidar;0.0;25.0;24.97296905517578;25.19970703125;9.779855728149414;0.2984578013420105;24.973100662231445;25.198745727539062;9.780915260314941;0.2970208185292352;0.9983807206992841;0.800000011920929;0.800000011920929;0.800000011920929
lidar;0.0;25.0;24.973371505737305;25.203746795654297;9.783138275146484;0.2987484633922577;24.96590805053711;25.2608585357666;9.7223482131958;0.38249224491095846;0.9974092843162572;0.800000011920929;0.800000011920929;0.800000011920929
lidar;0.0;25.0;24.97377586364746;25.207794189453125;9.78642749786377;0.29913079738616943;24.97724151611328;25.180339813232422;9.814644813537598;0.2596093664676774;0.9961341026468474;0.800000011920929;0.800000011920929;0.800000011920929
lidar;0.0;25.0;24.974231719970703;25.211448669433594;9.790127754211426;0.29903316497802734;24.96775245666504;25.264616012573242;9.737356185913086;0.3742240999999565;0.9955210090589068;0.800000011920929;0.800000011920929;0.800000011920929
lidar;0.0;25.0;24.970569610595703;24.788532257080078;9.790590286254883;0.2990601658821106;24.972118377685547;24.79966163635254;9.80161190032959;0.28332052576102235;0.9954307675264664;0.800000011920929;0.800000011920929;0.800000011920929
lidar;0.0;25.0;24.97003936767578;24.792104721069336;9.786812782287598;0.2992774546146393;24.967941284179688;24.77755355834961;9.771890640258789;0.32022515751692066;0.9956459997496593;0.800000011920929;0.800000011920929;0.800000011920929
lidar;0.0;25.0;24.96957778930664;24.796152114868164;9.783528327941895;0.2988971769809723;24.967100143432617;24.77954864501953;9.765896797180176;0.3232419006747463;0.9969130752859875;0.800000011920929;0.800000011920929;0.800000011920929
lidar;0.0;25.0;24.9691162109375;24.80019187927246;9.780250549316406;0.298608660697937;24.966075897216797;24.780517578125;9.758611679077148;0.32801241703212586;0.9978764059322078;0.800000011920929;0.800000011920929;0.800000011920929
lidar;0.0;25.0;24.968656539916992;24.804224014282227;9.7769775390625;0.2984115183353424;24.960500717163086;24.753284454345703;9.718948364257812;0.3760575042660022;0.9985358119562427;0.800000011920929;0.800000011920929;0.800000011920929
lidar;0.0;25.0;24.968196868896484;24.808252334594727;9.77370834350586;0.2983054220676422;24.967670440673828;24.805084228515625;9.769969940185547;0.30323411736266;0.9988911152692452;0.800000011920929;0.800000011920929;0.800000011920929
lidar;0.0;25.0;24.967737197875977;24.812280654907227;9.770441055297852;0.2982902228832245;24.966569900512695;24.805484771728516;9.76213264465332;0.30908633883006154;0.998942077077997;0.800000011920929;0.800000011920929;0.800000011920929
lidar;0.0;25.0;24.96727752685547;24.816307067871094;9.767172813415527;0.2983660101890564;24.976764678955078;24.86956024169922;9.83466911315918;0.21187020911179372;0.9986887575038138;0.800000011920929;0.800000011920929;0.800000011920929
lidar;0.0;25.0;24.96681785583496;24.82033920288086;9.763901710510254;0.2985326647758484;24.970077514648438;24.837982177734375;9.787086486816406;0.26921677102420205;0.9981312750797399;0.800000011920929;0.800000011920929;0.800000011920929
lidar;0.0;25.0;24.966358184814453;24.82437515258789;9.760625839233398;0.2987906336784363;24.97191619873047;24.85338592529297;9.800166130065918;0.2494360041949752;0.9972698090202975;0.800000011920929;0.800000011920929;0.800000011920929
lidar;0.0;25.0;24.965896606445312;24.828420639038086;9.757343292236328;0.2991402745246887;24.96867561340332;24.84239959716797;9.777112007141113;0.2747695570968638;0.9961043595783033;0.800000011920929;0.800000011920929;0.800000011920929
lidar;0.0;25.0;24.965452194213867;24.832561492919922;9.754178047180176;0.2994292974472046;24.97208595275879;24.864713668823242;9.80138111114502;0.24193261293864393;0.9951431754595887;0.800000011920929;0.800000011920929;0.800000011920929
lidar;0.0;25.0;24.96500587463379;24.836713790893555;9.751008033752441;0.29980695247650146;24.969459533691406;24.857492446899414;9.782692909240723;0.2616550927782025;0.9938896299596468;0.800000011920929;0.800000011920929;0.800000011920929
lidar;0.0;25.0;24.964658737182617;24.841323852539062;9.748536109924316;0.299435019493103;24.973325729370117;24.880231857299805;9.810195922851562;0.22601244843138862;0.9959912299940687;0.800000011920929;0.800000011920929;0.800000011920929
lidar;0.0;25.0;24.96432876586914;24.84599494934082;9.746186256408691;0.299017071723938;24.96650505065918;24.855390548706055;9.76167106628418;0.2807747752383282;0.9973830580860732;0.800000011920929;0.800000011920929;0.800000011920929
lidar;0.0;25.0;24.963998794555664;24.85065460205078;9.743843078613281;0.29869112372398376;24.962053298950195;24.842578887939453;9.729991912841797;0.31484280458515584;0.9984710216912323;0.800000011920929;0.800000011920929;0.800000011920929
lidar;0.0;25.0;24.96367073059082;24.855304718017578;9.741504669189453;0.29845672845840454;24.969135284423828;24.8770694732666;9.780385971069336;0.25356412906499093;0.9992548227317614;0.800000011920929;0.800000011920929;0.800000011920929
lidar;0.0;25.0;24.963342666625977;24.85995101928711;9.739168167114258;0.2983134388923645;24.959165573120117;24.843994140625;9.709450721740723;0.33230077021082266;0.9997343421165876;0.800000011920929;0.800000011920929;0.800000011920929
lidar;0.0;25.0;24.963014602661133;24.864591598510742;9.736833572387695;0.2982611358165741;24.967466354370117;24.880891799926758;9.768512725830078;0.26235734207476025;0.9999092817291726;0.800000011920929;0.800000011920929;0.800000011920929
lidar;0.0;25.0;24.96268653869629;24.869234085083008;9.734498977661133;0.29829972982406616;24.9600887298584;24.86012840270996;9.716012954711914;0.31906952361507074;0.9997795820259572;0.800000011920929;0.800000011920929;0.800000011920929
lidar;0.0;25.0;24.962358474731445;24.873878479003906;9.732163429260254;0.2984291911125183;24.9560489654541;24.852739334106445;9.687273025512695;0.34844743652656596;0.9993454218075838;0.800000011920929;0.800000011920929;0.800000011920929
lidar;0.0;25.0;24.9620304107666;24.878528594970703;9.729825019836426;0.29864993691444397;24.966827392578125;24.893875122070312;9.763960838317871;0.26091663110806856;0.9986068011287764;0.800000011920929;0.800000011920929;0.800000011920929
lidar;0.0;25.0;24.961700439453125;24.88318634033203;9.727481842041016;0.2989620268344879;24.94987678527832;24.847122192382812;9.643348693847656;0.3912596229958225;0.9975640773232373;0.800000011920929;0.800000011920929;0.800000011920929
lidar;0.0;25.0;24.96137046813965;24.887855529785156;9.725133895874023;0.2993660867214203;24.97024154663086;24.913610458374023;9.78825855255127;0.23061452587657846;0.9962174296224694;0.800000011920929;0.800000011920929;0.800000011920929
lidar;0.0;25.0;24.961042404174805;24.892547607421875;9.722801208496094;0.2998385727405548;24.958091735839844;24.88440704345703;9.701799392700195;0.3225555277604049;0.9953122142176383;0.800000011920929;0.800000011920929;0.800000011920929
lidar;0.0;25.0;24.960838317871094;24.8975830078125;9.721349716186523;0.29944735765457153;24.953235626220703;24.877696990966797;9.66724681854248;0.357588871977232;0.9966126680669811;0.800000011920929;0.800000011920929;0.800000011920929
lidar;0.0;25.0;24.960634231567383;24.902606964111328;9.719902038574219;0.2991480529308319;24.955242156982422;24.889263153076172;9.681525230407715;0.3401359077888928;0.9976095558260798;0.800000011920929;0.800000011920929;0.800000011920929
lidar;0.0;25.0;24.96044158935547;24.907644271850586;9.718522071838379;0.29887154698371887;24.955480575561523;24.89606285095215;9.683228492736816;0.3363463572738942;0.9985327720896411;0.800000011920929;0.800000011920929;0.800000011920929
lidar;0.0;25.0;24.960254669189453;24.912687301635742;9.717193603515625;0.2986348271369934;24.96422576904297;24.921411514282227;9.745450973510742;0.26879599797691917;0.999324321767392;0.800000011920929;0.800000011920929;0.800000011920929
lidar;0.0;25.0;24.960067749023438;24.917724609375;9.715866088867188;0.2984893321990967;24.96119499206543;24.920047760009766;9.723885536193848;0.29006462282073064;0.999811470499133;0.800000011920929;0.800000011920929;0.800000011920929
lidar;0.0;25.0;24.959880828857422;24.922760009765625;9.714539527893066;0.2984348237514496;24.962228775024414;24.927278518676758;9.731245040893555;0.2809702437315147;0.9999940395358194;0.800000011920929;0.800000011920929;0.800000011920929
lidar;0.0;25.0;24.95969581604004;24.927793502807617;9.713212966918945;0.29847124218940735;24.957780838012695;24.92436408996582;9.699596405029297;0.3126428514617681;0.9998720288228753;0.800000011920929;0.800000011920929;0.800000011920929
lidar;0.0;25.0;24.959508895874023;24.932830810546875;9.711885452270508;0.2985987365245819;24.9620418548584;24.93703269958496;9.729914665222168;0.27991382864572456;0.9994454383696235;0.800000011920929;0.800000011920929;0.800000011920929
lidar;0.0;25.0;24.959321975708008;24.9378719329834;9.710556983947754;0.2988174259662628;24.959253311157227;24.937768936157227;9.710074424743652;0.2993152414893159;0.9987144469711314;0.800000011920929;0.800000011920929;0.800000011920929
lidar;0.0;25.0;24.959152221679688;24.942949295043945;9.709352493286133;0.29899758100509644;24.952831268310547;24.934120178222656;9.66437816619873;0.3452638216712374;0.9981126189271228;0.800000011920929;0.800000011920929;0.800000011920929
lidar;0.0;25.0;24.958988189697266;24.948040008544922;9.708184242248535;0.29922938346862793;24.958383560180664;24.947275161743164;9.703888893127441;0.30363366616626286;0.9973394277260917;0.800000011920929;0.800000011920929;0.800000011920929
lidar;0.0;25.0;24.958824157714844;24.953140258789062;9.707014083862305;0.29955291748046875;24.954313278198242;24.94800567626953;9.674917221069336;0.3323700014418293;0.9962624309116614;0.800000011920929;0.800000011920929;0.800000011920929
lidar;0.0;25.0;24.95865821838379;24.958251953125;9.705841064453125;0.2999686300754547;24.95547103881836;24.955032348632812;9.683159828186035;0.3230985112257067;0.994882046962244;0.800000011920929;0.800000011920929;0.800000011920929
lidar;0.0;25.0;24.95860481262207;24.96347999572754;9.705459594726562;0.2996683418750763;24.96729850769043;24.971149444580078;9.767321586608887;0.23672925538842216;0.9962390659292522;0.800000011920929;0.800000011920929;0.800000011920929
lidar;0.0;25.0;24.958559036254883;24.968704223632812;9.705135345458984;0.29940247535705566;24.95370101928711;24.96503448486328;9.670565605163574;0.3345046047148369;0.9971235992027804;0.800000011920929;0.800000011920929;0.800000011920929
lidar;0.0;25.0;24.95851707458496;24.973922729492188;9.704837799072266;0.2992017865180969;24.956968307495117;24.97294807434082;9.693817138671875;0.3103733170696464;0.9977923633959849;0.800000011920929;0.800000011920929;0.800000011920929
lidar;0.0;25.0;24.958484649658203;24.97913932800293;9.704597473144531;0.2990344762802124;24.959257125854492;24.979528427124023;9.710092544555664;0.2934710824823423;0.9983505606265274;0.800000011920929;0.800000011920929;0.800000011920929
lidar;0.0;25.0;24.958454132080078;24.984355926513672;9.704384803771973;0.29893043637275696;24.95416259765625;24.982738494873047;9.673845291137695;0.3298118678998249;0.9986979961651831;0.800000011920929;0.800000011920929;0.800000011920929
lidar;0.0;25.0;24.958433151245117;24.98957061767578;9.70423698425293;0.2988521456718445;24.956180572509766;24.98900604248047;9.688209533691406;0.31504624722146546;0.9989597201744381;0.800000011920929;0.800000011920929;0.800000011920929
lidar;0.0;25.0;24.958419799804688;24.99478530883789;9.704146385192871;0.29880693554878235;24.95735740661621;24.994651794433594;9.696586608886719;0.3064422748420586;0.9991107582395697;0.800000011920929;0.800000011920929;0.800000011920929
lidar;0.0;25.0;24.95841407775879;25.0;9.704095840454102;0.2988118827342987;24.954151153564453;25.0;9.67376708984375;0.32943880235745215;0.999094426615914;0.800000011920929;0.800000011920929;0.800000011920929
lidar;0.0;25.0;24.958419799804688;25.00521469116211;9.704146385192871;0.29880693554878235;24.954483032226562;25.005708694458008;9.676131248474121;0.3271018945096569;0.9991107582395697;0.800000011920929;0.800000011920929;0.800000011920929
lidar;0.0;25.0;24.958433151245117;25.01042938232422;9.70423698425293;0.2988521456718445;24.955394744873047;25.011192321777344;9.68261432647705;0.3206997924002406;0.9989597201744381;0.800000011920929;0.800000011920929;0.800000011920929
lidar;0.0;25.0;24.958454132080078;25.015644073486328;9.704384803771973;0.29893046617507935;24.96099281311035;25.01468849182129;9.722454071044922;0.28065846425764945;0.9986979961651831;0.800000011920929;0.800000011920929;0.800000011920929
lidar;0.0;25.0;24.958484649658203;25.02086067199707;9.704597473144531;0.2990344762802124;24.958364486694336;25.020919799804688;9.703742027282715;0.2998997325249297;0.9983505606265274;0.800000011920929;0.800000011920929;0.800000011920929
lidar;0.0;25.0;24.95851707458496;25.026077270507812;9.704837799072266;0.2992017865180969;24.955747604370117;25.02781867980957;9.685131072998047;0.31917832796531126;0.9977923633959849;0.800000011920929;0.800000011920929;0.800000011920929
lidar;0.0;25.0;24.958559036254883;25.031295776367188;9.705135345458984;0.29940247535705566;24.965829849243164;25.02580451965332;9.756868362426758;0.2468735177612869;0.9971235992027804;0.800000011920929;0.800000011920929;0.800000011920929
lidar;0.0;25.0;24.95860481262207;25.03652000427246;9.705459594726562;0.2996683418750763;24.948253631591797;25.045652389526367;9.631804466247559;0.3746062261612766;0.9962390659292522;0.800000011920929;0.800000011920929;0.800000011920929
lidar;0.0;25.0;24.95865821838379;25.041748046875;9.705841064453125;0.2999686300754547;24.95213508605957;25.0483341217041;9.659431457519531;0.3472951441028088;0.994882046962244;0.800000011920929;0.800000011920929;0.800000011920929
lidar;0.0;25.0;24.958824157714844;25.046859741210938;9.707014083862305;0.29955294728279114;24.95783233642578;25.047988891601562;9.69996452331543;0.30676126323080727;0.9962624309116614;0.800000011920929;0.800000011920929;0.800000011920929
lidar;0.0;25.0;24.958988189697266;25.051959991455078;9.708184242248535;0.2992294430732727;24.96527099609375;25.04400062561035;9.752890586853027;0.25338756131948476;0.9973394277260917;0.800000011920929;0.800000011920929;0.800000011920929
lidar;0.0;25.0;24.959152221679688;25.057050704956055;9.709352493286133;0.2989976406097412;24.964458465576172;25.049638748168945;9.747114181518555;0.26015087218476457;0.9981126189271228;0.800000011920929;0.800000011920929;0.800000011920929
lidar;0.0;25.0;24.959321975708008;25.0621280670166;9.710556983947754;0.29881739616394043;24.959131240844727;25.06241798400879;9.70920467376709;0.3002138115667503;0.9987144469711314;0.800000011920929;0.800000011920929;0.800000011920929
lidar;0.0;25.0;24.959508895874023;25.067169189453125;9.711885452270508;0.2985988259315491;24.953853607177734;25.07655143737793;9.671648979187012;0.3402998024660204;0.9994454383696235;0.800000011920929;0.800000011920929;0.800000011920929
lidar;0.0;25.0;24.95969581604004;25.072206497192383;9.713212966918945;0.2984714210033417;24.953649520874023;25.083038330078125;9.670194625854492;0.34324253021482765;0.9998720288228753;0.800000011920929;0.800000011920929;0.800000011920929
lidar;0.0;25.0;24.959880828857422;25.077239990234375;9.714539527893066;0.2984349727630615;24.96291732788086;25.071395874023438;9.736137390136719;0.2758555928912137;0.9999940395358194;0.800000011920929;0.800000011920929;0.800000011920929
lidar;0.0;25.0;24.960067749023438;25.082275390625;9.715866088867188;0.29848945140838623;24.963586807250977;25.075023651123047;9.740907669067383;0.2721819615479311;0.999811470499133;0.800000011920929;0.800000011920929;0.800000011920929
lidar;0.0;25.0;24.960254669189453;25.087312698364258;9.717193603515625;0.29863491654396057;24.974470138549805;25.05608558654785;9.818340301513672;0.19182708840610213;0.999324321767392;0.800000011920929;0.800000011920929;0.800000011920929
lidar;0.0;25.0;24.96044158935547;25.092355728149414;9.718522071838379;0.29887157678604126;24.96617317199707;25.0789737701416;9.75931167602539;0.25556214563810153;0.9985328315985741;0.800000011920929;0.800000011920929;0.800000011920929
lidar;0.0;25.0;24.960634231567383;25.097393035888672;9.719902038574219;0.2991481125354767;24.959749221801758;25.099586486816406;9.71359634399414;0.30588304878128386;0.9976095558260798;0.800000011920929;0.800000011920929;0.800000011920929
lidar;0.0;25.0;24.960838317871094;25.1024169921875;9.721349716186523;0.2994473874568939;24.960954666137695;25.10211181640625;9.722180366516113;0.2985554257615062;0.9966126680669811;0.800000011920929;0.800000011920929;0.800000011920929
lidar;0.0;25.0;24.961042404174805;25.107452392578125;9.722800254821777;0.2998386025428772;24.965301513671875;25.095705032348633;9.753104209899902;0.26706050652818764;0.9953122142176383;0.800000011920929;0.800000011920929;0.800000011920929
lidar;0.0;25.0;24.96137046813965;25.112144470214844;9.725133895874023;0.29936617612838745;24.970006942749023;25.087072372436523;9.786584854125977;0.23243726047611202;0.9962174296224694;0.800000011920929;0.800000011920929;0.800000011920929
lidar;0.0;25.0;24.961700439453125;25.11681365966797;9.727481842041016;0.29896217584609985;24.95415496826172;25.13982582092285;9.673796653747559;0.3578568551442271;0.9975640175546863;0.800000011920929;0.800000011920929;0.800000011920929
lidar;0.0;25.0;24.9620304107666;25.121471405029297;9.729825019836426;0.2986500561237335;24.95956802368164;25.129344940185547;9.712312698364258;0.31800744129593594;0.9986068011287764;0.800000011920929;0.800000011920929;0.800000011920929
lidar;0.0;25.0;24.962358474731445;25.126121520996094;9.732163429260254;0.2984294295310974;24.966720581054688;25.111509323120117;9.76319694519043;0.26385121347781937;0.9993454218075838;0.800000011920929;0.800000011920929;0.800000011920929
lidar;0.0;25.0;24.96268653869629;25.130765914916992;9.734498977661133;0.2982999086380005;24.960716247558594;25.13766860961914;9.720486640930176;0.3140435658983486;0.9997795820259572;0.800000011920929;0.800000011920929;0.800000011920929
lidar;0.0;25.0;24.963014602661133;25.135408401489258;9.736833572387695;0.2982613146305084;24.961341857910156;25.141529083251953;9.72493839263916;0.311743268456887;0.9999092817291726;0.800000011920929;0.800000011920929;0.800000011920929
lidar;0.0;25.0;24.963342666625977;25.14004898071289;9.739168167114258;0.29831361770629883;24.968595504760742;25.119983673095703;9.77653980255127;0.2555711103832901;0.9997343421165876;0.800000011920929;0.800000011920929;0.800000011920929
lidar;0.0;25.0;24.96367073059082;25.144695281982422;9.741503715515137;0.2984568476676941;24.95918846130371;25.16254425048828;9.709614753723145;0.33527574712752106;0.9992548824027733;0.800000011920929;0.800000011920929;0.800000011920929
lidar;0.0;25.0;24.963998794555664;25.14934539794922;9.743843078613281;0.2986912131309509;24.95873260498047;25.171194076538086;9.706367492675781;0.34238957315687746;0.9984710216912323;0.800000011920929;0.800000011920929;0.800000011920929
lidar;0.0;25.0;24.96432876586914;25.15400505065918;9.746186256408691;0.2990171015262604;24.96837043762207;25.13655662536621;9.774944305419922;0.265138014252279;0.9973830580860732;0.800000011920929;0.800000011920929;0.800000011920929
lidar;0.0;25.0;24.964658737182617;25.158676147460938;9.748536109924316;0.299435019493103;24.96760368347168;25.145456314086914;9.769486427307129;0.27448756622527615;0.9959912893089145;0.800000011920929;0.800000011920929;0.800000011920929
lidar;0.0;25.0;24.96500587463379;25.163286209106445;9.751008033752441;0.2998069226741791;24.967924118041992;25.149675369262695;9.771763801574707;0.27481516466097977;0.9938896299596468;0.800000011920929;0.800000011920929;0.800000011920929
lidar;0.0;25.0;24.965452194213867;25.167438507080078;9.754178047180176;0.2994292974472046;24.969675064086914;25.14697265625;9.784225463867188;0.26282929443310143;0.9951431153188787;0.800000011920929;0.800000011920929;0.800000011920929
lidar;0.0;25.0;24.965896606445312;25.171579360961914;9.757343292236328;0.2991402745246887;24.962770462036133;25.18731117248535;9.735095977783203;0.32656622741812147;0.9961044791529847;0.800000011920929;0.800000011920929;0.800000011920929
lidar;0.0;25.0;24.966358184814453;25.17562484741211;9.760625839233398;0.2987906336784363;24.96503257751465;25.18254852294922;9.751188278198242;0.3105705562782745;0.9972699284081091;0.800000011920929;0.800000011920929;0.800000011920929
lidar;0.0;25.0;24.96681785583496;25.17966079711914;9.763901710510254;0.2985326647758484;24.966140747070312;25.18333625793457;9.759073257446289;0.3046379986690265;0.998131394360166;0.800000011920929;0.800000011920929;0.800000011920929
lidar;0.0;25.0;24.96727752685547;25.183692932128906;9.767172813415527;0.2983660101890564;24.962308883666992;25.211584091186523;9.731820106506348;0.34367033174138645;0.9986888766950621;0.800000011920929;0.800000011920929;0.800000011920929
lidar;0.0;25.0;24.967737197875977;25.187719345092773;9.770441055297852;0.2982902228832245;24.96576690673828;25.19918441772461;9.75642204284668;0.3165060961526131;0.9989421963076415;0.800000011920929;0.800000011920929;0.800000011920929
lidar;0.0;25.0;24.968196868896484;25.191747665405273;9.77370834350586;0.2983054220676422;24.973371505737305;25.160551071166992;9.810523986816406;0.24977374183504353;0.9988911747247091;0.800000011920929;0.800000011920929;0.800000011920929
lidar;0.0;25.0;24.968656539916992;25.195775985717773;9.7769775390625;0.2984115183353424;24.967260360717773;25.20449447631836;9.767045021057129;0.3117019293403453;0.9985359310511451;0.800000011920929;0.800000011920929;0.800000011920929
lidar;0.0;25.0;24.9691162109375;25.19980812072754;9.780250549316406;0.298608660697937;24.97803497314453;25.14211082458496;9.843706130981445;0.21238141068831817;0.9978765248290142;0.800000011920929;0.800000011920929;0.800000011920929
lidar;0.0;25.0;24.96957778930664;25.203847885131836;9.783528327941895;0.2988971471786499;24.96755599975586;25.217384338378906;9.769153594970703;0.3187450903259047;0.9969131349525191;0.800000011920929;0.800000011920929;0.800000011920929
lidar;0.0;25.0;24.97003936767578;25.207895278930664;9.786812782287598;0.2992774248123169;24.969379425048828;25.21246910095215;9.782123565673828;0.30586002540474294;0.9956460594769837;0.800000011920929;0.800000011920929;0.800000011920929
lidar;0.0;25.0;24.970569610595703;25.211467742919922;9.790590286254883;0.29906022548675537;24.966115951538086;25.24346351623535;9.758906364440918;0.3443095475605606;0.995430946092793;0.800000011920929;0.800000011920929;0.800000011920929
lidar;0.0;25.0;24.96691131591797;24.788484573364258;9.791088104248047;0.2991285026073456;24.967784881591797;24.7940731048584;9.796608924865723;0.29122372474296415;0.9952034946967427;0.800000011920929;0.800000011920929;0.800000011920929
lidar;0.0;25.0;24.96630096435547;24.791967391967773;9.787227630615234;0.29947519302368164;24.971067428588867;24.821399688720703;9.817331314086914;0.25710419256451605;0.9949886199566895;0.800000011920929;0.800000011920929;0.800000011920929
lidar;0.0;25.0;24.96578025817871;24.7960147857666;9.783946990966797;0.2990976572036743;24.966583251953125;24.800798416137695;9.78901195526123;0.29208587791028295;0.9962446686954929;0.800000011920929;0.800000011920929;0.800000011920929
lidar;0.0;25.0;24.965261459350586;24.80005645751953;9.780673027038574;0.2988119423389435;24.96735382080078;24.812091827392578;9.793875694274902;0.28082520165968855;0.9971973300840905;0.800000011920929;0.800000011920929;0.800000011920929
lidar;0.0;25.0;24.964744567871094;24.804088592529297;9.77740478515625;0.29861778020858765;24.96689224243164;24.816030502319336;9.790972709655762;0.2804165894220028;0.9978461263234331;0.800000011920929;0.800000011920929;0.800000011920929
lidar;0.0;25.0;24.9642276763916;24.80811882019043;9.774140357971191;0.29851460456848145;24.958913803100586;24.779619216918945;9.740594863891602;0.34285070009300195;0.9981911181499425;0.800000011920929;0.800000011920929;0.800000011920929
lidar;0.0;25.0;24.96371078491211;24.81214714050293;9.770875930786133;0.29850247502326965;24.973112106323242;24.86081314086914;9.830235481262207;0.2211695430655074;0.9982318878449371;0.800000011920929;0.800000011920929;0.800000011920929
lidar;0.0;25.0;24.963197708129883;24.816192626953125;9.767634391784668;0.2985517084598541;24.96451187133789;24.82276153564453;9.775938987731934;0.28788209420540095;0.9980676770578496;0.800000011920929;0.800000011920929;0.800000011920929
lidar;0.0;25.0;24.96269989013672;24.820322036743164;9.764494895935059;0.29855984449386597;24.964540481567383;24.829191207885742;9.776119232177734;0.28382326346273695;0.9980406163989579;0.800000011920929;0.800000011920929;0.800000011920929
lidar;0.0;25.0;24.962202072143555;24.824453353881836;9.761354446411133;0.29865893721580505;24.963394165039062;24.829992294311523;9.768884658813477;0.28923532711773514;0.99770969138691;0.800000011920929;0.800000011920929;0.800000011920929
lidar;0.0;25.0;24.96170425415039;24.82858657836914;9.758211135864258;0.29884910583496094;24.967023849487305;24.852394104003906;9.791790962219238;0.2573445314426218;0.9970747233127447;0.800000011920929;0.800000011920929;0.800000011920929
lidar;0.0;25.0;24.961206436157227;24.832727432250977;9.755062103271484;0.29913073778152466;24.96342658996582;24.842302322387695;9.769081115722656;0.28201000210585275;0.9961361287160844;0.800000011920929;0.800000011920929;0.800000011920929
lidar;0.0;25.0;24.96070671081543;24.836877822875977;9.751907348632812;0.29950419068336487;24.958147048950195;24.826255798339844;9.735751152038574;0.319008248535044;0.9948940874278556;0.800000011920929;0.800000011920929;0.800000011920929
lidar;0.0;25.0;24.96027946472168;24.841337203979492;9.749212265014648;0.299409955739975;24.956560134887695;24.826480865478516;9.725728988647461;0.32744566540375614;0.9960745574936157;0.800000011920929;0.800000011920929;0.800000011920929
lidar;0.0;25.0;24.95990753173828;24.84600830078125;9.746869087219238;0.2989918291568756;24.960241317749023;24.8472900390625;9.74897575378418;0.2965034645736943;0.9974672199238379;0.800000011920929;0.800000011920929;0.800000011920929
lidar;0.0;25.0;24.959537506103516;24.85066795349121;9.744532585144043;0.2986656725406647;24.96341896057129;24.8649959564209;9.769043922424316;0.2700098221968059;0.9985560774150114;0.800000011920929;0.800000011920929;0.800000011920929
lidar;0.0;25.0;24.959169387817383;24.855318069458008;9.742199897766113;0.29843100905418396;24.956119537353516;24.844511032104492;9.722942352294922;0.32072328819142365;0.999340772599637;0.800000011920929;0.800000011920929;0.800000011920929
lidar;0.0;25.0;24.958799362182617;24.859962463378906;9.739870071411133;0.2982875108718872;24.960020065307617;24.86410903930664;9.747570991516113;0.28945710014591997;0.9998210668426264;0.800000011920929;0.800000011920929;0.800000011920929
lidar;0.0;25.0;24.958431243896484;24.86460304260254;9.737542152404785;0.2982349991798401;24.95822525024414;24.86393165588379;9.736239433288574;0.29971578799291304;0.9999967813493997;0.800000011920929;0.800000011920929;0.800000011920929
lidar;0.0;25.0;24.95806121826172;24.869245529174805;9.735214233398438;0.2982732951641083;24.9587345123291;24.871339797973633;9.739456176757812;0.29349460336367095;0.9998679161198909;0.800000011920929;0.800000011920929;0.800000011920929
lidar;0.0;25.0;24.957693099975586;24.873889923095703;9.732885360717773;0.2984026074409485;24.955303192138672;24.866764068603516;9.717794418334961;0.3152609354083771;0.9994344710703952;0.800000011920929;0.800000011920929;0.800000011920929
lidar;0.0;25.0;24.95732307434082;24.878538131713867;9.730552673339844;0.29862311482429504;24.957414627075195;24.878799438476562;9.731131553649902;0.2979814898313554;0.9986965655486907;0.800000011920929;0.800000011920929;0.800000011920929
lidar;0.0;25.0;24.956953048706055;24.883195877075195;9.728217124938965;0.2989349365234375;24.95546531677246;24.8791561126709;9.718816757202148;0.3092741811069473;0.9976544976585098;0.800000011920929;0.800000011920929;0.800000011920929
lidar;0.0;25.0;24.95658302307129;24.88786506652832;9.725874900817871;0.29933878779411316;24.95972442626953;24.895980834960938;9.745715141296387;0.2776738842219395;0.9963085053993097;0.800000011920929;0.800000011920929;0.800000011920929
lidar;0.0;25.0;24.95621109008789;24.892549514770508;9.723526000976562;0.2998351454734802;24.963233947753906;24.90978240966797;9.767870903015137;0.2517432239274759;0.9946589466488315;0.800000011920929;0.800000011920929;0.800000011920929
lidar;0.0;25.0;24.955951690673828;24.89751434326172;9.721890449523926;0.29964718222618103;24.969938278198242;24.9300594329834;9.810203552246094;0.20449457753798495;0.9959481952306017;0.800000011920929;0.800000011920929;0.800000011920929
lidar;0.0;25.0;24.95574188232422;24.90258026123047;9.720559120178223;0.29922690987586975;24.950559616088867;24.89117431640625;9.687840461730957;0.33426148642255266;0.997347116689293;0.800000011920929;0.800000011920929;0.800000011920929
lidar;0.0;25.0;24.955530166625977;24.907634735107422;9.719230651855469;0.2988986074924469;24.966047286987305;24.929481506347656;9.785637855529785;0.22820321079523698;0.9984422922739834;0.800000011920929;0.800000011920929;0.800000011920929
lidar;0.0;25.0;24.955320358276367;24.91267967224121;9.717904090881348;0.29866206645965576;24.94965934753418;24.901615142822266;9.682160377502441;0.33650563951324;0.9992333650814155;0.800000011920929;0.800000011920929;0.800000011920929
lidar;0.0;25.0;24.955110549926758;24.91771697998047;9.716580390930176;0.2985166907310486;24.950305938720703;24.90890884399414;9.686240196228027;0.33047236135955693;0.9997200369802834;0.800000011920929;0.800000011920929;0.800000011920929
lidar;0.0;25.0;24.95490074157715;24.922752380371094;9.715256690979004;0.29846227169036865;24.946918487548828;24.90907859802246;9.664852142333984;0.35129610583696497;0.9999021291698919;0.800000011920929;0.800000011920929;0.800000011920929
lidar;0.0;25.0;24.95469093322754;24.927785873413086;9.713933944702148;0.29849889874458313;24.944223403930664;24.911102294921875;9.647842407226562;0.3674628471346047;0.9997797012443843;0.800000011920929;0.800000011920929;0.800000011920929
lidar;0.0;25.0;24.954486846923828;24.932830810546875;9.712638854980469;0.29859644174575806;24.956260681152344;24.935449600219727;9.72384262084961;0.2869542404249806;0.9994533657860517;0.800000011920929;0.800000011920929;0.800000011920929
lidar;0.0;25.0;24.954301834106445;24.937908172607422;9.711477279663086;0.29864493012428284;24.964468002319336;24.951719284057617;9.775657653808594;0.23221369537111625;0.999291121923787;0.800000011920929;0.800000011920929;0.800000011920929
lidar;0.0;25.0;24.954118728637695;24.942989349365234;9.710315704345703;0.29878443479537964;24.9365234375;24.921125411987305;9.599225997924805;0.4133648428401985;0.9988245368851797;0.800000011920929;0.800000011920929;0.800000011920929
lidar;0.0;25.0;24.953933715820312;24.948076248168945;9.709153175354004;0.2990152835845947;24.953983306884766;24.94813346862793;9.709467887878418;0.2986915022647058;0.9980536699741747;0.800000011920929;0.800000011920929;0.800000011920929
lidar;0.0;25.0;24.953750610351562;24.95317268371582;9.707987785339355;0.2993377149105072;24.951637268066406;24.951034545898438;9.694650650024414;0.3130088455326494;0.996978759778691;0.800000011920929;0.800000011920929;0.800000011920929
lidar;0.0;25.0;24.953594207763672;24.958309173583984;9.707006454467773;0.2995607852935791;24.94515609741211;24.950729370117188;9.653732299804688;0.35402954881802456;0.9962363243347657;0.800000011920929;0.800000011920929;0.800000011920929
lidar;0.0;25.0;24.95344352722168;24.963457107543945;9.706047058105469;0.29985225200653076;24.941349029541016;24.953964233398438;9.629685401916504;0.3777467316902864;0.9952681657372109;0.800000011920929;0.800000011920929;0.800000011920929
lidar;0.0;25.0;24.95336151123047;24.968664169311523;9.705535888671875;0.2997770607471466;24.957645416259766;24.971542358398438;9.732584953308105;0.2722395789124606;0.9958775043803779;0.800000011920929;0.800000011920929;0.800000011920929
lidar;0.0;25.0;24.953323364257812;24.973894119262695;9.705292701721191;0.2995211184024811;24.960432052612305;24.97787094116211;9.750179290771484;0.2539014501828727;0.9967284799094036;0.800000011920929;0.800000011920929;0.800000011920929
lidar;0.0;25.0;24.953285217285156;24.97911834716797;9.70505142211914;0.2993538975715637;24.952255249023438;24.97865867614746;9.698554039001465;0.3059486018221581;0.9972852466804496;0.800000011920929;0.800000011920929;0.800000011920929
lidar;0.0;25.0;24.953256607055664;24.98434066772461;9.704876899719238;0.2992117404937744;24.953136444091797;24.98430061340332;9.70411205291748;0.29998721379427273;0.9977589843311169;0.800000011920929;0.800000011920929;0.800000011920929
lidar;0.0;25.0;24.95323371887207;24.989561080932617;9.704729080200195;0.2991334795951843;24.944805145263672;24.98767852783203;9.651512145996094;0.3530470345568316;0.9980198742546524;0.800000011920929;0.800000011920929;0.800000011920929
lidar;0.0;25.0;24.953222274780273;24.994781494140625;9.704658508300781;0.2990688979625702;24.952449798583984;24.994693756103516;9.69978141784668;0.30400757785071614;0.9982355833646166;0.800000011920929;0.800000011920929;0.800000011920929
lidar;0.0;25.0;24.953214645385742;25.0;9.704607963562012;0.29907387495040894;24.953853607177734;25.0;9.70864486694336;0.2949865947231172;0.9982190728949937;0.800000011920929;0.800000011920929;0.800000011920929
lidar;0.0;25.0;24.953222274780273;25.005218505859375;9.704658508300781;0.2990689277648926;24.946706771850586;25.00594711303711;9.663516998291016;0.34072906242487844;0.9982355833646166;0.800000011920929;0.800000011920929;0.800000011920929
lidar;0.0;25.0;24.95323371887207;25.010438919067383;9.704729080200195;0.2991334795951843;24.955322265625;25.009973526000977;9.717917442321777;0.28577237346890005;0.9980198742546524;0.800000011920929;0.800000011920929;0.800000011920929
lidar;0.0;25.0;24.953256607055664;25.01565933227539;9.704876899719238;0.2992117404937744;24.9585018157959;25.01390266418457;9.737993240356445;0.26563667892752624;0.9977589843311169;0.800000011920929;0.800000011920929;0.800000011920929
lidar;0.0;25.0;24.953285217285156;25.02088165283203;9.70505142211914;0.2993538975715637;24.968141555786133;25.014240264892578;9.798855781555176;0.20414900971521735;0.9972852466804496;0.800000011920929;0.800000011920929;0.800000011920929
lidar;0.0;25.0;24.953323364257812;25.026105880737305;9.705292701721191;0.2995211184024811;24.939611434936523;25.03377342224121;9.618720054626465;0.3875070941101147;0.9967284799094036;0.800000011920929;0.800000011920929;0.800000011920929
lidar;0.0;25.0;24.95336151123047;25.031335830688477;9.705535888671875;0.2997770607471466;24.933456420898438;25.044708251953125;9.579863548278809;0.42771688108310796;0.9958775043803779;0.800000011920929;0.800000011920929;0.800000011920929
lidar;0.0;25.0;24.95344352722168;25.036542892456055;9.706047058105469;0.2998522222042084;24.956859588623047;25.03386116027832;9.72762680053711;0.27783969237099276;0.9952681657372109;0.800000011920929;0.800000011920929;0.800000011920929
lidar;0.0;25.0;24.953594207763672;25.041690826416016;9.707006454467773;0.2995607852935791;24.956823348999023;25.038789749145508;9.72739315032959;0.2787171231144661;0.9962363243347657;0.800000011920929;0.800000011920929;0.800000011920929
lidar;0.0;25.0;24.953750610351562;25.04682731628418;9.707987785339355;0.2993377447128296;24.96337127685547;25.037084579467773;9.768735885620117;0.23706570702141885;0.996978759778691;0.800000011920929;0.800000011920929;0.800000011920929
lidar;0.0;25.0;24.953933715820312;25.051923751831055;9.709153175354004;0.2990153431892395;24.95358657836914;25.052316665649414;9.706953048706055;0.30127687117513563;0.9980536699741747;0.800000011920929;0.800000011920929;0.800000011920929
lidar;0.0;25.0;24.954118728637695;25.057010650634766;9.710315704345703;0.2987845540046692;24.962064743041992;25.047136306762695;9.760490417480469;0.24703389974878842;0.9988245368851797;0.800000011920929;0.800000011920929;0.800000011920929
lidar;0.0;25.0;24.954301834106445;25.062091827392578;9.711477279663086;0.2986449897289276;24.94485092163086;25.074935913085938;9.651795387268066;0.36042087347350943;0.999291121923787;0.800000011920929;0.800000011920929;0.800000011920929
lidar;0.0;25.0;24.954486846923828;25.067169189453125;9.712638854980469;0.29859644174575806;24.962421417236328;25.055458068847656;9.762744903564453;0.24653111190909816;0.9994533657860517;0.800000011920929;0.800000011920929;0.800000011920929
lidar;0.0;25.0;24.95469093322754;25.072214126586914;9.713933944702148;0.2984989583492279;24.960039138793945;25.063692092895508;9.74769115447998;0.26327460133807634;0.9997797012443843;0.800000011920929;0.800000011920929;0.800000011920929
lidar;0.0;25.0;24.95490074157715;25.077247619628906;9.715256690979004;0.2984623908996582;24.95932960510254;25.06966209411621;9.743217468261719;0.26915478033513773;0.9999021291698919;0.800000011920929;0.800000011920929;0.800000011920929
lidar;0.0;25.0;24.955110549926758;25.08228302001953;9.716580390930176;0.29851675033569336;24.95841407775879;25.07622718811035;9.737439155578613;0.27654624872208955;0.9997200369802834;0.800000011920929;0.800000011920929;0.800000011920929
lidar;0.0;25.0;24.955320358276367;25.08732032775879;9.717904090881348;0.2986621558666229;24.965435028076172;25.067550659179688;9.781768798828125;0.23104696573802896;0.9992333650814155;0.800000011920929;0.800000011920929;0.800000011920929
lidar;0.0;25.0;24.955530166625977;25.092365264892578;9.719230651855469;0.29889872670173645;24.965089797973633;25.072509765625;9.779587745666504;0.23464412145099076;0.9984422922739834;0.800000011920929;0.800000011920929;0.800000011920929
lidar;0.0;25.0;24.95574188232422;25.09741973876953;9.720559120178223;0.29922690987586975;24.96109962463379;25.085622787475586;9.754395484924316;0.2629941594199056;0.997347116689293;0.800000011920929;0.800000011920929;0.800000011920929
lidar;0.0;25.0;24.955951690673828;25.10248565673828;9.721890449523926;0.29964718222618103;24.965152740478516;25.081077575683594;9.779985427856445;0.2370531735713828;0.9959481952306017;0.800000011920929;0.800000011920929;0.800000011920929
lidar;0.0;25.0;24.95621109008789;25.107450485229492;9.723526000976562;0.2998351752758026;24.95667839050293;25.106306076049805;9.72647476196289;0.2966376264611487;0.9946589466488315;0.800000011920929;0.800000011920929;0.800000011920929
lidar;0.0;25.0;24.95658302307129;25.11213493347168;9.725874900817871;0.29933878779411316;24.952728271484375;25.12209129333496;9.701536178588867;0.3259163627836108;0.996308445916735;0.800000011920929;0.800000011920929;0.800000011920929
lidar;0.0;25.0;24.956953048706055;25.116804122924805;9.728217124938965;0.29893502593040466;24.963254928588867;25.099702835083008;9.76800537109375;0.25517123851155954;0.9976544976585098;0.800000011920929;0.800000011920929;0.800000011920929
lidar;0.0;25.0;24.95732307434082;25.121461868286133;9.730552673339844;0.2986232042312622;24.96480941772461;25.100154876708984;9.777816772460938;0.24624136146539932;0.9986965655486907;0.800000011920929;0.800000011920929;0.800000011920929
lidar;0.0;25.0;24.957693099975586;25.126110076904297;9.732885360717773;0.2984027862548828;24.94690704345703;25.15826416015625;9.66478157043457;0.37448359018563065;0.9994344710703952;0.800000011920929;0.800000011920929;0.800000011920929
lidar;0.0;25.0;24.95806121826172;25.130754470825195;9.735214233398438;0.2982735335826874;24.94527244567871;25.17062759399414;9.654468536376953;0.3892313330773702;0.9998679161198909;0.800000011920929;0.800000011920929;0.800000011920929
lidar;0.0;25.0;24.958431243896484;25.13539695739746;9.737542152404785;0.2982351779937744;24.95549774169922;25.144948959350586;9.719023704528809;0.31927811083250596;0.9999967813493997;0.800000011920929;0.800000011920929;0.800000011920929
lidar;0.0;25.0;24.958799362182617;25.140037536621094;9.739870071411133;0.29828765988349915;24.962032318115234;25.129051208496094;9.760276794433594;0.2748873412930386;0.9998210668426264;0.800000011920929;0.800000011920929;0.800000011920929
lidar;0.0;25.0;24.959169387817383;25.144681930541992;9.742199897766113;0.2984310984611511;24.961454391479492;25.13658332824707;9.756630897521973;0.2817259318148445;0.999340772599637;0.800000011920929;0.800000011920929;0.800000011920929
lidar;0.0;25.0;24.959537506103516;25.14933204650879;9.744532585144043;0.29866576194763184;24.954519271850586;25.167856216430664;9.71284294128418;0.33571389213723746;0.9985560774150114;0.800000011920929;0.800000011920929;0.800000011920929
lidar;0.0;25.0;24.95990753173828;25.15399169921875;9.746869087219238;0.2989918887615204;24.958017349243164;25.161252975463867;9.734932899475098;0.3130903156012357;0.9974672792770422;0.800000011920929;0.800000011920929;0.800000011920929
lidar;0.0;25.0;24.96027946472168;25.158662796020508;9.749212265014648;0.299409955739975;24.963729858398438;25.144878387451172;9.771000862121582;0.2733961697842775;0.9960746168494861;0.800000011920929;0.800000011920929;0.800000011920929
lidar;0.0;25.0;24.96070671081543;25.163122177124023;9.751907348632812;0.2995041608810425;24.971969604492188;25.116363525390625;9.823020935058594;0.21365359881214124;0.9948940280239393;0.800000011920929;0.800000011920929;0.800000011920929
lidar;0.0;25.0;24.961206436157227;25.167272567749023;9.755062103271484;0.29913070797920227;24.96500015258789;25.150911331176758;9.779019355773926;0.2698733599338414;0.9961360691718683;0.800000011920929;0.800000011920929;0.800000011920929
lidar;0.0;25.0;24.96170425415039;25.17141342163086;9.758211135864258;0.29884907603263855;24.96072769165039;25.17578125;9.75204849243164;0.30646571963258;0.9970747233127447;0.800000011920929;0.800000011920929;0.800000011920929
lidar;0.0;25.0;24.962202072143555;25.175546646118164;9.761354446411133;0.29865890741348267;24.954668045043945;25.210538864135742;9.713787078857422;0.35818897552940654;0.99770969138691;0.800000011920929;0.800000011920929;0.800000011920929
lidar;0.0;25.0;24.96269989013672;25.179677963256836;9.764494895935059;0.2985597848892212;24.961441040039062;25.185741424560547;9.756546020507812;0.3086370475931505;0.9980406163989579;0.800000011920929;0.800000011920929;0.800000011920929
lidar;0.0;25.0;24.963197708129883;25.183807373046875;9.767634391784668;0.29855167865753174;24.9577693939209;25.210914611816406;9.73336410522461;0.34258340694349027;0.9980676770578496;0.800000011920929;0.800000011920929;0.800000011920929
lidar;0.0;25.0;24.96371078491211;25.18785285949707;9.770875930786133;0.29850247502326965;24.969057083129883;25.160173416137695;9.804637908935547;0.25451806337541716;0.9982320665350569;0.800000011920929;0.800000011920929;0.800000011920929
lidar;0.0;25.0;24.9642276763916;25.19188117980957;9.774140357971191;0.29851460456848145;24.966400146484375;25.18022918701172;9.787857055664062;0.2803851761593504;0.9981912375223038;0.800000011920929;0.800000011920929;0.800000011920929
lidar;0.0;25.0;24.964744567871094;25.195911407470703;9.77740478515625;0.29861775040626526;24.97331428527832;25.148290634155273;9.831510543823242;0.2260335495328814;0.9978462455752681;0.800000011920929;0.800000011920929;0.800000011920929
lidar;0.0;25.0;24.965261459350586;25.19994354248047;9.780673027038574;0.29881200194358826;24.95846939086914;25.239046096801758;9.737781524658203;0.35724825739815536;0.9971974493718111;0.800000011920929;0.800000011920929;0.800000011920929
lidar;0.0;25.0;24.96578025817871;25.2039852142334;9.783946990966797;0.2990976870059967;24.960634231567383;25.234663009643555;9.751453399658203;0.3440815649501111;0.9962447880364221;0.800000011920929;0.800000011920929;0.800000011920929
lidar;0.0;25.0;24.96630096435547;25.208032608032227;9.787227630615234;0.29947519302368164;24.97049331665039;25.182153701782227;9.81369686126709;0.26222021491439285;0.9949887391512412;0.800000011920929;0.800000011920929;0.800000011920929
lidar;0.0;25.0;24.96691131591797;25.211515426635742;9.791088104248047;0.29912853240966797;24.976932525634766;25.147459030151367;9.85435676574707;0.2085383800839083;0.995203673995483;0.800000011920929;0.800000011920929;0.800000011920929
lidar;0.0;25.0;24.9632568359375;24.788406372070312;9.791621208190918;0.2992381155490875;24.959823608398438;24.768630981445312;9.77214527130127;0.3272060047607897;0.9948390724004341;0.800000011920929;0.800000011920929;0.800000011920929
lidar;0.0;25.0;24.962560653686523;24.791793823242188;9.78767204284668;0.29972416162490845;24.962804794311523;24.793149948120117;9.789054870605469;0.2977726305850118;0.9941621424714533;0.800000011920929;0.800000011920929;0.800000011920929
lidar;0.0;25.0;24.96198272705078;24.79584312438965;9.784395217895508;0.2993501126766205;24.959230422973633;24.78105926513672;9.768781661987305;0.32102796728342264;0.9954043626849005;0.800000011920929;0.800000011920929;0.800000011920929
lidar;0.0;25.0;24.961406707763672;24.799884796142578;9.781126022338867;0.29906806349754333;24.96308135986328;24.80856704711914;9.790620803833008;0.28609332851562713;0.996343493167865;0.800000011920929;0.800000011920929;0.800000011920929
lidar;0.0;25.0;24.960834503173828;24.803932189941406;9.777875900268555;0.298857182264328;24.971525192260742;24.85745620727539;9.83851432800293;0.21727154794540043;0.9970470068869504;0.800000011920929;0.800000011920929;0.800000011920929
lidar;0.0;25.0;24.960281372070312;24.80807113647461;9.77474308013916;0.29858899116516113;24.969770431518555;24.85392951965332;9.828563690185547;0.22724654530274846;0.9979425670665865;0.800000011920929;0.800000011920929;0.800000011920929
lidar;0.0;25.0;24.959728240966797;24.81220245361328;9.771613121032715;0.29841214418411255;24.960294723510742;24.814844131469727;9.774826049804688;0.29421484930012276;0.9985342025923721;0.800000011920929;0.800000011920929;0.800000011920929
lidar;0.0;25.0;24.959177017211914;24.81633186340332;9.768486976623535;0.298326313495636;24.959068298339844;24.815837860107422;9.767865180969238;0.2991275402377276;0.998821616117318;0.800000011920929;0.800000011920929;0.800000011920929
lidar;0.0;25.0;24.958627700805664;24.820459365844727;9.765361785888672;0.2983313798904419;24.950000762939453;24.783029556274414;9.71644401550293;0.3605272926717725;0.9988047480881423;0.800000011920929;0.800000011920929;0.800000011920929
lidar;0.0;25.0;24.95807647705078;24.824588775634766;9.762234687805176;0.29842737317085266;24.95950698852539;24.83057975769043;9.770356178283691;0.288234845737939;0.9984836578419467;0.800000011920929;0.800000011920929;0.800000011920929
lidar;0.0;25.0;24.957523345947266;24.82872200012207;9.759105682373047;0.29861438274383545;24.955480575561523;24.820486068725586;9.747522354125977;0.3129729764925486;0.9978584645538473;0.800000011920929;0.800000011920929;0.800000011920929
lidar;0.0;25.0;24.95697021484375;24.832860946655273;9.75597095489502;0.29889270663261414;24.9472599029541;24.795141220092773;9.700898170471191;0.3663474869541034;0.996929288029881;0.800000011920929;0.800000011920929;0.800000011920929
lidar;0.0;25.0;24.956417083740234;24.83700942993164;9.752830505371094;0.29926273226737976;24.952293395996094;24.82158660888672;9.72944164276123;0.3275803558575824;0.9956964257638258;0.800000011920929;0.800000011920929;0.800000011920929
lidar;0.0;25.0;24.955902099609375;24.8413143157959;9.749906539916992;0.29945412278175354;24.957950592041016;24.84868621826172;9.761526107788086;0.28554168258320456;0.9959275128525177;0.800000011920929;0.800000011920929;0.800000011920929
lidar;0.0;25.0;24.955490112304688;24.845985412597656;9.747570037841797;0.29903629422187805;24.940610885620117;24.79450225830078;9.663189888000488;0.3989958482066459;0.9973186255995846;0.800000011920929;0.800000011920929;0.800000011920929
lidar;0.0;25.0;24.955078125;24.850645065307617;9.7452392578125;0.29871052503585815;24.94864273071289;24.82924461364746;9.708736419677734;0.3415108733761173;0.9984059333251551;0.800000011920929;0.800000011920929;0.800000011920929
lidar;0.0;25.0;24.954668045043945;24.855295181274414;9.742913246154785;0.29847630858421326;24.96904182434082;24.90117645263672;9.82442569732666;0.2038398950752198;0.9991891384071605;0.800000011920929;0.800000011920929;0.800000011920929
lidar;0.0;25.0;24.95425796508789;24.859941482543945;9.740589141845703;0.29833313822746277;24.933155059814453;24.795324325561523;9.6209077835083;0.4359717544712737;0.9996680021329075;0.800000011920929;0.800000011920929;0.800000011920929
lidar;0.0;25.0;24.95384979248047;24.86458396911621;9.738266944885254;0.2982810139656067;24.951824188232422;24.858638763427734;9.726778984069824;0.31137393242486344;0.9998422860962265;0.800000011920929;0.800000011920929;0.800000011920929
lidar;0.0;25.0;24.953439712524414;24.869224548339844;9.735945701599121;0.29831981658935547;24.95820426940918;24.88260841369629;9.762967109680176;0.2677920344223342;0.9997121095564419;0.800000011920929;0.800000011920929;0.800000011920929
lidar;0.0;25.0;24.95302963256836;24.873868942260742;9.733622550964355;0.2984496057033539;24.95294761657715;24.873645782470703;9.733148574829102;0.2989802541113809;0.9992773533440015;0.800000011920929;0.800000011920929;0.800000011920929
lidar;0.0;25.0;24.952619552612305;24.87851905822754;9.73129653930664;0.2986705005168915;24.958709716796875;24.894132614135742;9.765830993652344;0.2602837112700144;0.9985381365548531;0.800000011920929;0.800000011920929;0.800000011920929
lidar;0.0;25.0;24.95220947265625;24.8831787109375;9.728965759277344;0.29898279905319214;24.94972801208496;24.877113342285156;9.714893341064453;0.31450650297020005;0.9974949360787886;0.800000011920929;0.800000011920929;0.800000011920929
lidar;0.0;25.0;24.95182228088379;24.887903213500977;9.726767539978027;0.29923686385154724;24.967397689819336;24.92414665222168;9.815107345581055;0.20248975215053494;0.9966478942673883;0.800000011920929;0.800000011920929;0.800000011920929
lidar;0.0;25.0;24.951440811157227;24.892658233642578;9.72461223602295;0.2995310425758362;24.945981979370117;24.880586624145508;9.693645477294922;0.3332128362210959;0.9956689479285749;0.800000011920929;0.800000011920929;0.800000011920929
lidar;0.0;25.0;24.951086044311523;24.897476196289062;9.722599983215332;0.29975733160972595;24.942279815673828;24.879016876220703;9.672651290893555;0.3537311735912581;0.9955822231758514;0.800000011920929;0.800000011920929;0.800000011920929
lidar;0.0;25.0;24.950851440429688;24.902545928955078;9.721270561218262;0.2993374168872833;24.94476318359375;24.890470504760742;9.686737060546875;0.33642412133317257;0.9969788193866916;0.800000011920929;0.800000011920929;0.800000011920929
lidar;0.0;25.0;24.950618743896484;24.90760040283203;9.719944953918457;0.2990095913410187;24.954444885253906;24.914762496948242;9.741649627685547;0.2758360746081597;0.9980718492350823;0.800000011920929;0.800000011920929;0.800000011920929
lidar;0.0;25.0;24.95038604736328;24.912647247314453;9.718622207641602;0.2987734377384186;24.946311950683594;24.905475616455078;9.695523262023926;0.32330092900199636;0.9988608360598158;0.800000011920929;0.800000011920929;0.800000011920929
lidar;0.0;25.0;24.950153350830078;24.917686462402344;9.717301368713379;0.29862847924232483;24.957902908325195;24.93048667907715;9.761260032653809;0.2521922703467261;0.9993456006316939;0.800000011920929;0.800000011920929;0.800000011920929
lidar;0.0;25.0;24.949920654296875;24.9227237701416;9.715980529785156;0.2985747158527374;24.950855255126953;24.924165725708008;9.721282958984375;0.2930001536045538;0.999525964232883;0.800000011920929;0.800000011920929;0.800000011920929
lidar;0.0;25.0;24.949703216552734;24.92778205871582;9.714753150939941;0.298514723777771;24.945369720458984;24.921560287475586;9.69017505645752;0.3242359080554576;0.999727010718747;0.800000011920929;0.800000011920929;0.800000011920929
lidar;0.0;25.0;24.949499130249023;24.932859420776367;9.71359634399414;0.2984716594219208;24.948537826538086;24.931581497192383;9.708146095275879;0.30415130209780455;0.9998709559410739;0.800000011920929;0.800000011920929;0.800000011920929
lidar;0.0;25.0;24.949295043945312;24.93793487548828;9.71243953704834;0.2985196113586426;24.949970245361328;24.938758850097656;9.716264724731445;0.29454940668423435;0.9997103810187736;0.800000011920929;0.800000011920929;0.800000011920929
lidar;0.0;25.0;24.9490909576416;24.943012237548828;9.711282730102539;0.2986586093902588;24.933115005493164;24.925128936767578;9.620674133300781;0.39238722866738823;0.9992452263749169;0.800000011920929;0.800000011920929;0.800000011920929
lidar;0.0;25.0;24.94888687133789;24.94809913635254;9.710124015808105;0.2988888919353485;24.95734405517578;24.95668601989746;9.758085250854492;0.249436257211294;0.9984757304576466;0.800000011920929;0.800000011920929;0.800000011920929
lidar;0.0;25.0;24.948713302612305;24.953222274780273;9.70914077758789;0.2990280091762543;24.944087982177734;24.94900131225586;9.682903289794922;0.32600186689281313;0.9980114100923013;0.800000011920929;0.800000011920929;0.800000011920929
lidar;0.0;25.0;24.948545455932617;24.958354949951172;9.708187103271484;0.29922640323638916;24.950763702392578;24.96014976501465;9.72076416015625;0.2863304056614831;0.9973496797374783;0.800000011920929;0.800000011920929;0.800000011920929
lidar;0.0;25.0;24.94837760925293;24.963497161865234;9.707232475280762;0.29951635003089905;24.947219848632812;24.962678909301758;9.700666427612305;0.3062341490876419;0.996384143940178;0.800000011920929;0.800000011920929;0.800000011920929
lidar;0.0;25.0;24.94823455810547;24.96866798400879;9.706428527832031;0.299742728471756;24.952289581298828;24.97112274169922;9.729421615600586;0.2762662583277463;0.9956313966726841;0.800000011920929;0.800000011920929;0.800000011920929
lidar;0.0;25.0;24.948116302490234;24.973859786987305;9.705748558044434;0.2999321520328522;24.951330184936523;24.97547721862793;9.723974227905273;0.2813547754988448;0.995362341382773;0.800000011920929;0.800000011920929;0.800000011920929
lidar;0.0;25.0;24.948074340820312;24.979089736938477;9.70551872253418;0.2997542917728424;24.936786651611328;24.974544525146484;9.641498565673828;0.3649210540367294;0.9959527253244388;0.800000011920929;0.800000011920929;0.800000011920929
lidar;0.0;25.0;24.948049545288086;24.98432159423828;9.705370903015137;0.2995847463607788;24.959882736206055;24.987892150878906;9.772485733032227;0.23134107380503244;0.996516346992393;0.800000011920929;0.800000011920929;0.800000011920929
lidar;0.0;25.0;24.948022842407227;24.989547729492188;9.705223083496094;0.2995065748691559;24.928173065185547;24.98555564880371;9.59264850616455;0.41388747910954476;0.9967764614988003;0.800000011920929;0.800000011920929;0.800000011920929
lidar;0.0;25.0;24.948013305664062;24.994773864746094;9.705171585083008;0.29942256212234497;24.942977905273438;24.9942684173584;9.676608085632324;0.3284306356843857;0.9970562457227886;0.800000011920929;0.800000011920929;0.800000011920929
lidar;0.0;25.0;24.94800567626953;25.0;9.705121040344238;0.2994275987148285;24.963958740234375;25.0;9.795601844787598;0.2075513445002672;0.997039616296195;0.800000011920929;0.800000011920929;0.800000011920929
lidar;0.0;25.0;24.948013305664062;25.005226135253906;9.705171585083008;0.29942256212234497;24.948497772216797;25.005176544189453;9.707914352416992;0.29663633561626107;0.9970562457227886;0.800000011920929;0.800000011920929;0.800000011920929
lidar;0.0;25.0;24.948022842407227;25.010452270507812;9.705223083496094;0.29950660467147827;24.949199676513672;25.010215759277344;9.711897850036621;0.2927246574181826;0.9967764614988003;0.800000011920929;0.800000011920929;0.800000011920929
lidar;0.0;25.0;24.948049545288086;25.01567840576172;9.705370903015137;0.2995847463607788;24.953840255737305;25.013931274414062;9.738219261169434;0.26618439725629417;0.996516346992393;0.800000011920929;0.800000011920929;0.800000011920929
lidar;0.0;25.0;24.948074340820312;25.020910263061523;9.70551872253418;0.2997542917728424;24.9630184173584;25.014892578125;9.790271759033203;0.21348362785443423;0.9959527253244388;0.800000011920929;0.800000011920929;0.800000011920929
lidar;0.0;25.0;24.948116302490234;25.026140213012695;9.705748558044434;0.29993218183517456;24.948488235473633;25.02595329284668;9.707857131958008;0.2977824711978881;0.995362341382773;0.800000011920929;0.800000011920929;0.800000011920929
lidar;0.0;25.0;24.94823455810547;25.03133201599121;9.706428527832031;0.2997426986694336;24.937789916992188;25.037654876708984;9.647185325622559;0.36023082989854016;0.9956313966726841;0.800000011920929;0.800000011920929;0.800000011920929
lidar;0.0;25.0;24.94837760925293;25.036502838134766;9.707232475280762;0.29951635003089905;24.939672470092773;25.04265785217285;9.657865524291992;0.35002123955525344;0.996384143940178;0.800000011920929;0.800000011920929;0.800000011920929
lidar;0.0;25.0;24.948545455932617;25.041645050048828;9.708187103271484;0.2992263734340668;24.9309139251709;25.0559139251709;9.608190536499023;0.4017632632008888;0.9973496797374783;0.800000011920929;0.800000011920929;0.800000011920929
lidar;0.0;25.0;24.948713302612305;25.046777725219727;9.70914077758789;0.2990279495716095;24.94086456298828;25.053936004638672;9.664631843566895;0.34478670955220764;0.9980114100923013;0.800000011920929;0.800000011920929;0.800000011920929
lidar;0.0;25.0;24.94888687133789;25.05190086364746;9.710124015808105;0.2988888621330261;24.949724197387695;25.05105209350586;9.71487045288086;0.293994353126583;0.9984757304576466;0.800000011920929;0.800000011920929;0.800000011920929
lidar;0.0;25.0;24.9490909576416;25.056987762451172;9.711282730102539;0.29865866899490356;24.947938919067383;25.058277130126953;9.704747200012207;0.30541921582789894;0.9992452263749169;0.800000011920929;0.800000011920929;0.800000011920929
lidar;0.0;25.0;24.949295043945312;25.06206512451172;9.71243953704834;0.29851973056793213;24.949743270874023;25.0615177154541;9.714983940124512;0.2958789961141128;0.9997103810187736;0.800000011920929;0.800000011920929;0.800000011920929
lidar;0.0;25.0;24.949499130249023;25.067140579223633;9.71359634399414;0.29847171902656555;24.938488006591797;25.0817813873291;9.651144981384277;0.3635542393828974;0.9998709559410739;0.800000011920929;0.800000011920929;0.800000011920929
lidar;0.0;25.0;24.949703216552734;25.07221794128418;9.714753150939941;0.2985147535800934;24.94671630859375;25.076507568359375;9.697806358337402;0.3162492050039951;0.999727010718747;0.800000011920929;0.800000011920929;0.800000011920929
lidar;0.0;25.0;24.949920654296875;25.0772762298584;9.715980529785156;0.2985747456550598;24.9526309967041;25.07309341430664;9.731355667114258;0.2824115793533761;0.999525964232883;0.800000011920929;0.800000011920929;0.800000011920929
lidar;0.0;25.0;24.950153350830078;25.082313537597656;9.717300415039062;0.298628568649292;24.962533950805664;25.06186866760254;9.787516593933105;0.22445672653683524;0.9993456006316939;0.800000011920929;0.800000011920929;0.800000011920929
lidar;0.0;25.0;24.95038604736328;25.087352752685547;9.718622207641602;0.29877346754074097;24.947147369384766;25.09305191040039;9.700263023376465;0.31826807742071245;0.9988608956100742;0.800000011920929;0.800000011920929;0.800000011920929
lidar;0.0;25.0;24.950618743896484;25.09239959716797;9.719944953918457;0.29900962114334106;24.94135093688965;25.109739303588867;9.667387008666992;0.35512486634393253;0.9980718492350823;0.800000011920929;0.800000011920929;0.800000011920929
lidar;0.0;25.0;24.950851440429688;25.097454071044922;9.721270561218262;0.2993374466896057;24.950963973999023;25.09723472595215;9.721902847290039;0.29865829236202596;0.9969788193866916;0.800000011920929;0.800000011920929;0.800000011920929
lidar;0.0;25.0;24.951086044311523;25.102523803710938;9.722599983215332;0.29975736141204834;24.95831871032715;25.087364196777344;9.763614654541016;0.2554371674518826;0.9955822231758514;0.800000011920929;0.800000011920929;0.800000011920929
lidar;0.0;25.0;24.951440811157227;25.107341766357422;9.72461223602295;0.2995310425758362;24.95012092590332;25.110261917114258;9.717119216918945;0.30768046741799054;0.9956689479285749;0.800000011920929;0.800000011920929;0.800000011920929
lidar;0.0;25.0;24.95182228088379;25.112096786499023;9.726767539978027;0.29923689365386963;24.95199966430664;25.111682891845703;9.727774620056152;0.2981339136547023;0.9966478942673883;0.800000011920929;0.800000011920929;0.800000011920929
lidar;0.0;25.0;24.95220947265625;25.1168212890625;9.728965759277344;0.29898279905319214;24.955001831054688;25.109994888305664;9.744806289672852;0.2815092324287489;0.9974948765230811;0.800000011920929;0.800000011920929;0.800000011920929
lidar;0.0;25.0;24.952619552612305;25.12148094177246;9.73129653930664;0.29867056012153625;24.944684982299805;25.141826629638672;9.68629264831543;0.3486928602890341;0.9985381365548531;0.800000011920929;0.800000011920929;0.800000011920929
lidar;0.0;25.0;24.95302963256836;25.126131057739258;9.733622550964355;0.29844969511032104;24.95755958557129;25.113967895507812;9.759309768676758;0.2696694255809406;0.9992773533440015;0.800000011920929;0.800000011920929;0.800000011920929
lidar;0.0;25.0;24.953439712524414;25.130775451660156;9.735945701599121;0.2983199656009674;24.94644546508789;25.150423049926758;9.696273803710938;0.3431396937725508;0.99971204997924;0.800000011920929;0.800000011920929;0.800000011920929
lidar;0.0;25.0;24.95384979248047;25.13541603088379;9.738266944885254;0.2982812225818634;24.949230194091797;25.148967742919922;9.712076187133789;0.32812973561983066;0.9998422860962265;0.800000011920929;0.800000011920929;0.800000011920929
lidar;0.0;25.0;24.95425796508789;25.140058517456055;9.740589141845703;0.2983333468437195;24.946632385253906;25.16341209411621;9.697334289550781;0.34807773170718614;0.9996680021329075;0.800000011920929;0.800000011920929;0.800000011920929
lidar;0.0;25.0;24.954668045043945;25.144704818725586;9.742912292480469;0.2984763979911804;24.963090896606445;25.117816925048828;9.790682792663574;0.24301593656080137;0.9991891384071605;0.800000011920929;0.800000011920929;0.800000011920929
lidar;0.0;25.0;24.955078125;25.149354934692383;9.7452392578125;0.2987106144428253;24.959239959716797;25.135522842407227;9.768834114074707;0.2710455389232028;0.9984059930382381;0.800000011920929;0.800000011920929;0.800000011920929
lidar;0.0;25.0;24.955490112304688;25.154014587402344;9.747570037841797;0.29903632402420044;24.95485496520996;25.156208038330078;9.743975639343262;0.30329461179262335;0.9973186850310745;0.800000011920929;0.800000011920929;0.800000011920929
lidar;0.0;25.0;24.955902099609375;25.1586856842041;9.749906539916992;0.2994541525840759;24.95650291442871;25.15652084350586;9.75331974029541;0.29536731484876616;0.9959275719642191;0.800000011920929;0.800000011920929;0.800000011920929
lidar;0.0;25.0;24.956417083740234;25.16299057006836;9.752830505371094;0.29926276206970215;24.943927764892578;25.209697723388672;9.681999206542969;0.3850219953315408;0.9956963656917317;0.800000011920929;0.800000011920929;0.800000011920929
lidar;0.0;25.0;24.95697021484375;25.167139053344727;9.75597095489502;0.298892617225647;24.9576416015625;25.16452980041504;9.75977897644043;0.29422901390720574;0.9969292285194256;0.800000011920929;0.800000011920929;0.800000011920929
lidar;0.0;25.0;24.957523345947266;25.17127799987793;9.759105682373047;0.2986142635345459;24.952383041381836;25.19200897216797;9.729948043823242;0.33475847654860397;0.9978584050975374;0.800000011920929;0.800000011920929;0.800000011920929
lidar;0.0;25.0;24.95807647705078;25.175411224365234;9.762235641479492;0.2984272837638855;24.943347930908203;25.237030029296875;9.678712844848633;0.4032589144074515;0.9984836578419467;0.800000011920929;0.800000011920929;0.800000011920929
lidar;0.0;25.0;24.958627700805664;25.179540634155273;9.765361785888672;0.2983313202857971;24.961328506469727;25.16781997680664;9.780678749084473;0.2788563921091315;0.9988047480881423;0.800000011920929;0.800000011920929;0.800000011920929
lidar;0.0;25.0;24.959177017211914;25.18366813659668;9.768486976623535;0.2983262538909912;24.95215606689453;25.21526336669922;9.72866153717041;0.3496452921123485;0.998821616117318;0.800000011920929;0.800000011920929;0.800000011920929
lidar;0.0;25.0;24.959728240966797;25.18779754638672;9.771613121032715;0.29841214418411255;24.959028244018555;25.19106674194336;9.7676362991333;0.30360831893738444;0.9985342622739343;0.800000011920929;0.800000011920929;0.800000011920929
lidar;0.0;25.0;24.960281372070312;25.19192886352539;9.77474308013916;0.29858899116516113;24.9650821685791;25.168731689453125;9.801968574523926;0.2624991701993415;0.9979426262994902;0.800000011920929;0.800000011920929;0.800000011920929
lidar;0.0;25.0;24.960834503173828;25.196067810058594;9.777875900268555;0.298857182264328;24.958839416503906;25.206050872802734;9.766566276550293;0.3140747798721839;0.9970470669631666;0.800000011920929;0.800000011920929;0.800000011920929
lidar;0.0;25.0;24.961406707763672;25.200115203857422;9.781126022338867;0.29906806349754333;24.971778869628906;25.146331787109375;9.839951515197754;0.21868828708499088;0.9963436720397008;0.800000011920929;0.800000011920929;0.800000011920929
lidar;0.0;25.0;24.96198272705078;25.20415687561035;9.784395217895508;0.29935014247894287;24.968313217163086;25.1701602935791;9.820297241210938;0.2495029354177937;0.9954044818343697;0.800000011920929;0.800000011920929;0.800000011920929
lidar;0.0;25.0;24.962560653686523;25.208206176757812;9.78767204284668;0.29972416162490845;24.96702003479004;25.18341064453125;9.812957763671875;0.26403072764923863;0.9941622614466977;0.800000011920929;0.800000011920929;0.800000011920929
lidar;0.0;25.0;24.9632568359375;25.211593627929688;9.791621208190918;0.2992381751537323;24.96270179748535;25.21478843688965;9.78847599029541;0.30375535840679996;0.9948393105300932;0.800000011920929;0.800000011920929;0.800000011920929
lidar;0.0;25.0;24.959606170654297;24.788299560546875;9.792189598083496;0.2993890047073364;24.952110290527344;24.749019622802734;9.753631591796875;0.35493840530242127;0.99433767789987;0.800000011920929;0.800000011920929;0.800000011920929
lidar;0.0;25.0;24.958831787109375;24.791645050048828;9.788206100463867;0.2999385893344879;24.955120086669922;24.772865295410156;9.769116401672363;0.326973254487733;0.992515742734536;0.800000011920929;0.800000011920929;0.800000011920929
lidar;0.0;25.0;24.95820426940918;24.795734405517578;9.7849760055542;0.29951152205467224;24.95743751525879;24.7919921875;9.781037330627441;0.3049972941138149;0.9948683973713334;0.800000011920929;0.800000011920929;0.800000011920929
lidar;0.0;25.0;24.95759391784668;24.79989242553711;9.781840324401855;0.2990573048591614;24.97323226928711;24.87368392944336;9.862289428710938;0.1887765394521579;0.9963794948132878;0.800000011920929;0.800000011920929;0.800000011920929
lidar;0.0;25.0;24.956987380981445;24.804039001464844;9.77871322631836;0.2986953556537628;24.95134162902832;24.778324127197266;9.749676704406738;0.33788900546886846;0.9975870250043067;0.800000011920929;0.800000011920929;0.800000011920929
lidar;0.0;25.0;24.95638084411621;24.808176040649414;9.775593757629395;0.2984250783920288;24.94768714904785;24.76994514465332;9.73086929321289;0.3579011650191914;0.9984906912735625;0.800000011920929;0.800000011920929;0.800000011920929
lidar;0.0;25.0;24.955774307250977;24.812307357788086;9.772478103637695;0.29824602603912354;24.971813201904297;24.8803768157959;9.85499095916748;0.19008450853757625;0.9990902542931883;0.800000011920929;0.800000011920929;0.800000011920929
lidar;0.0;25.0;24.955169677734375;24.816434860229492;9.769365310668945;0.2981579303741455;24.95825958251953;24.82909393310547;9.785268783569336;0.27759866100213076;0.9993854760509725;0.800000011920929;0.800000011920929;0.800000011920929
lidar;0.0;25.0;24.95456314086914;24.8205623626709;9.766253471374512;0.29816073179244995;24.962787628173828;24.853036880493164;9.808555603027344;0.24420108274959204;0.9993762373805362;0.800000011920929;0.800000011920929;0.800000011920929
lidar;0.0;25.0;24.95395851135254;24.824689865112305;9.763140678405762;0.2982544004917145;24.942594528198242;24.781415939331055;9.704673767089844;0.3718760297559517;0.9990625381394189;0.800000011920929;0.800000011920929;0.800000011920929
lidar;0.0;25.0;24.953353881835938;24.82882308959961;9.760024070739746;0.29843902587890625;24.95646095275879;24.840227127075195;9.776012420654297;0.2785563210107495;0.9984445572177415;0.800000011920929;0.800000011920929;0.800000011920929
lidar;0.0;25.0;24.952747344970703;24.83296012878418;9.756903648376465;0.29871490597724915;24.96149253845215;24.863880157470703;9.801900863647461;0.24342272526216335;0.9975224732088918;0.800000011920929;0.800000011920929;0.800000011920929
lidar;0.0;25.0;24.952138900756836;24.837108612060547;9.753776550292969;0.2990824282169342;24.963760375976562;24.876659393310547;9.81356143951416;0.22646304324941866;0.9962965846309959;0.800000011920929;0.800000011920929;0.800000011920929
lidar;0.0;25.0;24.951528549194336;24.841266632080078;9.750640869140625;0.29954224824905396;24.953716278076172;24.848426818847656;9.76188850402832;0.286030563606356;0.9947670694399726;0.800000011920929;0.800000011920929;0.800000011920929
lidar;0.0;25.0;24.951072692871094;24.84592628479004;9.748289108276367;0.29915061593055725;24.949003219604492;24.83940887451172;9.737640380859375;0.31180578580071416;0.9969372747033801;0.800000011920929;0.800000011920929;0.800000011920929
lidar;0.0;25.0;24.950620651245117;24.850587844848633;9.745964050292969;0.29882580041885376;24.96077537536621;24.881311416625977;9.798203468322754;0.2373754798556597;0.9980206488356208;0.800000011920929;0.800000011920929;0.800000011920929
lidar;0.0;25.0;24.95016860961914;24.855239868164062;9.743642807006836;0.29859256744384766;24.95092010498047;24.857423782348633;9.74751091003418;0.29408785751470556;0.9988000392870423;0.800000011920929;0.800000011920929;0.800000011920929
lidar;0.0;25.0;24.949718475341797;24.859886169433594;9.741325378417969;0.29845044016838074;24.945890426635742;24.84921646118164;9.721628189086914;0.3211765936164885;0.999275207523015;0.800000011920929;0.800000011920929;0.800000011920929
lidar;0.0;25.0;24.949268341064453;24.86452865600586;9.739008903503418;0.2983993589878082;24.953012466430664;24.87452507019043;9.758264541625977;0.27638394114734444;0.9994459152317022;0.800000011920929;0.800000011920929;0.800000011920929
lidar;0.0;25.0;24.94881820678711;24.869173049926758;9.736692428588867;0.29843923449516296;24.951770782470703;24.876720428466797;9.751882553100586;0.2812224957825878;0.9993122220145263;0.800000011920929;0.800000011920929;0.800000011920929
lidar;0.0;25.0;24.948368072509766;24.87381935119629;9.734375;0.2985701262950897;24.951860427856445;24.882352828979492;9.752342224121094;0.2783745813414665;0.9988741278038342;0.800000011920929;0.800000011920929;0.800000011920929
lidar;0.0;25.0;24.94794273376465;24.878530502319336;9.732189178466797;0.29864245653152466;24.93937873840332;24.85854721069336;9.688128471374512;0.34777593561837944;0.9986319541210551;0.800000011920929;0.800000011920929;0.800000011920929
lidar;0.0;25.0;24.947526931762695;24.883268356323242;9.730050086975098;0.29875150322914124;24.95014190673828;24.88908576965332;9.743504524230957;0.28386146231747594;0.9982674717571504;0.800000011920929;0.800000011920929;0.800000011920929
lidar;0.0;25.0;24.947111129760742;24.888010025024414;9.727909088134766;0.298951655626297;24.944055557250977;24.881540298461914;9.712187767028809;0.31622545394696605;0.9975989463240047;0.800000011920929;0.800000011920929;0.800000011920929
lidar;0.0;25.0;24.946693420410156;24.89276123046875;9.725765228271484;0.29924333095550537;24.941463470458984;24.882238388061523;9.698858261108398;0.3286034042671501;0.9966264960299731;0.800000011920929;0.800000011920929;0.800000011920929
lidar;0.0;25.0;24.94627571105957;24.89752197265625;9.723615646362305;0.299626886844635;24.941598892211914;24.888601303100586;9.699556350708008;0.32571009864759826;0.9953504799700349;0.800000011920929;0.800000011920929;0.800000011920929
lidar;0.0;25.0;24.945960998535156;24.902481079101562;9.721990585327148;0.2995316684246063;24.953815460205078;24.916658401489258;9.762404441833496;0.2559891243338676;0.9963323474078883;0.800000011920929;0.800000011920929;0.800000011920929
lidar;0.0;25.0;24.945703506469727;24.907541275024414;9.720667839050293;0.2992045283317566;24.954898834228516;24.923200607299805;9.767977714538574;0.24852841078265953;0.9974216224490757;0.800000011920929;0.800000011920929;0.800000011920929
lidar;0.0;25.0;24.945446014404297;24.91259002685547;9.71934700012207;0.2989691495895386;24.955007553100586;24.92790985107422;9.768536567687988;0.2465694793336136;0.9982070325982401;0.800000011920929;0.800000011920929;0.800000011920929
lidar;0.0;25.0;24.9451904296875;24.917633056640625;9.71802806854248;0.29882514476776123;24.96356964111328;24.945253372192383;9.812581062316895;0.19862112688060468;0.9986883997068491;0.800000011920929;0.800000011920929;0.800000011920929
lidar;0.0;25.0;24.944963455200195;24.922714233398438;9.716863632202148;0.29861053824424744;24.944849014282227;24.92255210876465;9.716268539428711;0.299238497232113;0.999405860929814;0.800000011920929;0.800000011920929;0.800000011920929
lidar;0.0;25.0;24.944740295410156;24.927791595458984;9.715710639953613;0.2984764575958252;24.934118270874023;24.91391372680664;9.661067008972168;0.35584639219920217;0.9998549223002473;0.800000011920929;0.800000011920929;0.800000011920929
lidar;0.0;25.0;24.944515228271484;24.9328670501709;9.714557647705078;0.2984332740306854;24.9405460357666;24.928064346313477;9.694140434265137;0.319780418569898;0.9999994635581729;0.800000011920929;0.800000011920929;0.800000011920929
lidar;0.0;25.0;24.944292068481445;24.937942504882812;9.71340560913086;0.2984810769557953;24.93585205078125;24.92854118347168;9.669989585876465;0.34369790409412576;0.999839365480749;0.800000011920929;0.800000011920929;0.800000011920929
lidar;0.0;25.0;24.944067001342773;24.94301986694336;9.712252616882324;0.2986198663711548;24.930763244628906;24.929466247558594;9.643804550170898;0.36965372067252367;0.9993746877195016;0.800000011920929;0.800000011920929;0.800000011920929
lidar;0.0;25.0;24.943876266479492;24.948135375976562;9.711264610290527;0.29867756366729736;24.930906295776367;24.9361515045166;9.644547462463379;0.3676918663902183;0.9991819859166187;0.800000011920929;0.800000011920929;0.800000011920929
lidar;0.0;25.0;24.94369125366211;24.95326042175293;9.71031665802002;0.2987838685512543;24.930450439453125;24.94226837158203;9.642197608947754;0.36904263278962157;0.9988266825533033;0.800000011920929;0.800000011920929;0.800000011920929
lidar;0.0;25.0;24.943506240844727;24.958389282226562;9.709367752075195;0.29898133873939514;24.935150146484375;24.952234268188477;9.66637897491455;0.3432054271256801;0.998167037875434;0.800000011920929;0.800000011920929;0.800000011920929
lidar;0.0;25.0;24.943334579467773;24.96353530883789;9.70848274230957;0.2992035746574402;24.946125030517578;24.965330123901367;9.722832679748535;0.2844750295532602;0.9974255562332667;0.800000011920929;0.800000011920929;0.800000011920929
lidar;0.0;25.0;24.94319725036621;24.968711853027344;9.707776069641113;0.29933294653892517;24.950429916381836;24.972694396972656;9.74498462677002;0.26121979916183413;0.9969943165938021;0.800000011920929;0.800000011920929;0.800000011920929
lidar;0.0;25.0;24.94305992126465;24.973892211914062;9.707069396972656;0.29955366253852844;24.95469093322754;24.979225158691406;9.766902923583984;0.23836647415404624;0.9962592722641618;0.800000011920929;0.800000011920929;0.800000011920929
lidar;0.0;25.0;24.942949295043945;24.97909164428711;9.706501960754395;0.2997215688228607;24.953901290893555;24.98310661315918;9.762845039367676;0.24218351357582418;0.9957006573765418;0.800000011920929;0.800000011920929;0.800000011920929
lidar;0.0;25.0;24.9428653717041;24.98430633544922;9.70606517791748;0.29984715580940247;24.928848266601562;24.980457305908203;9.633953094482422;0.37340985161639023;0.9952834250621645;0.800000011920929;0.800000011920929;0.800000011920929
lidar;0.0;25.0;24.942800521850586;24.989532470703125;9.705735206604004;0.29995477199554443;24.954071044921875;24.991594314575195;9.76371955871582;0.24084935582019368;0.9952870014209609;0.800000011920929;0.800000011920929;0.800000011920929
lidar;0.0;25.0;24.942790985107422;24.994766235351562;9.70568561553955;0.29986852407455444;24.94857406616211;24.995296478271484;9.735433578491211;0.2695595919002839;0.9955733419720596;0.800000011920929;0.800000011920929;0.800000011920929
lidar;0.0;25.0;24.942781448364258;25.0;9.705636024475098;0.29987362027168274;24.94928550720215;25.0;9.739095687866211;0.26578760566403664;0.9955565330441091;0.800000011920929;0.800000011920929;0.800000011920929
lidar;0.0;25.0;24.942790985107422;25.005233764648438;9.70568561553955;0.29986852407455444;24.956697463989258;25.00396156311035;9.777225494384766;0.2269788928506477;0.9955733419720596;0.800000011920929;0.800000011920929;0.800000011920929
lidar;0.0;25.0;24.942800521850586;25.010467529296875;9.705735206604004;0.29995477199554443;24.951126098632812;25.008943557739258;9.748565673828125;0.2562963480197086;0.9952870014209609;0.800000011920929;0.800000011920929;0.800000011920929
lidar;0.0;25.0;24.9428653717041;25.01569366455078;9.70606517791748;0.29984715580940247;24.942947387695312;25.015670776367188;9.706493377685547;0.29941027811544696;0.9952834250621645;0.800000011920929;0.800000011920929;0.800000011920929
lidar;0.0;25.0;24.942949295043945;25.02090835571289;9.706501960754395;0.2997215688228607;24.938369750976562;25.022586822509766;9.682938575744629;0.3237849483166655;0.9957006573765418;0.800000011920929;0.800000011920929;0.800000011920929
lidar;0.0;25.0;24.94305992126465;25.026107788085938;9.707069396972656;0.29955360293388367;24.93942642211914;25.027774810791016;9.688374519348145;0.31867107477931345;0.9962592722641618;0.800000011920929;0.800000011920929;0.800000011920929
lidar;0.0;25.0;24.94319725036621;25.031288146972656;9.707776069641113;0.2993329167366028;24.94436264038086;25.03064727783203;9.713768005371094;0.29319500896380857;0.9969943165938021;0.800000011920929;0.800000011920929;0.800000011920929
lidar;0.0;25.0;24.943334579467773;25.03646469116211;9.70848274230957;0.2992035448551178;24.959877014160156;25.025819778442383;9.793585777282715;0.2118568410002636;0.9974255562332667;0.800000011920929;0.800000011920929;0.800000011920929
lidar;0.0;25.0;24.943506240844727;25.041610717773438;9.709367752075195;0.29898127913475037;24.925395965576172;25.054950714111328;9.616196632385254;0.3948295125195974;0.998167037875434;0.800000011920929;0.800000011920929;0.800000011920929
lidar;0.0;25.0;24.94369125366211;25.04673957824707;9.71031665802002;0.2987837791442871;24.93655776977539;25.052661895751953;9.673612594604492;0.33664078287561916;0.9988266825533033;0.800000011920929;0.800000011920929;0.800000011920929
lidar;0.0;25.0;24.943876266479492;25.051864624023438;9.711264610290527;0.2986775040626526;24.950437545776367;25.045801162719727;9.745027542114258;0.26375206229341286;0.9991819859166187;0.800000011920929;0.800000011920929;0.800000011920929
lidar;0.0;25.0;24.944067001342773;25.05698013305664;9.712252616882324;0.29861992597579956;24.94053077697754;25.060583114624023;9.694053649902344;0.3175059786433172;0.9993746877195016;0.800000011920929;0.800000011920929;0.800000011920929
lidar;0.0;25.0;24.944292068481445;25.062057495117188;9.71340560913086;0.29848113656044006;24.928970336914062;25.079124450683594;9.634587287902832;0.3805685261950754;0.999839365480749;0.800000011920929;0.800000011920929;0.800000011920929
lidar;0.0;25.0;24.944515228271484;25.0671329498291;9.714557647705078;0.2984333634376526;24.945091247558594;25.066436767578125;9.717521667480469;0.2953351685838723;0.9999994635581729;0.800000011920929;0.800000011920929;0.800000011920929
lidar;0.0;25.0;24.944740295410156;25.072208404541016;9.715710639953613;0.29847654700279236;24.935836791992188;25.08384132385254;9.669905662536621;0.34656673926041215;0.9998549223002473;0.800000011920929;0.800000011920929;0.800000011920929
lidar;0.0;25.0;24.944963455200195;25.077285766601562;9.716863632202148;0.2986105680465698;24.93917465209961;25.085416793823242;9.6870756149292;0.33002655281173954;0.999405860929814;0.800000011920929;0.800000011920929;0.800000011920929
lidar;0.0;25.0;24.9451904296875;25.082366943359375;9.71802806854248;0.29882511496543884;24.94017791748047;25.08989906311035;9.692245483398438;0.32614879036907873;0.9986883997068491;0.800000011920929;0.800000011920929;0.800000011920929
lidar;0.0;25.0;24.945446014404297;25.08740997314453;9.71934700012207;0.29896917939186096;24.94749641418457;25.084125518798828;9.729896545410156;0.28773167506084446;0.9982070325982401;0.800000011920929;0.800000011920929;0.800000011920929
lidar;0.0;25.0;24.945703506469727;25.092458724975586;9.720667839050293;0.299204558134079;24.9439640045166;25.095420837402344;9.71171760559082;0.3087911616309304;0.9974216224490757;0.800000011920929;0.800000011920929;0.800000011920929
lidar;0.0;25.0;24.945960998535156;25.097518920898438;9.721990585327148;0.2995316684246063;24.93568992614746;25.116050720214844;9.66915512084961;0.3564575573052401;0.9963323474078883;0.800000011920929;0.800000011920929;0.800000011920929
lidar;0.0;25.0;24.94627571105957;25.10247802734375;9.723615646362305;0.299626886844635;24.943790435791016;25.107221603393555;9.710824966430664;0.3134929823476828;0.9953504799700349;0.800000011920929;0.800000011920929;0.800000011920929
lidar;0.0;25.0;24.946693420410156;25.10723876953125;9.725765228271484;0.299243301153183;24.94796371459961;25.104684829711914;9.732297897338867;0.29211522458951744;0.9966264960299731;0.800000011920929;0.800000011920929;0.800000011920929
lidar;0.0;25.0;24.947111129760742;25.111989974975586;9.727909088134766;0.2989516258239746;24.957599639892578;25.089780807495117;9.781868934631348;0.239665781841459;0.9975989463240047;0.800000011920929;0.800000011920929;0.800000011920929
lidar;0.0;25.0;24.947526931762695;25.116731643676758;9.730050086975098;0.29875147342681885;24.941822052001953;25.129425048828125;9.700697898864746;0.33123570200416086;0.9982674717571504;0.800000011920929;0.800000011920929;0.800000011920929
lidar;0.0;25.0;24.94794273376465;25.121469497680664;9.732189178466797;0.29864245653152466;24.95487403869629;25.105297088623047;9.767842292785645;0.2588845046777183;0.9986319541210551;0.800000011920929;0.800000011920929;0.800000011920929
lidar;0.0;25.0;24.948368072509766;25.12618064880371;9.734375;0.29857009649276733;24.95065689086914;25.120586395263672;9.74615478515625;0.28532995109335463;0.9988741278038342;0.800000011920929;0.800000011920929;0.800000011920929
lidar;0.0;25.0;24.94881820678711;25.130826950073242;9.736692428588867;0.29843926429748535;24.950000762939453;25.127803802490234;9.742777824401855;0.29154190196195595;0.9993122220145263;0.800000011920929;0.800000011920929;0.800000011920929
lidar;0.0;25.0;24.949268341064453;25.13547134399414;9.739008903503418;0.29839950799942017;24.93846321105957;25.164323806762695;9.683423042297363;0.36195287979659635;0.9994459152317022;0.800000011920929;0.800000011920929;0.800000011920929
lidar;0.0;25.0;24.949718475341797;25.140113830566406;9.741325378417969;0.2984505593776703;24.939918518066406;25.16742515563965;9.690902709960938;0.3566265814842477;0.999275207523015;0.800000011920929;0.800000011920929;0.800000011920929
lidar;0.0;25.0;24.95016860961914;25.144760131835938;9.743642807006836;0.29859259724617004;24.94723892211914;25.15327262878418;9.728569030761719;0.31615081339468415;0.9988000392870423;0.800000011920929;0.800000011920929;0.800000011920929
lidar;0.0;25.0;24.950620651245117;25.149412155151367;9.745964050292969;0.29882586002349854;24.95490837097168;25.136438369750977;9.768023490905762;0.2728774296337368;0.9980206488356208;0.800000011920929;0.800000011920929;0.800000011920929
lidar;0.0;25.0;24.951072692871094;25.15407371520996;9.748289108276367;0.299150675535202;24.95335578918457;25.146883010864258;9.760038375854492;0.28518702095276727;0.996937334718607;0.800000011920929;0.800000011920929;0.800000011920929
lidar;0.0;25.0;24.951528549194336;25.158733367919922;9.750640869140625;0.29954221844673157;24.932275772094727;25.22178840637207;9.651585578918457;0.41853175703037243;0.9947669506893887;0.800000011920929;0.800000011920929;0.800000011920929
lidar;0.0;25.0;24.952138900756836;25.162891387939453;9.753777503967285;0.29908236861228943;24.949586868286133;25.17157745361328;9.740649223327637;0.31502883108928365;0.9962965250526347;0.800000011920929;0.800000011920929;0.800000011920929
lidar;0.0;25.0;24.952747344970703;25.16703987121582;9.756904602050781;0.298714816570282;24.946090698242188;25.190568923950195;9.722660064697266;0.3407940471633473;0.9975224139810143;0.800000011920929;0.800000011920929;0.800000011920929
lidar;0.0;25.0;24.953353881835938;25.17117691040039;9.760025024414062;0.2984388768672943;24.950353622436523;25.182186126708984;9.744590759277344;0.31763252448103674;0.9984445572177415;0.800000011920929;0.800000011920929;0.800000011920929
lidar;0.0;25.0;24.95395851135254;25.175310134887695;9.763140678405762;0.29825425148010254;24.947471618652344;25.200014114379883;9.72976303100586;0.34028365335367544;0.9990625381394189;0.800000011920929;0.800000011920929;0.800000011920929
lidar;0.0;25.0;24.95456314086914;25.1794376373291;9.766253471374512;0.2981606125831604;24.95640754699707;25.17215347290039;9.775741577148438;0.2860570568995398;0.9993762373805362;0.800000011920929;0.800000011920929;0.800000011920929
lidar;0.0;25.0;24.955169677734375;25.183565139770508;9.769365310668945;0.29815784096717834;24.96166229248047;25.156978607177734;9.802767753601074;0.2549765021340932;0.9993854760509725;0.800000011920929;0.800000011920929;0.800000011920929
lidar;0.0;25.0;24.955774307250977;25.187692642211914;9.772478103637695;0.29824596643447876;24.95458984375;25.192718505859375;9.76638412475586;0.3062333789365071;0.9990903138677;0.800000011920929;0.800000011920929;0.800000011920929
lidar;0.0;25.0;24.95638084411621;25.191823959350586;9.775593757629395;0.29842501878738403;24.961313247680664;25.17013168334961;9.800970077514648;0.26467820974648654;0.9984907508108353;0.800000011920929;0.800000011920929;0.800000011920929
lidar;0.0;25.0;24.956987380981445;25.195960998535156;9.77871322631836;0.29869532585144043;24.949810028076172;25.22865867614746;9.741790771484375;0.3485337844521398;0.997587085007543;0.800000011920929;0.800000011920929;0.800000011920929
lidar;0.0;25.0;24.95759391784668;25.20010757446289;9.781840324401855;0.299057275056839;24.94163703918457;25.275405883789062;9.699750900268555;0.4115862783707748;0.996379554355138;0.800000011920929;0.800000011920929;0.800000011920929
lidar;0.0;25.0;24.95820426940918;25.204265594482422;9.7849760055542;0.29951152205467224;24.95902442932129;25.20025634765625;9.78919792175293;0.2936308778477412;0.9948684576776031;0.800000011920929;0.800000011920929;0.800000011920929
lidar;0.0;25.0;24.958831787109375;25.208354949951172;9.788206100463867;0.2999386191368103;24.964195251464844;25.18120574951172;9.815803527832031;0.2608564259335296;0.992516041159316;0.800000011920929;0.800000011920929;0.800000011920929
lidar;0.0;25.0;24.959606170654297;25.211700439453125;9.792189598083496;0.2993890941143036;24.958515167236328;25.21742057800293;9.786575317382812;0.307477828229166;0.9943379162133937;0.800000011920929;0.800000011920929;0.800000011920929
lidar;0.0;25.0;24.95599937438965;24.788366317749023;9.792990684509277;0.2992960810661316;24.950702667236328;24.762889862060547;9.768073081970215;0.33532275358434843;0.9946469663074459;0.800000011920929;0.800000011920929;0.800000011920929
lidar;0.0;25.0;24.955188751220703;24.7918643951416;9.789178848266602;0.2996230721473694;24.94743537902832;24.755849838256836;9.752699851989746;0.3514681719431687;0.9935613872047364;0.800000011920929;0.800000011920929;0.800000011920929
lidar;0.0;25.0;24.9544734954834;24.795804977416992;9.785812377929688;0.29940712451934814;24.96277618408203;24.83304786682129;9.824878692626953;0.24479803904663397;0.9952151181376012;0.800000011920929;0.800000011920929;0.800000011920929
lidar;0.0;25.0;24.95380973815918;24.799962997436523;9.782690048217773;0.2989515960216522;24.950159072875977;24.78415870666504;9.765521049499512;0.32257122101630803;0.9967318771152701;0.800000011920929;0.800000011920929;0.800000011920929
lidar;0.0;25.0;24.953147888183594;24.804107666015625;9.779577255249023;0.29858821630477905;24.954486846923828;24.80971336364746;9.785882949829102;0.29004621536218467;0.9979448913186605;0.800000011920929;0.800000011920929;0.800000011920929
lidar;0.0;25.0;24.95248794555664;24.808246612548828;9.776470184326172;0.29831650853157043;24.94310188293457;24.770370483398438;9.732317924499512;0.3572406781223223;0.9988539219524278;0.800000011920929;0.800000011920929;0.800000011920929
lidar;0.0;25.0;24.951828002929688;24.812376022338867;9.773367881774902;0.29813605546951294;24.95468521118164;24.823505401611328;9.786808967590332;0.28045412994018376;0.9994586705916111;0.800000011920929;0.800000011920929;0.800000011920929
lidar;0.0;25.0;24.951168060302734;24.816503524780273;9.770268440246582;0.2980464994907379;24.967363357543945;24.877357482910156;9.846454620361328;0.1992048926407421;0.9997590780262716;0.800000011920929;0.800000011920929;0.800000011920929
lidar;0.0;25.0;24.950510025024414;24.82063102722168;9.767169952392578;0.2980477809906006;24.93661117553711;24.770252227783203;9.701776504516602;0.38175811707972446;0.9997548461050311;0.800000011920929;0.800000011920929;0.800000011920929
lidar;0.0;25.0;24.949851989746094;24.824758529663086;9.764070510864258;0.29813989996910095;24.976078033447266;24.916404724121094;9.887455940246582;0.14222042139793759;0.9994461536478296;0.800000011920929;0.800000011920929;0.800000011920929
lidar;0.0;25.0;24.94919204711914;24.828889846801758;9.760968208312988;0.298322856426239;24.936899185180664;24.787485122680664;9.703129768371582;0.37050824945405203;0.9988329410180604;0.800000011920929;0.800000011920929;0.800000011920929
lidar;0.0;25.0;24.948532104492188;24.833026885986328;9.757861137390137;0.298597127199173;24.957304000854492;24.861488342285156;9.799135208129883;0.24769989439502554;0.9979155661970928;0.800000011920929;0.800000011920929;0.800000011920929
lidar;0.0;25.0;24.9478702545166;24.837173461914062;9.75474739074707;0.2989630401134491;24.961055755615234;24.878360748291016;9.816786766052246;0.22333762157870782;0.9966941476375966;0.800000011920929;0.800000011920929;0.800000011920929
lidar;0.0;25.0;24.947206497192383;24.841331481933594;9.751625061035156;0.29942113161087036;24.95307731628418;24.858976364135742;9.779245376586914;0.2661240953137967;0.9951691032189783;0.800000011920929;0.800000011920929;0.800000011920929
lidar;0.0;25.0;24.946653366088867;24.8458309173584;9.74902629852295;0.2993350028991699;24.948760986328125;24.851919174194336;9.758938789367676;0.2875131322005609;0.9963233469920838;0.800000011920929;0.800000011920929;0.800000011920929
lidar;0.0;25.0;24.9461612701416;24.850494384765625;9.74670696258545;0.2990116775035858;24.952068328857422;24.866901397705078;9.774503707885742;0.2661974121836557;0.9974002836257546;0.800000011920929;0.800000011920929;0.800000011920929
lidar;0.0;25.0;24.945669174194336;24.855148315429688;9.744391441345215;0.2987798750400543;24.945039749145508;24.853471755981445;9.74143123626709;0.3022402657080993;0.9981735944437581;0.800000011920929;0.800000011920929;0.800000011920929
lidar;0.0;25.0;24.94517707824707;24.85979652404785;9.74207878112793;0.2986394762992859;24.952890396118164;24.8795223236084;9.778366088867188;0.256624057190882;0.9986427427116525;0.800000011920929;0.800000011920929;0.800000011920929
lidar;0.0;25.0;24.944684982299805;24.864442825317383;9.739768028259277;0.29859012365341187;24.939044952392578;24.85062026977539;9.71323299407959;0.3290360149780393;0.9988076687728423;0.800000011920929;0.800000011920929;0.800000011920929
lidar;0.0;25.0;24.9442195892334;24.86914825439453;9.737576484680176;0.29849615693092346;24.93114471435547;24.83847427368164;9.676061630249023;0.36846685716467187;0.9991217852325319;0.800000011920929;0.800000011920929;0.800000011920929
lidar;0.0;25.0;24.943767547607422;24.873882293701172;9.735448837280273;0.29842156171798706;24.94732093811035;24.88184928894043;9.752163887023926;0.2795661164844252;0.9993713498097749;0.800000011920929;0.800000011920929;0.800000011920929
lidar;0.0;25.0;24.943315505981445;24.87861442565918;9.733321189880371;0.2984379231929779;24.957162857055664;24.908267974853516;9.798469543457031;0.22553089888465194;0.9993165135780229;0.800000011920929;0.800000011920929;0.800000011920929
lidar;0.0;25.0;24.94286346435547;24.88334846496582;9.731192588806152;0.2985452711582184;24.930370330810547;24.85784149169922;9.672414779663086;0.3638266613486924;0.9989572764051534;0.800000011920929;0.800000011920929;0.800000011920929
lidar;0.0;25.0;24.942411422729492;24.88808822631836;9.729063034057617;0.2987436354160309;24.93584632873535;24.87533187866211;9.698177337646484;0.33279861040206965;0.998293697817372;0.800000011920929;0.800000011920929;0.800000011920929
lidar;0.0;25.0;24.941957473754883;24.89283561706543;9.7269287109375;0.2990334630012512;24.9453125;24.899032592773438;9.742719650268555;0.2817416941781577;0.9973261354671629;0.800000011920929;0.800000011920929;0.800000011920929
lidar;0.0;25.0;24.94150161743164;24.897594451904297;9.724790573120117;0.29941511154174805;24.93462371826172;24.88555145263672;9.692428588867188;0.33462320412263463;0.9960546493931327;0.800000011920929;0.800000011920929;0.800000011920929
lidar;0.0;25.0;24.941062927246094;24.90239143371582;9.722719192504883;0.29980984330177307;24.9527645111084;24.921772003173828;9.777776718139648;0.24027903788942317;0.9954079386382182;0.800000011920929;0.800000011920929;0.800000011920929
lidar;0.0;25.0;24.94078254699707;24.907453536987305;9.72139835357666;0.2994837462902069;24.951526641845703;24.924245834350586;9.771946907043457;0.2451460416836667;0.9964918492446335;0.800000011920929;0.800000011920929;0.800000011920929
lidar;0.0;25.0;24.94051170349121;24.91252326965332;9.720126152038574;0.2991999685764313;24.933591842651367;24.9023494720459;9.687577247619629;0.3339965222748607;0.997437000022709;0.800000011920929;0.800000011920929;0.800000011920929
lidar;0.0;25.0;24.940265655517578;24.91761589050293;9.718973159790039;0.29888322949409485;24.935232162475586;24.910675048828125;9.695292472839355;0.32406902818725286;0.998493909921007;0.800000011920929;0.800000011920929;0.800000011920929
lidar;0.0;25.0;24.940021514892578;24.922700881958008;9.717822074890137;0.2986580729484558;24.943824768066406;24.927602767944336;9.735715866088867;0.27971930371318965;0.9992465973228074;0.800000011920929;0.800000011920929;0.800000011920929
lidar;0.0;25.0;24.939777374267578;24.927780151367188;9.716672897338867;0.2985241115093231;24.922574996948242;24.90715217590332;9.635746955871582;0.3837913319475768;0.9996949434364768;0.800000011920929;0.800000011920929;0.800000011920929
lidar;0.0;25.0;24.939533233642578;24.9328556060791;9.715524673461914;0.2984811067581177;24.928464889526367;24.92056655883789;9.663456916809082;0.3531122022003263;0.9998387694465161;0.800000011920929;0.800000011920929;0.800000011920929
lidar;0.0;25.0;24.939289093017578;24.93793296813965;9.714375495910645;0.2985292077064514;24.94327735900879;24.9420108795166;9.733142852783203;0.2789141674537749;0.9996780156918716;0.800000011920929;0.800000011920929;0.800000011920929
lidar;0.0;25.0;24.939077377319336;24.943042755126953;9.713379859924316;0.2985079288482666;24.93929672241211;24.943246841430664;9.714410781860352;0.2974343730359137;0.9997496604858384;0.800000011920929;0.800000011920929;0.800000011920929
lidar;0.0;25.0;24.93887710571289;24.948162078857422;9.71243667602539;0.2985227108001709;24.932886123657227;24.943082809448242;9.684256553649902;0.32777675998726336;0.9997003674496222;0.800000011920929;0.800000011920929;0.800000011920929
lidar;0.0;25.0;24.938674926757812;24.953283309936523;9.711493492126465;0.29862844944000244;24.94281578063965;24.956438064575195;9.730966567993164;0.27847256529164316;0.999346554306892;0.800000011920929;0.800000011920929;0.800000011920929
lidar;0.0;25.0;24.938474655151367;24.958412170410156;9.710549354553223;0.2988252341747284;24.93622589111328;24.956892013549805;9.699968338012695;0.3097494980599105;0.9986882804939364;0.800000011920929;0.800000011920929;0.800000011920929
lidar;0.0;25.0;24.938322067260742;24.96357536315918;9.70982551574707;0.2988854646682739;24.945363998413086;24.96773338317871;9.742955207824707;0.26476090749770537;0.99848705523257;0.800000011920929;0.800000011920929;0.800000011920929
lidar;0.0;25.0;24.93817138671875;24.9687442779541;9.709122657775879;0.2990139126777649;24.940595626831055;24.969970703125;9.720527648925781;0.28728993498165317;0.9980577827465681;0.800000011920929;0.800000011920929;0.800000011920929
lidar;0.0;25.0;24.93802261352539;24.973920822143555;9.708418846130371;0.2992335855960846;24.948471069335938;24.978317260742188;9.757577896118164;0.24878445638538108;0.9973247049193381;0.800000011920929;0.800000011920929;0.800000011920929
lidar;0.0;25.0;24.937925338745117;24.979122161865234;9.707964897155762;0.29928871989250183;24.932849884033203;24.977415084838867;9.68408489227295;0.323761571843932;0.997140645898533;0.800000011920929;0.800000011920929;0.800000011920929
lidar;0.0;25.0;24.937833786010742;24.984329223632812;9.707530975341797;0.2994134724140167;24.926002502441406;24.981348037719727;9.65186882019043;0.356396800312653;0.9967249038073261;0.800000011920929;0.800000011920929;0.800000011920929
lidar;0.0;25.0;24.937763214111328;24.989547729492188;9.707201957702637;0.2995212972164154;24.933818817138672;24.98888397216797;9.688639640808105;0.31850987673663095;0.9963661432193688;0.800000011920929;0.800000011920929;0.800000011920929
lidar;0.0;25.0;24.937732696533203;24.99477195739746;9.707056045532227;0.29953455924987793;24.942651748657227;24.99518585205078;9.730195999145508;0.27587366392179874;0.9963225720425709;0.800000011920929;0.800000011920929;0.800000011920929
lidar;0.0;25.0;24.937702178955078;25.0;9.7069091796875;0.299638956785202;24.940088272094727;25.0;9.718133926391602;0.2881627606229929;0.9959755542201812;0.800000011920929;0.800000011920929;0.800000011920929
lidar;0.0;25.0;24.937732696533203;25.00522804260254;9.707056045532227;0.29953455924987793;24.94817543029785;25.004350662231445;9.756185531616211;0.24929900489311427;0.9963225720425709;0.800000011920929;0.800000011920929;0.800000011920929
lidar;0.0;25.0;24.937763214111328;25.010452270507812;9.707201957702637;0.2995212972164154;24.922595977783203;25.01300048828125;9.635839462280273;0.37252284506988376;0.9963661432193688;0.800000011920929;0.800000011920929;0.800000011920929
lidar;0.0;25.0;24.937833786010742;25.015670776367188;9.707530975341797;0.29941341280937195;24.924163818359375;25.019115447998047;9.64321517944336;0.3652565401243616;0.9967249038073261;0.800000011920929;0.800000011920929;0.800000011920929
lidar;0.0;25.0;24.937925338745117;25.020877838134766;9.707964897155762;0.29928871989250183;24.92740249633789;25.024415969848633;9.658458709716797;0.3500244406167562;0.997140645898533;0.800000011920929;0.800000011920929;0.800000011920929
lidar;0.0;25.0;24.93802261352539;25.026079177856445;9.708418846130371;0.2992335855960846;24.926307678222656;25.031009674072266;9.653306007385254;0.3557931034182441;0.9973247049193381;0.800000011920929;0.800000011920929;0.800000011920929
lidar;0.0;25.0;24.93817138671875;25.0312557220459;9.709122657775879;0.2990138530731201;24.935266494750977;25.032724380493164;9.695455551147461;0.3130628439252645;0.9980577827465681;0.800000011920929;0.800000011920929;0.800000011920929
lidar;0.0;25.0;24.938322067260742;25.03642463684082;9.70982551574707;0.29888537526130676;24.935293197631836;25.0382137298584;9.695575714111328;0.31356277842792946;0.99848705523257;0.800000011920929;0.800000011920929;0.800000011920929
lidar;0.0;25.0;24.938474655151367;25.041587829589844;9.710549354553223;0.2988252639770508;24.92864227294922;25.048234939575195;9.664290428161621;0.34658249808294933;0.9986882804939364;0.800000011920929;0.800000011920929;0.800000011920929
lidar;0.0;25.0;24.938674926757812;25.046716690063477;9.711493492126465;0.29862838983535767;24.923376083374023;25.05837059020996;9.639512062072754;0.37313515695032323;0.999346554306892;0.800000011920929;0.800000011920929;0.800000011920929
lidar;0.0;25.0;24.93887710571289;25.051837921142578;9.71243667602539;0.29852256178855896;24.923063278198242;25.065248489379883;9.638040542602539;0.3757547382116624;0.9997003674496222;0.800000011920929;0.800000011920929;0.800000011920929
lidar;0.0;25.0;24.939077377319336;25.056957244873047;9.713379859924316;0.2985078990459442;24.945436477661133;25.05101203918457;9.743303298950195;0.2673436869664887;0.9997496604858384;0.800000011920929;0.800000011920929;0.800000011920929
lidar;0.0;25.0;24.939289093017578;25.06206703186035;9.714375495910645;0.2985292375087738;24.934741973876953;25.066715240478516;9.692989349365234;0.32088106101221997;0.9996780156918716;0.800000011920929;0.800000011920929;0.800000011920929
lidar;0.0;25.0;24.939533233642578;25.0671443939209;9.715524673461914;0.29848119616508484;24.935623168945312;25.071483612060547;9.697134017944336;0.31777631790361854;0.9998387694465161;0.800000011920929;0.800000011920929;0.800000011920929
lidar;0.0;25.0;24.939777374267578;25.072219848632812;9.716672897338867;0.2985241711139679;24.936208724975586;25.07649803161621;9.69989013671875;0.3162072122534734;0.9996949434364768;0.800000011920929;0.800000011920929;0.800000011920929
lidar;0.0;25.0;24.940021514892578;25.077299118041992;9.717822074890137;0.29865819215774536;24.92877769470215;25.09178924560547;9.664922714233398;0.35464747282309345;0.9992465973228074;0.800000011920929;0.800000011920929;0.800000011920929
lidar;0.0;25.0;24.940265655517578;25.08238410949707;9.718973159790039;0.2988832890987396;24.942747116088867;25.078962326049805;9.730645179748535;0.286469489591076;0.998493909921007;0.800000011920929;0.800000011920929;0.800000011920929
lidar;0.0;25.0;24.94051170349121;25.08747673034668;9.720126152038574;0.29919999837875366;24.95848274230957;25.061050415039062;9.80467414855957;0.20881351967636208;0.997437000022709;0.800000011920929;0.800000011920929;0.800000011920929
lidar;0.0;25.0;24.94078254699707;25.092546463012695;9.72139835357666;0.2994837462902069;24.939353942871094;25.094778060913086;9.714678764343262;0.3067068667294133;0.9964918492446335;0.800000011920929;0.800000011920929;0.800000011920929
lidar;0.0;25.0;24.941062927246094;25.09760856628418;9.722719192504883;0.29980984330177307;24.95981216430664;25.06655502319336;9.810935020446777;0.2044266026475386;0.9954079386382182;0.800000011920929;0.800000011920929;0.800000011920929
lidar;0.0;25.0;24.94150161743164;25.102405548095703;9.724790573120117;0.29941514134407043;24.947416305541992;25.092052459716797;9.752614974975586;0.2691427225976806;0.9960546493931327;0.800000011920929;0.800000011920929;0.800000011920929
lidar;0.0;25.0;24.941957473754883;25.10716438293457;9.7269287109375;0.29903343319892883;24.949678421020508;25.09290885925293;9.763253211975098;0.2592556832558425;0.997326076118189;0.800000011920929;0.800000011920929;0.800000011920929
lidar;0.0;25.0;24.942411422729492;25.11191177368164;9.729063034057617;0.2987435758113861;24.94518280029297;25.106525421142578;9.742101669311523;0.28436607351229926;0.998293697817372;0.800000011920929;0.800000011920929;0.800000011920929
lidar;0.0;25.0;24.94286346435547;25.11665153503418;9.731192588806152;0.298545241355896;24.942481994628906;25.117427825927734;9.729401588439941;0.30053524075423815;0.9989572764051534;0.800000011920929;0.800000011920929;0.800000011920929
lidar;0.0;25.0;24.943315505981445;25.12138557434082;9.733321189880371;0.2984378933906555;24.953189849853516;25.10024070739746;9.779775619506836;0.24645065588941628;0.9993165135780229;0.800000011920929;0.800000011920929;0.800000011920929
lidar;0.0;25.0;24.943767547607422;25.126117706298828;9.735448837280273;0.2984215319156647;24.932937622070312;25.150407791137695;9.684499740600586;0.35589269847505484;0.9993713498097749;0.800000011920929;0.800000011920929;0.800000011920929
lidar;0.0;25.0;24.9442195892334;25.13085174560547;9.737576484680176;0.29849615693092346;24.945724487304688;25.127321243286133;9.744658470153809;0.29044057094843084;0.9991217852325319;0.800000011920929;0.800000011920929;0.800000011920929
lidar;0.0;25.0;24.944684982299805;25.135557174682617;9.739768028259277;0.29859012365341187;24.945026397705078;25.134723663330078;9.74136734008789;0.29675536660760615;0.9988076687728423;0.800000011920929;0.800000011920929;0.800000011920929
lidar;0.0;25.0;24.94517707824707;25.14020347595215;9.74207878112793;0.2986395061016083;24.938446044921875;25.157419204711914;9.710406303405762;0.3353123325952633;0.9986427427116525;0.800000011920929;0.800000011920929;0.800000011920929
lidar;0.0;25.0;24.945669174194336;25.144851684570312;9.744391441345215;0.2987799644470215;24.954185485839844;25.12214469909668;9.78446102142334;0.25194318712887087;0.9981735944437581;0.800000011920929;0.800000011920929;0.800000011920929
lidar;0.0;25.0;24.9461612701416;25.149505615234375;9.74670696258545;0.2990117371082306;24.981666564941406;25.0509090423584;9.913749694824219;0.10181850956044525;0.9974002836257546;0.800000011920929;0.800000011920929;0.800000011920929
lidar;0.0;25.0;24.946653366088867;25.1541690826416;9.74902629852295;0.2993350028991699;24.962989807128906;25.10696029663086;9.825876235961914;0.20767641460124978;0.9963233469920838;0.800000011920929;0.800000011920929;0.800000011920929
lidar;0.0;25.0;24.947206497192383;25.158668518066406;9.751625061035156;0.299421101808548;24.955656051635742;25.133272171020508;9.791379928588867;0.25149615837588235;0.9951689839893667;0.800000011920929;0.800000011920929;0.800000011920929
lidar;0.0;25.0;24.9478702545166;25.162826538085938;9.75474739074707;0.29896292090415955;24.96195411682129;25.118837356567383;9.821006774902344;0.21819317291051715;0.9966940877102876;0.800000011920929;0.800000011920929;0.800000011920929
lidar;0.0;25.0;24.948532104492188;25.166973114013672;9.757861137390137;0.2985970377922058;24.966651916503906;25.10818862915039;9.843108177185059;0.19347392178101264;0.9979155065763305;0.800000011920929;0.800000011920929;0.800000011920929
lidar;0.0;25.0;24.94919204711914;25.171110153198242;9.760968208312988;0.29832273721694946;24.954994201660156;25.151569366455078;9.7882661819458;0.26425329444485257;0.9988329410180604;0.800000011920929;0.800000011920929;0.800000011920929
lidar;0.0;25.0;24.949851989746094;25.175241470336914;9.764070510864258;0.298139750957489;24.94721221923828;25.184467315673828;9.7516508102417;0.3138346047140923;0.9994460940176125;0.800000011920929;0.800000011920929;0.800000011920929
lidar;0.0;25.0;24.950510025024414;25.17936897277832;9.767169952392578;0.29804760217666626;24.94098663330078;25.213884353637695;9.722368240356445;0.3553982584183476;0.9997548461050311;0.800000011920929;0.800000011920929;0.800000011920929
lidar;0.0;25.0;24.951168060302734;25.183496475219727;9.770268440246582;0.29804638028144836;24.946718215942383;25.200220108032227;9.749330520629883;0.32521124763906156;0.9997590780262716;0.800000011920929;0.800000011920929;0.800000011920929
lidar;0.0;25.0;24.951828002929688;25.1876220703125;9.773367881774902;0.298135906457901;24.95372200012207;25.18024444580078;9.782279968261719;0.2864118101837136;0.9994587302764658;0.800000011920929;0.800000011920929;0.800000011920929
lidar;0.0;25.0;24.95248794555664;25.191753387451172;9.776470184326172;0.29831647872924805;24.933650970458984;25.267772674560547;9.687853813171387;0.4165809698931228;0.9988539219524278;0.800000011920929;0.800000011920929;0.800000011920929
lidar;0.0;25.0;24.953147888183594;25.195892333984375;9.779577255249023;0.2985881567001343;24.954631805419922;25.18968391418457;9.7865629196167;0.28912500862318563;0.9979449509955433;0.800000011920929;0.800000011920929;0.800000011920929
lidar;0.0;25.0;24.95380973815918;25.200037002563477;9.782690048217773;0.2989514470100403;24.942537307739258;25.24885368347168;9.729658126831055;0.3719074734716688;0.9967319366996468;0.800000011920929;0.800000011920929;0.800000011920929
lidar;0.0;25.0;24.9544734954834;25.204195022583008;9.785812377929688;0.29940709471702576;24.960573196411133;25.176834106445312;9.814512252807617;0.25928823637793846;0.9952152367979195;0.800000011920929;0.800000011920929;0.800000011920929
lidar;0.0;25.0;24.955188751220703;25.2081356048584;9.789178848266602;0.299623042345047;24.97200584411621;25.130022048950195;9.868301391601562;0.18717300459740738;0.9935615661556545;0.800000011920929;0.800000011920929;0.800000011920929
lidar;0.0;25.0;24.95599937438965;25.211633682250977;9.792990684509277;0.2992960512638092;24.960399627685547;25.190465927124023;9.81369686126709;0.26935853715569863;0.9946470856382069;0.800000011920929;0.800000011920929;0.800000011920929
lidar;0.0;25.0;24.95244026184082;24.78858184814453;9.794000625610352;0.29898974299430847;24.95083236694336;24.78142738342285;9.787029266357422;0.30910899588565255;0.9956661462888906;0.800000011920929;0.800000011920929;0.800000011920929
lidar;0.0;25.0;24.951566696166992;24.792081832885742;9.790212631225586;0.29931068420410156;24.950611114501953;24.787979125976562;9.786072731018066;0.3052162188070844;0.9945982692174161;0.800000011920929;0.800000011920929;0.800000011920929
lidar;0.0;25.0;24.95075035095215;24.795839309692383;9.786676406860352;0.2993559241294861;24.939064025878906;24.747390747070312;9.736053466796875;0.37039525101987825;0.9953851702482344;0.800000011920929;0.800000011920929;0.800000011920929
lidar;0.0;25.0;24.95003318786621;24.799997329711914;9.783567428588867;0.29889971017837524;24.95258331298828;24.810203552246094;9.794611930847168;0.28364620095455123;0.9969046711852727;0.800000011920929;0.800000011920929;0.800000011920929
lidar;0.0;25.0;24.949316024780273;24.80414390563965;9.78046703338623;0.29853567481040955;24.943456649780273;24.781496047973633;9.755082130432129;0.3330555749174738;0.9981203674272011;0.800000011920929;0.800000011920929;0.800000011920929
lidar;0.0;25.0;24.9486026763916;24.808279037475586;9.777373313903809;0.2982633113861084;24.939525604248047;24.77442169189453;9.738056182861328;0.3509382303102997;0.9990320204903358;0.800000011920929;0.800000011920929;0.800000011920929
lidar;0.0;25.0;24.94788932800293;24.812410354614258;9.774284362792969;0.29808205366134644;24.958858489990234;24.851898193359375;9.821797370910645;0.23533528955386718;0.9996394514829018;0.800000011920929;0.800000011920929;0.800000011920929
lidar;0.0;25.0;24.94717788696289;24.816537857055664;9.771197319030762;0.2979918122291565;24.956111907958984;24.847566604614258;9.809895515441895;0.2475920691278882;0.99994230270845;0.800000011920929;0.800000011920929;0.800000011920929
lidar;0.0;25.0;24.94646453857422;24.820663452148438;9.768112182617188;0.29799240827560425;24.940101623535156;24.79935073852539;9.74055290222168;0.3334078602475858;0.9999405741659602;0.800000011920929;0.800000011920929;0.800000011920929
lidar;0.0;25.0;24.945751190185547;24.824790954589844;9.765026092529297;0.29808372259140015;24.9375057220459;24.798158645629883;9.729310035705566;0.34339251253374514;0.9996342659222472;0.800000011920929;0.800000011920929;0.800000011920929
lidar;0.0;25.0;24.945039749145508;24.828922271728516;9.761937141418457;0.29826590418815613;24.937726974487305;24.806163787841797;9.730268478393555;0.3379425631961861;0.9990234374755878;0.800000011920929;0.800000011920929;0.800000011920929
lidar;0.0;25.0;24.944324493408203;24.833059310913086;9.758843421936035;0.2985393702983856;24.93356704711914;24.80080223083496;9.712246894836426;0.35622251130070237;0.9981083272756249;0.800000011920929;0.800000011920929;0.800000011920929
lidar;0.0;25.0;24.9436092376709;24.837203979492188;9.755743026733398;0.2989044785499573;24.9478702545166;24.849506378173828;9.774201393127441;0.27631623014618684;0.9968891742426974;0.800000011920929;0.800000011920929;0.800000011920929
lidar;0.0;25.0;24.942890167236328;24.84136199951172;9.752633094787598;0.2993617653846741;24.946609497070312;24.8516902923584;9.768735885620117;0.2798741425887421;0.9953662753507558;0.800000011920929;0.800000011920929;0.800000011920929
lidar;0.0;25.0;24.942232131958008;24.845699310302734;9.749783515930176;0.2995895445346832;24.959632873535156;24.89217758178711;9.825152397155762;0.20934914964996304;0.9954768418476737;0.800000011920929;0.800000011920929;0.800000011920929
lidar;0.0;25.0;24.94169807434082;24.850366592407227;9.747468948364258;0.2992681562900543;24.945127487182617;24.859163284301758;9.762316703796387;0.2816721921770437;0.9965451359203819;0.800000011920929;0.800000011920929;0.800000011920929
lidar;0.0;25.0;24.941165924072266;24.855022430419922;9.745158195495605;0.29903867840766907;24.948564529418945;24.873258590698242;9.77721118927002;0.26142634194211634;0.9973098634469384;0.800000011920929;0.800000011920929;0.800000011920929
lidar;0.0;25.0;24.94065284729004;24.859724044799805;9.742942810058594;0.298793762922287;24.938426971435547;24.854461669921875;9.733296394348145;0.3100057307281467;0.9981271623615985;0.800000011920929;0.800000011920929;0.800000011920929
lidar;0.0;25.0;24.94016456604004;24.86446762084961;9.740819931030273;0.29853594303131104;24.940187454223633;24.864521026611328;9.740923881530762;0.29841601868623896;0.9989890456418619;0.800000011920929;0.800000011920929;0.800000011920929
lidar;0.0;25.0;24.939674377441406;24.869203567504883;9.738700866699219;0.29836931824684143;24.947778701782227;24.886775970458984;9.773805618286133;0.2582844271930292;0.9995466470604133;0.800000011920929;0.800000011920929;0.800000011920929
lidar;0.0;25.0;24.939186096191406;24.87393569946289;9.73658275604248;0.298293799161911;24.934011459350586;24.863210678100586;9.714173316955566;0.32367047431100654;0.9997997879930698;0.800000011920929;0.800000011920929;0.800000011920929
lidar;0.0;25.0;24.938695907592773;24.878665924072266;9.734465599060059;0.2983090877532959;24.935876846313477;24.87308692932129;9.722253799438477;0.3120286822412438;0.9997483491986532;0.800000011920929;0.800000011920929;0.800000011920929
lidar;0.0;25.0;24.938207626342773;24.883399963378906;9.73234748840332;0.29841533303260803;24.93299674987793;24.87356948852539;9.7097806930542;0.3235757242979876;0.9993924499108967;0.800000011920929;0.800000011920929;0.800000011920929
lidar;0.0;25.0;24.93771743774414;24.888137817382812;9.73022747039795;0.2986126244068146;24.938873291015625;24.89021110534668;9.7352294921875;0.293075680881146;0.9987320303760352;0.800000011920929;0.800000011920929;0.800000011920929
lidar;0.0;25.0;24.937227249145508;24.89288330078125;9.728103637695312;0.2989012598991394;24.965139389038086;24.94051170349121;9.849000930786133;0.16599620127370693;0.9977673889994844;0.800000011920929;0.800000011920929;0.800000011920929
lidar;0.0;25.0;24.936737060546875;24.897640228271484;9.725975036621094;0.29928168654441833;24.924129486083984;24.877243041992188;9.67137336730957;0.35891658522189734;0.9964988829729592;0.800000011920929;0.800000011920929;0.800000011920929
lidar;0.0;25.0;24.936243057250977;24.902408599853516;9.723840713500977;0.2997545003890991;24.94056510925293;24.909025192260742;9.742560386657715;0.27943543616255695;0.99492687000443;0.800000011920929;0.800000011920929;0.800000011920929
lidar;0.0;25.0;24.93587303161621;24.90737533569336;9.722235679626465;0.2997407913208008;24.92649269104004;24.89382553100586;9.681602478027344;0.3435893641015782;0.9956372383280879;0.800000011920929;0.800000011920929;0.800000011920929
lidar;0.0;25.0;24.93560791015625;24.91248321533203;9.721083641052246;0.2993323802947998;24.91852378845215;24.889266967773438;9.647088050842285;0.3787439133444131;0.996995568479102;0.800000011920929;0.800000011920929;0.800000011920929
lidar;0.0;25.0;24.93534278869629;24.917579650878906;9.719934463500977;0.2990160584449768;24.949996948242188;24.936260223388672;9.783411026000977;0.23124428338336556;0.9980502127984883;0.800000011920929;0.800000011920929;0.800000011920929
lidar;0.0;25.0;24.935077667236328;24.922666549682617;9.71878719329834;0.2987913489341736;24.92599868774414;24.911853790283203;9.679462432861328;0.3405736741388034;0.9988007545413128;0.800000011920929;0.800000011920929;0.800000011920929
lidar;0.0;25.0;24.934812545776367;24.92774772644043;9.71764087677002;0.2986578643321991;24.921422958374023;24.91290855407715;9.659646987915039;0.35999938414371746;0.9992470145216527;0.800000011920929;0.800000011920929;0.800000011920929
lidar;0.0;25.0;24.934547424316406;24.93282699584961;9.716495513916016;0.2986155152320862;24.921031951904297;24.91895294189453;9.657946586608887;0.3602846674478461;0.9993889927586126;0.800000011920929;0.800000011920929;0.800000011920929
lidar;0.0;25.0;24.934314727783203;24.93793487548828;9.715489387512207;0.29851773381233215;24.919864654541016;24.924280166625977;9.652898788452148;0.36418981881783763;0.9997164607185905;0.800000011920929;0.800000011920929;0.800000011920929
lidar;0.0;25.0;24.934099197387695;24.94305419921875;9.714550018310547;0.29844141006469727;24.910566329956055;24.922719955444336;9.612621307373047;0.40500989068578336;0.9999725222578477;0.800000011920929;0.800000011920929;0.800000011920929
lidar;0.0;25.0;24.933881759643555;24.94817352294922;9.713611602783203;0.29845598340034485;24.926921844482422;24.942716598510742;9.683462142944336;0.3298760955067308;0.9999239444761834;0.800000011920929;0.800000011920929;0.800000011920929
lidar;0.0;25.0;24.933664321899414;24.95329475402832;9.712672233581543;0.2985613942146301;24.94887351989746;24.96400260925293;9.778546333312988;0.23011217783973859;0.9995707869475307;0.800000011920929;0.800000011920929;0.800000011920929
lidar;0.0;25.0;24.93347930908203;24.95844078063965;9.711864471435547;0.2986205518245697;24.941240310668945;24.963289260864258;9.745484352111816;0.2637772217904109;0.999372720763519;0.800000011920929;0.800000011920929;0.800000011920929
lidar;0.0;25.0;24.933317184448242;24.96360206604004;9.711166381835938;0.29865744709968567;24.9166316986084;24.95449447631836;9.638895034790039;0.37338681422041964;0.999249458289854;0.800000011920929;0.800000011920929;0.800000011920929
lidar;0.0;25.0;24.933156967163086;24.968769073486328;9.710467338562012;0.29878517985343933;24.931285858154297;24.9678955078125;9.702369689941406;0.30714128615464353;0.9988217949184908;0.800000011920929;0.800000011920929;0.800000011920929
lidar;0.0;25.0;24.933015823364258;24.973947525024414;9.709855079650879;0.29891452193260193;24.895233154296875;24.959253311157227;9.546204566955566;0.4675111608247001;0.9983890652839797;0.800000011920929;0.800000011920929;0.800000011920929
lidar;0.0;25.0;24.93291473388672;24.97914695739746;9.709424018859863;0.2989475429058075;24.938997268676758;24.981037139892578;9.735767364501953;0.2718453744337033;0.9982787370289272;0.800000011920929;0.800000011920929;0.800000011920929
lidar;0.0;25.0;24.932815551757812;24.98434829711914;9.708992958068848;0.29907163977622986;24.909591674804688;24.97893714904785;9.6083984375;0.4024541427042929;0.9978641271516618;0.800000011920929;0.800000011920929;0.800000011920929
lidar;0.0;25.0;24.93275260925293;24.989561080932617;9.708722114562988;0.29912203550338745;24.93192481994629;24.98943328857422;9.705137252807617;0.3028036322708034;0.9976961611006729;0.800000011920929;0.800000011920929;0.800000011920929
lidar;0.0;25.0;24.932720184326172;24.994779586791992;9.708576202392578;0.2991350293159485;24.9530086517334;24.996353149414062;9.79645824432373;0.20892773838398299;0.9976531862713165;0.800000011920929;0.800000011920929;0.800000011920929
lidar;0.0;25.0;24.93268585205078;25.0;9.708430290222168;0.2992391586303711;24.938735961914062;25.0;9.734639167785645;0.27234067406492274;0.9973062872611547;0.800000011920929;0.800000011920929;0.800000011920929
lidar;0.0;25.0;24.932720184326172;25.005220413208008;9.708576202392578;0.2991350293159485;24.930206298828125;25.005414962768555;9.697688102722168;0.31031117156589977;0.9976531862713165;0.800000011920929;0.800000011920929;0.800000011920929
lidar;0.0;25.0;24.93275260925293;25.010438919067383;9.708722114562988;0.29912206530570984;24.946821212768555;25.008255004882812;9.76965618133545;0.2365471018608827;0.9976961611006729;0.800000011920929;0.800000011920929;0.800000011920929
lidar;0.0;25.0;24.932815551757812;25.01565170288086;9.708992958068848;0.29907160997390747;24.919649124145508;25.018718719482422;9.651961326599121;0.3576833677438458;0.9978641271516618;0.800000011920929;0.800000011920929;0.800000011920929
lidar;0.0;25.0;24.93291473388672;25.02085304260254;9.709424018859863;0.29894745349884033;24.95412254333496;25.01426124572754;9.801283836364746;0.2044410496763719;0.9982787370289272;0.800000011920929;0.800000011920929;0.800000011920929
lidar;0.0;25.0;24.933015823364258;25.026052474975586;9.709855079650879;0.29891449213027954;24.9145565032959;25.033231735229492;9.629902839660645;0.38128308270263084;0.9983890652839797;0.800000011920929;0.800000011920929;0.800000011920929
lidar;0.0;25.0;24.933156967163086;25.031230926513672;9.710467338562012;0.29878512024879456;24.926498413085938;25.03434181213379;9.681632041931152;0.32854244505022095;0.9988217949184908;0.800000011920929;0.800000011920929;0.800000011920929
lidar;0.0;25.0;24.933317184448242;25.03639793395996;9.711166381835938;0.29865726828575134;24.929100036621094;25.038700103759766;9.69289493560791;0.3175498258721315;0.999249458289854;0.800000011920929;0.800000011920929;0.800000011920929
lidar;0.0;25.0;24.93347930908203;25.04155921936035;9.711864471435547;0.29862046241760254;24.94398307800293;25.034997940063477;9.757362365722656;0.2514670133813125;0.999372720763519;0.800000011920929;0.800000011920929;0.800000011920929
lidar;0.0;25.0;24.933664321899414;25.04670524597168;9.712672233581543;0.29856133460998535;24.932226181030273;25.047719955444336;9.706437110900879;0.30504060466173977;0.9995707869475307;0.800000011920929;0.800000011920929;0.800000011920929
lidar;0.0;25.0;24.933881759643555;25.05182647705078;9.713611602783203;0.2984558939933777;24.94513702392578;25.043004989624023;9.762359619140625;0.24765378103455066;0.9999239444761834;0.800000011920929;0.800000011920929;0.800000011920929
lidar;0.0;25.0;24.934099197387695;25.05694580078125;9.714550018310547;0.2984413206577301;24.921241760253906;25.06805419921875;9.658863067626953;0.35666259697586067;0.9999725222578477;0.800000011920929;0.800000011920929;0.800000011920929
lidar;0.0;25.0;24.934314727783203;25.06206512451172;9.715489387512207;0.2985176742076874;24.920000076293945;25.075592041015625;9.653486251831055;0.3635730521087842;0.9997164607185905;0.800000011920929;0.800000011920929;0.800000011920929
lidar;0.0;25.0;24.934547424316406;25.06717300415039;9.716495513916016;0.2986154854297638;24.941823959350586;25.05970573425293;9.748013496398926;0.26541760853037416;0.9993889927586126;0.800000011920929;0.800000011920929;0.800000011920929
lidar;0.0;25.0;24.934812545776367;25.07225227355957;9.71764087677002;0.29865795373916626;24.943147659301758;25.063013076782227;9.753744125366211;0.2604708806740192;0.9992470145216527;0.800000011920929;0.800000011920929;0.800000011920929
lidar;0.0;25.0;24.935077667236328;25.077333450317383;9.718786239624023;0.29879140853881836;24.964658737182617;25.042095184326172;9.846922874450684;0.16264553171028065;0.9988007545413128;0.800000011920929;0.800000011920929;0.800000011920929
lidar;0.0;25.0;24.93534278869629;25.082420349121094;9.719934463500977;0.2990160584449768;24.934091567993164;25.084012985229492;9.714519500732422;0.3047966872606017;0.9980502127984883;0.800000011920929;0.800000011920929;0.800000011920929
lidar;0.0;25.0;24.93560791015625;25.08751678466797;9.721083641052246;0.2993324100971222;24.935640335083008;25.08747100830078;9.721226692199707;0.29917883419337343;0.996995568479102;0.800000011920929;0.800000011920929;0.800000011920929
lidar;0.0;25.0;24.93587303161621;25.09262466430664;9.722235679626465;0.299740731716156;24.94585418701172;25.078208923339844;9.765467643737793;0.2530886030879845;0.9956372974201464;0.800000011920929;0.800000011920929;0.800000011920929
lidar;0.0;25.0;24.936243057250977;25.097591400146484;9.723840713500977;0.2997545003890991;24.939910888671875;25.091976165771484;9.739728927612305;0.2825092272556064;0.99492687000443;0.800000011920929;0.800000011920929;0.800000011920929
lidar;0.0;25.0;24.936737060546875;25.102359771728516;9.725975036621094;0.29928168654441833;24.936697006225586;25.1024227142334;9.725807189941406;0.2994655970124111;0.9964988231729774;0.800000011920929;0.800000011920929;0.800000011920929
lidar;0.0;25.0;24.937227249145508;25.10711669921875;9.728103637695312;0.29890120029449463;24.95892906188965;25.070083618164062;9.822102546691895;0.19556584369516927;0.9977673889994844;0.800000011920929;0.800000011920929;0.800000011920929
lidar;0.0;25.0;24.93771743774414;25.111862182617188;9.73022747039795;0.2986125349998474;24.93608856201172;25.114789962768555;9.723167419433594;0.3064273697935284;0.9987320303760352;0.800000011920929;0.800000011920929;0.800000011920929
lidar;0.0;25.0;24.938207626342773;25.116600036621094;9.73234748840332;0.29841530323028564;24.934261322021484;25.124046325683594;9.71525764465332;0.31747008754020173;0.9993923903140169;0.800000011920929;0.800000011920929;0.800000011920929
lidar;0.0;25.0;24.938695907592773;25.121334075927734;9.734465599060059;0.2983090579509735;24.938777923583984;25.121171951293945;9.734819412231445;0.2979117430243806;0.9997483491986532;0.800000011920929;0.800000011920929;0.800000011920929
lidar;0.0;25.0;24.939186096191406;25.12606430053711;9.73658275604248;0.29829370975494385;24.938453674316406;25.127582550048828;9.73341178894043;0.3018843929693389;0.9997997879930698;0.800000011920929;0.800000011920929;0.800000011920929
lidar;0.0;25.0;24.939674377441406;25.130796432495117;9.738700866699219;0.2983693480491638;24.917970657348633;25.177852630615234;9.644695281982422;0.4057112327246938;0.9995466470604133;0.800000011920929;0.800000011920929;0.800000011920929
lidar;0.0;25.0;24.94016456604004;25.13553237915039;9.740819931030273;0.29853591322898865;24.922290802001953;25.17601776123047;9.663398742675781;0.3877132159310439;0.9989890456418619;0.800000011920929;0.800000011920929;0.800000011920929
lidar;0.0;25.0;24.94065284729004;25.140275955200195;9.742942810058594;0.298793762922287;24.926502227783203;25.173725128173828;9.681644439697266;0.37004368951235006;0.998127222067819;0.800000011920929;0.800000011920929;0.800000011920929
lidar;0.0;25.0;24.941165924072266;25.144977569580078;9.745158195495605;0.29903870820999146;24.93488121032715;25.160459518432617;9.71794319152832;0.330973466767718;0.9973098634469384;0.800000011920929;0.800000011920929;0.800000011920929
lidar;0.0;25.0;24.94169807434082;25.149633407592773;9.747468948364258;0.2992682158946991;24.940967559814453;25.151512145996094;9.744300842285156;0.30302265053401956;0.9965451953242241;0.800000011920929;0.800000011920929;0.800000011920929
lidar;0.0;25.0;24.942232131958008;25.154300689697266;9.749783515930176;0.29958951473236084;24.94277000427246;25.152862548828125;9.752113342285156;0.2968000641832667;0.9954768418476737;0.800000011920929;0.800000011920929;0.800000011920929
lidar;0.0;25.0;24.942890167236328;25.15863800048828;9.752633094787598;0.2993617355823517;24.93515396118164;25.18012809753418;9.719122886657715;0.33991611856073145;0.9953662158878642;0.800000011920929;0.800000011920929;0.800000011920929
lidar;0.0;25.0;24.9436092376709;25.16279411315918;9.755743026733398;0.2989043593406677;24.955013275146484;25.129871368408203;9.80514144897461;0.2384542328023787;0.9968891143454036;0.800000011920929;0.800000011920929;0.800000011920929
lidar;0.0;25.0;24.944324493408203;25.166940689086914;9.758843421936035;0.29853925108909607;24.93386459350586;25.198305130004883;9.71353530883789;0.3546279678775852;0.9981082677273205;0.800000011920929;0.800000011920929;0.800000011920929
lidar;0.0;25.0;24.945039749145508;25.171077728271484;9.761937141418457;0.29826581478118896;24.95724105834961;25.13309669494629;9.814791679382324;0.2320454417398835;0.9990234374755878;0.800000011920929;0.800000011920929;0.800000011920929
lidar;0.0;25.0;24.945751190185547;25.175209045410156;9.765026092529297;0.29808348417282104;24.95207405090332;25.154788970947266;9.792412757873535;0.2633411703676686;0.9996342659222472;0.800000011920929;0.800000011920929;0.800000011920929
lidar;0.0;25.0;24.94646453857422;25.179336547851562;9.768112182617188;0.29799219965934753;24.952775955200195;25.158191680908203;9.795451164245605;0.2628592815433635;0.9999405741659602;0.800000011920929;0.800000011920929;0.800000011920929
lidar;0.0;25.0;24.94717788696289;25.183462142944336;9.771198272705078;0.29799166321754456;24.9371337890625;25.21834373474121;9.727694511413574;0.35464978280074994;0.99994230270845;0.800000011920929;0.800000011920929;0.800000011920929
lidar;0.0;25.0;24.94788932800293;25.187589645385742;9.774284362792969;0.2980819344520569;24.955617904663086;25.15976905822754;9.807757377624512;0.2538763612651324;0.9996394514829018;0.800000011920929;0.800000011920929;0.800000011920929
lidar;0.0;25.0;24.9486026763916;25.19171905517578;9.777373313903809;0.29826316237449646;24.955978393554688;25.16420555114746;9.80932331085205;0.25545784482776906;0.9990320801385952;0.800000011920929;0.800000011920929;0.800000011920929
lidar;0.0;25.0;24.949316024780273;25.19585609436035;9.78046703338623;0.29853564500808716;24.95048713684082;25.19133186340332;9.785539627075195;0.29163723929416485;0.9981204272415343;0.800000011920929;0.800000011920929;0.800000011920929
lidar;0.0;25.0;24.95003318786621;25.200002670288086;9.783567428588867;0.2988996207714081;24.94763946533203;25.209583282470703;9.773200035095215;0.3132164885270463;0.9969047309328443;0.800000011920929;0.800000011920929;0.800000011920929
lidar;0.0;25.0;24.95075035095215;25.204160690307617;9.786676406860352;0.29935595393180847;24.964326858520508;25.147878646850586;9.845483779907227;0.21683215076630605;0.9953852889307194;0.800000011920929;0.800000011920929;0.800000011920929
lidar;0.0;25.0;24.951566696166992;25.207918167114258;9.790212631225586;0.29931068420410156;24.95616340637207;25.18818473815918;9.810123443603516;0.2709032732500133;0.9945983883149139;0.800000011920929;0.800000011920929;0.800000011920929
lidar;0.0;25.0;24.95244026184082;25.21141815185547;9.794001579284668;0.2989896535873413;24.94770050048828;25.232492446899414;9.773465156555176;0.3287952247302006;0.9956662654670445;0.800000011920929;0.800000011920929;0.800000011920929
lidar;0.0;25.0;24.948898315429688;24.788768768310547;9.795042991638184;0.29872700572013855;24.953027725219727;24.805837631225586;9.811604499816895;0.2745879103098025;0.9965416190473875;0.800000011920929;0.800000011920929;0.800000011920929
lidar;0.0;25.0;24.947959899902344;24.792266845703125;9.791275978088379;0.29904282093048096;24.94881248474121;24.795671463012695;9.794695854187012;0.2941438400207527;0.9954890608100924;0.800000011920929;0.800000011920929;0.800000011920929
lidar;0.0;25.0;24.94703483581543;24.79583740234375;9.787567138671875;0.29935789108276367;24.94316864013672;24.78093910217285;9.772065162658691;0.3212031687825871;0.9953784944109842;0.800000011920929;0.800000011920929;0.800000011920929
lidar;0.0;25.0;24.94626235961914;24.79999542236328;9.784470558166504;0.29890164732933044;24.94237518310547;24.7855281829834;9.768880844116211;0.3205224474807265;0.9968978761258794;0.800000011920929;0.800000011920929;0.800000011920929
lidar;0.0;25.0;24.945491790771484;24.804141998291016;9.781383514404297;0.2985377013683319;24.954675674438477;24.83713722229004;9.81821346282959;0.24824372419811003;0.9981134533895065;0.800000011920929;0.800000011920929;0.800000011920929
lidar;0.0;25.0;24.944725036621094;24.808279037475586;9.778302192687988;0.2982653081417084;24.931291580200195;24.761686325073242;9.724425315856934;0.3707502329695328;0.9990250468896553;0.800000011920929;0.800000011920929;0.800000011920929
lidar;0.0;25.0;24.943958282470703;24.812410354614258;9.775226593017578;0.2980841398239136;24.95942497253418;24.864185333251953;9.837265014648438;0.21581125439879195;0.9996323585290519;0.800000011920929;0.800000011920929;0.800000011920929
lidar;0.0;25.0;24.943191528320312;24.81653594970703;9.7721529006958;0.29799389839172363;24.935836791992188;24.792787551879883;9.742657661437988;0.33657009148192674;0.9999350905416204;0.800000011920929;0.800000011920929;0.800000011920929
lidar;0.0;25.0;24.942424774169922;24.820663452148438;9.76908016204834;0.2979945242404938;24.939416885375977;24.81129264831543;9.757014274597168;0.31356464683583674;0.9999333024072186;0.800000011920929;0.800000011920929;0.800000011920929
lidar;0.0;25.0;24.941659927368164;24.82478904724121;9.766007423400879;0.2980858385562897;24.949045181274414;24.846973419189453;9.795634269714355;0.2603433942214912;0.9996269345458831;0.800000011920929;0.800000011920929;0.800000011920929
lidar;0.0;25.0;24.94089126586914;24.828920364379883;9.762930870056152;0.29826804995536804;24.955814361572266;24.872112274169922;9.822781562805176;0.22296653507192984;0.9990159868814524;0.800000011920929;0.800000011920929;0.800000011920929
lidar;0.0;25.0;24.94012451171875;24.833057403564453;9.759849548339844;0.29854151606559753;24.94139289855957;24.836597442626953;9.764942169189453;0.2922112212146554;0.9981007576081133;0.800000011920929;0.800000011920929;0.800000011920929
lidar;0.0;25.0;24.939353942871094;24.837203979492188;9.756762504577637;0.2989066541194916;24.923768997192383;24.795366287231445;9.694252014160156;0.3757229248080322;0.9968815444536601;0.800000011920929;0.800000011920929;0.800000011920929
lidar;0.0;25.0;24.938581466674805;24.84136199951172;9.753665924072266;0.2993640601634979;24.9375;24.83856773376465;9.74932861328125;0.30463476923736854;0.9953585864379264;0.800000011920929;0.800000011920929;0.800000011920929
lidar;0.0;25.0;24.937807083129883;24.84553337097168;9.75055980682373;0.2999142110347748;24.93997573852539;24.85091781616211;9.759256362915039;0.28945796142335406;0.9935324786389257;0.800000011920929;0.800000011920929;0.800000011920929
lidar;0.0;25.0;24.937244415283203;24.85023307800293;9.74830150604248;0.29953381419181824;24.9278507232666;24.82781219482422;9.71062183380127;0.3443744022003017;0.9956613181995437;0.800000011920929;0.800000011920929;0.800000011920929
lidar;0.0;25.0;24.936716079711914;24.854997634887695;9.74617862701416;0.29909181594848633;24.933469772338867;24.84756088256836;9.733160972595215;0.3144319260315842;0.9971325991166403;0.800000011920929;0.800000011920929;0.800000011920929
lidar;0.0;25.0;24.936187744140625;24.85974884033203;9.744061470031738;0.29874199628829956;24.941486358642578;24.871397018432617;9.765316009521484;0.2739324793402034;0.9983001946648717;0.800000011920929;0.800000011920929;0.800000011920929
lidar;0.0;25.0;24.93566131591797;24.864490509033203;9.741949081420898;0.29848378896713257;24.94661521911621;24.887561798095703;9.785883903503418;0.24766482493921266;0.9991636276804928;0.800000011920929;0.800000011920929;0.800000011920929
lidar;0.0;25.0;24.935134887695312;24.869226455688477;9.739839553833008;0.2983168661594391;24.935874938964844;24.87071990966797;9.74281120300293;0.2949087757268832;0.9997227787999813;0.800000011920929;0.800000011920929;0.800000011920929
lidar;0.0;25.0;24.934608459472656;24.873958587646484;9.737730979919434;0.29824092984199524;24.95374298095703;24.910837173461914;9.814469337463379;0.21097751607623955;0.9999774098409598;0.800000011920929;0.800000011920929;0.800000011920929
lidar;0.0;25.0;24.934083938598633;24.87868881225586;9.735623359680176;0.2982558012008667;24.93856430053711;24.886934280395508;9.753595352172852;0.2779806117118645;0.9999274015472301;0.800000011920929;0.800000011920929;0.800000011920929
lidar;0.0;25.0;24.933557510375977;24.883420944213867;9.733514785766602;0.29836151003837585;24.923864364624023;24.866413116455078;9.694640159606934;0.34188665481875563;0.9995728135378252;0.800000011920929;0.800000011920929;0.800000011920929
lidar;0.0;25.0;24.93303108215332;24.888158798217773;9.731404304504395;0.2985583245754242;24.928945541381836;24.881336212158203;9.715019226074219;0.3167707357335885;0.9989137054233463;0.800000011920929;0.800000011920929;0.800000011920929
lidar;0.0;25.0;24.932504653930664;24.892902374267578;9.729290008544922;0.2988464832305908;24.9525203704834;24.924663543701172;9.809572219848633;0.21022027177912034;0.9979503155097118;0.800000011920929;0.800000011920929;0.800000011920929
lidar;0.0;25.0;24.931976318359375;24.897659301757812;9.727170944213867;0.29922643303871155;24.936365127563477;24.90426254272461;9.74477481842041;0.27991999688026364;0.9966830015299433;0.800000011920929;0.800000011920929;0.800000011920929
lidar;0.0;25.0;24.93150520324707;24.90251350402832;9.725285530090332;0.2994386851787567;24.931842803955078;24.902992248535156;9.72663688659668;0.2979653695660249;0.9959762099343961;0.800000011920929;0.800000011920929;0.800000011920929
lidar;0.0;25.0;24.931041717529297;24.90738296508789;9.723421096801758;0.29971471428871155;24.941463470458984;24.9213809967041;9.76522159576416;0.2544177574435789;0.9950584172020197;0.800000011920929;0.800000011920929;0.800000011920929
lidar;0.0;25.0;24.93069839477539;24.91242027282715;9.722047805786133;0.2995501458644867;24.92659568786621;24.907236099243164;9.705595016479492;0.31728159716030724;0.9962704184585393;0.800000011920929;0.800000011920929;0.800000011920929
lidar;0.0;25.0;24.93041229248047;24.91752052307129;9.720901489257812;0.2992345094680786;24.935699462890625;24.923784255981445;9.742100715637207;0.27650593419810776;0.997321367486822;0.800000011920929;0.800000011920929;0.800000011920929
lidar;0.0;25.0;24.93012809753418;24.922609329223633;9.719757080078125;0.2990105152130127;24.923908233642578;24.915721893310547;9.694816589355469;0.32562161030484926;0.9980683327724225;0.800000011920929;0.800000011920929;0.800000011920929
lidar;0.0;25.0;24.929841995239258;24.92769432067871;9.71861457824707;0.29887786507606506;24.949371337890625;24.94782257080078;9.796941757202148;0.21568108551547954;0.9985113739385871;0.800000011920929;0.800000011920929;0.800000011920929
lidar;0.0;25.0;24.929588317871094;24.93280601501465;9.717595100402832;0.29870617389678955;24.899654388427734;24.904239654541016;9.597536087036133;0.42569509765347135;0.999085545568135;0.800000011920929;0.800000011920929;0.800000011920929
lidar;0.0;25.0;24.92935562133789;24.937929153442383;9.716658592224121;0.29853886365890503;24.915897369384766;24.92610740661621;9.662686347961426;0.35540697454060743;0.9996457695852431;0.800000011920929;0.800000011920929;0.800000011920929
lidar;0.0;25.0;24.929122924804688;24.943050384521484;9.715723991394043;0.29846253991127014;24.924659729003906;24.93946647644043;9.69782829284668;0.3172505353468385;0.9999015331251099;0.800000011920929;0.800000011920929;0.800000011920929
lidar;0.0;25.0;24.92888832092285;24.948169708251953;9.714788436889648;0.2984771728515625;24.91703224182129;24.93952751159668;9.667232513427734;0.348245798961862;0.999852716916195;0.800000011920929;0.800000011920929;0.800000011920929
lidar;0.0;25.0;24.928667068481445;24.953298568725586;9.713896751403809;0.298537015914917;24.934860229492188;24.957353591918945;9.738738059997559;0.27261681704995716;0.9996524453314113;0.800000011920929;0.800000011920929;0.800000011920929
lidar;0.0;25.0;24.92849349975586;24.958459854125977;9.713202476501465;0.2984825372695923;24.932994842529297;24.961074829101562;9.731257438659668;0.27969123254511763;0.9998347759193755;0.800000011920929;0.800000011920929;0.800000011920929
lidar;0.0;25.0;24.928319931030273;24.963619232177734;9.712507247924805;0.2985190451145172;24.92531394958496;24.962093353271484;9.700451850891113;0.3110370178153;0.9997125863987341;0.800000011920929;0.800000011920929;0.800000011920929
lidar;0.0;25.0;24.928146362304688;24.968782424926758;9.711812019348145;0.29864636063575745;24.938060760498047;24.97308921813965;9.751571655273438;0.25744393672785854;0.9992858171322211;0.800000011920929;0.800000011920929;0.800000011920929
lidar;0.0;25.0;24.928020477294922;24.973970413208008;9.711309432983398;0.2986648380756378;24.93393898010254;24.97610855102539;9.735041618347168;0.27411246276202855;0.999223768664119;0.800000011920929;0.800000011920929;0.800000011920929
lidar;0.0;25.0;24.927913665771484;24.979164123535156;9.710881233215332;0.29869747161865234;24.92910385131836;24.979507446289062;9.715652465820312;0.29376774861364197;0.999114513383609;0.800000011920929;0.800000011920929;0.800000011920929
lidar;0.0;25.0;24.927806854248047;24.98436164855957;9.71045207977295;0.2988210916519165;24.929901123046875;24.984813690185547;9.718850135803223;0.29015492211625926;0.9987008571312146;0.800000011920929;0.800000011920929;0.800000011920929
lidar;0.0;25.0;24.927753448486328;24.989572525024414;9.710238456726074;0.2988146245479584;24.932985305786133;24.990327835083008;9.731224060058594;0.2771734891056446;0.9987226724242858;0.800000011920929;0.800000011920929;0.800000011920929
lidar;0.0;25.0;24.927719116210938;24.99478530883789;9.71009349822998;0.2988274097442627;24.932371139526367;24.995121002197266;9.72875690460205;0.2795894344189533;0.9986800551223872;0.800000011920929;0.800000011920929;0.800000011920929
lidar;0.0;25.0;24.92768096923828;25.0;9.709948539733887;0.2989313006401062;24.93061637878418;25.0;9.721719741821289;0.28679903027334863;0.9983333945197235;0.800000011920929;0.800000011920929;0.800000011920929
lidar;0.0;25.0;24.927719116210938;25.00521469116211;9.71009349822998;0.29882749915122986;24.91047477722168;25.006460189819336;9.640935897827148;0.3701124370930249;0.9986800551223872;0.800000011920929;0.800000011920929;0.800000011920929
lidar;0.0;25.0;24.927753448486328;25.010427474975586;9.710238456726074;0.2988146245479584;24.928075790405273;25.0103816986084;9.711530685424805;0.29748207651759156;0.9987226724242858;0.800000011920929;0.800000011920929;0.800000011920929
lidar;0.0;25.0;24.927806854248047;25.01563835144043;9.710453033447266;0.2988210618495941;24.930891036987305;25.014970779418945;9.722822189331055;0.28605567195484016;0.9987008571312146;0.800000011920929;0.800000011920929;0.800000011920929
lidar;0.0;25.0;24.927913665771484;25.020835876464844;9.710881233215332;0.2986973524093628;24.91749382019043;25.023847579956055;9.669086456298828;0.34187699796935334;0.999114513383609;0.800000011920929;0.800000011920929;0.800000011920929
lidar;0.0;25.0;24.928020477294922;25.026029586791992;9.711309432983398;0.29866480827331543;24.938356399536133;25.022293090820312;9.752761840820312;0.25578062474004204;0.999223768664119;0.800000011920929;0.800000011920929;0.800000011920929
lidar;0.0;25.0;24.928146362304688;25.031217575073242;9.711812019348145;0.29864633083343506;24.913820266723633;25.03744125366211;9.654352188110352;0.3581913548900186;0.9992858171322211;0.800000011920929;0.800000011920929;0.800000011920929
lidar;0.0;25.0;24.928319931030273;25.036380767822266;9.712507247924805;0.2985188961029053;24.911914825439453;25.044706344604492;9.646709442138672;0.3668402649559719;0.9997125863987341;0.800000011920929;0.800000011920929;0.800000011920929
lidar;0.0;25.0;24.92849349975586;25.041540145874023;9.713202476501465;0.29848238825798035;24.940467834472656;25.034584045410156;9.761228561401367;0.24849953320896484;0.9998347759193755;0.800000011920929;0.800000011920929;0.800000011920929
lidar;0.0;25.0;24.928667068481445;25.046701431274414;9.713896751403809;0.2985369563102722;24.929367065429688;25.04624366760254;9.716706275939941;0.29560570948646037;0.9996524453314113;0.800000011920929;0.800000011920929;0.800000011920929
lidar;0.0;25.0;24.92888832092285;25.051830291748047;9.714788436889648;0.2984771132469177;24.943069458007812;25.041494369506836;9.771661758422852;0.23895871943383365;0.999852716916195;0.800000011920929;0.800000011920929;0.800000011920929
lidar;0.0;25.0;24.929122924804688;25.056949615478516;9.715723991394043;0.29846248030662537;24.9193115234375;25.064830780029297;9.676379203796387;0.3397708973006803;0.9999015331251099;0.800000011920929;0.800000011920929;0.800000011920929
lidar;0.0;25.0;24.92935562133789;25.062070846557617;9.716659545898438;0.29853877425193787;24.941261291503906;25.05160903930664;9.764413833618164;0.2482226543278155;0.9996457695852431;0.800000011920929;0.800000011920929;0.800000011920929
lidar;0.0;25.0;24.929588317871094;25.06719398498535;9.717595100402832;0.29870617389678955;24.909523010253906;25.086341857910156;9.637117385864258;0.383828765446697;0.999085545568135;0.800000011920929;0.800000011920929;0.800000011920929
lidar;0.0;25.0;24.929841995239258;25.07230567932129;9.71861457824707;0.29887789487838745;24.93789291381836;25.064008712768555;9.750899314880371;0.26458568506925395;0.9985113739385871;0.800000011920929;0.800000011920929;0.800000011920929
lidar;0.0;25.0;24.93012809753418;25.077390670776367;9.719757080078125;0.29901057481765747;24.93369483947754;25.07343864440918;9.734065055847168;0.28374442766959407;0.9980683327724225;0.800000011920929;0.800000011920929;0.800000011920929
lidar;0.0;25.0;24.93041229248047;25.08247947692871;9.720901489257812;0.2992345094680786;24.936092376708984;25.075748443603516;9.74367904663086;0.2748139715545997;0.997321367486822;0.800000011920929;0.800000011920929;0.800000011920929
lidar;0.0;25.0;24.93069839477539;25.08757972717285;9.722047805786133;0.2995501458644867;24.92721939086914;25.091978073120117;9.708091735839844;0.31459131328216167;0.9962704184585393;0.800000011920929;0.800000011920929;0.800000011920929
lidar;0.0;25.0;24.931041717529297;25.09261703491211;9.723421096801758;0.29971471428871155;24.929044723510742;25.095298767089844;9.715412139892578;0.3083938201010291;0.995058358019664;0.800000011920929;0.800000011920929;0.800000011920929
lidar;0.0;25.0;24.93150520324707;25.09748649597168;9.725285530090332;0.2994386553764343;24.93905258178711;25.086746215820312;9.75555419921875;0.2664457312180164;0.9959761498406079;0.800000011920929;0.800000011920929;0.800000011920929
lidar;0.0;25.0;24.931976318359375;25.102340698242188;9.727170944213867;0.29922646284103394;24.954601287841797;25.068302154541016;9.817916870117188;0.1997010140559824;0.9966830015299433;0.800000011920929;0.800000011920929;0.800000011920929
lidar;0.0;25.0;24.932504653930664;25.107097625732422;9.729290008544922;0.2988464832305908;24.951580047607422;25.07682991027832;9.805797576904297;0.21438680939995103;0.9979503155097118;0.800000011920929;0.800000011920929;0.800000011920929
lidar;0.0;25.0;24.93303108215332;25.111841201782227;9.731404304504395;0.2985582947731018;24.94296646118164;25.09524917602539;9.771254539489746;0.2542629561473971;0.9989137054233463;0.800000011920929;0.800000011920929;0.800000011920929
lidar;0.0;25.0;24.933557510375977;25.116579055786133;9.733514785766602;0.29836148023605347;24.952566146850586;25.083227157592773;9.809751510620117;0.21300525474541615;0.9995728135378252;0.800000011920929;0.800000011920929;0.800000011920929
lidar;0.0;25.0;24.934083938598633;25.12131118774414;9.735623359680176;0.2982557415962219;24.9321346282959;25.12489891052246;9.72780704498291;0.3070734529055189;0.9999273419348653;0.800000011920929;0.800000011920929;0.800000011920929
lidar;0.0;25.0;24.934608459472656;25.126041412353516;9.737730979919434;0.2982408404350281;24.922168731689453;25.150020599365234;9.687837600708008;0.35497754967848966;0.9999774098409598;0.800000011920929;0.800000011920929;0.800000011920929
lidar;0.0;25.0;24.935134887695312;25.130773544311523;9.739839553833008;0.2983168065547943;24.927574157714844;25.146015167236328;9.709516525268555;0.333086425787246;0.9997227787999813;0.800000011920929;0.800000011920929;0.800000011920929
lidar;0.0;25.0;24.93566131591797;25.135509490966797;9.741949081420898;0.2984837591648102;24.93853187561035;25.12946319580078;9.753461837768555;0.2851673206738678;0.9991636872402813;0.800000011920929;0.800000011920929;0.800000011920929
lidar;0.0;25.0;24.936187744140625;25.14025115966797;9.744061470031738;0.2987419366836548;24.939489364624023;25.132993698120117;9.757306098937988;0.2832827205112047;0.9983002543710076;0.800000011920929;0.800000011920929;0.800000011920929
lidar;0.0;25.0;24.936716079711914;25.145002365112305;9.74617862701416;0.2990918457508087;24.931610107421875;25.156702041625977;9.725701332092285;0.323222016505194;0.9971326588808774;0.800000011920929;0.800000011920929;0.800000011920929
lidar;0.0;25.0;24.937244415283203;25.14976692199707;9.74830150604248;0.29953381419181824;24.932512283325195;25.16105842590332;9.729324340820312;0.3221178439158034;0.9956613778219363;0.800000011920929;0.800000011920929;0.800000011920929
lidar;0.0;25.0;24.937807083129883;25.15446662902832;9.75055980682373;0.2999141812324524;24.953947067260742;25.1143798828125;9.815295219421387;0.22207970651864173;0.9935323593522819;0.800000011920929;0.800000011920929;0.800000011920929
lidar;0.0;25.0;24.938581466674805;25.15863800048828;9.753665924072266;0.29936397075653076;24.937252044677734;25.16207504272461;9.748330116271973;0.30584913189645113;0.995358467413364;0.800000011920929;0.800000011920929;0.800000011920929
lidar;0.0;25.0;24.939353942871094;25.162796020507812;9.756762504577637;0.2989065945148468;24.94530487060547;25.146821975708008;9.780631065368652;0.2695754540351324;0.9968814850710223;0.800000011920929;0.800000011920929;0.800000011920929
lidar;0.0;25.0;24.94012451171875;25.166942596435547;9.759849548339844;0.29854145646095276;24.955595016479492;25.123809814453125;9.82189655303955;0.2214078388786134;0.9981006979408984;0.800000011920929;0.800000011920929;0.800000011920929
lidar;0.0;25.0;24.94089126586914;25.171079635620117;9.762930870056152;0.2982679605484009;24.93656349182129;25.183603286743164;9.745574951171875;0.32010439543974256;0.9990159272352939;0.800000011920929;0.800000011920929;0.800000011920929
lidar;0.0;25.0;24.941659927368164;25.17521095275879;9.766007423400879;0.29808568954467773;24.934600830078125;25.1964111328125;9.73769474029541;0.33415351358499246;0.999626874919002;0.800000011920929;0.800000011920929;0.800000011920929
lidar;0.0;25.0;24.942424774169922;25.179336547851562;9.76908016204834;0.29799431562423706;24.94586181640625;25.16863441467285;9.78286075592041;0.2802106073314124;0.9999333024072186;0.800000011920929;0.800000011920929;0.800000011920929
lidar;0.0;25.0;24.943191528320312;25.18346405029297;9.7721529006958;0.2979937493801117;24.942737579345703;25.18492889404297;9.770332336425781;0.30037511914148823;0.999935150141322;0.800000011920929;0.800000011920929;0.800000011920929
lidar;0.0;25.0;24.943958282470703;25.187589645385742;9.775226593017578;0.298084020614624;24.935144424438477;25.217086791992188;9.73988151550293;0.34495597762312613;0.9996323585290519;0.800000011920929;0.800000011920929;0.800000011920929
lidar;0.0;25.0;24.944725036621094;25.191720962524414;9.778302192687988;0.2982652485370636;24.943870544433594;25.194684982299805;9.774874687194824;0.30287741313339334;0.999025106423379;0.800000011920929;0.800000011920929;0.800000011920929
lidar;0.0;25.0;24.945491790771484;25.195858001708984;9.781383514404297;0.29853764176368713;24.940187454223633;25.214921951293945;9.76010513305664;0.3275949330292103;0.9981135130849301;0.800000011920929;0.800000011920929;0.800000011920929
lidar;0.0;25.0;24.94626235961914;25.20000457763672;9.784470558166504;0.29890161752700806;24.941038131713867;25.219451904296875;9.763514518737793;0.32796455290783194;0.9968979359388944;0.800000011920929;0.800000011920929;0.800000011920929
lidar;0.0;25.0;24.94703483581543;25.20416259765625;9.787567138671875;0.2993578612804413;24.926589965820312;25.28296661376953;9.70556926727295;0.4149083738819502;0.9953786131790836;0.800000011920929;0.800000011920929;0.800000011920929
lidar;0.0;25.0;24.947959899902344;25.207733154296875;9.791275978088379;0.29904279112815857;24.94784927368164;25.20816993713379;9.790836334228516;0.299673729450234;0.9954891802727343;0.800000011920929;0.800000011920929;0.800000011920929
lidar;0.0;25.0;24.948898315429688;25.211231231689453;9.795042991638184;0.2987269461154938;24.947904586791992;25.2153377532959;9.791058540344238;0.3045344873532181;0.9965417385340086;0.800000011920929;0.800000011920929;0.800000011920929
lidar;0.0;25.0;24.945369720458984;24.788923263549805;9.79611587524414;0.29850783944129944;24.942352294921875;24.777267456054688;9.784855842590332;0.314992528543359;0.9972732663596383;0.800000011920929;0.800000011920929;0.800000011920929
lidar;0.0;25.0;24.944366455078125;24.792423248291016;9.79237174987793;0.2988193929195404;24.965471267700195;24.871166229248047;9.871135711669922;0.1854621311040318;0.996233343996436;0.800000011920929;0.800000011920929;0.800000011920929
lidar;0.0;25.0;24.943361282348633;24.795930862426758;9.788619041442871;0.29922279715538025;24.93690299987793;24.77266502380371;9.764520645141602;0.3333360680212957;0.9948900343882452;0.800000011920929;0.800000011920929;0.800000011920929
lidar;0.0;25.0;24.9424991607666;24.799959182739258;9.785401344299316;0.298957496881485;24.948823928833008;24.82196617126465;9.809009552001953;0.2660683515199151;0.9967115519747801;0.800000011920929;0.800000011920929;0.800000011920929
lidar;0.0;25.0;24.941675186157227;24.80410385131836;9.782326698303223;0.29859423637390137;24.942678451538086;24.807477951049805;9.7860746383667;0.29345297758236494;0.9979242684053835;0.800000011920929;0.800000011920929;0.800000011920929
lidar;0.0;25.0;24.940853118896484;24.808242797851562;9.779258728027344;0.2983226180076599;24.95448875427246;24.85245132446289;9.830150604248047;0.22954463362238203;0.9988330005729233;0.800000011920929;0.800000011920929;0.800000011920929
lidar;0.0;25.0;24.940031051635742;24.8123722076416;9.77619457244873;0.2981421947479248;24.934329986572266;24.794532775878906;9.754915237426758;0.3264897320088138;0.999437510994619;0.800000011920929;0.800000011920929;0.800000011920929
lidar;0.0;25.0;24.939210891723633;24.816499710083008;9.773134231567383;0.2980527877807617;24.92401695251465;24.770631790161133;9.716424942016602;0.372556104660411;0.999737501155198;0.800000011920929;0.800000011920929;0.800000011920929
lidar;0.0;25.0;24.938392639160156;24.820627212524414;9.770073890686035;0.2980540990829468;24.941247940063477;24.828943252563477;9.780735969543457;0.2842335554509209;0.9997330903901144;0.800000011920929;0.800000011920929;0.800000011920929
lidar;0.0;25.0;24.937572479248047;24.82475471496582;9.767013549804688;0.29814624786376953;24.94895362854004;24.856704711914062;9.809491157531738;0.24378894741646723;0.9994240403134422;0.800000011920929;0.800000011920929;0.800000011920929
lidar;0.0;25.0;24.936750411987305;24.828886032104492;9.763949394226074;0.29832929372787476;24.93996238708496;24.837575912475586;9.775938987731934;0.2831766498416734;0.9988105893380173;0.800000011920929;0.800000011920929;0.800000011920929
lidar;0.0;25.0;24.935928344726562;24.833023071289062;9.760881423950195;0.29860368371009827;24.9230899810791;24.7995662689209;9.712968826293945;0.358435388100676;0.9978929161674365;0.800000011920929;0.800000011920929;0.800000011920929
lidar;0.0;25.0;24.935104370117188;24.837169647216797;9.757806777954102;0.2989695966243744;24.929155349731445;24.822242736816406;9.735603332519531;0.32637757597503925;0.9966712596784233;0.800000011920929;0.800000011920929;0.800000011920929
lidar;0.0;25.0;24.93427848815918;24.841327667236328;9.754722595214844;0.29942786693573;24.925716400146484;24.820655822753906;9.722769737243652;0.33843529676742423;0.9951459767248632;0.800000011920929;0.800000011920929;0.800000011920929
lidar;0.0;25.0;24.933515548706055;24.845651626586914;9.751873970031738;0.29968300461769104;24.931608200073242;24.841224670410156;9.744756698608398;0.3082793242161339;0.9942988160050892;0.800000011920929;0.800000011920929;0.800000011920929
lidar;0.0;25.0;24.932857513427734;24.850221633911133;9.749417304992676;0.2995549738407135;24.931547164916992;24.847301483154297;9.744531631469727;0.3053957770630109;0.9955912827741903;0.800000011920929;0.800000011920929;0.800000011920929
lidar;0.0;25.0;24.93229103088379;24.8549861907959;9.74730396270752;0.29911312460899353;24.927410125732422;24.844533920288086;9.729087829589844;0.32067537886844594;0.9970619082156226;0.800000011920929;0.800000011920929;0.800000011920929
lidar;0.0;25.0;24.931726455688477;24.859739303588867;9.745196342468262;0.2987633943557739;24.954811096191406;24.907163619995117;9.831350326538086;0.19774575214179513;0.9982288480676851;0.800000011920929;0.800000011920929;0.800000011920929
lidar;0.0;25.0;24.931161880493164;24.86448097229004;9.74309253692627;0.29850539565086365;24.945194244384766;24.892107009887695;9.795463562011719;0.23765477098007548;0.999091625283645;0.800000011920929;0.800000011920929;0.800000011920929
lidar;0.0;25.0;24.930599212646484;24.869216918945312;9.740991592407227;0.2983386516571045;24.913330078125;24.836673736572266;9.67654037475586;0.3725768050240314;0.9996501207428348;0.800000011920929;0.800000011920929;0.800000011920929
lidar;0.0;25.0;24.930036544799805;24.87394905090332;9.738892555236816;0.2982628047466278;24.926349639892578;24.867305755615234;9.72513198852539;0.3139818423212715;0.9999040961294245;0.800000011920929;0.800000011920929;0.800000011920929
lidar;0.0;25.0;24.929473876953125;24.878679275512695;9.736794471740723;0.2982778549194336;24.925811767578125;24.872377395629883;9.723123550415039;0.31377017048205585;0.9998534917720927;0.800000011920929;0.800000011920929;0.800000011920929
lidar;0.0;25.0;24.928911209106445;24.883411407470703;9.734695434570312;0.29838380217552185;24.932270050048828;24.8889217376709;9.747232437133789;0.28428386817819185;0.9994983673104825;0.800000011920929;0.800000011920929;0.800000011920929
lidar;0.0;25.0;24.928348541259766;24.88814926147461;9.732593536376953;0.2985807955265045;24.909282684326172;24.858386993408203;9.6614408493042;0.3780287864875694;0.9988387823806663;0.800000011920929;0.800000011920929;0.800000011920929
lidar;0.0;25.0;24.927797317504883;24.892913818359375;9.730534553527832;0.2988188862800598;24.923227310180664;24.88613510131836;9.71347713470459;0.31773390065959795;0.9980425836438053;0.800000011920929;0.800000011920929;0.800000011920929
lidar;0.0;25.0;24.92730140686035;24.89776611328125;9.728687286376953;0.2989097535610199;24.901193618774414;24.861051559448242;9.63124942779541;0.40625928985274073;0.9977391363519736;0.800000011920929;0.800000011920929;0.800000011920929
lidar;0.0;25.0;24.926807403564453;24.902626037597656;9.726839065551758;0.29909172654151917;24.924346923828125;24.89935302734375;9.717657089233398;0.3091451065746412;0.9971318841528309;0.800000011920929;0.800000011920929;0.800000011920929
lidar;0.0;25.0;24.926311492919922;24.90749168395996;9.724987983703613;0.2993650436401367;24.930498123168945;24.912748336791992;9.740617752075195;0.28235118591676706;0.9962208867153521;0.800000011920929;0.800000011920929;0.800000011920929
lidar;0.0;25.0;24.925813674926758;24.91236686706543;9.723133087158203;0.2997303009033203;24.93319320678711;24.921085357666016;9.7506742477417;0.2699150533095526;0.995006322709752;0.800000011920929;0.800000011920929;0.800000011920929
lidar;0.0;25.0;24.92547607421875;24.917436599731445;9.72187614440918;0.29953891038894653;24.940282821655273;24.933839797973633;9.777134895324707;0.24002459615596747;0.9963076713203994;0.800000011920929;0.800000011920929;0.800000011920929
lidar;0.0;25.0;24.9251708984375;24.922531127929688;9.720734596252441;0.2993159592151642;24.91079330444336;24.90764617919922;9.667078971862793;0.3568241383255413;0.9970496891242908;0.800000011920929;0.800000011920929;0.800000011920929
lidar;0.0;25.0;24.924894332885742;24.92764663696289;9.719698905944824;0.29907292127609253;24.918468475341797;24.921459197998047;9.695722579956055;0.3246547641810217;0.9978603126489916;0.800000011920929;0.800000011920929;0.800000011920929
lidar;0.0;25.0;24.92464256286621;24.932781219482422;9.718765258789062;0.29881444573402405;24.919288635253906;24.92800521850586;9.698783874511719;0.3200450822792803;0.9987233877842397;0.800000011920929;0.800000011920929;0.800000011920929
lidar;0.0;25.0;24.924394607543945;24.937908172607422;9.717832565307617;0.2986474335193634;24.94758415222168;24.956953048706055;9.804383277893066;0.20704196384661028;0.9992823005265625;0.800000011920929;0.800000011920929;0.800000011920929
lidar;0.0;25.0;24.924142837524414;24.943029403686523;9.716900825500488;0.29857146739959717;24.9246883392334;24.943437576293945;9.718932151794434;0.29642954874821253;0.9995366930845339;0.800000011920929;0.800000011920929;0.800000011920929
lidar;0.0;25.0;24.92389488220215;24.948150634765625;9.71596908569336;0.2985864281654358;24.945865631103516;24.963119506835938;9.797968864440918;0.2123845493778209;0.9994867443730312;0.800000011920929;0.800000011920929;0.800000011920929
lidar;0.0;25.0;24.923696517944336;24.953306198120117;9.715231895446777;0.2984882891178131;24.924850463867188;24.954011917114258;9.719535827636719;0.2939776383831519;0.9998154044235459;0.800000011920929;0.800000011920929;0.800000011920929
lidar;0.0;25.0;24.923511505126953;24.958465576171875;9.714540481567383;0.29843375086784363;24.902976989746094;24.947315216064453;9.637906074523926;0.3785511769173603;0.9999981522559904;0.800000011920929;0.800000011920929;0.800000011920929
lidar;0.0;25.0;24.92332649230957;24.963624954223633;9.713849067687988;0.29847007989883423;24.927446365356445;24.965579986572266;9.729227066040039;0.2824296354992313;0.9998763203612225;0.800000011920929;0.800000011920929;0.800000011920929
lidar;0.0;25.0;24.92314910888672;24.968791961669922;9.713189125061035;0.2985643148422241;24.92380714416504;24.969058990478516;9.715644836425781;0.2960074856734786;0.999560236930582;0.800000011920929;0.800000011920929;0.800000011920929
lidar;0.0;25.0;24.92303466796875;24.973983764648438;9.712762832641602;0.2985057532787323;24.898237228393555;24.965600967407227;9.620216369628906;0.3946828524991027;0.9997562765885707;0.800000011920929;0.800000011920929;0.800000011920929
lidar;0.0;25.0;24.92292022705078;24.979175567626953;9.712336540222168;0.2985381782054901;24.91189193725586;24.976194381713867;9.67117691040039;0.3412536133583891;0.9996477365514673;0.800000011920929;0.800000011920929;0.800000011920929
lidar;0.0;25.0;24.922805786132812;24.9843692779541;9.711910247802734;0.298661470413208;24.90437889099121;24.98063850402832;9.643136978149414;0.36995918695884034;0.9992346763799445;0.800000011920929;0.800000011920929;0.800000011920929
lidar;0.0;25.0;24.92276382446289;24.989580154418945;9.711751937866211;0.29859864711761475;24.9135684967041;24.988338470458984;9.677435874938965;0.3341469272902809;0.999445140366286;0.800000011920929;0.800000011920929;0.800000011920929
lidar;0.0;25.0;24.922725677490234;24.994789123535156;9.711607933044434;0.29861128330230713;24.904287338256836;24.993545532226562;9.64279842376709;0.3698581491393189;0.9994029403004401;0.800000011920929;0.800000011920929;0.800000011920929
lidar;0.0;25.0;24.922687530517578;25.0;9.711463928222656;0.2987149655818939;24.9322509765625;25.0;9.747157096862793;0.2617623284890979;0.9990563392437225;0.800000011920929;0.800000011920929;0.800000011920929
lidar;0.0;25.0;24.922725677490234;25.005210876464844;9.711607933044434;0.2986113429069519;24.927207946777344;25.00490951538086;9.728333473205566;0.2812926222574605;0.9994029403004401;0.800000011920929;0.800000011920929;0.800000011920929
lidar;0.0;25.0;24.92276382446289;25.010419845581055;9.711751937866211;0.29859867691993713;24.945138931274414;25.007402420043945;9.795254707336426;0.2120975775923522;0.999445140366286;0.800000011920929;0.800000011920929;0.800000011920929
lidar;0.0;25.0;24.922805786132812;25.0156307220459;9.711910247802734;0.2986615002155304;24.91285514831543;25.01764488220215;9.674769401550293;0.33716520706021824;0.9992346763799445;0.800000011920929;0.800000011920929;0.800000011920929
lidar;0.0;25.0;24.92292022705078;25.020824432373047;9.712336540222168;0.29853808879852295;24.89263916015625;25.029006958007812;9.599322319030762;0.415825080939346;0.9996477365514673;0.800000011920929;0.800000011920929;0.800000011920929
lidar;0.0;25.0;24.92303466796875;25.026016235351562;9.712762832641602;0.29850566387176514;24.932228088378906;25.02290916442871;9.747072219848633;0.26285001499368615;0.9997562765885707;0.800000011920929;0.800000011920929;0.800000011920929
lidar;0.0;25.0;24.92314910888672;25.031208038330078;9.713189125061035;0.2985643446445465;24.92107582092285;25.03205108642578;9.705453872680664;0.3066165477099334;0.999560236930582;0.800000011920929;0.800000011920929;0.800000011920929
lidar;0.0;25.0;24.92332649230957;25.036375045776367;9.713849067687988;0.29846999049186707;24.944978713989258;25.02610206604004;9.794659614562988;0.2141806061534609;0.9998763203612225;0.800000011920929;0.800000011920929;0.800000011920929
lidar;0.0;25.0;24.923511505126953;25.041534423828125;9.714540481567383;0.2984336316585541;24.894994735717773;25.05702018737793;9.608111381530762;0.40970049294473687;0.9999981522559904;0.800000011920929;0.800000011920929;0.800000011920929
lidar;0.0;25.0;24.923696517944336;25.046693801879883;9.715231895446777;0.29848816990852356;24.903879165649414;25.058820724487305;9.641271591186523;0.3760123106422667;0.9998154044235459;0.800000011920929;0.800000011920929;0.800000011920929
lidar;0.0;25.0;24.92389488220215;25.051849365234375;9.71596908569336;0.2985864281654358;24.90622329711914;25.063888549804688;9.650018692016602;0.3679172978439895;0.9994867443730312;0.800000011920929;0.800000011920929;0.800000011920929
lidar;0.0;25.0;24.924142837524414;25.056970596313477;9.716900825500488;0.2985714077949524;24.92964744567871;25.05283546447754;9.737444877624512;0.27690507272820686;0.9995366930845339;0.800000011920929;0.800000011920929;0.800000011920929
lidar;0.0;25.0;24.924394607543945;25.062091827392578;9.717832565307617;0.298647403717041;24.92306137084961;25.063186645507812;9.712862014770508;0.30390783076482714;0.9992823005265625;0.800000011920929;0.800000011920929;0.800000011920929
lidar;0.0;25.0;24.92464256286621;25.067218780517578;9.718765258789062;0.29881444573402405;24.934118270874023;25.058767318725586;9.754124641418457;0.26124429920253167;0.9987234472474011;0.800000011920929;0.800000011920929;0.800000011920929
lidar;0.0;25.0;24.924894332885742;25.072351455688477;9.719698905944824;0.29907286167144775;24.923826217651367;25.073381423950195;9.715712547302246;0.3033259895432827;0.9978603126489916;0.800000011920929;0.800000011920929;0.800000011920929
lidar;0.0;25.0;24.9251708984375;25.077468872070312;9.720734596252441;0.29931601881980896;24.918214797973633;25.084671020507812;9.694770812988281;0.3271440394580374;0.9970496891242908;0.800000011920929;0.800000011920929;0.800000011920929
lidar;0.0;25.0;24.92547607421875;25.082563400268555;9.72187614440918;0.29953891038894653;24.916288375854492;25.092742919921875;9.687583923339844;0.3364714618798139;0.9963076713203994;0.800000011920929;0.800000011920929;0.800000011920929
lidar;0.0;25.0;24.925813674926758;25.08763313293457;9.723133087158203;0.2997302711009979;24.931745529174805;25.080625534057617;9.745268821716309;0.2757668295160347;0.995006322709752;0.800000011920929;0.800000011920929;0.800000011920929
lidar;0.0;25.0;24.926311492919922;25.09250831604004;9.724987983703613;0.29936498403549194;24.92462921142578;25.094619750976562;9.71871280670166;0.3061962479123585;0.9962208271794547;0.800000011920929;0.800000011920929;0.800000011920929
lidar;0.0;25.0;24.926807403564453;25.097373962402344;9.726839065551758;0.2990916073322296;24.924657821655273;25.100231170654297;9.718823432922363;0.3078689290005137;0.9971318841528309;0.800000011920929;0.800000011920929;0.800000011920929
lidar;0.0;25.0;24.92730140686035;25.10223388671875;9.728687286376953;0.29890966415405273;24.933238983154297;25.093883514404297;9.750846862792969;0.27449673907184413;0.9977391363519736;0.800000011920929;0.800000011920929;0.800000011920929
lidar;0.0;25.0;24.927797317504883;25.107086181640625;9.730534553527832;0.2988189458847046;24.936277389526367;25.094511032104492;9.762181282043457;0.26372446253456433;0.9980425836438053;0.800000011920929;0.800000011920929;0.800000011920929
lidar;0.0;25.0;24.928348541259766;25.11185073852539;9.732593536376953;0.29858076572418213;24.932409286499023;25.105512619018555;9.747747421264648;0.28166081188154124;0.9988387227939483;0.800000011920929;0.800000011920929;0.800000011920929
lidar;0.0;25.0;24.928911209106445;25.116588592529297;9.734695434570312;0.29838377237319946;24.909597396850586;25.14826202392578;9.662617683410645;0.379448816630002;0.9994983673104825;0.800000011920929;0.800000011920929;0.800000011920929
lidar;0.0;25.0;24.929473876953125;25.121320724487305;9.736794471740723;0.2982777953147888;24.913944244384766;25.148035049438477;9.67883586883545;0.3639592205638877;0.9998534917720927;0.800000011920929;0.800000011920929;0.800000011920929
lidar;0.0;25.0;24.930036544799805;25.12605094909668;9.738893508911133;0.29826274514198303;24.919984817504883;25.144161224365234;9.70137882232666;0.34111527623577764;0.9999040961294245;0.800000011920929;0.800000011920929;0.800000011920929
lidar;0.0;25.0;24.930599212646484;25.130783081054688;9.740991592407227;0.2983386218547821;24.95462417602539;25.08551025390625;9.830652236938477;0.19506383442821706;0.9996501207428348;0.800000011920929;0.800000011920929;0.800000011920929
lidar;0.0;25.0;24.931161880493164;25.13551902770996;9.74309253692627;0.29850536584854126;24.92302131652832;25.151546478271484;9.712709426879883;0.3338084658721262;0.999091625283645;0.800000011920929;0.800000011920929;0.800000011920929
lidar;0.0;25.0;24.931726455688477;25.140260696411133;9.745196342468262;0.2987633943557739;24.921875;25.160499572753906;9.708431243896484;0.3418712504929781;0.9982288480676851;0.800000011920929;0.800000011920929;0.800000011920929
lidar;0.0;25.0;24.93229103088379;25.1450138092041;9.74730396270752;0.29911309480667114;24.924179077148438;25.162384033203125;9.717034339904785;0.3349423323391493;0.9970619082156226;0.800000011920929;0.800000011920929;0.800000011920929
lidar;0.0;25.0;24.932857513427734;25.149778366088867;9.749417304992676;0.2995549738407135;24.923297882080078;25.171100616455078;9.713743209838867;0.3422010270767577;0.9955913421759764;0.800000011920929;0.800000011920929;0.800000011920929
lidar;0.0;25.0;24.933515548706055;25.154348373413086;9.751873970031738;0.29968297481536865;24.952619552612305;25.109994888305664;9.823175430297852;0.21356705147716074;0.9942987564210204;0.800000011920929;0.800000011920929;0.800000011920929
lidar;0.0;25.0;24.93427848815918;25.158672332763672;9.754722595214844;0.2994278073310852;24.940975189208984;25.142505645751953;9.779715538024902;0.2689181725514457;0.9951458572108984;0.800000011920929;0.800000011920929;0.800000011920929
lidar;0.0;25.0;24.935104370117188;25.162830352783203;9.757806777954102;0.298969566822052;24.935136795043945;25.162748336791992;9.757928848266602;0.29881848203395833;0.9966711995443654;0.800000011920929;0.800000011920929;0.800000011920929
lidar;0.0;25.0;24.935928344726562;25.166976928710938;9.760881423950195;0.2986035943031311;24.946359634399414;25.139793395996094;9.799809455871582;0.24999144653198274;0.9978928567073824;0.800000011920929;0.800000011920929;0.800000011920929
lidar;0.0;25.0;24.936750411987305;25.171113967895508;9.763949394226074;0.29832923412323;24.944278717041016;25.15074920654297;9.792044639587402;0.26282169866850635;0.9988105893380173;0.800000011920929;0.800000011920929;0.800000011920929
lidar;0.0;25.0;24.937572479248047;25.17524528503418;9.767013549804688;0.29814612865448;24.944223403930664;25.156572341918945;9.791840553283691;0.2663752635231156;0.9994240403134422;0.800000011920929;0.800000011920929;0.800000011920929
lidar;0.0;25.0;24.938392639160156;25.179372787475586;9.770073890686035;0.2980539798736572;24.967802047729492;25.093746185302734;9.879833221435547;0.15577324745205184;0.999733030786546;0.800000011920929;0.800000011920929;0.800000011920929
lidar;0.0;25.0;24.939210891723633;25.183500289916992;9.773134231567383;0.2980526387691498;24.943405151367188;25.170839309692383;9.788785934448242;0.27749011295929144;0.999737501155198;0.800000011920929;0.800000011920929;0.800000011920929
lidar;0.0;25.0;24.940031051635742;25.1876277923584;9.77619457244873;0.29814210534095764;24.929285049438477;25.221250534057617;9.736088752746582;0.351569747663239;0.999437510994619;0.800000011920929;0.800000011920929;0.800000011920929
lidar;0.0;25.0;24.940853118896484;25.191757202148438;9.779258728027344;0.29832252860069275;24.933107376098633;25.216867446899414;9.750354766845703;0.337384693044817;0.9988330603061848;0.800000011920929;0.800000011920929;0.800000011920929
lidar;0.0;25.0;24.941675186157227;25.19589614868164;9.782326698303223;0.298594206571579;24.930646896362305;25.23293113708496;9.74117374420166;0.3550457664755251;0.9979242684053835;0.800000011920929;0.800000011920929;0.800000011920929
lidar;0.0;25.0;24.9424991607666;25.200040817260742;9.785401344299316;0.298957496881485;24.937406539916992;25.217756271362305;9.766398429870605;0.32543038549834563;0.99671161174385;0.800000011920929;0.800000011920929;0.800000011920929
lidar;0.0;25.0;24.943361282348633;25.204069137573242;9.788619041442871;0.2992227375507355;24.953170776367188;25.168720245361328;9.825235366821289;0.24739058728884503;0.9948901532420678;0.800000011920929;0.800000011920929;0.800000011920929
lidar;0.0;25.0;24.944366455078125;25.207576751708984;9.79237174987793;0.29881933331489563;24.938568115234375;25.229211807250977;9.770731925964355;0.3299638290595597;0.9962334034338447;0.800000011920929;0.800000011920929;0.800000011920929
lidar;0.0;25.0;24.945369720458984;25.211076736450195;9.79611587524414;0.2985077202320099;24.94822120666504;25.200061798095703;9.806756019592285;0.282929196777008;0.997273385671936;0.800000011920929;0.800000011920929;0.800000011920929
